{
  "k": [
    10,
    20,
    30,
    40,
    50,
    60,
    70,
    80,
    90,
    100,
    110,
    120,
    130,
    140,
    150,
    160,
    170,
    180,
    190,
    200,
    210,
    220,
    230,
    240,
    250,
    260,
    270,
    280,
    290,
    300,
    310,
    320,
    330,
    340,
    350,
    360,
    370,
    380,
    390,
    400,
    410,
    420,
    430,
    440,
    450,
    460,
    470,
    480,
    490,
    500
  ],
  "mean_overlap": [
    0.99546,
    0.9936649999999999,
    0.9913466666666667,
    0.9880674999999999,
    0.9836920000000002,
    0.9777683333333332,
    0.9699328571428573,
    0.9601800000000001,
    0.9488944444444445,
    0.936695,
    0.9236018181818183,
    0.9101125,
    0.8963000000000002,
    0.8823314285714287,
    0.8685006666666666,
    0.854603125,
    0.8408335294117649,
    0.8274022222222222,
    0.8141799999999999,
    0.8013365,
    0.788609523809524,
    0.7761472727272727,
    0.7640243478260871,
    0.7522137500000001,
    0.7406964,
    0.7297434615384616,
    0.7188662962962963,
    0.7083232142857143,
    0.6981806896551725,
    0.6883063333333334,
    0.6786438709677419,
    0.669285,
    0.6602381818181818,
    0.6514261764705882,
    0.6427468571428572,
    0.6344602777777777,
    0.6262391891891892,
    0.6181968421052632,
    0.6104048717948718,
    0.60283675,
    0.5955048780487805,
    0.5883092857142856,
    0.581303023255814,
    0.5743811363636364,
    0.5676382222222224,
    0.5611080434782609,
    0.55469,
    0.5484595833333333,
    0.5423116326530613,
    0.5363474
  ],
  "mean_exact_dist": [
    75.65046691894531,
    82.296875,
    86.85892486572266,
    90.3578109741211,
    93.18843841552734,
    95.57039642333984,
    97.63812255859375,
    99.46185302734375,
    101.0845718383789,
    102.54408264160156,
    103.87122344970703,
    105.08715057373047,
    106.20929718017578,
    107.25146484375,
    108.26207733154297,
    109.25888061523438,
    110.1029052734375,
    110.91101837158203,
    111.67665100097656,
    112.40505981445312,
    113.1040267944336,
    113.90458679199219,
    114.65443420410156,
    115.37293243408203,
    115.97412109375,
    116.57158660888672,
    117.12195587158203,
    117.6626968383789,
    118.24129486083984,
    118.73929595947266,
    119.29754638671875,
    119.84437561035156,
    120.3753890991211,
    120.97618103027344,
    121.6388931274414,
    122.21986389160156,
    122.98818969726562,
    123.61197662353516,
    124.35305786132812,
    125.0246810913086,
    125.85433959960938,
    126.70124053955078,
    127.47713470458984,
    128.32200622558594,
    129.51190185546875,
    130.5525360107422,
    131.49400329589844,
    132.02796936035156,
    132.66795349121094,
    133.2293701171875
  ],
  "mean_ann_dist": [
    75.69573974609375,
    82.3444595336914,
    86.91470336914062,
    90.42608642578125,
    93.27427673339844,
    95.67912292480469,
    97.77897644042969,
    99.6448974609375,
    101.32112121582031,
    102.84711456298828,
    104.25321960449219,
    105.5624008178711,
    106.79389953613281,
    107.96383666992188,
    1.1366614566776074e+33,
    110.2010269165039,
    2.014553985805818e+32,
    112.17068481445312,
    113.11737823486328,
    114.0399169921875,
    114.94233703613281,
    115.92980194091797,
    116.88423919677734,
    1.4397269736827332e+32,
    5.546574484911393e+32,
    8.0252116880634e+32,
    2.5873639293773923e+32,
    6.27604883530463e+32,
    1.4685699707718006e+33,
    1.3155862691719428e+33,
    1.4086428408950445e+33,
    1.2707447539851708e+33,
    1.7060865626967656e+33,
    2.1390076570327903e+33,
    2.1252264442879507e+33,
    2.4562995809693837e+33,
    2.4671386744683567e+33,
    3.3902569444230326e+33,
    3.2027433813073876e+33,
    4.1735368885700123e+33,
    4.3681939846823536e+33,
    3.0299031214773923e+33,
    4.2205563271421496e+33,
    3.871361295710628e+33,
    4.591930911287528e+33,
    6.503867714446843e+33,
    5.820696267456755e+33,
    5.606585253112053e+33,
    4.733057004221091e+33,
    3.4537666727734806e+33
  ],
  "mean_barycenter_shift": [
    0.00024449502234347165,
    0.00033435109071433544,
    0.0004425771767273545,
    0.0006012084777466953,
    0.0007891187560744584,
    0.0010699097765609622,
    0.0014312395360320807,
    0.0018097484717145562,
    0.0021853118669241667,
    0.0025140726938843727,
    0.0028179779183119535,
    0.003089939011260867,
    0.003349588019773364,
    0.003594985930249095,
    0.0038208861369639635,
    0.004054063931107521,
    0.004296497441828251,
    0.0045430525206029415,
    0.00479760579764843,
    0.005049627739936113,
    0.005310593638569117,
    0.005568327382206917,
    0.005830844398587942,
    0.006087477784603834,
    0.006351001560688019,
    0.006603247951716185,
    0.00686336075887084,
    0.00711766118183732,
    0.007369068916887045,
    0.007616593036800623,
    0.007868047803640366,
    0.008121294900774956,
    0.008382419124245644,
    0.008649990893900394,
    0.008926529437303543,
    0.009203096851706505,
    0.009492356330156326,
    0.009793179109692574,
    0.010108593851327896,
    0.010434607043862343,
    0.010773430578410625,
    0.011125970631837845,
    0.011493916623294353,
    0.011878236196935177,
    0.01227396447211504,
    0.012684263288974762,
    0.013108090497553349,
    0.013547854498028755,
    0.014000060968101025,
    0.014463764615356922
  ],
  "mean_lid_diff": [
    0.03770160675048828,
    -0.0014553070068359375,
    -0.0447540283203125,
    -0.06847667694091797,
    -0.10657978057861328,
    -0.1508007049560547,
    -0.19856548309326172,
    -0.2614173889160156,
    -0.33570098876953125,
    -0.4109821319580078,
    -0.49480533599853516,
    -0.5961399078369141,
    -0.6968927383422852,
    -0.7989091873168945,
    -0.9172792434692383,
    -1.0439023971557617,
    -1.1648268699645996,
    -1.2872514724731445,
    -1.418642520904541,
    -1.5511794090270996,
    -1.6855697631835938,
    -1.8270716667175293,
    -1.969472885131836,
    -2.1138081550598145,
    -2.266268730163574,
    -2.417086124420166,
    -2.5752010345458984,
    -2.7448277473449707,
    -2.9183554649353027,
    -3.0992603302001953,
    -3.2845396995544434,
    -3.476590633392334,
    -3.671656608581543,
    -3.872971534729004,
    -4.082980155944824,
    -4.302413463592529,
    -4.5266594886779785,
    -4.7547736167907715,
    -4.984938144683838,
    -5.2125563621521,
    -5.443950653076172,
    -5.678289890289307,
    -5.908679246902466,
    -6.147360563278198,
    -6.379833936691284,
    -6.605583190917969,
    -6.826529264450073,
    -7.026552438735962,
    -7.221147298812866,
    -7.412648916244507
  ],
  "mean_lid_exact": [
    11.056753158569336,
    9.535602569580078,
    9.006322860717773,
    8.762222290039062,
    8.637125968933105,
    8.58202075958252,
    8.559231758117676,
    8.558961868286133,
    8.58226490020752,
    8.604817390441895,
    8.63201904296875,
    8.667945861816406,
    8.701839447021484,
    8.737468719482422,
    8.777471542358398,
    8.82058048248291,
    8.85612678527832,
    8.892607688903809,
    8.927512168884277,
    8.962918281555176,
    8.995849609375,
    9.029282569885254,
    9.062601089477539,
    9.093718528747559,
    9.124088287353516,
    9.151100158691406,
    9.179098129272461,
    9.20711898803711,
    9.231822967529297,
    9.256800651550293,
    9.278772354125977,
    9.301952362060547,
    9.325811386108398,
    9.34752082824707,
    9.369096755981445,
    9.390201568603516,
    9.41016674041748,
    9.42810344696045,
    9.446163177490234,
    9.462827682495117,
    9.479979515075684,
    9.496664047241211,
    9.510845184326172,
    9.524880409240723,
    9.53919792175293,
    9.554069519042969,
    9.566300392150879,
    9.579773902893066,
    9.59227466583252,
    9.604191780090332
  ],