{
  "alpha": 4.0,
  "k": [
    10,
    20,
    30,
    40,
    50,
    60,
    70,
    80,
    90,
    100,
    110,
    120,
    130,
    140,
    150,
    160,
    170,
    180,
    190,
    200,
    210,
    220,
    230,
    240,
    250,
    260,
    270,
    280,
    290,
    300,
    310,
    320,
    330,
    340,
    350,
    360,
    370,
    380,
    390,
    400,
    410,
    420,
    430,
    440,
    450,
    460,
    470,
    480,
    490,
    500
  ],
  "mean_overlap": [
    0.99465,
    0.9970700000000001,
    0.9978366666666667,
    0.9982575,
    0.9986,
    0.9989049999999999,
    0.99903,
    0.9991674999999999,
    0.9992533333333333,
    0.9993380000000001,
    0.9994045454545454,
    0.9994608333333334,
    0.9994984615384616,
    0.9995471428571429,
    0.9995946666666666,
    0.999634375,
    0.9996629411764705,
    0.9996833333333333,
    0.999711052631579,
    0.9997345,
    0.9997495238095239,
    0.9997677272727272,
    0.9997765217391305,
    0.9997920833333334,
    0.9998020000000001,
    0.9998138461538462,
    0.999822962962963,
    0.9998339285714286,
    0.9998406896551726,
    0.9998516666666667,
    0.9998564516129033,
    0.999861875,
    0.9998675757575758,
    0.9998732352941176,
    0.9998782857142856,
    0.9998841666666667,
    0.9998891891891891,
    0.9998952631578948,
    0.999898717948718,
    0.9999015000000001,
    0.9999048780487807,
    0.9999059523809523,
    0.9999106976744185,
    0.9999134090909092,
    0.9999186666666668,
    0.9999223913043479,
    0.9999242553191489,
    0.9999285416666668,
    0.9999291836734694,
    0.9999324
  ],
  "mean_exact_dist": [
    75.86603546142578,
    82.51177978515625,
    87.10372924804688,
    90.62568664550781,
    93.46857452392578,
    95.8508529663086,
    97.89720916748047,
    99.68855285644531,
    101.28204345703125,
    102.7173843383789,
    104.02298736572266,
    105.22007751464844,
    106.32575225830078,
    107.35282135009766,
    108.31196594238281,
    109.21219635009766,
    110.06009674072266,
    110.86170196533203,
    111.62203979492188,
    112.34529876708984,
    113.03526306152344,
    113.69512176513672,
    114.3275146484375,
    114.93462371826172,
    115.5185775756836,
    116.08111572265625,
    116.62380981445312,
    117.14810180664062,
    117.65538787841797,
    118.1468734741211,
    118.62353515625,
    119.08634948730469,
    119.53612518310547,
    119.97364807128906,
    120.39949798583984,
    120.81433868408203,
    121.21861267089844,
    121.61283874511719,
    121.99749755859375,
    122.37303924560547,
    122.73983764648438,
    123.09822845458984,
    123.44856262207031,
    123.7911605834961,
    124.12628936767578,
    124.4543228149414,
    124.7754898071289,
    125.09004974365234,
    125.39824676513672,
    125.70034790039062
  ],
  "mean_ann_dist": [
    75.91093444824219,
    82.535888671875,
    87.12055206298828,
    90.63946533203125,
    93.47993469238281,
    95.85968780517578,
    97.90495300292969,
    99.69537353515625,
    101.28819274902344,
    102.7230224609375,
    104.02802276611328,
    105.22457122802734,
    106.329833984375,
    107.35657501220703,
    108.31541442871094,
    109.21540069580078,
    110.06314086914062,
    110.86456298828125,
    111.62460327148438,
    112.34770202636719,
    113.03752136230469,
    113.69730377197266,
    114.32958984375,
    114.9365463256836,
    115.52042388916016,
    116.08287811279297,
    116.62548828125,
    117.14967346191406,
    117.65689849853516,
    118.14830017089844,
    118.62488555908203,
    119.08763885498047,
    119.537353515625,
    119.97483825683594,
    120.40067291259766,
    120.81547546386719,
    121.21967315673828,
    121.61387634277344,
    121.99849700927734,
    122.3740005493164,
    122.74077606201172,
    123.09915161132812,
    123.44942474365234,
    123.79197692871094,
    124.12709045410156,
    124.455078125,
    124.77623748779297,
    125.09077453613281,
    125.3989486694336,
    125.70103454589844
  ],
  "mean_barycenter_shift": [
    0.00028795102844014764,
    0.00014773942530155182,
    0.00010781555465655401,
    8.541017450625077e-05,
    6.878217391204089e-05,
    5.471954500535503e-05,
    4.912565418635495e-05,
    4.304081085138023e-05,
    3.89474953408353e-05,
    3.496003046166152e-05,
    3.2041571103036404e-05,
    2.9252043532324024e-05,
    2.7305781259201467e-05,
    2.4527040295652114e-05,
    2.13747080124449e-05,
    1.9019527826458216e-05,
    1.7531681805849075e-05,
    1.671179779805243e-05,
    1.5217577129078563e-05,
    1.4220781849871855e-05,
    1.3351817869988736e-05,
    1.256428822671296e-05,
    1.2072238860127982e-05,
    1.1203057511011139e-05,
    1.0862107046705205e-05,
    1.0202723387919832e-05,
    9.667452104622498e-06,
    8.973399417300243e-06,
    8.678302037878893e-06,
    8.087667083600536e-06,
    7.861556696298067e-06,
    7.655313311261125e-06,
    7.388633548544021e-06,
    7.1371391641150694e-06,
    6.8533740886778105e-06,
    6.468570063589141e-06,
    6.299956112343352e-06,
    5.944148597336607e-06,
    5.8466093832976185e-06,
    5.670583050232381e-06,
    5.469915777212009e-06,
    5.4841680139361415e-06,
    5.179034360480728e-06,
    5.065026925876737e-06,
    4.826619260711595e-06,
    4.610022187989671e-06,
    4.54754990641959e-06,
    4.340528448665282e-06,
    4.304358753870474e-06,
    4.175453796051443e-06
  ],
  "mean_lid_diff": [
    0.053023338317871094,
    0.016485214233398438,
    0.012484550476074219,
    0.011957168579101562,
    0.008474349975585938,
    0.005621910095214844,
    0.004426002502441406,
    0.0046482086181640625,
    0.003996849060058594,
    0.0036296844482421875,
    0.002044677734375,
    0.0016717910766601562,
    0.001811981201171875,
    0.0008420944213867188,
    0.00038909912109375,
    0.001007080078125,
    -0.0003204345703125,
    -0.00017833709716796875,
    0.0002460479736328125,
    0.00028133392333984375,
    0.0003108978271484375,
    0.0005645751953125,
    0.0003604888916015625,
    0.0006017684936523438,
    -4.00543212890625e-05,
    0.0005254745483398438,
    0.0003185272216796875,
    0.00023174285888671875,
    0.0005779266357421875,
    1.9073486328125e-06,
    6.866455078125e-05,
    -0.00016689300537109375,
    -0.000133514404296875,
    -1.239776611328125e-05,
    -7.534027099609375e-05,
    -6.67572021484375e-06,
    -0.00017833709716796875,
    -0.000164031982421875,
    -0.0001201629638671875,
    -0.00012874603271484375,
    -0.000339508056640625,
    -4.673004150390625e-05,
    -0.00024509429931640625,
    -0.00026416778564453125,
    -0.000446319580078125,
    -0.0005006790161132812,
    -0.00019168853759765625,
    -0.000286102294921875,
    -0.00038433074951171875,
    -0.0003643035888671875
  ],
  "mean_lid_exact": [
    11.12174129486084,
    9.595296859741211,
    9.056166648864746,
    8.837066650390625,
    8.739181518554688,
    8.686026573181152,
    8.66765022277832,
    8.670998573303223,
    8.684711456298828,
    8.70559024810791,
    8.734942436218262,
    8.769085884094238,
    8.79924488067627,
    8.840621948242188,
    8.873286247253418,
    8.908406257629395,
    8.945664405822754,
    8.979973793029785,
    9.016620635986328,
    9.052742958068848,
    9.085184097290039,
    9.116326332092285,
    9.149813652038574,
    9.181717872619629,
    9.212260246276855,
    9.243837356567383,
    9.274223327636719,
    9.304156303405762,
    9.33092975616455,
    9.357851028442383,
    9.38123893737793,
    9.404986381530762,
    9.42873477935791,
    9.450957298278809,
    9.473140716552734,
    9.492895126342773,
    9.513031005859375,
    9.532125473022461,
    9.552115440368652,
    9.571782112121582,
    9.590489387512207,
    9.608085632324219,
    9.625401496887207,
    9.642910957336426,
    9.658679008483887,
    9.672687530517578,
    9.6869535446167,
    9.701991081237793,
    9.714591026306152,
    9.728715896606445
  ],