{
  "alpha": 0.5,
  "k": [
    10,
    20,
    30,
    40,
    50,
    60,
    70,
    80,
    90,
    100,
    110,
    120,
    130,
    140,
    150,
    160,
    170,
    180,
    190,
    200,
    210,
    220,
    230,
    240,
    250,
    260,
    270,
    280,
    290,
    300,
    310,
    320,
    330,
    340,
    350,
    360,
    370,
    380,
    390,
    400,
    410,
    420,
    430,
    440,
    450,
    460,
    470,
    480,
    490,
    500
  ],
  "mean_overlap": [
    0.9933700000000001,
    0.98961,
    0.9846633333333333,
    0.9766125,
    0.963994,
    0.9475166666666666,
    0.9415871428571431,
    0.94334125,
    0.9444255555555555,
    0.9453530000000001,
    0.9468200000000001,
    0.9480358333333334,
    0.9496661538461539,
    0.9505949999999999,
    0.9516326666666666,
    0.952609375,
    0.9534170588235295,
    0.9541477777777776,
    0.9549742105263158,
    0.9557865,
    0.9564095238095238,
    0.9570822727272728,
    0.9577426086956522,
    0.9581362499999999,
    0.9585815999999999,
    0.9589873076923076,
    0.9593951851851853,
    0.959872142857143,
    0.9602331034482758,
    0.960649,
    0.9610190322580645,
    0.961418125,
    0.961839393939394,
    0.9622491176470587,
    0.9625442857142859,
    0.9628177777777777,
    0.9631529729729731,
    0.9635694736842106,
    0.9639723076923077,
    0.9642225,
    0.9645290243902438,
    0.9648619047619046,
    0.9650513953488371,
    0.96529,
    0.9655517777777777,
    0.9657323913043477,
    0.9659368085106383,
    0.9661079166666666,
    0.9662932653061225,
    0.9664155999999999
  ],
  "mean_exact_dist": [
    76.0631103515625,
    82.7497787475586,
    87.32213592529297,
    90.79087829589844,
    93.59700012207031,
    95.9721908569336,
    98.03675079345703,
    99.8511962890625,
    101.46672821044922,
    102.92196655273438,
    104.24561309814453,
    105.45967864990234,
    106.58097839355469,
    107.62266540527344,
    108.59598541259766,
    109.50935363769531,
    110.36983489990234,
    111.18363952636719,
    111.95572662353516,
    112.69036102294922,
    113.3913345336914,
    114.0621109008789,
    114.70539855957031,
    115.32347869873047,
    115.9184341430664,
    116.49198913574219,
    117.04563903808594,
    117.58072662353516,
    118.09837341308594,
    118.59971618652344,
    119.08558654785156,
    119.55687713623047,
    120.0144271850586,
    120.458984375,
    120.89128875732422,
    121.31192779541016,
    121.72148895263672,
    122.12051391601562,
    122.509521484375,
    122.88897705078125,
    123.2593002319336,
    123.62094116210938,
    123.97427368164062,
    124.31970977783203,
    124.65756225585938,
    124.98812866210938,
    125.31171417236328,
    125.6286392211914,
    125.93917846679688,
    126.24353790283203
  ],
  "mean_ann_dist": [
    76.1175537109375,
    82.8177490234375,
    87.41121673583984,
    90.91169738769531,
    93.77241516113281,
    96.23526000976562,
    98.32917785644531,
    100.12494659423828,
    101.73057556152344,
    103.17658996582031,
    104.49232482910156,
    105.69762420654297,
    106.80191040039062,
    107.83305358886719,
    108.79813385009766,
    109.70484924316406,
    110.56062316894531,
    111.37020111083984,
    112.13876342773438,
    112.87024688720703,
    113.56864929199219,
    114.23733520507812,
    114.8785629272461,
    115.49510192871094,
    116.08912658691406,
    116.66178894042969,
    117.21358489990234,
    117.7462158203125,
    118.2618637084961,
    118.76097869873047,
    119.24490356445312,
    119.71438598632812,
    120.16960144042969,
    120.61221313476562,
    121.042724609375,
    121.46156311035156,
    121.86888885498047,
    122.2655258178711,
    122.65229034423828,
    123.02991485595703,
    123.39817810058594,
    123.7579345703125,
    124.11001586914062,
    124.45406341552734,
    124.79058837890625,
    125.1201400756836,
    125.44263458251953,
    125.75863647460938,
    126.06852722167969,
    126.37237548828125
  ],
  "mean_barycenter_shift": [
    0.0003562868223525584,
    0.0005327310645952821,
    0.0007698110421188176,
    0.0011981538264080882,
    0.001913667656481266,
    0.0026452874299138784,
    0.002739259973168373,
    0.002527180127799511,
    0.0023976052179932594,
    0.002259243279695511,
    0.002130880020558834,
    0.002025752095505595,
    0.001903946278616786,
    0.0018328975420445204,
    0.0017655425472185016,
    0.0017064280109480023,
    0.0016537229530513287,
    0.0016063472721725702,
    0.001560150645673275,
    0.0015114496927708387,
    0.0014725567307323217,
    0.0014340552734211087,
    0.0013956100447103381,
    0.001369059318676591,
    0.0013421379262581468,
    0.0013192641781643033,
    0.001295555615797639,
    0.0012710544979199767,
    0.001251104404218495,
    0.0012284094700589776,
    0.0012092952383682132,
    0.0011866629356518388,
    0.0011669256491586566,
    0.0011431247694417834,
    0.001124946866184473,
    0.0011093695648014545,
    0.001090639503672719,
    0.0010672836797311902,
    0.001047912985086441,
    0.001029625884257257,
    0.0010141294915229082,
    0.0009971433319151402,
    0.000984563142992556,
    0.0009695289772935212,
    0.0009573178249411285,
    0.0009464847389608622,
    0.0009369574836455286,
    0.0009273241739720106,
    0.00091806601267308,
    0.0009114961721934378
  ],
  "mean_lid_diff": [
    0.023611068725585938,
    -0.0424041748046875,
    -0.0715627670288086,
    -0.15675640106201172,
    -0.24046802520751953,
    -0.3447532653808594,
    -0.38282299041748047,
    -0.3657093048095703,
    -0.3630037307739258,
    -0.35352325439453125,
    -0.33719730377197266,
    -0.3266181945800781,
    -0.3223848342895508,
    -0.3180379867553711,
    -0.3100872039794922,
    -0.30539417266845703,
    -0.30465221405029297,
    -0.2959556579589844,
    -0.2905139923095703,
    -0.2903604507446289,
    -0.2897348403930664,
    -0.28385448455810547,
    -0.28432273864746094,
    -0.28489208221435547,
    -0.27989959716796875,
    -0.27999114990234375,
    -0.2779054641723633,
    -0.27521228790283203,
    -0.2731304168701172,
    -0.2708616256713867,
    -0.26807308197021484,
    -0.26538562774658203,
    -0.26397228240966797,
    -0.2604513168334961,
    -0.25815391540527344,
    -0.2542438507080078,
    -0.25527095794677734,
    -0.25153636932373047,
    -0.2509946823120117,
    -0.2501945495605469,
    -0.24820423126220703,
    -0.24681472778320312,
    -0.24695301055908203,
    -0.24713134765625,
    -0.24510669708251953,
    -0.24267101287841797,
    -0.2424325942993164,
    -0.2409343719482422,
    -0.23949050903320312,
    -0.2397480010986328
  ],
  "mean_lid_exact": [
    11.097311019897461,
    9.549288749694824,
    9.05971908569336,
    8.843080520629883,
    8.72189998626709,
    8.65167236328125,
    8.627705574035645,
    8.622525215148926,
    8.635029792785645,
    8.658787727355957,
    8.677685737609863,
    8.706653594970703,
    8.741418838500977,
    8.774191856384277,
    8.806694984436035,
    8.842804908752441,
    8.882826805114746,
    8.91665267944336,
    8.95147705078125,
    8.989729881286621,
    9.023919105529785,
    9.053628921508789,
    9.086265563964844,
    9.11777114868164,
    9.14588451385498,
    9.175178527832031,
    9.202940940856934,
    9.229448318481445,
    9.256117820739746,
    9.282136917114258,
    9.305744171142578,
    9.329793930053711,
    9.354000091552734,
    9.376928329467773,
    9.39945125579834,
    9.420798301696777,
    9.44316291809082,
    9.462104797363281,
    9.482574462890625,
    9.502066612243652,
    9.520282745361328,
    9.53801441192627,
    9.555319786071777,
    9.571693420410156,
    9.587301254272461,
    9.602117538452148,
    9.617133140563965,
    9.63100528717041,
    9.64429759979248,
    9.658988952636719
  ],