{
  "alpha": 4.0,
  "k": [
    10,
    20,
    30,
    40,
    50,
    60,
    70,
    80,
    90,
    100,
    110,
    120,
    130,
    140,
    150,
    160,
    170,
    180,
    190,
    200,
    210,
    220,
    230,
    240,
    250,
    260,
    270,
    280,
    290,
    300,
    310,
    320,
    330,
    340,
    350,
    360,
    370,
    380,
    390,
    400,
    410,
    420,
    430,
    440,
    450,
    460,
    470,
    480,
    490,
    500
  ],
  "mean_overlap": [
    0.99561,
    0.997715,
    0.9986166666666668,
    0.9989950000000001,
    0.9991720000000002,
    0.9993300000000002,
    0.9993942857142858,
    0.999445,
    0.9995133333333334,
    0.9995490000000001,
    0.9996,
    0.9996533333333333,
    0.9996823076923078,
    0.9997064285714284,
    0.9997366666666667,
    0.99976,
    0.9997811764705883,
    0.9997988888888889,
    0.9998152631578947,
    0.9998305000000001,
    0.9998414285714285,
    0.9998495454545455,
    0.9998573913043479,
    0.9998674999999999,
    0.9998768,
    0.9998830769230768,
    0.9998911111111111,
    0.9998967857142858,
    0.999901724137931,
    0.9999083333333334,
    0.9999145161290321,
    0.99992125,
    0.9999272727272728,
    0.9999314705882354,
    0.9999334285714288,
    0.9999347222222221,
    0.9999348648648649,
    0.9999384210526315,
    0.999941282051282,
    0.99994225,
    0.9999441463414634,
    0.9999471428571429,
    0.9999495348837211,
    0.9999524999999999,
    0.9999537777777777,
    0.9999578260869565,
    0.9999591489361701,
    0.9999608333333332,
    0.9999620408163266,
    0.9999624
  ],
  "mean_exact_dist": [
    75.65046691894531,
    82.296875,
    86.85892486572266,
    90.3578109741211,
    93.18843841552734,
    95.57039642333984,
    97.63812255859375,
    99.46185302734375,
    101.0845718383789,
    102.54408264160156,
    103.87122344970703,
    105.08715057373047,
    106.20929718017578,
    107.25146484375,
    108.22442626953125,
    109.13662719726562,
    109.99552154541016,
    110.80736541748047,
    111.57746124267578,
    112.30985260009766,
    113.0084228515625,
    113.67632293701172,
    114.31607818603516,
    114.9300765991211,
    115.52043914794922,
    116.08903503417969,
    116.63752746582031,
    117.1671371459961,
    117.67926025390625,
    118.175048828125,
    118.65546417236328,
    119.12145233154297,
    119.5738525390625,
    120.01343536376953,
    120.44086456298828,
    120.85677337646484,
    121.26178741455078,
    121.65650177001953,
    122.04135131835938,
    122.41683959960938,
    122.78340911865234,
    123.14147186279297,
    123.49143981933594,
    123.83368682861328,
    124.16847229003906,
    124.49610900878906,
    124.81690979003906,
    125.13117218017578,
    125.43914794921875,
    125.7410659790039
  ],
  "mean_ann_dist": [
    75.69412231445312,
    82.31424713134766,
    86.86865234375,
    90.36482238769531,
    93.19400024414062,
    95.57481384277344,
    97.64213562011719,
    99.46546173095703,
    101.087890625,
    102.5470962524414,
    103.87399291992188,
    105.08966064453125,
    106.21160125732422,
    107.25360107421875,
    108.22636413574219,
    109.13835144042969,
    109.99717712402344,
    110.808837890625,
    111.57881164550781,
    112.31111145019531,
    113.00957489013672,
    113.67737579345703,
    114.31710052490234,
    114.93106079101562,
    115.5213394165039,
    116.08989715576172,
    116.63835144042969,
    117.16793823242188,
    117.68001556396484,
    118.17577362060547,
    118.6561508178711,
    119.12208557128906,
    119.574462890625,
    120.01399993896484,
    120.44139862060547,
    120.8573226928711,
    121.26232147216797,
    121.65699005126953,
    122.04182434082031,
    122.41729736328125,
    122.78387451171875,
    123.14191436767578,
    123.49185180664062,
    123.83407592773438,
    124.16885375976562,
    124.4964599609375,
    124.8172378540039,
    125.13147735595703,
    125.439453125,
    125.74134826660156
  ],
  "mean_barycenter_shift": [
    0.0002590381191112101,
    0.00012289700680412352,
    7.028107938822359e-05,
    4.909165363642387e-05,
    4.008279574918561e-05,
    3.264466067776084e-05,
    2.9737726435996592e-05,
    2.7307913114782423e-05,
    2.365820182603784e-05,
    2.1530942831304856e-05,
    1.8907116100308485e-05,
    1.611316838534549e-05,
    1.4787789950787555e-05,
    1.357934161205776e-05,
    1.214203530253144e-05,
    1.1335416274960153e-05,
    1.0296002074028365e-05,
    9.405326636624523e-06,
    8.622508175903931e-06,
    7.88395573181333e-06,
    7.416959761030739e-06,
    7.143989932956174e-06,
    6.8139097493258305e-06,
    6.35380365565652e-06,
    5.869958386028884e-06,
    5.662924195348751e-06,
    5.2819232223555446e-06,
    5.01797740071197e-06,
    4.6956811274867505e-06,
    4.247094693710096e-06,
    3.999619366368279e-06,
    3.704662958625704e-06,
    3.3919659472303465e-06,
    3.1548179322271608e-06,
    3.060055860260036e-06,
    2.9133634598110802e-06,
    2.975934194182628e-06,
    2.8091974400012987e-06,
    2.6502623313717777e-06,
    2.5904557787725935e-06,
    2.463998271196033e-06,
    2.410612978565041e-06,
    2.262870793856564e-06,
    2.1163032215554267e-06,
    2.031884150710539e-06,
    1.8697558061830932e-06,
    1.8243906652060105e-06,
    1.8018266700892127e-06,
    1.6862045413290616e-06,
    1.6742912976042135e-06
  ],
  "mean_lid_diff": [
    0.07735919952392578,
    0.006806373596191406,
    0.0002384185791015625,
    0.0022039413452148438,
    -0.00130462646484375,
    -0.0020885467529296875,
    -0.0006055831909179688,
    -0.0013427734375,
    -0.000576019287109375,
    -0.0013141632080078125,
    -0.0015420913696289062,
    -0.00023651123046875,
    0.0002117156982421875,
    -0.00023651123046875,
    -0.00048351287841796875,
    -0.0007600784301757812,
    -0.0002803802490234375,
    -0.0007619857788085938,
    -0.0002288818359375,
    -0.0005588531494140625,
    -0.0004901885986328125,
    -0.00058746337890625,
    -0.00046634674072265625,
    -0.00022125244140625,
    -0.00055694580078125,
    -0.0001068115234375,
    -0.000194549560546875,
    -0.00032520294189453125,
    -0.000308990478515625,
    -0.0001735687255859375,
    4.1961669921875e-05,
    -5.817413330078125e-05,
    -0.0001125335693359375,
    -0.00019550323486328125,
    -7.05718994140625e-05,
    -0.0001583099365234375,
    -0.00019168853759765625,
    -0.0001316070556640625,
    -0.00033473968505859375,
    -0.0001697540283203125,
    -0.0003509521484375,
    -0.0002765655517578125,
    -0.0002994537353515625,
    -0.00034427642822265625,
    -0.0001239776611328125,
    -0.00017547607421875,
    -0.00020885467529296875,
    -0.0003204345703125,
    -0.000301361083984375,
    -0.00037384033203125
  ],
  "mean_lid_exact": [
    11.056753158569336,
    9.535602569580078,
    9.006322860717773,
    8.762222290039062,
    8.637125968933105,
    8.58202075958252,
    8.559231758117676,
    8.558961868286133,
    8.58226490020752,
    8.604817390441895,
    8.63201904296875,
    8.667945861816406,
    8.701839447021484,
    8.737468719482422,
    8.777471542358398,
    8.82058048248291,
    8.85612678527832,
    8.892607688903809,
    8.927512168884277,
    8.962918281555176,
    8.995849609375,
    9.029282569885254,
    9.062601089477539,
    9.093718528747559,
    9.124088287353516,
    9.151100158691406,
    9.179098129272461,
    9.20711898803711,
    9.231822967529297,
    9.256800651550293,
    9.278772354125977,
    9.301952362060547,
    9.325811386108398,
    9.34752082824707,
    9.369096755981445,
    9.390201568603516,
    9.41016674041748,
    9.42810344696045,
    9.446163177490234,
    9.462827682495117,
    9.479979515075684,
    9.496664047241211,
    9.510845184326172,
    9.524880409240723,
    9.53919792175293,
    9.554069519042969,
    9.566300392150879,
    9.579773902893066,
    9.59227466583252,
    9.604191780090332
  ],