{
  "alpha": 1.0,
  "k": [
    10,
    20,
    30,
    40,
    50,
    60,
    70,
    80,
    90,
    100,
    110,
    120,
    130,
    140,
    150,
    160,
    170,
    180,
    190,
    200,
    210,
    220,
    230,
    240,
    250,
    260,
    270,
    280,
    290,
    300,
    310,
    320,
    330,
    340,
    350,
    360,
    370,
    380,
    390,
    400,
    410,
    420,
    430,
    440,
    450,
    460,
    470,
    480,
    490,
    500
  ],
  "mean_overlap": [
    0.9665900000000002,
    0.978225,
    0.9831233333333333,
    0.9856875,
    0.9872060000000001,
    0.9886666666666666,
    0.9897557142857142,
    0.9906149999999999,
    0.9913777777777777,
    0.9920190000000001,
    0.9925109090909091,
    0.9929758333333333,
    0.9933946153846155,
    0.9937828571428572,
    0.9940906666666666,
    0.9943793750000001,
    0.9946523529411765,
    0.9948966666666668,
    0.9950757894736842,
    0.9952955,
    0.995502380952381,
    0.9956818181818182,
    0.9958321739130435,
    0.9959633333333333,
    0.9960812,
    0.9961780769230769,
    0.9963348148148149,
    0.9964142857142859,
    0.9965106896551724,
    0.99664,
    0.996762258064516,
    0.9968403124999999,
    0.9969369696969698,
    0.9970008823529412,
    0.9970862857142856,
    0.9971672222222222,
    0.9972472972972973,
    0.9973002631578946,
    0.9973728205128205,
    0.9974210000000001,
    0.9974512195121952,
    0.9975233333333333,
    0.9975702325581397,
    0.9976313636363636,
    0.9976684444444444,
    0.9977232608695653,
    0.9977653191489362,
    0.9977964583333334,
    0.9978469387755101,
    0.9978833999999999
  ],
  "mean_exact_dist": [
    75.78614807128906,
    82.3373031616211,
    86.83411407470703,
    90.26297760009766,
    93.044189453125,
    95.3900146484375,
    97.4149169921875,
    99.19258880615234,
    100.7761001586914,
    102.20269775390625,
    103.5004653930664,
    104.69139862060547,
    105.79177856445312,
    106.81476593017578,
    107.77132415771484,
    108.6694107055664,
    109.5162124633789,
    110.31737518310547,
    111.07806396484375,
    111.80221557617188,
    112.4933853149414,
    113.15472412109375,
    113.78898620605469,
    114.39867401123047,
    114.98584747314453,
    115.55220031738281,
    116.09915924072266,
    116.62812805175781,
    117.14012145996094,
    117.63629913330078,
    118.11762237548828,
    118.5849380493164,
    119.03900146484375,
    119.48057556152344,
    119.91024780273438,
    120.32859802246094,
    120.73616027832031,
    121.13345336914062,
    121.52093505859375,
    121.89913940429688,
    122.26848602294922,
    122.62934112548828,
    122.98204803466797,
    123.32697296142578,
    123.66441345214844,
    123.9946517944336,
    124.31803894042969,
    124.63480377197266,
    124.94517517089844,
    125.24939727783203
  ],
  "mean_ann_dist": [
    76.13819122314453,
    82.49434661865234,
    86.92696380615234,
    90.33985137939453,
    93.10973358154297,
    95.44613647460938,
    97.46358489990234,
    99.23596954345703,
    100.81559753417969,
    102.23871612548828,
    103.53375244140625,
    104.72252655029297,
    105.8207778930664,
    106.84185028076172,
    107.79642486572266,
    108.69308471679688,
    109.5385513305664,
    110.33848571777344,
    111.09825134277344,
    111.82121276855469,
    112.5115737915039,
    113.17205047607422,
    113.80582427978516,
    114.41500091552734,
    115.00174713134766,
    115.56770324707031,
    116.11417388916016,
    116.6427993774414,
    117.15432739257812,
    117.64996337890625,
    118.13079833984375,
    118.59776306152344,
    119.05137634277344,
    119.49263763427734,
    119.9219970703125,
    120.34007263183594,
    120.74729919433594,
    121.14434051513672,
    121.53152465820312,
    121.90947723388672,
    122.27870178222656,
    122.6392593383789,
    122.9917221069336,
    123.33646392822266,
    123.67371368408203,
    124.00375366210938,
    124.3269271850586,
    124.64354705810547,
    124.95372772216797,
    125.25779724121094
  ],
  "mean_barycenter_shift": [
    0.0020771424751728773,
    0.0011951900087296963,
    0.0008693800191394985,
    0.0007115637417882681,
    0.0006147848325781524,
    0.0005381212686188519,
    0.0004785706114489585,
    0.00043756290688179433,
    0.0003969922545365989,
    0.0003683677641674876,
    0.0003443861787673086,
    0.00032293115509673953,
    0.0003032686363440007,
    0.00028506937087513506,
    0.00027313592727296054,
    0.00025826998171396554,
    0.0002429284795653075,
    0.0002330879506189376,
    0.0002240999456262216,
    0.00021387534798122942,
    0.00020619099086616188,
    0.00019827415235340595,
    0.00019178942602593452,
    0.00018512186943553388,
    0.0001801234029699117,
    0.00017641831072978675,
    0.00016915006563067436,
    0.00016621920804027468,
    0.00016147685528267175,
    0.00015531852841377258,
    0.00014984136214479804,
    0.00014618734712712467,
    0.00014221422316040844,
    0.00013858324382454157,
    0.00013488436525221914,
    0.0001309448853135109,
    0.0001282583543797955,
    0.00012571935076266527,
    0.00012246535334270447,
    0.00012082130706403404,
    0.00011924426507903263,
    0.0001167221344076097,
    0.00011438033834565431,
    0.00011173736129421741,
    0.00011034955969080329,
    0.00010770100197987631,
    0.00010594740888336673,
    0.0001042550356942229,
    0.0001021660355036147,
    0.00010083115193992853
  ],
  "mean_lid_diff": [
    0.12254142761230469,
    -0.06734848022460938,
    -0.10743236541748047,
    -0.08440494537353516,
    -0.07462692260742188,
    -0.06654548645019531,
    -0.06499481201171875,
    -0.06270599365234375,
    -0.05356311798095703,
    -0.051270484924316406,
    -0.051239013671875,
    -0.043132781982421875,
    -0.04456520080566406,
    -0.04393768310546875,
    -0.03957843780517578,
    -0.03957176208496094,
    -0.037799835205078125,
    -0.038107872009277344,
    -0.037868499755859375,
    -0.03351879119873047,
    -0.03402996063232422,
    -0.03263282775878906,
    -0.031152725219726562,
    -0.029064178466796875,
    -0.02781200408935547,
    -0.029829025268554688,
    -0.028244972229003906,
    -0.027723312377929688,
    -0.02628803253173828,
    -0.026032447814941406,
    -0.02398967742919922,
    -0.024179458618164062,
    -0.02438640594482422,
    -0.02288818359375,
    -0.02425384521484375,
    -0.02276897430419922,
    -0.021636009216308594,
    -0.021292686462402344,
    -0.02052593231201172,
    -0.02032947540283203,
    -0.02087688446044922,
    -0.0205535888671875,
    -0.02051830291748047,
    -0.01915454864501953,
    -0.019399642944335938,
    -0.018766403198242188,
    -0.01945018768310547,
    -0.01797008514404297,
    -0.018372535705566406,
    -0.01781177520751953
  ],
  "mean_lid_exact": [
    11.165740966796875,
    9.66163158416748,
    9.131246566772461,
    8.9019193649292,
    8.77934741973877,
    8.720380783081055,
    8.699626922607422,
    8.697901725769043,
    8.704957962036133,
    8.724650382995605,
    8.747381210327148,
    8.77137279510498,
    8.804749488830566,
    8.83398723602295,
    8.861617088317871,
    8.896223068237305,
    8.926353454589844,
    8.95809555053711,
    8.985929489135742,
    9.01602840423584,
    9.045964241027832,
    9.074968338012695,
    9.101838111877441,
    9.127036094665527,
    9.152463912963867,
    9.179168701171875,
    9.20048999786377,
    9.223443984985352,
    9.248557090759277,
    9.271842002868652,
    9.29344367980957,
    9.31624698638916,
    9.337206840515137,
    9.357903480529785,
    9.379023551940918,
    9.397563934326172,
    9.415559768676758,
    9.435989379882812,
    9.453771591186523,
    9.471660614013672,
    9.488609313964844,
    9.504462242126465,
    9.519997596740723,
    9.534724235534668,
    9.54967212677002,
    9.564406394958496,
    9.577754020690918,
    9.590160369873047,
    9.604053497314453,
    9.6162748336792
  ],