{
  "k": [
    10,
    20,
    30,
    40,
    50,
    60,
    70,
    80,
    90,
    100,
    110,
    120,
    130,
    140,
    150,
    160,
    170,
    180,
    190,
    200,
    210,
    220,
    230,
    240,
    250,
    260,
    270,
    280,
    290,
    300,
    310,
    320,
    330,
    340,
    350,
    360,
    370,
    380,
    390,
    400,
    410,
    420,
    430,
    440,
    450,
    460,
    470,
    480,
    490,
    500
  ],
  "mean_overlap": [
    0.99205,
    0.9894,
    0.9856300000000001,
    0.9808549999999999,
    0.974842,
    0.9670866666666665,
    0.9574828571428572,
    0.9457500000000002,
    0.9326877777777778,
    0.9186030000000001,
    0.9038109090909091,
    0.8886216666666665,
    0.8732369230769232,
    0.8579399999999999,
    0.842468,
    0.8273418749999999,
    0.8122617647058824,
    0.797656111111111,
    0.7831715789473684,
    0.7690425000000001,
    0.7552790476190475,
    0.7419772727272727,
    0.7289347826086956,
    0.7163579166666667,
    0.7041632,
    0.6923119230769231,
    0.6808433333333334,
    0.6697928571428572,
    0.6590303448275862,
    0.6486026666666667,
    0.6384219354838709,
    0.62857,
    0.6189842424242424,
    0.6096061764705882,
    0.6005788571428571,
    0.5918444444444444,
    0.5834027027027027,
    0.5751460526315788,
    0.567105641025641,
    0.5592914999999999,
    0.5516565853658537,
    0.544237619047619,
    0.5370309302325581,
    0.5299640909090909,
    0.5231988888888889,
    0.5164852173913045,
    0.5099759574468085,
    0.5036666666666668,
    0.49750795918367346,
    0.4914992
  ],
  "mean_exact_dist": [
    75.69612884521484,
    82.34547424316406,
    86.8810806274414,
    90.33885955810547,
    93.14575958251953,
    95.51370239257812,
    97.55909729003906,
    99.3550796508789,
    100.95387268066406,
    102.3952407836914,
    103.70793914794922,
    104.9360122680664,
    106.04903411865234,
    107.11033630371094,
    108.05596160888672,
    108.96109008789062,
    109.8191146850586,
    110.6485595703125,
    111.4928970336914,
    112.35198211669922,
    113.08187103271484,
    113.80240631103516,
    114.47880554199219,
    115.23814392089844,
    115.98684692382812,
    116.5767593383789,
    117.2036361694336,
    117.79496765136719,
    118.46538543701172,
    119.17208099365234,
    120.06990051269531,
    120.9711685180664,
    122.11676025390625,
    123.13145446777344,
    124.16714477539062,
    125.25105285644531,
    126.08570861816406,
    127.06289672851562,
    128.01609802246094,
    129.01609802246094,
    130.36048889160156,
    131.0850830078125,
    132.3901824951172,
    133.1743621826172,
    134.26495361328125,
    135.2049102783203,
    135.8175811767578,
    136.38832092285156,
    136.7906951904297,
    137.30963134765625
  ],
  "mean_ann_dist": [
    75.7625503540039,
    82.4216537475586,
    86.97473907470703,
    90.45459747314453,
    93.28862762451172,
    95.69049072265625,
    97.77963256835938,
    99.63296508789062,
    101.30366516113281,
    102.83570098876953,
    104.26084899902344,
    105.58707427978516,
    106.83531951904297,
    108.02850341796875,
    109.1409912109375,
    110.23263549804688,
    2.0123262740194978e+32,
    1.9032090163973436e+32,
    7.228169409757179e+32,
    6.890399017463212e+32,
    1.3200750397543916e+33,
    1.7500634541373492e+33,
    2.1493036043395268e+33,
    2.534524857309322e+33,
    1.1611254729914602e+33,
    2.829484961907227e+33,
    1.6626715412915126e+33,
    2.4501897279054907e+33,
    3.49903318824999e+33,
    2.0120762488171884e+33,
    3.626268665487741e+33,
    4.1924012378586626e+33,
    4.803108007739123e+33,
    4.896430736570671e+33,
    6.443385677947478e+33,
    5.0176077352561596e+33,
    5.918746070328314e+33,
    5.657647803852497e+33,
    5.399047700375958e+33,
    6.575839072450817e+33,
    5.490343302393176e+33,
    7.937404755819392e+33,
    5.164149506376586e+33,
    7.95920116609109e+33,
    4.9873877619871445e+33,
    7.727133831476554e+33,
    9.199909858274332e+33,
    6.953175575825394e+33,
    9.290351281664443e+33,
    6.596749736624406e+33
  ],
  "mean_barycenter_shift": [
    0.0004279450513422489,
    0.0005465077119879425,
    0.0007259507547132671,
    0.0009412629879079759,
    0.0011902417754754424,
    0.0014767528045922518,
    0.0018549786182120442,
    0.0022589853033423424,
    0.0026341676712036133,
    0.00299285096116364,
    0.0033173714764416218,
    0.0036177963484078646,
    0.003906699363142252,
    0.004196764901280403,
    0.0044775730930268764,
    0.004759584087878466,
    0.0050615486688911915,
    0.005357068497687578,
    0.005665650125592947,
    0.00597988348454237,
    0.006304753944277763,
    0.006631779484450817,
    0.006973015610128641,
    0.007330399937927723,
    0.0076932418160140514,
    0.008072695694863796,
    0.008463650941848755,
    0.008867950178682804,
    0.009286254644393921,
    0.00971382949501276,
    0.010160083882510662,
    0.010622517205774784,
    0.011110026389360428,
    0.011617898941040039,
    0.012156516313552856,
    0.012720925733447075,
    0.01330094039440155,
    0.013904069550335407,
    0.014525829814374447,
    0.015164284966886044,
    0.01581774838268757,
    0.016485823318362236,
    0.017164399847388268,
    0.01785319298505783,
    0.018553484231233597,
    0.01925783045589924,
    0.019962003454566002,
    0.020666150376200676,
    0.021369636058807373,
    0.022068656980991364
  ],
  "mean_lid_diff": [
    0.05747795104980469,
    0.0007257461547851562,
    -0.04720115661621094,
    -0.09353065490722656,
    -0.14060020446777344,
    -0.1944284439086914,
    -0.2619953155517578,
    -0.3411893844604492,
    -0.4272890090942383,
    -0.5276527404785156,
    -0.6381826400756836,
    -0.7603278160095215,
    -0.8939414024353027,
    -1.024606704711914,
    -1.1587824821472168,
    -1.3015027046203613,
    -1.4491863250732422,
    -1.6050715446472168,
    -1.7696375846862793,
    -1.9402542114257812,
    -2.1210384368896484,
    -2.3104910850524902,
    -2.5034422874450684,
    -2.708646297454834,
    -2.9129843711853027,
    -3.1314754486083984,
    -3.3499197959899902,
    -3.578540325164795,
    -3.8206710815429688,
    -4.071695327758789,
    -4.3305511474609375,
    -4.590963840484619,
    -4.857210159301758,
    -5.124307155609131,
    -5.390770673751831,
    -5.653332710266113,
    -5.9101243019104,
    -6.1664347648620605,
    -6.419251203536987,
    -6.675218343734741,
    -6.913744688034058,
    -7.14685320854187,
    -7.365195989608765,
    -7.576681971549988,
    -7.771071910858154,
    -7.966113209724426,
    -8.140887022018433,
    -8.303950548171997,
    -8.460187911987305,
    -8.602190732955933
  ],
  "mean_lid_exact": [
    11.124796867370605,
    9.626130104064941,
    9.115925788879395,
    8.861918449401855,
    8.733222961425781,
    8.665934562683105,
    8.648362159729004,
    8.643661499023438,
    8.655089378356934,
    8.674294471740723,
    8.7006196975708,
    8.731932640075684,
    8.768892288208008,
    8.798320770263672,
    8.83162784576416,
    8.864445686340332,
    8.895475387573242,
    8.926457405090332,
    8.960068702697754,
    8.990849494934082,
    9.022812843322754,
    9.05300521850586,
    9.08296012878418,
    9.112180709838867,
    9.138404846191406,
    9.168631553649902,
    9.195655822753906,
    9.221932411193848,
    9.24867057800293,
    9.274788856506348,
    9.300225257873535,
    9.323192596435547,
    9.345857620239258,
    9.366439819335938,
    9.388978958129883,
    9.409563064575195,
    9.431259155273438,
    9.449609756469727,
    9.46894645690918,
    9.48786449432373,
    9.504781723022461,
    9.521956443786621,
    9.538912773132324,
    9.554821968078613,
    9.569385528564453,
    9.585665702819824,
    9.600347518920898,
    9.614912986755371,
    9.628747940063477,
    9.642245292663574
  ],