{
  "k": [
    10,
    20,
    30,
    40,
    50,
    60,
    70,
    80,
    90,
    100,
    110,
    120,
    130,
    140,
    150,
    160,
    170,
    180,
    190,
    200,
    210,
    220,
    230,
    240,
    250,
    260,
    270,
    280,
    290,
    300,
    310,
    320,
    330,
    340,
    350,
    360,
    370,
    380,
    390,
    400,
    410,
    420,
    430,
    440,
    450,
    460,
    470,
    480,
    490,
    500
  ],
  "mean_overlap": [
    0.99724,
    0.9963199999999999,
    0.9949233333333334,
    0.9927024999999999,
    0.989806,
    0.9856299999999999,
    0.9793700000000001,
    0.9714237500000001,
    0.9624877777777777,
    0.9526389999999999,
    0.9420763636363637,
    0.9307341666666668,
    0.9190484615384618,
    0.907055,
    0.8948360000000001,
    0.88243875,
    0.8699882352941176,
    0.8575516666666666,
    0.845188947368421,
    0.8328395000000001,
    0.8206800000000001,
    0.8087054545454545,
    0.7968265217391305,
    0.7852695833333333,
    0.7737924,
    0.7625980769230769,
    0.7517485185185185,
    0.7410625,
    0.7306093103448276,
    0.7204496666666668,
    0.7105170967741935,
    0.7007478125,
    0.6911530303030302,
    0.6819535294117647,
    0.6729137142857142,
    0.6641016666666666,
    0.6554764864864865,
    0.6471252631578948,
    0.638916923076923,
    0.63089275,
    0.6230646341463415,
    0.6154776190476191,
    0.6080790697674417,
    0.6008606818181819,
    0.5936904444444444,
    0.5867271739130435,
    0.5800289361702128,
    0.5734597916666666,
    0.5669795918367346,
    0.5606348
  ],
  "mean_exact_dist": [
    75.85939025878906,
    82.40481567382812,
    86.89728546142578,
    90.30349731445312,
    93.06490325927734,
    95.3984146118164,
    97.40972137451172,
    99.17232513427734,
    100.74213409423828,
    102.15910339355469,
    103.45179748535156,
    104.64131164550781,
    105.74299621582031,
    106.80179595947266,
    107.79437255859375,
    108.69496154785156,
    109.54771423339844,
    110.35407257080078,
    111.1151351928711,
    111.84001922607422,
    112.53534698486328,
    113.2007064819336,
    113.82804870605469,
    114.43890380859375,
    115.03266906738281,
    115.62735748291016,
    116.27425384521484,
    116.99356842041016,
    117.67046356201172,
    118.39051818847656,
    119.00656127929688,
    119.59326934814453,
    120.2391357421875,
    120.78263854980469,
    121.38301086425781,
    121.98393249511719,
    122.6162338256836,
    123.23808288574219,
    123.82363891601562,
    124.54594421386719,
    125.26075744628906,
    125.89581298828125,
    126.6399154663086,
    127.46672058105469,
    128.25271606445312,
    129.1099090576172,
    129.89279174804688,
    130.70542907714844,
    131.5730438232422,
    132.3800506591797
  ],
  "mean_ann_dist": [
    75.88612365722656,
    82.43299102783203,
    86.92916107177734,
    90.3418197631836,
    93.11265563964844,
    95.46001434326172,
    97.49381256103516,
    99.28984832763672,
    100.90423583984375,
    102.38179779052734,
    103.75196838378906,
    105.0359878540039,
    106.24797821044922,
    107.35344696044922,
    108.39679718017578,
    109.41661071777344,
    110.39962005615234,
    111.3458023071289,
    112.26466369628906,
    113.165283203125,
    114.05831146240234,
    114.94212341308594,
    115.8060302734375,
    116.66970825195312,
    117.5342788696289,
    3.9560049042979985e+32,
    1.1467743436010346e+33,
    8.65506010580131e+32,
    8.412240488233056e+32,
    5.857040562213872e+32,
    7.999785947081527e+32,
    1.2284399326813994e+33,
    1.5323447730331607e+33,
    8.588975771654158e+32,
    1.369938955051797e+33,
    9.314637653582659e+32,
    1.1226836435802788e+33,
    9.083993950013301e+32,
    1.9929621451256123e+33,
    1.682018996680494e+33,
    1.0850398986381742e+33,
    1.768557968839263e+33,
    2.0592861754128707e+33,
    1.6701312132257413e+33,
    1.6712311229506464e+33,
    1.2858236373761912e+33,
    9.908375360374615e+32,
    2.683426606372141e+33,
    3.106503137288254e+33,
    2.3230910430420803e+33
  ],
  "mean_barycenter_shift": [
    0.00020236610725987703,
    0.00025632759206928313,
    0.0003475081466604024,
    0.0004980072262696922,
    0.0006767011363990605,
    0.0009219419443979859,
    0.0012398723047226667,
    0.0015696166083216667,
    0.0018951600650325418,
    0.002226918237283826,
    0.002547499258071184,
    0.002862060209736228,
    0.0031606596894562244,
    0.0034528470132499933,
    0.003732107812538743,
    0.004003357607871294,
    0.004277362953871489,
    0.004543734714388847,
    0.004811083432286978,
    0.005081008188426495,
    0.005353087559342384,
    0.005627309437841177,
    0.005902667995542288,
    0.0061746444553136826,
    0.006452577188611031,
    0.0067322347313165665,
    0.007006517145782709,
    0.007285310421139002,
    0.00757182901725173,
    0.00787285901606083,
    0.008180947974324226,
    0.008504551835358143,
    0.008836883120238781,
    0.00917796976864338,
    0.009534943848848343,
    0.009903152473270893,
    0.01028070505708456,
    0.01066598854959011,
    0.011067681945860386,
    0.011484519578516483,
    0.011912759393453598,
    0.012355097569525242,
    0.012812119908630848,
    0.013289953581988811,
    0.013788039796054363,
    0.014302564784884453,
    0.014834047295153141,
    0.015382577665150166,
    0.015947476029396057,
    0.016525235027074814
  ],
  "mean_lid_diff": [
    0.01708507537841797,
    0.002826690673828125,
    -0.013532638549804688,
    -0.03185081481933594,
    -0.049523353576660156,
    -0.07310009002685547,
    -0.11174583435058594,
    -0.1558847427368164,
    -0.20929908752441406,
    -0.27036476135253906,
    -0.3448772430419922,
    -0.41251087188720703,
    -0.4955635070800781,
    -0.5841188430786133,
    -0.6842555999755859,
    -0.7808237075805664,
    -0.883544921875,
    -0.9920110702514648,
    -1.1123652458190918,
    -1.2371149063110352,
    -1.363619327545166,
    -1.493967056274414,
    -1.6268548965454102,
    -1.7688941955566406,
    -1.907461166381836,
    -2.0489120483398438,
    -2.1974897384643555,
    -2.350778102874756,
    -2.5051255226135254,
    -2.666219711303711,
    -2.824697971343994,
    -2.980605125427246,
    -3.1421360969543457,
    -3.2999067306518555,
    -3.4596567153930664,
    -3.6168570518493652,
    -3.778963565826416,
    -3.94344425201416,
    -4.101587295532227,
    -4.263567924499512,
    -4.427034854888916,
    -4.5863871574401855,
    -4.7476806640625,
    -4.904555320739746,
    -5.060835361480713,
    -5.2138471603393555,
    -5.3600335121154785,
    -5.509610652923584,
    -5.6555140018463135,
    -5.79659104347229
  ],
  "mean_lid_exact": [
    11.081929206848145,
    9.589584350585938,
    9.098677635192871,
    8.87187385559082,
    8.75511360168457,
    8.706165313720703,
    8.695828437805176,
    8.705862998962402,
    8.718581199645996,
    8.733996391296387,
    8.756845474243164,
    8.775971412658691,
    8.805023193359375,
    8.835185050964355,
    8.86732006072998,
    8.897375106811523,
    8.93073558807373,
    8.961284637451172,
    8.996330261230469,
    9.0286226272583,
    9.059356689453125,
    9.089195251464844,
    9.117877006530762,
    9.1492919921875,
    9.176535606384277,
    9.201735496520996,
    9.228631973266602,
    9.255193710327148,
    9.279930114746094,
    9.304330825805664,
    9.32701301574707,
    9.348457336425781,
    9.369470596313477,
    9.390238761901855,
    9.409079551696777,
    9.426918983459473,
    9.444540977478027,
    9.462788581848145,
    9.47822380065918,
    9.494006156921387,
    9.510287284851074,
    9.525247573852539,
    9.540115356445312,
    9.554123878479004,
    9.56879997253418,
    9.581286430358887,
    9.593689918518066,
    9.606345176696777,
    9.617822647094727,
    9.62902545928955
  ],