{
  "alpha": 0.5,
  "k": [
    10,
    20,
    30,
    40,
    50,
    60,
    70,
    80,
    90,
    100,
    110,
    120,
    130,
    140,
    150,
    160,
    170,
    180,
    190,
    200,
    210,
    220,
    230,
    240,
    250,
    260,
    270,
    280,
    290,
    300,
    310,
    320,
    330,
    340,
    350,
    360,
    370,
    380,
    390,
    400,
    410,
    420,
    430,
    440,
    450,
    460,
    470,
    480,
    490,
    500
  ],
  "mean_overlap": [
    0.9036900000000001,
    0.92384,
    0.9312433333333334,
    0.9345199999999999,
    0.937066,
    0.93965,
    0.9419028571428572,
    0.9434625,
    0.9451822222222223,
    0.9462870000000001,
    0.947500909090909,
    0.9484833333333332,
    0.9497546153846154,
    0.950867142857143,
    0.9517926666666666,
    0.9527368749999999,
    0.9535058823529413,
    0.9542822222222223,
    0.9549794736842104,
    0.9557045,
    0.9565195238095239,
    0.9571409090909092,
    0.9577621739130436,
    0.9584245833333335,
    0.9591907999999999,
    0.9596826923076922,
    0.9601496296296297,
    0.9606164285714285,
    0.960993448275862,
    0.9614593333333332,
    0.9618274193548386,
    0.962159375,
    0.9625369696969698,
    0.9629455882352941,
    0.9632088571428572,
    0.9635174999999999,
    0.9637613513513513,
    0.9640244736842105,
    0.9642697435897437,
    0.96449925,
    0.9646692682926828,
    0.9648442857142856,
    0.9650723255813953,
    0.9652197727272728,
    0.9654313333333333,
    0.9655634782608696,
    0.9657534042553192,
    0.96587375,
    0.9660216326530612,
    0.9661062
  ],
  "mean_exact_dist": [
    75.69612884521484,
    82.34547424316406,
    86.8810806274414,
    90.33885955810547,
    93.14575958251953,
    95.51370239257812,
    97.55909729003906,
    99.3550796508789,
    100.95387268066406,
    102.3952407836914,
    103.70793914794922,
    104.91339874267578,
    106.02783966064453,
    107.06401062011719,
    108.03276062011719,
    108.9428482055664,
    109.80127716064453,
    110.61405181884766,
    111.38577270507812,
    112.12065124511719,
    112.82203674316406,
    113.49285125732422,
    114.13592529296875,
    114.75344848632812,
    115.34739685058594,
    115.91958618164062,
    116.47151184082031,
    117.00467681884766,
    117.520263671875,
    118.0193862915039,
    118.50308990478516,
    118.97222137451172,
    119.42777252197266,
    119.87052154541016,
    120.30108642578125,
    120.72006225585938,
    121.12805938720703,
    121.52566528320312,
    121.91332244873047,
    122.29156494140625,
    122.66081237792969,
    123.02144622802734,
    123.37382507324219,
    123.7182846069336,
    124.05521392822266,
    124.38490295410156,
    124.70763397216797,
    125.02369689941406,
    125.3333511352539,
    125.63682556152344
  ],
  "mean_ann_dist": [
    76.44990539550781,
    82.82473754882812,
    87.26811218261719,
    90.68350982666016,
    93.46326446533203,
    95.80792999267578,
    97.83518981933594,
    99.61634063720703,
    101.2020263671875,
    102.63435363769531,
    103.93814849853516,
    105.1363754272461,
    106.24089813232422,
    107.26914978027344,
    108.2322998046875,
    109.13760375976562,
    109.99222564697266,
    110.80147552490234,
    111.57017517089844,
    112.30167388916016,
    112.99972534179688,
    113.66770935058594,
    114.30823516845703,
    114.92330932617188,
    115.51380920410156,
    116.08360290527344,
    116.63297271728516,
    117.16355895996094,
    117.67704772949219,
    118.1734619140625,
    118.65499877929688,
    119.12248992919922,
    119.576171875,
    120.01640319824219,
    120.44539642333984,
    120.86236572265625,
    121.2693862915039,
    121.6657485961914,
    122.05208587646484,
    122.42913818359375,
    122.79750061035156,
    123.15723419189453,
    123.50851440429688,
    123.8522720336914,
    124.18818664550781,
    124.51712799072266,
    124.83869934082031,
    125.15442657470703,
    125.4635238647461,
    125.76671600341797
  ],
  "mean_barycenter_shift": [
    0.007583005353808403,
    0.005171523429453373,
    0.004213523119688034,
    0.0036567687056958675,
    0.003269082633778453,
    0.0029841361101716757,
    0.002726915292441845,
    0.002536956686526537,
    0.002365229884162545,
    0.0022384689655154943,
    0.0021156887523829937,
    0.0020155480597168207,
    0.0019220331450924277,
    0.0018465322209522128,
    0.0017760290065780282,
    0.0017094904324039817,
    0.001656928681768477,
    0.0016015806468203664,
    0.0015518608270213008,
    0.0015080118319019675,
    0.0014694585697725415,
    0.0014312402345240116,
    0.0013967722188681364,
    0.0013663385761901736,
    0.0013304578606039286,
    0.0013044025981798768,
    0.0012774828355759382,
    0.0012491074157878757,
    0.0012295575579628348,
    0.0012047882191836834,
    0.0011879836674779654,
    0.0011683845659717917,
    0.0011478575179353356,
    0.0011262965854257345,
    0.0011090204352512956,
    0.0010885624215006828,
    0.0010735929245129228,
    0.001061069080606103,
    0.0010417004814371467,
    0.001027110149152577,
    0.00101699389051646,
    0.001001681317575276,
    0.0009904801845550537,
    0.0009801434352993965,
    0.0009660477517172694,
    0.0009554209536872804,
    0.0009445123723708093,
    0.0009381365962326527,
    0.000927989196497947,
    0.0009228992275893688
  ],
  "mean_lid_diff": [
    -0.38285160064697266,
    -0.4326667785644531,
    -0.4475746154785156,
    -0.42876625061035156,
    -0.4199228286743164,
    -0.39019107818603516,
    -0.3800373077392578,
    -0.3657112121582031,
    -0.35576343536376953,
    -0.34772682189941406,
    -0.33811378479003906,
    -0.3345603942871094,
    -0.3287191390991211,
    -0.32145214080810547,
    -0.3156108856201172,
    -0.3119354248046875,
    -0.3071870803833008,
    -0.2988471984863281,
    -0.2973957061767578,
    -0.2915048599243164,
    -0.2857093811035156,
    -0.28528499603271484,
    -0.2821083068847656,
    -0.2808561325073242,
    -0.27565765380859375,
    -0.2743253707885742,
    -0.2721672058105469,
    -0.2682781219482422,
    -0.26520538330078125,
    -0.2640819549560547,
    -0.2646598815917969,
    -0.2618284225463867,
    -0.2582826614379883,
    -0.25507450103759766,
    -0.2547645568847656,
    -0.25278663635253906,
    -0.25398921966552734,
    -0.25176048278808594,
    -0.2511005401611328,
    -0.24939823150634766,
    -0.2472515106201172,
    -0.24526309967041016,
    -0.24331092834472656,
    -0.24184036254882812,
    -0.23983001708984375,
    -0.2397785186767578,
    -0.23810958862304688,
    -0.23755550384521484,
    -0.2372446060180664,
    -0.23710346221923828
  ],
  "mean_lid_exact": [
    11.124796867370605,
    9.626130104064941,
    9.115925788879395,
    8.861918449401855,
    8.733222961425781,
    8.665934562683105,
    8.648362159729004,
    8.643661499023438,
    8.655089378356934,
    8.674294471740723,
    8.7006196975708,
    8.731932640075684,
    8.768892288208008,
    8.798320770263672,
    8.83162784576416,
    8.864445686340332,
    8.895475387573242,
    8.926457405090332,
    8.960068702697754,
    8.990849494934082,
    9.022812843322754,
    9.05300521850586,
    9.08296012878418,
    9.112180709838867,
    9.138404846191406,
    9.168631553649902,
    9.195655822753906,
    9.221932411193848,
    9.24867057800293,
    9.274788856506348,
    9.300225257873535,
    9.323192596435547,
    9.345857620239258,
    9.366439819335938,
    9.388978958129883,
    9.409563064575195,
    9.431259155273438,
    9.449609756469727,
    9.46894645690918,
    9.48786449432373,
    9.504781723022461,
    9.521956443786621,
    9.538912773132324,
    9.554821968078613,
    9.569385528564453,
    9.585665702819824,
    9.600347518920898,
    9.614912986755371,
    9.628747940063477,
    9.642245292663574
  ],