{
  "alpha": 1.0,
  "k": [
    10,
    20,
    30,
    40,
    50,
    60,
    70,
    80,
    90,
    100,
    110,
    120,
    130,
    140,
    150,
    160,
    170,
    180,
    190,
    200,
    210,
    220,
    230,
    240,
    250,
    260,
    270,
    280,
    290,
    300,
    310,
    320,
    330,
    340,
    350,
    360,
    370,
    380,
    390,
    400,
    410,
    420,
    430,
    440,
    450,
    460,
    470,
    480,
    490,
    500
  ],
  "mean_overlap": [
    0.99274,
    0.98941,
    0.9842466666666667,
    0.984915,
    0.986814,
    0.9884416666666666,
    0.9896228571428571,
    0.9905225000000001,
    0.9912700000000001,
    0.991925,
    0.9924827272727272,
    0.9927825000000001,
    0.9932184615384616,
    0.9936657142857144,
    0.9940220000000001,
    0.994315,
    0.9946305882352943,
    0.994872222222222,
    0.9951078947368421,
    0.9953544999999998,
    0.9955247619047619,
    0.9956790909090909,
    0.9958478260869565,
    0.9960212500000002,
    0.9961456,
    0.9962865384615383,
    0.9964,
    0.9965307142857144,
    0.9966182758620689,
    0.9967046666666667,
    0.9967932258064515,
    0.996909375,
    0.9969966666666668,
    0.9970785294117646,
    0.9971457142857143,
    0.9972116666666667,
    0.9972702702702704,
    0.9973155263157892,
    0.9973646153846154,
    0.9974245,
    0.9974892682926829,
    0.9975342857142856,
    0.9975725581395349,
    0.9976070454545456,
    0.997674,
    0.9977258695652176,
    0.9977759574468086,
    0.9978285416666668,
    0.9978575510204082,
    0.9979008
  ],
  "mean_exact_dist": [
    75.89010620117188,
    82.56514739990234,
    87.1490478515625,
    90.63002014160156,
    93.45024108886719,
    95.82070922851562,
    97.86407470703125,
    99.65943908691406,
    101.2561264038086,
    102.69176483154297,
    103.99600982666016,
    105.19202423095703,
    106.2964096069336,
    107.3230972290039,
    108.28295135498047,
    109.18447875976562,
    110.03492736816406,
    110.8401870727539,
    111.60477447509766,
    112.33287811279297,
    113.02811431884766,
    113.69345092773438,
    114.33147430419922,
    114.94432830810547,
    115.53396606445312,
    116.10211181640625,
    116.65026092529297,
    117.1797866821289,
    117.69190216064453,
    118.18769836425781,
    118.66828918457031,
    119.13461303710938,
    119.58744812011719,
    120.02754974365234,
    120.45549774169922,
    120.8719482421875,
    121.27754974365234,
    121.6728286743164,
    122.05821228027344,
    122.43415069580078,
    122.80107879638672,
    123.159423828125,
    123.50955200195312,
    123.85182189941406,
    124.18657684326172,
    124.51415252685547,
    124.83477783203125,
    125.14878845214844,
    125.45642852783203,
    125.7579345703125
  ],
  "mean_ann_dist": [
    75.96211242675781,
    82.64278411865234,
    87.24451446533203,
    90.71495056152344,
    93.51866912841797,
    95.87881469726562,
    97.91476440429688,
    99.70398712158203,
    101.29647064208984,
    102.72832489013672,
    104.02977752685547,
    105.2235107421875,
    106.32596588134766,
    107.35071563720703,
    108.30876159667969,
    109.20902252197266,
    110.05805206298828,
    110.86209869384766,
    111.62548828125,
    112.35242462158203,
    113.04685974121094,
    113.71150207519531,
    114.34873962402344,
    114.9609375,
    115.54988861083984,
    116.11747741699219,
    116.66511535644531,
    117.19413757324219,
    117.70580291748047,
    118.20127868652344,
    118.68152618408203,
    119.1473159790039,
    119.59974670410156,
    120.0394515991211,
    120.46710205078125,
    120.88330078125,
    121.28862762451172,
    121.68368530273438,
    122.06890106201172,
    122.44457244873047,
    122.81122589111328,
    123.16932678222656,
    123.51924896240234,
    123.86141204833984,
    124.19595336914062,
    124.52332305908203,
    124.8437271118164,
    125.15752410888672,
    125.46502685546875,
    125.76636505126953
  ],
  "mean_barycenter_shift": [
    0.0003757846134249121,
    0.0005407643038779497,
    0.0008132703951559961,
    0.0007521798834204674,
    0.0006413820665329695,
    0.0005588030908256769,
    0.00049268250586465,
    0.00044693564996123314,
    0.00041101445094682276,
    0.0003781657142098993,
    0.0003530992253217846,
    0.000333601696183905,
    0.00031313003273680806,
    0.00029014243045821786,
    0.0002736174501478672,
    0.00026060076197609305,
    0.0002462056290823966,
    0.0002366097760386765,
    0.0002247444208478555,
    0.00021195800218265504,
    0.00020500006212387234,
    0.00019731730571947992,
    0.00019108119886368513,
    0.0001828913955250755,
    0.00017780234338715672,
    0.000171825333382003,
    0.00016620571841485798,
    0.00015969276137184352,
    0.00015571874973829836,
    0.00015255580365192145,
    0.00014764218940399587,
    0.0001424981892341748,
    0.00013944655074737966,
    0.0001354462729068473,
    0.00013322828453965485,
    0.00013002789637539536,
    0.00012788092135451734,
    0.00012693883036263287,
    0.00012474962568376213,
    0.0001229466579388827,
    0.00011995165550615638,
    0.00011787950643338263,
    0.000117012437840458,
    0.00011516943050082773,
    0.00011243908375035971,
    0.00011029130109818652,
    0.0001075268373824656,
    0.00010582079994492233,
    0.00010488077532500029,
    0.00010263268632115796
  ],
  "mean_lid_diff": [
    0.10264110565185547,
    0.022657394409179688,
    -0.03373146057128906,
    -0.05186271667480469,
    -0.055930137634277344,
    -0.04932403564453125,
    -0.05297374725341797,
    -0.051329612731933594,
    -0.05023002624511719,
    -0.050116539001464844,
    -0.04615211486816406,
    -0.046721458435058594,
    -0.041199684143066406,
    -0.03969287872314453,
    -0.03924560546875,
    -0.0374755859375,
    -0.035637855529785156,
    -0.03299713134765625,
    -0.03214836120605469,
    -0.032440185546875,
    -0.03191184997558594,
    -0.03138446807861328,
    -0.02905559539794922,
    -0.02783679962158203,
    -0.028853416442871094,
    -0.026436805725097656,
    -0.026276588439941406,
    -0.025188446044921875,
    -0.02480030059814453,
    -0.025386810302734375,
    -0.025527000427246094,
    -0.023856163024902344,
    -0.023895263671875,
    -0.02333831787109375,
    -0.022281646728515625,
    -0.022864341735839844,
    -0.02315998077392578,
    -0.02090740203857422,
    -0.021066665649414062,
    -0.0201416015625,
    -0.01883983612060547,
    -0.01978588104248047,
    -0.020073890686035156,
    -0.01956462860107422,
    -0.019245147705078125,
    -0.01854705810546875,
    -0.018492698669433594,
    -0.017850875854492188,
    -0.017769813537597656,
    -0.017486572265625
  ],
  "mean_lid_exact": [
    11.061834335327148,
    9.550772666931152,
    9.0415620803833,
    8.81636905670166,
    8.708287239074707,
    8.652386665344238,
    8.63994026184082,
    8.640348434448242,
    8.661006927490234,
    8.687592506408691,
    8.711564064025879,
    8.737932205200195,
    8.767627716064453,
    8.803351402282715,
    8.84007453918457,
    8.87357234954834,
    8.906007766723633,
    8.940397262573242,
    8.974642753601074,
    9.008699417114258,
    9.041085243225098,
    9.072198867797852,
    9.10181999206543,
    9.132325172424316,
    9.160469055175781,
    9.188543319702148,
    9.216824531555176,
    9.242679595947266,
    9.270220756530762,
    9.29708194732666,
    9.319391250610352,
    9.341930389404297,
    9.36507511138916,
    9.386877059936523,
    9.409955978393555,
    9.432276725769043,
    9.452231407165527,
    9.470431327819824,
    9.49049186706543,
    9.509919166564941,
    9.528460502624512,
    9.547853469848633,
    9.564826965332031,
    9.581415176391602,
    9.597633361816406,
    9.612220764160156,
    9.62761116027832,
    9.642087936401367,
    9.656451225280762,
    9.66994571685791
  ],