{
  "alpha": 0.5,
  "k": [
    10,
    20,
    30,
    40,
    50,
    60,
    70,
    80,
    90,
    100,
    110,
    120,
    130,
    140,
    150,
    160,
    170,
    180,
    190,
    200,
    210,
    220,
    230,
    240,
    250,
    260,
    270,
    280,
    290,
    300,
    310,
    320,
    330,
    340,
    350,
    360,
    370,
    380,
    390,
    400,
    410,
    420,
    430,
    440,
    450,
    460,
    470,
    480,
    490,
    500
  ],
  "mean_overlap": [
    0.9029200000000001,
    0.92574,
    0.9329066666666668,
    0.9361299999999999,
    0.9385760000000001,
    0.9409883333333331,
    0.9428400000000001,
    0.9440987499999999,
    0.9451900000000002,
    0.9461050000000001,
    0.9470890909090909,
    0.9479666666666666,
    0.9492461538461539,
    0.9501357142857143,
    0.951158,
    0.95211125,
    0.9532052941176473,
    0.9542022222222222,
    0.9549994736842106,
    0.9557645,
    0.9565085714285715,
    0.9571245454545455,
    0.957664347826087,
    0.9580883333333333,
    0.9585664,
    0.9588884615384615,
    0.9592537037037039,
    0.9597282142857142,
    0.9600962068965516,
    0.9605696666666667,
    0.9608987096774193,
    0.9611850000000001,
    0.9615233333333334,
    0.9617620588235294,
    0.9620800000000002,
    0.9624233333333334,
    0.962737027027027,
    0.9629376315789474,
    0.9631502564102564,
    0.9633582500000001,
    0.9635863414634146,
    0.9637897619047618,
    0.9639665116279069,
    0.9642645454545454,
    0.964434888888889,
    0.964611304347826,
    0.9646855319148937,
    0.9649497916666667,
    0.9651095918367347,
    0.9652417999999999
  ],
  "mean_exact_dist": [
    75.9557113647461,
    82.60398864746094,
    87.15373229980469,
    90.62386322021484,
    93.44083404541016,
    95.81050872802734,
    97.85332489013672,
    99.64713287353516,
    101.24351501464844,
    102.68009185791016,
    103.98558807373047,
    105.18211364746094,
    106.28713989257812,
    107.31396484375,
    108.27308654785156,
    109.17352294921875,
    110.02257537841797,
    110.826171875,
    111.58940124511719,
    112.3165512084961,
    113.01083374023438,
    113.67537689208984,
    114.31266021728516,
    114.92487335205078,
    115.5140151977539,
    116.08186340332031,
    116.62979125976562,
    117.15926361083984,
    117.67154693603516,
    118.16777801513672,
    118.64891052246094,
    119.11585998535156,
    119.56941223144531,
    120.01029968261719,
    120.43914031982422,
    120.85665130615234,
    121.26329803466797,
    121.65958404541016,
    122.04607391357422,
    122.42313385009766,
    122.79119873046875,
    123.15068817138672,
    123.50201416015625,
    123.84548950195312,
    124.18146514892578,
    124.51020050048828,
    124.83207702636719,
    125.14732360839844,
    125.45621490478516,
    125.75900268554688
  ],
  "mean_ann_dist": [
    76.81581115722656,
    83.07252502441406,
    87.53358459472656,
    90.95897674560547,
    93.74832153320312,
    96.09451293945312,
    98.12181091308594,
    99.89912414550781,
    101.48662567138672,
    102.91584777832031,
    104.21177673339844,
    105.40192413330078,
    106.49898529052734,
    107.51983642578125,
    108.47186279296875,
    109.36640167236328,
    110.21036529541016,
    111.0089111328125,
    111.76866149902344,
    112.49275970458984,
    113.18407440185547,
    113.84600067138672,
    114.48139953613281,
    115.0914535522461,
    115.67890930175781,
    116.24502563476562,
    116.79096221923828,
    117.31845092773438,
    117.82846069335938,
    118.32257843017578,
    118.80126190185547,
    119.2666015625,
    119.71829986572266,
    120.15791320800781,
    120.58507537841797,
    121.00074005126953,
    121.40560913085938,
    121.80071258544922,
    122.18627166748047,
    122.56233978271484,
    122.92927551269531,
    123.2875747680664,
    123.63809967041016,
    123.98036193847656,
    124.31532287597656,
    124.64334106445312,
    124.96465301513672,
    125.27877807617188,
    125.58712768554688,
    125.88947296142578
  ],
  "mean_barycenter_shift": [
    0.007626608945429325,
    0.005094360560178757,
    0.004135036375373602,
    0.0036499483976513147,
    0.0032589135225862265,
    0.0029434349853545427,
    0.002694597700610757,
    0.002522445283830166,
    0.0023522614501416683,
    0.0022196725476533175,
    0.002105973195284605,
    0.0020220200531184673,
    0.0019138320349156857,
    0.0018342502880841494,
    0.0017661412712186575,
    0.0016993307508528233,
    0.0016430179821327329,
    0.0015815597726032138,
    0.0015302381943911314,
    0.0014880283270031214,
    0.001447986694984138,
    0.0014172247610986233,
    0.001390990917570889,
    0.0013646885054185987,
    0.0013375828275457025,
    0.0013175701024010777,
    0.0012934802798554301,
    0.001270304899662733,
    0.0012507231440395117,
    0.0012315092608332634,
    0.0012085972120985389,
    0.0011904699495062232,
    0.0011695068096742034,
    0.001157779130153358,
    0.0011382974917069077,
    0.0011203351896256208,
    0.0011062909616157413,
    0.0010900154011324048,
    0.0010730659123510122,
    0.001056835986673832,
    0.0010452249553054571,
    0.0010316645493730903,
    0.0010202548000961542,
    0.0010065346723422408,
    0.0009943180484697223,
    0.0009835298405960202,
    0.0009754860075190663,
    0.0009637691546231508,
    0.0009542876505292952,
    0.000945215520914644
  ],
  "mean_lid_diff": [
    -0.22179126739501953,
    -0.4869670867919922,
    -0.4259929656982422,
    -0.4276094436645508,
    -0.40436649322509766,
    -0.3820171356201172,
    -0.38045310974121094,
    -0.3706626892089844,
    -0.35626888275146484,
    -0.3476428985595703,
    -0.34195899963378906,
    -0.33534812927246094,
    -0.3296623229980469,
    -0.3222026824951172,
    -0.3196830749511719,
    -0.3102092742919922,
    -0.30671215057373047,
    -0.30164623260498047,
    -0.2992591857910156,
    -0.2953224182128906,
    -0.2929859161376953,
    -0.2888965606689453,
    -0.2875938415527344,
    -0.2852363586425781,
    -0.2821464538574219,
    -0.27844905853271484,
    -0.2758150100708008,
    -0.27660179138183594,
    -0.2741527557373047,
    -0.27074241638183594,
    -0.2686595916748047,
    -0.2680349349975586,
    -0.2644233703613281,
    -0.26277732849121094,
    -0.2618227005004883,
    -0.2593526840209961,
    -0.25940990447998047,
    -0.25798797607421875,
    -0.25533294677734375,
    -0.2541999816894531,
    -0.25323486328125,
    -0.25167369842529297,
    -0.2507009506225586,
    -0.24906253814697266,
    -0.24851226806640625,
    -0.24919414520263672,
    -0.2482919692993164,
    -0.24612045288085938,
    -0.24484539031982422,
    -0.24197101593017578
  ],
  "mean_lid_exact": [
    11.066308975219727,
    9.623932838439941,
    9.074748039245605,
    8.835159301757812,
    8.727450370788574,
    8.665196418762207,
    8.650708198547363,
    8.646918296813965,
    8.665413856506348,
    8.684715270996094,
    8.716498374938965,
    8.746047973632812,
    8.781673431396484,
    8.812849044799805,
    8.848405838012695,
    8.879361152648926,
    8.915395736694336,
    8.949546813964844,
    8.980382919311523,
    9.010878562927246,
    9.044816017150879,
    9.074440002441406,
    9.106545448303223,
    9.135231971740723,
    9.162604331970215,
    9.19001579284668,
    9.218523979187012,
    9.2449951171875,
    9.270258903503418,
    9.295412063598633,
    9.319156646728516,
    9.34331226348877,
    9.364402770996094,
    9.3862943649292,
    9.40832233428955,
    9.428116798400879,
    9.449488639831543,
    9.46756362915039,
    9.48579216003418,
    9.504362106323242,
    9.523361206054688,
    9.540604591369629,
    9.557212829589844,
    9.573655128479004,
    9.588706016540527,
    9.603253364562988,
    9.617293357849121,
    9.630261421203613,
    9.642951011657715,
    9.654679298400879
  ],