{
  "alpha": 4.0,
  "k": [
    10,
    20,
    30,
    40,
    50,
    60,
    70,
    80,
    90,
    100,
    110,
    120,
    130,
    140,
    150,
    160,
    170,
    180,
    190,
    200,
    210,
    220,
    230,
    240,
    250,
    260,
    270,
    280,
    290,
    300,
    310,
    320,
    330,
    340,
    350,
    360,
    370,
    380,
    390,
    400,
    410,
    420,
    430,
    440,
    450,
    460,
    470,
    480,
    490,
    500
  ],
  "mean_overlap": [
    0.9954699999999999,
    0.99765,
    0.9983700000000001,
    0.9987775000000001,
    0.999014,
    0.9992033333333334,
    0.9992885714285714,
    0.9993862499999999,
    0.9994755555555556,
    0.9995480000000001,
    0.9996018181818183,
    0.9996524999999999,
    0.9996692307692306,
    0.9996992857142857,
    0.9997233333333334,
    0.999745625,
    0.9997641176470589,
    0.9997822222222221,
    0.9998005263157894,
    0.9998125,
    0.9998285714285714,
    0.9998413636363637,
    0.9998482608695652,
    0.9998616666666666,
    0.9998752000000001,
    0.9998865384615383,
    0.9998918518518519,
    0.9998964285714286,
    0.9999062068965517,
    0.9999093333333334,
    0.9999167741935484,
    0.9999196874999999,
    0.9999245454545455,
    0.9999279411764707,
    0.9999325714285715,
    0.9999352777777778,
    0.9999408108108108,
    0.9999426315789472,
    0.9999458974358975,
    0.9999480000000002,
    0.9999504878048782,
    0.9999528571428571,
    0.9999546511627908,
    0.9999568181818183,
    0.999958888888889,
    0.9999626086956521,
    0.9999657446808509,
    0.9999677083333334,
    0.99997,
    0.9999712
  ],
  "mean_exact_dist": [
    75.9557113647461,
    82.60398864746094,
    87.15373229980469,
    90.62386322021484,
    93.44083404541016,
    95.81050872802734,
    97.85332489013672,
    99.64713287353516,
    101.24351501464844,
    102.68009185791016,
    103.98558807373047,
    105.18211364746094,
    106.28713989257812,
    107.31396484375,
    108.27308654785156,
    109.17352294921875,
    110.02257537841797,
    110.826171875,
    111.58940124511719,
    112.3165512084961,
    113.01083374023438,
    113.67537689208984,
    114.31266021728516,
    114.92487335205078,
    115.5140151977539,
    116.08186340332031,
    116.62979125976562,
    117.15926361083984,
    117.67154693603516,
    118.16777801513672,
    118.64891052246094,
    119.11585998535156,
    119.56941223144531,
    120.01029968261719,
    120.43914031982422,
    120.85665130615234,
    121.26329803466797,
    121.65958404541016,
    122.04607391357422,
    122.42313385009766,
    122.79119873046875,
    123.15068817138672,
    123.50201416015625,
    123.84548950195312,
    124.18146514892578,
    124.51020050048828,
    124.83207702636719,
    125.14732360839844,
    125.45621490478516,
    125.75900268554688
  ],
  "mean_ann_dist": [
    75.99188995361328,
    82.62126159667969,
    87.16598510742188,
    90.63307189941406,
    93.44832611083984,
    95.81683349609375,
    97.85894775390625,
    99.65206909179688,
    101.247802734375,
    102.68387603759766,
    103.98899841308594,
    105.18505096435547,
    106.28980255126953,
    107.31642150878906,
    108.27529907226562,
    109.17555236816406,
    110.02445220947266,
    110.82794952392578,
    111.591064453125,
    112.31806182861328,
    113.01222229003906,
    113.67669677734375,
    114.31392669677734,
    114.9259262084961,
    115.51498413085938,
    116.0827407836914,
    116.63059997558594,
    117.1600341796875,
    117.67224884033203,
    118.16844940185547,
    118.64955139160156,
    119.1164779663086,
    119.56998443603516,
    120.01084899902344,
    120.43965911865234,
    120.85716247558594,
    121.26380157470703,
    121.66006469726562,
    122.04652404785156,
    122.42357635498047,
    122.79161071777344,
    123.15108489990234,
    123.50240325927734,
    123.84586334228516,
    124.18180084228516,
    124.51052856445312,
    124.8323745727539,
    125.14762878417969,
    125.45648956298828,
    125.75926208496094
  ],
  "mean_barycenter_shift": [
    0.00025539318448863924,
    0.00012291075836401433,
    8.162529411492869e-05,
    6.149129330879077e-05,
    4.956791963195428e-05,
    4.032582000945695e-05,
    3.517733421176672e-05,
    2.929776383098215e-05,
    2.4981900423881598e-05,
    2.2324487872538157e-05,
    1.946569864230696e-05,
    1.7454420230933465e-05,
    1.6781617887318134e-05,
    1.4678379557153676e-05,
    1.343979238299653e-05,
    1.2492326277424581e-05,
    1.1700803042913321e-05,
    1.0411751645733602e-05,
    9.68980384641327e-06,
    9.241914085578173e-06,
    8.42105600895593e-06,
    7.75033186073415e-06,
    7.433222435793141e-06,
    6.933886652404908e-06,
    6.288655185926473e-06,
    5.77594573769602e-06,
    5.512755706149619e-06,
    5.302987119648606e-06,
    4.8156443881453015e-06,
    4.588621322909603e-06,
    4.256249212630792e-06,
    4.110960162506672e-06,
    3.826412466878537e-06,
    3.6663941500592045e-06,
    3.4144841265515424e-06,
    3.2148416266863933e-06,
    2.9781995181110688e-06,
    2.8448598641261924e-06,
    2.687298774617375e-06,
    2.6129584966838593e-06,
    2.548916654632194e-06,
    2.4076609861367615e-06,
    2.3453533231077017e-06,
    2.1942000785202254e-06,
    2.1289463347784476e-06,
    1.9551066543499473e-06,
    1.7731894104144885e-06,
    1.6999304079945432e-06,
    1.5392796512969653e-06,
    1.4537432662109495e-06
  ],
  "mean_lid_diff": [
    0.008425712585449219,
    -0.0035409927368164062,
    0.0033178329467773438,
    -0.0003452301025390625,
    0.00035572052001953125,
    0.0014238357543945312,
    7.62939453125e-06,
    0.0015897750854492188,
    -0.00017833709716796875,
    0.0011854171752929688,
    0.000629425048828125,
    1.33514404296875e-05,
    -6.771087646484375e-05,
    -0.00016021728515625,
    -0.0004367828369140625,
    -0.000335693359375,
    -0.000324249267578125,
    -0.0005273818969726562,
    0.0002651214599609375,
    0.0,
    -0.00032138824462890625,
    2.384185791015625e-05,
    -0.00034999847412109375,
    -0.00042819976806640625,
    -0.0006036758422851562,
    -0.0005826950073242188,
    -0.00014019012451171875,
    -0.0005598068237304688,
    -0.00015354156494140625,
    -0.000457763671875,
    -0.0003662109375,
    -0.000213623046875,
    -0.00014781951904296875,
    -0.0001392364501953125,
    -0.00013065338134765625,
    -0.000244140625,
    -0.00018978118896484375,
    -0.000152587890625,
    -0.0001354217529296875,
    -0.00021839141845703125,
    -5.435943603515625e-05,
    -3.4332275390625e-05,
    -0.0001735687255859375,
    -0.00028514862060546875,
    -0.00024890899658203125,
    -3.4332275390625e-05,
    -0.00018787384033203125,
    9.5367431640625e-07,
    -0.00013065338134765625,
    -5.626678466796875e-05
  ],
  "mean_lid_exact": [
    11.066308975219727,
    9.623932838439941,
    9.074748039245605,
    8.835159301757812,
    8.727450370788574,
    8.665196418762207,
    8.650708198547363,
    8.646918296813965,
    8.665413856506348,
    8.684715270996094,
    8.716498374938965,
    8.746047973632812,
    8.781673431396484,
    8.812849044799805,
    8.848405838012695,
    8.879361152648926,
    8.915395736694336,
    8.949546813964844,
    8.980382919311523,
    9.010878562927246,
    9.044816017150879,
    9.074440002441406,
    9.106545448303223,
    9.135231971740723,
    9.162604331970215,
    9.19001579284668,
    9.218523979187012,
    9.2449951171875,
    9.270258903503418,
    9.295412063598633,
    9.319156646728516,
    9.34331226348877,
    9.364402770996094,
    9.3862943649292,
    9.40832233428955,
    9.428116798400879,
    9.449488639831543,
    9.46756362915039,
    9.48579216003418,
    9.504362106323242,
    9.523361206054688,
    9.540604591369629,
    9.557212829589844,
    9.573655128479004,
    9.588706016540527,
    9.603253364562988,
    9.617293357849121,
    9.630261421203613,
    9.642951011657715,
    9.654679298400879
  ],