{
  "k": [
    10,
    20,
    30,
    40,
    50,
    60,
    70,
    80,
    90,
    100,
    110,
    120,
    130,
    140,
    150,
    160,
    170,
    180,
    190,
    200,
    210,
    220,
    230,
    240,
    250,
    260,
    270,
    280,
    290,
    300,
    310,
    320,
    330,
    340,
    350,
    360,
    370,
    380,
    390,
    400,
    410,
    420,
    430,
    440,
    450,
    460,
    470,
    480,
    490,
    500
  ],
  "mean_overlap": [
    0.9977299999999999,
    0.996765,
    0.9953566666666668,
    0.993455,
    0.9904299999999999,
    0.9864333333333332,
    0.9803814285714286,
    0.9725487500000001,
    0.9634411111111112,
    0.9532880000000001,
    0.9423254545454546,
    0.9307558333333334,
    0.9186353846153849,
    0.9062492857142858,
    0.893594,
    0.88095875,
    0.8682417647058824,
    0.8553761111111111,
    0.8426157894736842,
    0.8301710000000001,
    0.8177919047619049,
    0.805555909090909,
    0.7936508695652174,
    0.7819875,
    0.7706036,
    0.7594076923076923,
    0.7484514814814814,
    0.7377796428571428,
    0.7272662068965517,
    0.7170883333333333,
    0.7071306451612903,
    0.6974525,
    0.6880418181818182,
    0.6788073529411764,
    0.6697582857142858,
    0.6608897222222222,
    0.6522991891891892,
    0.6439213157894738,
    0.6356797435897434,
    0.62771425,
    0.6199453658536586,
    0.6123092857142857,
    0.6048893023255814,
    0.5976459090909091,
    0.5905648888888889,
    0.5836154347826087,
    0.5769329787234043,
    0.57033125,
    0.563929387755102,
    0.557651
  ],
  "mean_exact_dist": [
    75.78614807128906,
    82.3373031616211,
    86.83411407470703,
    90.26297760009766,
    93.044189453125,
    95.3900146484375,
    97.4149169921875,
    99.19258880615234,
    100.7761001586914,
    102.20269775390625,
    103.5004653930664,
    104.69139862060547,
    105.79177856445312,
    106.83348083496094,
    107.8094482421875,
    108.7056655883789,
    109.5509033203125,
    110.34864807128906,
    111.10091400146484,
    111.82368469238281,
    112.52776336669922,
    113.18622589111328,
    113.81736755371094,
    114.43330383300781,
    115.02616882324219,
    115.59766387939453,
    116.17159271240234,
    116.76482391357422,
    117.37493896484375,
    117.96730041503906,
    118.53504943847656,
    119.07029724121094,
    119.70624542236328,
    120.34483337402344,
    120.90614318847656,
    121.47614288330078,
    122.10308074951172,
    122.75992584228516,
    123.43602752685547,
    124.12224578857422,
    124.74637603759766,
    125.55101013183594,
    126.3150405883789,
    127.0466079711914,
    127.91342163085938,
    128.76028442382812,
    129.64125061035156,
    130.4400634765625,
    131.29702758789062,
    132.09310913085938
  ],
  "mean_ann_dist": [
    75.8059310913086,
    82.35904693603516,
    86.8603286743164,
    90.2953872680664,
    93.08574676513672,
    95.44466400146484,
    97.49005889892578,
    99.30016326904297,
    100.9299087524414,
    102.41729736328125,
    103.79023742675781,
    105.07083892822266,
    5.235113026446076e+32,
    1.946027350703661e+33,
    108.43183898925781,
    109.45472717285156,
    110.44189453125,
    111.38732147216797,
    112.312255859375,
    1.7073877924205594e+33,
    114.06282043457031,
    114.9384994506836,
    115.79456329345703,
    116.65737915039062,
    117.5164566040039,
    1.3213308718958073e+32,
    5.100384143408026e+32,
    2.4678528111285194e+32,
    9.57281082248815e+32,
    3.4990475793029465e+32,
    5.684541741720962e+32,
    7.78057461977497e+32,
    6.527009456056234e+32,
    4.2688439579132824e+32,
    8.38856952725687e+32,
    9.293269261079544e+32,
    1.0201686683582696e+33,
    1.4100458911870696e+33,
    2.393194504269277e+33,
    1.2906029370116098e+33,
    1.5767407071770424e+33,
    1.5730053778510037e+33,
    1.1771725028644543e+33,
    1.861179249896051e+33,
    1.6736245252740998e+33,
    9.861941776926069e+32,
    1.783263613308439e+33,
    1.8888670168147078e+33,
    1.607299411789307e+33,
    1.3150031994134394e+33
  ],
  "mean_barycenter_shift": [
    0.000149590487126261,
    0.00020865931583102793,
    0.0003080625901930034,
    0.00044018987682648003,
    0.0006320601678453386,
    0.000870324787683785,
    0.0011945705628022552,
    0.0015593658899888396,
    0.0019143297104164958,
    0.0022614523768424988,
    0.00260740309022367,
    0.0029305045027285814,
    0.003242525039240718,
    0.0035445832181721926,
    0.003840387798845768,
    0.004120677709579468,
    0.004393724258989096,
    0.004666422959417105,
    0.004944725893437862,
    0.005223075393587351,
    0.005505875218659639,
    0.0057887546718120575,
    0.006069994531571865,
    0.006352530792355537,
    0.006632388103753328,
    0.006911751348525286,
    0.007190429139882326,
    0.00746147008612752,
    0.007734065409749746,
    0.008003084920346737,
    0.008267759345471859,
    0.008539055474102497,
    0.008809968829154968,
    0.009080230258405209,
    0.009354973211884499,
    0.009634732268750668,
    0.009921332821249962,
    0.010218940675258636,
    0.010524830780923367,
    0.010833725333213806,
    0.011150356382131577,
    0.011476093903183937,
    0.011806938797235489,
    0.012146386317908764,
    0.012492978014051914,
    0.012850861996412277,
    0.013218815438449383,
    0.013598212040960789,
    0.013984158635139465,
    0.014377261511981487
  ],
  "mean_lid_diff": [
    0.025139808654785156,
    -0.0038356781005859375,
    -0.018469810485839844,
    -0.02555561065673828,
    -0.05518913269042969,
    -0.07613182067871094,
    -0.1116476058959961,
    -0.15765380859375,
    -0.20987796783447266,
    -0.27097129821777344,
    -0.3406219482421875,
    -0.4133472442626953,
    -0.4981575012207031,
    -0.5941524505615234,
    -0.6874885559082031,
    -0.7945575714111328,
    -0.903172492980957,
    -1.019697666168213,
    -1.1368699073791504,
    -1.2654151916503906,
    -1.393476963043213,
    -1.5256199836730957,
    -1.661379337310791,
    -1.8002452850341797,
    -1.9437098503112793,
    -2.0868654251098633,
    -2.2314705848693848,
    -2.3797378540039062,
    -2.5363545417785645,
    -2.6943411827087402,
    -2.8530235290527344,
    -3.014592170715332,
    -3.1724185943603516,
    -3.3317079544067383,
    -3.495757579803467,
    -3.657154083251953,
    -3.820197105407715,
    -3.982964515686035,
    -4.144588470458984,
    -4.307400226593018,
    -4.467044353485107,
    -4.627635478973389,
    -4.782225608825684,
    -4.938506603240967,
    -5.095902442932129,
    -5.247059345245361,
    -5.396721839904785,
    -5.542450428009033,
    -5.691674709320068,
    -5.83275580406189
  ],
  "mean_lid_exact": [
    11.165740966796875,
    9.66163158416748,
    9.131246566772461,
    8.9019193649292,
    8.77934741973877,
    8.720380783081055,
    8.699626922607422,
    8.697901725769043,
    8.704957962036133,
    8.724650382995605,
    8.747381210327148,
    8.77137279510498,
    8.804749488830566,
    8.83398723602295,
    8.861617088317871,
    8.896223068237305,
    8.926353454589844,
    8.95809555053711,
    8.985929489135742,
    9.01602840423584,
    9.045964241027832,
    9.074968338012695,
    9.101838111877441,
    9.127036094665527,
    9.152463912963867,
    9.179168701171875,
    9.20048999786377,
    9.223443984985352,
    9.248557090759277,
    9.271842002868652,
    9.29344367980957,
    9.31624698638916,
    9.337206840515137,
    9.357903480529785,
    9.379023551940918,
    9.397563934326172,
    9.415559768676758,
    9.435989379882812,
    9.453771591186523,
    9.471660614013672,
    9.488609313964844,
    9.504462242126465,
    9.519997596740723,
    9.534724235534668,
    9.54967212677002,
    9.564406394958496,
    9.577754020690918,
    9.590160369873047,
    9.604053497314453,
    9.6162748336792
  ],