{
  "alpha": 0.25,
  "k": [
    10,
    20,
    30,
    40,
    50,
    60,
    70,
    80,
    90,
    100,
    110,
    120,
    130,
    140,
    150,
    160,
    170,
    180,
    190,
    200,
    210,
    220,
    230,
    240,
    250,
    260,
    270,
    280,
    290,
    300,
    310,
    320,
    330,
    340,
    350,
    360,
    370,
    380,
    390,
    400,
    410,
    420,
    430,
    440,
    450,
    460,
    470,
    480,
    490,
    500
  ],
  "mean_overlap": [
    0.99324,
    0.9903200000000001,
    0.9852800000000002,
    0.9771549999999999,
    0.9640600000000003,
    0.9469749999999998,
    0.928167142857143,
    0.90825875,
    0.8882455555555556,
    0.868082,
    0.8483563636363637,
    0.8292591666666668,
    0.8106315384615386,
    0.8150471428571429,
    0.812484,
    0.81616875,
    0.8136729411764707,
    0.8169383333333333,
    0.81471,
    0.818024,
    0.8161714285714288,
    0.818930909090909,
    0.8171152173913043,
    0.8198291666666666,
    0.8182256000000001,
    0.8209719230769231,
    0.8197281481481481,
    0.822269642857143,
    0.8209493103448277,
    0.8233453333333335,
    0.8221767741935484,
    0.8245184375000001,
    0.8233663636363635,
    0.8255858823529412,
    0.8246814285714285,
    0.8268666666666667,
    0.8258854054054054,
    0.8276578947368421,
    0.8267600000000003,
    0.8284297500000001,
    0.8276536585365855,
    0.8292349999999998,
    0.8283102325581396,
    0.8298565909090908,
    0.8289391111111112,
    0.8302826086956522,
    0.8293893617021276,
    0.8307995833333333,
    0.8298163265306122,
    0.8310639999999999
  ],
  "mean_exact_dist": [
    75.81864166259766,
    82.44774627685547,
    86.98003387451172,
    90.44184112548828,
    93.24794006347656,
    95.61129760742188,
    97.65985107421875,
    99.45526885986328,
    101.05122375488281,
    102.48777770996094,
    103.79525756835938,
    105.00072479248047,
    106.11028289794922,
    107.1429443359375,
    108.11324310302734,
    109.02118682861328,
    109.87793731689453,
    110.68914031982422,
    111.45943450927734,
    112.19379425048828,
    112.89385986328125,
    113.56523132324219,
    114.20639038085938,
    114.81925201416016,
    115.4176025390625,
    115.99193572998047,
    116.54437255859375,
    117.07686614990234,
    117.59612274169922,
    118.09165954589844,
    118.57759857177734,
    119.05008697509766,
    119.5089111328125,
    119.95503234863281,
    120.38716888427734,
    120.81099700927734,
    121.22064971923828,
    121.6215591430664,
    122.01285552978516,
    122.38929748535156,
    122.76153564453125,
    123.12290954589844,
    123.47879791259766,
    123.82923889160156,
    124.16741180419922,
    124.50037384033203,
    124.82262420654297,
    125.14322662353516,
    125.45156860351562,
    125.75238800048828
  ],
  "mean_ann_dist": [
    75.86539459228516,
    82.50951385498047,
    87.06300354003906,
    90.55703735351562,
    93.41730499267578,
    95.86703491210938,
    98.02764892578125,
    99.95858001708984,
    101.71287536621094,
    103.33208465576172,
    104.8451919555664,
    106.27669525146484,
    107.63896942138672,
    108.60932159423828,
    109.61560821533203,
    110.4734115600586,
    111.37110137939453,
    112.13920593261719,
    112.95173645019531,
    1.702262914086049e+32,
    114.38884735107422,
    1.5481312552135114e+32,
    115.7061538696289,
    116.29329681396484,
    116.92093658447266,
    1.3106131158634974e+32,
    118.02743530273438,
    118.5272445678711,
    119.06588745117188,
    119.53244018554688,
    120.03549194335938,
    120.48252868652344,
    120.95864868164062,
    121.37818908691406,
    9.735982538497568e+31,
    9.46364346698003e+31,
    122.65458679199219,
    123.03704833984375,
    1.7473092309780704e+32,
    123.80098724365234,
    1.6619081965147882e+32,
    124.53227233886719,
    124.90733337402344,
    7.743756929009705e+31,
    125.59589385986328,
    1.4812660517009541e+32,
    126.25177764892578,
    126.5572280883789,
    6.954970066626403e+31,
    1.3631741156502432e+32
  ],
  "mean_barycenter_shift": [
    0.0003743683628272265,
    0.0005113762454129755,
    0.0007733817328698933,
    0.0011961357668042183,
    0.001932237297296524,
    0.0026874016039073467,
    0.0032650253269821405,
    0.0037180320359766483,
    0.004096148069947958,
    0.004422330297529697,
    0.004733532667160034,
    0.0050177494995296,
    0.005305611528456211,
    0.00505933677777648,
    0.005008916836231947,
    0.004819272551685572,
    0.0047896262258291245,
    0.004648436792194843,
    0.004631113260984421,
    0.004507280886173248,
    0.004508118610829115,
    0.004415141884237528,
    0.004427443724125624,
    0.004351075738668442,
    0.004363050684332848,
    0.004282208159565926,
    0.004290321376174688,
    0.004213049542158842,
    0.004223569296300411,
    0.004153752233833075,
    0.004158187657594681,
    0.004089918453246355,
    0.004088524729013443,
    0.004018252249807119,
    0.0040107606910169125,
    0.003935856278985739,
    0.003926025703549385,
    0.0038630501367151737,
    0.0038495087064802647,
    0.003786641638725996,
    0.003772728843614459,
    0.003715105354785919,
    0.0037043087650090456,
    0.0036474529188126326,
    0.003637953195720911,
    0.0035842612851411104,
    0.0035775944124907255,
    0.0035239991266280413,
    0.003516989992931485,
    0.0034716553054749966
  ],
  "mean_lid_diff": [
    0.013856887817382812,
    -0.030182838439941406,
    -0.09956741333007812,
    -0.15314388275146484,
    -0.2420177459716797,
    -0.35222721099853516,
    -0.4755592346191406,
    -0.6003437042236328,
    -0.7437772750854492,
    -0.900080680847168,
    -1.0413861274719238,
    -1.2022109031677246,
    -1.3558988571166992,
    -1.3364086151123047,
    -1.365522861480713,
    -1.3434300422668457,
    -1.3729004859924316,
    -1.3505048751831055,
    -1.3758831024169922,
    -1.3613214492797852,
    -1.3873372077941895,
    -1.3778352737426758,
    -1.3970556259155273,
    -1.3803987503051758,
    -1.4023327827453613,
    -1.3817439079284668,
    -1.400057315826416,
    -1.382166862487793,
    -1.4000229835510254,
    -1.3843936920166016,
    -1.4035124778747559,
    -1.3874883651733398,
    -1.4041318893432617,
    -1.3894715309143066,
    -1.4075212478637695,
    -1.392251968383789,
    -1.408564567565918,
    -1.3970098495483398,
    -1.4134788513183594,
    -1.401926040649414,
    -1.416548728942871,
    -1.407485008239746,
    -1.4230155944824219,
    -1.4104719161987305,
    -1.4277591705322266,
    -1.4173555374145508,
    -1.4335622787475586,
    -1.4251518249511719,
    -1.4408445358276367,
    -1.431539535522461
  ],
  "mean_lid_exact": [
    11.100669860839844,
    9.601051330566406,
    9.09062385559082,
    8.830921173095703,
    8.719403266906738,
    8.661224365234375,
    8.636129379272461,
    8.632508277893066,
    8.643606185913086,
    8.665428161621094,
    8.681184768676758,
    8.70518684387207,
    8.731841087341309,
    8.763144493103027,
    8.791651725769043,
    8.822086334228516,
    8.855108261108398,
    8.884162902832031,
    8.911463737487793,
    8.945486068725586,
    8.974410057067871,
    9.006318092346191,
    9.029471397399902,
    9.056347846984863,
    9.082695960998535,
    9.107673645019531,
    9.133155822753906,
    9.156044960021973,
    9.181163787841797,
    9.20467472076416,
    9.226963996887207,
    9.248579978942871,
    9.270329475402832,
    9.29169750213623,
    9.310914039611816,
    9.329453468322754,
    9.34935188293457,
    9.367764472961426,
    9.385721206665039,
    9.403462409973145,
    9.419387817382812,
    9.436360359191895,
    9.451903343200684,
    9.46611213684082,
    9.482134819030762,
    9.496445655822754,
    9.512073516845703,
    9.52554702758789,
    9.538841247558594,
    9.552358627319336
  ],