{
  "k": [
    10,
    20,
    30,
    40,
    50,
    60,
    70,
    80,
    90,
    100,
    110,
    120,
    130,
    140,
    150,
    160,
    170,
    180,
    190,
    200,
    210,
    220,
    230,
    240,
    250,
    260,
    270,
    280,
    290,
    300,
    310,
    320,
    330,
    340,
    350,
    360,
    370,
    380,
    390,
    400,
    410,
    420,
    430,
    440,
    450,
    460,
    470,
    480,
    490,
    500
  ],
  "mean_overlap": [
    0.9950699999999999,
    0.9933949999999999,
    0.9909633333333333,
    0.9876775000000001,
    0.9835480000000001,
    0.9776916666666666,
    0.9698671428571429,
    0.9603725000000001,
    0.9493255555555555,
    0.9371430000000001,
    0.9242281818181819,
    0.9106700000000001,
    0.8969969230769231,
    0.8832864285714284,
    0.869434,
    0.8556299999999999,
    0.8420370588235295,
    0.8287555555555555,
    0.815488947368421,
    0.8025085000000001,
    0.7898333333333335,
    0.7775440909090909,
    0.7654521739130435,
    0.7537333333333333,
    0.7422748,
    0.7310592307692309,
    0.7201618518518519,
    0.7095953571428573,
    0.6993548275862069,
    0.689364,
    0.6795993548387096,
    0.6700771874999999,
    0.6608345454545455,
    0.651900294117647,
    0.6432437142857143,
    0.634715,
    0.6265118918918919,
    0.6184555263157896,
    0.6106423076923078,
    0.60301475,
    0.5955600000000001,
    0.5883242857142857,
    0.5812676744186046,
    0.5743584090909091,
    0.5676642222222222,
    0.561055,
    0.5546274468085105,
    0.5483302083333333,
    0.5422022448979592,
    0.5361916
  ],
  "mean_exact_dist": [
    75.69612884521484,
    82.34547424316406,
    86.8810806274414,
    90.33885955810547,
    93.14575958251953,
    95.51370239257812,
    97.55909729003906,
    99.3550796508789,
    100.95387268066406,
    102.3952407836914,
    103.70793914794922,
    104.91339874267578,
    106.02783966064453,
    107.06859588623047,
    108.03609466552734,
    108.96665954589844,
    109.81132507324219,
    110.62174987792969,
    111.36682891845703,
    112.09896850585938,
    112.85755920410156,
    113.57695770263672,
    114.24449920654297,
    114.92303466796875,
    115.51757049560547,
    116.09197235107422,
    116.60649108886719,
    117.1692123413086,
    117.6419448852539,
    118.27285766601562,
    118.83455657958984,
    119.40676879882812,
    119.76302337646484,
    120.28624725341797,
    120.88856506347656,
    121.6275863647461,
    122.32673645019531,
    123.30779266357422,
    124.2597885131836,
    125.13227844238281,
    126.01323699951172,
    126.81517028808594,
    127.54547882080078,
    128.2432861328125,
    128.89254760742188,
    129.57717895507812,
    130.5102081298828,
    131.33062744140625,
    132.0719451904297,
    133.06033325195312
  ],
  "mean_ann_dist": [
    75.73443603515625,
    82.38957977294922,
    86.93585968017578,
    90.40837860107422,
    93.2330322265625,
    95.62380981445312,
    97.70018768310547,
    99.53781127929688,
    101.18940734863281,
    102.69696044921875,
    104.08937072753906,
    105.38932800292969,
    106.61441040039062,
    107.7737808227539,
    108.88153076171875,
    109.92489624023438,
    110.92620086669922,
    111.91033172607422,
    3.597749699203957e+32,
    1.710133504742068e+32,
    3.2669195082552335e+32,
    3.1240919827945516e+32,
    5.997115798796586e+32,
    4.33105508716252e+32,
    8.366742323226696e+32,
    5.384810925696661e+32,
    1.3047985501846002e+33,
    1.27136109338223e+33,
    7.428069646163409e+32,
    1.8150327137941147e+33,
    1.3022578329964718e+33,
    1.04617856229618e+33,
    1.7182158992016837e+33,
    1.5853843140163428e+33,
    5.201537461958073e+33,
    3.17419091327129e+33,
    3.30738800025323e+33,
    3.569024770646136e+33,
    2.920467365094506e+33,
    3.920851043631159e+33,
    3.6470932928286e+33,
    4.345879187019205e+33,
    3.565806126543994e+33,
    4.845013825493982e+33,
    4.187508279853387e+33,
    4.3349856241585036e+33,
    5.247469370205698e+33,
    5.970188049690798e+33,
    4.037521940573649e+33,
    4.284592489494304e+33
  ],
  "mean_barycenter_shift": [
    0.0002608430222608149,
    0.0003415681712795049,
    0.00045667964150197804,
    0.000606771616730839,
    0.0007851937552914023,
    0.0010395857971161604,
    0.001393400365486741,
    0.0017703705234453082,
    0.0021443699952214956,
    0.0024905558675527573,
    0.002784586977213621,
    0.003061288967728615,
    0.00331408460624516,
    0.003560268087312579,
    0.0038006005343049765,
    0.004031808581203222,
    0.0042806221172213554,
    0.004513751249760389,
    0.004765845835208893,
    0.0050208959728479385,
    0.005279650446027517,
    0.00554326456040144,
    0.005805684719234705,
    0.006077190395444632,
    0.006346935406327248,
    0.006630412302911282,
    0.00691137183457613,
    0.007192427292466164,
    0.007487144321203232,
    0.007778048515319824,
    0.008074687793850899,
    0.008372102864086628,
    0.008671407587826252,
    0.008973109535872936,
    0.00928308442234993,
    0.00960422120988369,
    0.00993361510336399,
    0.01029119547456503,
    0.010663360357284546,
    0.011060675606131554,
    0.0114775775000453,
    0.011916506104171276,
    0.012370328418910503,
    0.012844061478972435,
    0.013337930664420128,
    0.013846908695995808,
    0.01436670497059822,
    0.014897466637194157,
    0.015441020019352436,
    0.015995755791664124
  ],
  "mean_lid_diff": [
    0.054154396057128906,
    0.01125335693359375,
    -0.021936416625976562,
    -0.0680532455444336,
    -0.10090923309326172,
    -0.14129066467285156,
    -0.2004232406616211,
    -0.2594022750854492,
    -0.3321971893310547,
    -0.40853023529052734,
    -0.4978446960449219,
    -0.5920352935791016,
    -0.6997051239013672,
    -0.8071231842041016,
    -0.9208426475524902,
    -1.036384105682373,
    -1.157731056213379,
    -1.2782535552978516,
    -1.4098124504089355,
    -1.5445680618286133,
    -1.6827564239501953,
    -1.8185725212097168,
    -1.9618453979492188,
    -2.1142354011535645,
    -2.2674813270568848,
    -2.4274649620056152,
    -2.593966007232666,
    -2.766725540161133,
    -2.9409890174865723,
    -3.1207733154296875,
    -3.303711414337158,
    -3.4926066398620605,
    -3.6970367431640625,
    -3.9029288291931152,
    -4.13169527053833,
    -4.353525638580322,
    -4.580780029296875,
    -4.807929515838623,
    -5.037359237670898,
    -5.2697343826293945,
    -5.504185199737549,
    -5.730883836746216,
    -5.955918312072754,
    -6.180012226104736,
    -6.399105787277222,
    -6.617586851119995,
    -6.832551002502441,
    -7.0477001667022705,
    -7.252156496047974,
    -7.450040578842163
  ],
  "mean_lid_exact": [
    11.124796867370605,
    9.626130104064941,
    9.115925788879395,
    8.861918449401855,
    8.733222961425781,
    8.665934562683105,
    8.648362159729004,
    8.643661499023438,
    8.655089378356934,
    8.674294471740723,
    8.7006196975708,
    8.731932640075684,
    8.768892288208008,
    8.798320770263672,
    8.83162784576416,
    8.864445686340332,
    8.895475387573242,
    8.926457405090332,
    8.960068702697754,
    8.990849494934082,
    9.022812843322754,
    9.05300521850586,
    9.08296012878418,
    9.112180709838867,
    9.138404846191406,
    9.168631553649902,
    9.195655822753906,
    9.221932411193848,
    9.24867057800293,
    9.274788856506348,
    9.300225257873535,
    9.323192596435547,
    9.345857620239258,
    9.366439819335938,
    9.388978958129883,
    9.409563064575195,
    9.431259155273438,
    9.449609756469727,
    9.46894645690918,
    9.48786449432373,
    9.504781723022461,
    9.521956443786621,
    9.538912773132324,
    9.554821968078613,
    9.569385528564453,
    9.585665702819824,
    9.600347518920898,
    9.614912986755371,
    9.628747940063477,
    9.642245292663574
  ],