{
  "alpha": 1.0,
  "k": [
    10,
    20,
    30,
    40,
    50,
    60,
    70,
    80,
    90,
    100,
    110,
    120,
    130,
    140,
    150,
    160,
    170,
    180,
    190,
    200,
    210,
    220,
    230,
    240,
    250,
    260,
    270,
    280,
    290,
    300,
    310,
    320,
    330,
    340,
    350,
    360,
    370,
    380,
    390,
    400,
    410,
    420,
    430,
    440,
    450,
    460,
    470,
    480,
    490,
    500
  ],
  "mean_overlap": [
    0.9935,
    0.98982,
    0.9844633333333334,
    0.9854424999999999,
    0.987232,
    0.988625,
    0.9897371428571429,
    0.9905924999999999,
    0.9913511111111113,
    0.9919880000000001,
    0.9925472727272727,
    0.9930416666666666,
    0.9935200000000001,
    0.9939528571428573,
    0.9942313333333334,
    0.994559375,
    0.9947788235294118,
    0.9950272222222222,
    0.9951768421052631,
    0.9954289999999999,
    0.9956319047619049,
    0.9958045454545454,
    0.9959391304347825,
    0.9960900000000001,
    0.9962376000000001,
    0.9963611538461539,
    0.9965092592592593,
    0.9966339285714286,
    0.9967393103448275,
    0.9968413333333334,
    0.996921935483871,
    0.9970246874999998,
    0.9971081818181817,
    0.9972008823529411,
    0.9972694285714285,
    0.9973397222222222,
    0.9974200000000001,
    0.9974936842105262,
    0.9975446153846155,
    0.9975862499999999,
    0.997639756097561,
    0.9976804761904761,
    0.9977269767441861,
    0.9977645454545454,
    0.9978155555555553,
    0.997873043478261,
    0.9979234042553193,
    0.99797875,
    0.9980183673469386,
    0.998057
  ],
  "mean_exact_dist": [
    76.0593032836914,
    82.65084838867188,
    87.19971466064453,
    90.6609878540039,
    93.47158813476562,
    95.84388732910156,
    97.892333984375,
    99.68904113769531,
    101.28659057617188,
    102.72534942626953,
    104.03489685058594,
    105.23772430419922,
    106.34996032714844,
    107.3849868774414,
    108.35279846191406,
    109.26161193847656,
    110.11849975585938,
    110.92957305908203,
    111.6993637084961,
    112.4322509765625,
    113.13165283203125,
    113.80067443847656,
    114.44190216064453,
    115.05762481689453,
    115.64977264404297,
    116.2201156616211,
    116.77030944824219,
    117.30175018310547,
    117.8156967163086,
    118.31320190429688,
    118.79542541503906,
    119.26317596435547,
    119.71723937988281,
    120.1585464477539,
    120.58777618408203,
    121.00548553466797,
    121.41233825683594,
    121.808837890625,
    122.19551086425781,
    122.57286071777344,
    122.94129943847656,
    123.30122375488281,
    123.6530532836914,
    123.99707794189453,
    124.33361053466797,
    124.66297149658203,
    124.9854736328125,
    125.30142211914062,
    125.61103820800781,
    125.91456604003906
  ],
  "mean_ann_dist": [
    76.11402130126953,
    82.71656799316406,
    87.28815460205078,
    90.7392349243164,
    93.53864288330078,
    95.90184020996094,
    97.94306945800781,
    99.73497009277344,
    101.32808685302734,
    102.76277160644531,
    104.06947326660156,
    105.26979064941406,
    106.37982177734375,
    107.4128646850586,
    108.3791732788086,
    109.28634643554688,
    110.14197540283203,
    110.95188903808594,
    111.72096252441406,
    112.4526596069336,
    113.15117645263672,
    113.81929779052734,
    114.45970153808594,
    115.07476043701172,
    115.6662368774414,
    116.23612213134766,
    116.78569793701172,
    117.31670379638672,
    117.83016204833984,
    118.32711029052734,
    118.80887603759766,
    119.2762222290039,
    119.72996520996094,
    120.17083740234375,
    120.59978485107422,
    121.01715087890625,
    121.42362213134766,
    121.81982421875,
    122.2062759399414,
    122.5833740234375,
    122.95157623291016,
    123.3113021850586,
    123.66288757324219,
    124.00679779052734,
    124.34317779541016,
    124.67237854003906,
    124.99473571777344,
    125.31050109863281,
    125.61991119384766,
    125.9232406616211
  ],
  "mean_barycenter_shift": [
    0.00035081253736279905,
    0.0005389323341660202,
    0.0007975788321346045,
    0.0007331067463383079,
    0.0006254180916585028,
    0.0005437657819129527,
    0.00048453043564222753,
    0.00043638786883093417,
    0.0003999257169198245,
    0.0003684374678414315,
    0.0003386991156730801,
    0.00031564690289087594,
    0.0002894460631068796,
    0.0002694861905183643,
    0.00025527094840072095,
    0.00024055459653027356,
    0.00023063986736815423,
    0.0002182953612646088,
    0.00021176286099944264,
    0.00020137440878897905,
    0.0001925979886436835,
    0.0001844626385718584,
    0.00017830755678005517,
    0.00017380702774971724,
    0.0001673646765993908,
    0.00016144027176778764,
    0.00015472705126740038,
    0.00014912472397554666,
    0.00014430271403398365,
    0.0001408629323123023,
    0.00013706955360248685,
    0.00013227637100499123,
    0.00012807102757506073,
    0.00012411568604875356,
    0.00012047452037222683,
    0.00011744222865672782,
    0.0001143128247349523,
    0.0001104780167224817,
    0.00010879328328883275,
    0.00010721710714278743,
    0.00010445280349813402,
    0.00010278621630277485,
    0.0001005669473670423,
    9.938386938301846e-05,
    9.749785385793075e-05,
    9.475064143771306e-05,
    9.248103742720559e-05,
    8.949753100750968e-05,
    8.773902663961053e-05,
    8.641841122880578e-05
  ],
  "mean_lid_diff": [
    0.05024909973144531,
    -0.02415943145751953,
    -0.07306385040283203,
    -0.07550239562988281,
    -0.06207847595214844,
    -0.05982685089111328,
    -0.061501502990722656,
    -0.052402496337890625,
    -0.05621147155761719,
    -0.05128765106201172,
    -0.047763824462890625,
    -0.044139862060546875,
    -0.04341697692871094,
    -0.04007148742675781,
    -0.041413307189941406,
    -0.0370635986328125,
    -0.036421775817871094,
    -0.03384113311767578,
    -0.034729957580566406,
    -0.03331470489501953,
    -0.030637741088867188,
    -0.030347824096679688,
    -0.0293426513671875,
    -0.029041290283203125,
    -0.028214454650878906,
    -0.027627944946289062,
    -0.026639938354492188,
    -0.02657318115234375,
    -0.02491283416748047,
    -0.025046348571777344,
    -0.022863388061523438,
    -0.022951126098632812,
    -0.02221965789794922,
    -0.021356582641601562,
    -0.021785736083984375,
    -0.0227508544921875,
    -0.020566940307617188,
    -0.02027606964111328,
    -0.01955890655517578,
    -0.01957225799560547,
    -0.018960952758789062,
    -0.019960403442382812,
    -0.0189208984375,
    -0.01940155029296875,
    -0.017630577087402344,
    -0.017274856567382812,
    -0.016954421997070312,
    -0.016655921936035156,
    -0.017470359802246094,
    -0.016366004943847656
  ],
  "mean_lid_exact": [
    11.138680458068848,
    9.616925239562988,
    9.136309623718262,
    8.880948066711426,
    8.751172065734863,
    8.692316055297852,
    8.66269302368164,
    8.663002967834473,
    8.68029499053955,
    8.698923110961914,
    8.721396446228027,
    8.749628067016602,
    8.779783248901367,
    8.809542655944824,
    8.844755172729492,
    8.878832817077637,
    8.908622741699219,
    8.943391799926758,
    8.976570129394531,
    9.010567665100098,
    9.040233612060547,
    9.071579933166504,
    9.100927352905273,
    9.131366729736328,
    9.162111282348633,
    9.190703392028809,
    9.218228340148926,
    9.2459135055542,
    9.27160358428955,
    9.297426223754883,
    9.318795204162598,
    9.344778060913086,
    9.36745834350586,
    9.38884449005127,
    9.411663055419922,
    9.432507514953613,
    9.452001571655273,
    9.471060752868652,
    9.48986530303955,
    9.507950782775879,
    9.52585506439209,
    9.54308795928955,
    9.558080673217773,
    9.574382781982422,
    9.590166091918945,
    9.606420516967773,
    9.621465682983398,
    9.635591506958008,
    9.649650573730469,
    9.661629676818848
  ],