{
  "k": [
    10,
    20,
    30,
    40,
    50,
    60,
    70,
    80,
    90,
    100,
    110,
    120,
    130,
    140,
    150,
    160,
    170,
    180,
    190,
    200,
    210,
    220,
    230,
    240,
    250,
    260,
    270,
    280,
    290,
    300,
    310,
    320,
    330,
    340,
    350,
    360,
    370,
    380,
    390,
    400,
    410,
    420,
    430,
    440,
    450,
    460,
    470,
    480,
    490,
    500
  ],
  "mean_overlap": [
    0.9940899999999999,
    0.9922099999999998,
    0.9897466666666667,
    0.9864875,
    0.982132,
    0.9763083333333332,
    0.9681614285714286,
    0.9584425,
    0.9473622222222224,
    0.9350219999999999,
    0.9222618181818183,
    0.9090875,
    0.8956223076923078,
    0.8817971428571427,
    0.8680479999999999,
    0.854424375,
    0.8408911764705884,
    0.8276744444444445,
    0.8146636842105263,
    0.8019205,
    0.7894880952380953,
    0.7772550000000001,
    0.7652613043478261,
    0.75355625,
    0.742278,
    0.7313303846153846,
    0.7205966666666667,
    0.7099589285714286,
    0.699734827586207,
    0.6898953333333334,
    0.6802383870967743,
    0.670879375,
    0.6617418181818182,
    0.6529244117647058,
    0.6443282857142856,
    0.6359155555555555,
    0.627771891891892,
    0.6198447368421054,
    0.6121961538461537,
    0.60460375,
    0.5971599999999999,
    0.5900164285714286,
    0.5830188372093024,
    0.5761438636363636,
    0.5694788888888889,
    0.5629245652173913,
    0.5565229787234043,
    0.550286875,
    0.5441757142857143,
    0.5382
  ],
  "mean_exact_dist": [
    76.0631103515625,
    82.7497787475586,
    87.32213592529297,
    90.79087829589844,
    93.59700012207031,
    95.9721908569336,
    98.03675079345703,
    99.8511962890625,
    101.46672821044922,
    102.92196655273438,
    104.24561309814453,
    105.45967864990234,
    106.58097839355469,
    107.72017669677734,
    108.70459747314453,
    109.6069107055664,
    110.45175170898438,
    111.26210021972656,
    112.03587341308594,
    112.73807525634766,
    113.4320297241211,
    114.10162353515625,
    114.72042083740234,
    115.3443832397461,
    115.90404510498047,
    116.45782470703125,
    117.03269958496094,
    117.69049072265625,
    118.28767395019531,
    118.87699127197266,
    119.43582916259766,
    119.91912841796875,
    120.46153259277344,
    121.09901428222656,
    121.90692138671875,
    122.43309020996094,
    123.01203155517578,
    123.66313171386719,
    124.59837341308594,
    125.39264678955078,
    126.3027114868164,
    126.92671203613281,
    127.80183410644531,
    128.68283081054688,
    129.38467407226562,
    129.8133544921875,
    130.69940185546875,
    131.43728637695312,
    132.37062072753906,
    133.6802215576172
  ],
  "mean_ann_dist": [
    76.11791229248047,
    82.81061553955078,
    87.39283752441406,
    90.87442016601562,
    93.69802856445312,
    96.09693145751953,
    98.19483947753906,
    100.05322265625,
    101.72502136230469,
    103.24900817871094,
    104.65518188476562,
    105.96556091308594,
    7.852669152812852e+32,
    2.68573288866533e+33,
    109.51715087890625,
    110.55443572998047,
    111.54724884033203,
    1.9028258352695586e+32,
    3.607169649190394e+32,
    114.36419677734375,
    115.26226043701172,
    116.14530181884766,
    116.97867584228516,
    2.8654872757284914e+32,
    8.268478511470845e+32,
    5.314295926777654e+32,
    3.852965351984342e+32,
    2.4931666732793416e+33,
    1.2160714416351418e+33,
    8.331502812583388e+32,
    1.7544245621532467e+33,
    2.188503439911013e+33,
    2.3895753865644262e+33,
    2.5948708751468713e+33,
    2.7025301875733833e+33,
    2.8212415191856254e+33,
    3.3953312606440634e+33,
    2.4062799947120383e+33,
    3.490075454125721e+33,
    2.8416062518018896e+33,
    3.265166507788353e+33,
    3.719908616454356e+33,
    5.748336196280445e+33,
    5.0321959301641083e+33,
    4.252843660276771e+33,
    4.584007785551092e+33,
    6.158548673278324e+33,
    6.482110299286383e+33,
    6.671026138981529e+33,
    6.229018410014644e+33
  ],
  "mean_barycenter_shift": [
    0.00030014404910616577,
    0.00038202194264158607,
    0.0004872527497354895,
    0.0006391441565938294,
    0.0008305651717819273,
    0.0010854930151253939,
    0.0014511797344312072,
    0.001825749990530312,
    0.0021943359170109034,
    0.002532318467274308,
    0.0028143124654889107,
    0.003078633453696966,
    0.0033193763811141253,
    0.003566174767911434,
    0.0038100227247923613,
    0.004068946931511164,
    0.004316333215683699,
    0.004561582114547491,
    0.0048128049820661545,
    0.0050761401653289795,
    0.0053494954481720924,
    0.005614859983325005,
    0.005882507190108299,
    0.0061513567343354225,
    0.006413047667592764,
    0.00666763773187995,
    0.006928945891559124,
    0.0071980818174779415,
    0.007469431962817907,
    0.007757182233035564,
    0.008063430897891521,
    0.008392221294343472,
    0.008745649829506874,
    0.009125851094722748,
    0.009536986239254475,
    0.00998031347990036,
    0.010459866374731064,
    0.010973005555570126,
    0.011530645191669464,
    0.012129315175116062,
    0.012769053690135479,
    0.013448629528284073,
    0.014167358167469501,
    0.014922686852514744,
    0.01570899412035942,
    0.016525760293006897,
    0.01737036369740963,
    0.018237819895148277,
    0.019129522144794464,
    0.020041098818182945
  ],
  "mean_lid_diff": [
    0.0543060302734375,
    -0.006432533264160156,
    -0.02135181427001953,
    -0.058503150939941406,
    -0.08913516998291016,
    -0.13230514526367188,
    -0.1901082992553711,
    -0.2515411376953125,
    -0.33049583435058594,
    -0.41705322265625,
    -0.49597930908203125,
    -0.5843496322631836,
    -0.6916990280151367,
    -0.8017449378967285,
    -0.909034252166748,
    -1.020547866821289,
    -1.1440167427062988,
    -1.264035701751709,
    -1.3942270278930664,
    -1.526494026184082,
    -1.6542425155639648,
    -1.7823119163513184,
    -1.9219732284545898,
    -2.0611367225646973,
    -2.204782009124756,
    -2.3551549911499023,
    -2.510802745819092,
    -2.679426670074463,
    -2.8557701110839844,
    -3.0416836738586426,
    -3.235170841217041,
    -3.437105655670166,
    -3.6412529945373535,
    -3.8536062240600586,
    -4.075881004333496,
    -4.303308963775635,
    -4.537084579467773,
    -4.775661945343018,
    -5.016559600830078,
    -5.253683567047119,
    -5.489613056182861,
    -5.730630874633789,
    -5.9725260734558105,
    -6.203016757965088,
    -6.428335428237915,
    -6.657549858093262,
    -6.876764297485352,
    -7.088207721710205,
    -7.290580749511719,
    -7.488304138183594
  ],
  "mean_lid_exact": [
    11.097311019897461,
    9.549288749694824,
    9.05971908569336,
    8.843080520629883,
    8.72189998626709,
    8.65167236328125,
    8.627705574035645,
    8.622525215148926,
    8.635029792785645,
    8.658787727355957,
    8.677685737609863,
    8.706653594970703,
    8.741418838500977,
    8.774191856384277,
    8.806694984436035,
    8.842804908752441,
    8.882826805114746,
    8.91665267944336,
    8.95147705078125,
    8.989729881286621,
    9.023919105529785,
    9.053628921508789,
    9.086265563964844,
    9.11777114868164,
    9.14588451385498,
    9.175178527832031,
    9.202940940856934,
    9.229448318481445,
    9.256117820739746,
    9.282136917114258,
    9.305744171142578,
    9.329793930053711,
    9.354000091552734,
    9.376928329467773,
    9.39945125579834,
    9.420798301696777,
    9.44316291809082,
    9.462104797363281,
    9.482574462890625,
    9.502066612243652,
    9.520282745361328,
    9.53801441192627,
    9.555319786071777,
    9.571693420410156,
    9.587301254272461,
    9.602117538452148,
    9.617133140563965,
    9.63100528717041,
    9.64429759979248,
    9.658988952636719
  ],