{
  "k": [
    10,
    20,
    30,
    40,
    50,
    60,
    70,
    80,
    90,
    100,
    110,
    120,
    130,
    140,
    150,
    160,
    170,
    180,
    190,
    200,
    210,
    220,
    230,
    240,
    250,
    260,
    270,
    280,
    290,
    300,
    310,
    320,
    330,
    340,
    350,
    360,
    370,
    380,
    390,
    400,
    410,
    420,
    430,
    440,
    450,
    460,
    470,
    480,
    490,
    500
  ],
  "mean_overlap": [
    0.99798,
    0.9975200000000001,
    0.99695,
    0.9962424999999999,
    0.995516,
    0.9944883333333333,
    0.9933157142857144,
    0.9919475,
    0.9903188888888887,
    0.988338,
    0.9860418181818182,
    0.9832858333333333,
    0.9800923076923078,
    0.9764035714285714,
    0.9722640000000001,
    0.96767875,
    0.9626835294117647,
    0.9573133333333331,
    0.9515536842105262,
    0.9455475,
    0.9393157142857145,
    0.9328572727272727,
    0.9262786956521739,
    0.91958125,
    0.9127060000000001,
    0.9057099999999999,
    0.8987203703703702,
    0.8916846428571429,
    0.8845841379310344,
    0.8775503333333334,
    0.8705861290322581,
    0.8635896875000001,
    0.8565657575757576,
    0.8495908823529411,
    0.8426442857142858,
    0.8357569444444445,
    0.8289664864864864,
    0.8222060526315789,
    0.8154964102564103,
    0.8088677499999999,
    0.8022419512195121,
    0.795787380952381,
    0.7892881395348837,
    0.7829956818181818,
    0.7767542222222222,
    0.7705517391304347,
    0.7643848936170212,
    0.7582954166666667,
    0.7522932653061225,
    0.7463528
  ],
  "mean_exact_dist": [
    75.47096252441406,
    82.0308837890625,
    86.59142303466797,
    90.08599090576172,
    92.91300964355469,
    95.28070068359375,
    97.31420135498047,
    99.09494018554688,
    100.67951202392578,
    102.10798645019531,
    103.408203125,
    104.60122680664062,
    105.70417785644531,
    106.7301254272461,
    107.6897964477539,
    108.59181213378906,
    109.443115234375,
    110.24894714355469,
    111.01415252685547,
    111.74275970458984,
    112.43827819824219,
    113.10375213623047,
    113.74162292480469,
    114.35417175292969,
    114.94347381591797,
    115.51129913330078,
    116.05919647216797,
    116.5885238647461,
    117.10057830810547,
    117.59649658203125,
    118.0771255493164,
    118.54341125488281,
    118.98723602294922,
    119.4272689819336,
    119.84648895263672,
    120.24996185302734,
    120.65272521972656,
    121.04483032226562,
    121.42328643798828,
    121.79528045654297,
    122.14913177490234,
    122.5333480834961,
    122.92440032958984,
    123.29399871826172,
    123.63771057128906,
    123.94422149658203,
    124.25762176513672,
    124.53644561767578,
    124.8731689453125,
    125.14905548095703
  ],
  "mean_ann_dist": [
    75.49053955078125,
    82.05126190185547,
    86.6139907836914,
    90.11125946044922,
    92.94139099121094,
    95.31298065185547,
    97.35101318359375,
    99.13692474365234,
    100.72740173339844,
    102.16279602050781,
    103.47125244140625,
    104.67379760742188,
    105.7881088256836,
    106.82746124267578,
    107.80282592773438,
    108.72307586669922,
    109.59545135498047,
    110.42547607421875,
    111.21821594238281,
    111.9779281616211,
    112.70833587646484,
    113.41246032714844,
    114.0926513671875,
    114.7515640258789,
    115.39131164550781,
    116.013671875,
    116.61988830566406,
    117.21133422851562,
    117.78912353515625,
    118.35440063476562,
    118.90813446044922,
    119.45138549804688,
    119.97476959228516,
    120.49913787841797,
    121.00469207763672,
    121.49542236328125,
    9.206026210523431e+31,
    122.48381805419922,
    122.9621353149414,
    123.44005584716797,
    8.336248571780867e+31,
    8.156609932111379e+31,
    7.998324790978908e+31,
    125.33345794677734,
    1.5335286885954191e+32,
    1.5046155351231878e+32,
    1.4757542203901015e+32,
    2.174383650565429e+32,
    2.1363425268707138e+32,
    1.4009153290276284e+32
  ],
  "mean_barycenter_shift": [
    0.00011085300502600148,
    0.00012752000475302339,
    0.00015701563097536564,
    0.00018996761355083436,
    0.00022436768631450832,
    0.0002732681459747255,
    0.00032596493838354945,
    0.00039399199886247516,
    0.00046583396033383906,
    0.0005489512695930898,
    0.0006360484985634685,
    0.000742511241696775,
    0.0008539581322111189,
    0.0009773173369467258,
    0.0011129237245768309,
    0.00124233472160995,
    0.0013797247083857656,
    0.001514682313427329,
    0.0016470964765176177,
    0.0017725937068462372,
    0.0019050968112424016,
    0.0020367091055959463,
    0.0021638551261276007,
    0.0022885052021592855,
    0.002420112257823348,
    0.0025512208230793476,
    0.0026839592028409243,
    0.0028083741199225187,
    0.0029380368068814278,
    0.003067308571189642,
    0.0031940590124577284,
    0.003320460207760334,
    0.0034429156221449375,
    0.003568634856492281,
    0.0036867554299533367,
    0.003803402418270707,
    0.0039180549792945385,
    0.004031482618302107,
    0.004142940975725651,
    0.004249552730470896,
    0.004356720484793186,
    0.004465363919734955,
    0.00457400269806385,
    0.004679716657847166,
    0.004786400124430656,
    0.00489753857254982,
    0.005005958955734968,
    0.005117378197610378,
    0.00522938696667552,
    0.005344844423234463
  ],
  "mean_lid_diff": [
    0.016565322875976562,
    0.0044727325439453125,
    -0.0049152374267578125,
    -0.009764671325683594,
    -0.014975547790527344,
    -0.022871017456054688,
    -0.03768444061279297,
    -0.041586875915527344,
    -0.05690956115722656,
    -0.07260513305664062,
    -0.09166431427001953,
    -0.1071329116821289,
    -0.13154983520507812,
    -0.15408039093017578,
    -0.18295574188232422,
    -0.2155323028564453,
    -0.2480478286743164,
    -0.28338146209716797,
    -0.3227863311767578,
    -0.3638029098510742,
    -0.4108409881591797,
    -0.45773983001708984,
    -0.510807991027832,
    -0.5613975524902344,
    -0.6161642074584961,
    -0.6721553802490234,
    -0.7297506332397461,
    -0.7893199920654297,
    -0.851654052734375,
    -0.9170942306518555,
    -0.9817075729370117,
    -1.0480079650878906,
    -1.1141881942749023,
    -1.182967185974121,
    -1.2540721893310547,
    -1.331498146057129,
    -1.408536434173584,
    -1.4852519035339355,
    -1.5668601989746094,
    -1.649111270904541,
    -1.7355432510375977,
    -1.8224692344665527,
    -1.9126124382019043,
    -2.0019984245300293,
    -2.0944976806640625,
    -2.192020893096924,
    -2.28999662399292,
    -2.3906593322753906,
    -2.4901766777038574,
    -2.5969386100769043
  ],
  "mean_lid_exact": [
    11.113395690917969,
    9.595657348632812,
    9.03540325164795,
    8.787346839904785,
    8.6644868850708,
    8.605956077575684,
    8.583338737487793,
    8.578909873962402,
    8.590932846069336,
    8.614339828491211,
    8.641937255859375,
    8.669146537780762,
    8.702982902526855,
    8.735636711120605,
    8.7714262008667,
    8.8040771484375,
    8.838804244995117,
    8.873269081115723,
    8.907807350158691,
    8.939550399780273,
    8.972356796264648,
    9.0046968460083,
    9.039222717285156,
    9.06828498840332,
    9.094979286193848,
    9.123551368713379,
    9.150249481201172,
    9.17654037475586,
    9.202851295471191,
    9.227692604064941,
    9.251763343811035,
    9.275958061218262,
    9.297104835510254,
    9.318540573120117,
    9.3385591506958,
    9.360579490661621,
    9.380472183227539,
    9.40024185180664,
    9.419011116027832,
    9.4362154006958,
    9.453031539916992,
    9.46866226196289,
    9.483881950378418,
    9.499428749084473,
    9.514997482299805,
    9.53073787689209,
    9.545132637023926,
    9.55838680267334,
    9.570035934448242,
    9.583001136779785
  ],