{
  "k": [
    10,
    20,
    30,
    40,
    50,
    60,
    70,
    80,
    90,
    100,
    110,
    120,
    130,
    140,
    150,
    160,
    170,
    180,
    190,
    200,
    210,
    220,
    230,
    240,
    250,
    260,
    270,
    280,
    290,
    300,
    310,
    320,
    330,
    340,
    350,
    360,
    370,
    380,
    390,
    400,
    410,
    420,
    430,
    440,
    450,
    460,
    470,
    480,
    490,
    500
  ],
  "mean_overlap": [
    0.9824,
    0.9723799999999999,
    0.9540733333333333,
    0.9269850000000001,
    0.8963700000000001,
    0.8647783333333333,
    0.8342371428571429,
    0.8049675000000001,
    0.7773611111111112,
    0.75139,
    0.7271354545454546,
    0.7042916666666666,
    0.682976923076923,
    0.6629107142857144,
    0.6440073333333333,
    0.6260656250000001,
    0.6092635294117648,
    0.5932088888888889,
    0.578158947368421,
    0.5638350000000001,
    0.5502933333333333,
    0.537405,
    0.525244347826087,
    0.5135495833333333,
    0.5024244000000001,
    0.4917388461538461,
    0.48157555555555553,
    0.4717335714285714,
    0.4624013793103448,
    0.4535126666666667,
    0.44487161290322585,
    0.43659562500000004,
    0.4287087878787879,
    0.42108999999999996,
    0.41383457142857144,
    0.40676888888888885,
    0.39987162162162165,
    0.39331184210526315,
    0.38697282051282056,
    0.38088999999999995,
    0.3749385365853659,
    0.36916404761904764,
    0.3635760465116279,
    0.3581184090909091,
    0.3528484444444444,
    0.34777021739130437,
    0.3428053191489362,
    0.33801604166666666,
    0.3333432653061224,
    0.328806
  ],
  "mean_exact_dist": [
    74.93516540527344,
    81.4910659790039,
    86.0159683227539,
    89.47679901123047,
    92.28780364990234,
    94.65686798095703,
    96.70157623291016,
    98.48551940917969,
    100.0748291015625,
    101.49906158447266,
    102.76290893554688,
    104.02232360839844,
    105.09662628173828,
    106.12389373779297,
    107.20991516113281,
    108.27906036376953,
    109.44682312011719,
    110.54951477050781,
    111.6458511352539,
    112.6473617553711,
    113.5470199584961,
    114.15851593017578,
    115.1161117553711,
    116.4527816772461,
    117.76300048828125,
    119.04244232177734,
    120.42134094238281,
    122.05473327636719,
    123.6097640991211,
    125.04601287841797,
    127.2743911743164,
    129.33718872070312,
    133.1145477294922,
    135.66552734375,
    138.96524047851562,
    142.33084106445312,
    144.630615234375,
    147.25938415527344,
    148.68682861328125,
    151.73085021972656,
    154.3245086669922,
    157.6043701171875,
    152.81723022460938,
    153.70899963378906,
    155.4390106201172,
    151.07101440429688,
    153.79763793945312,
    156.27220153808594,
    148.6165313720703,
    147.4453125
  ],
  "mean_ann_dist": [
    75.1006088256836,
    81.69306182861328,
    86.30136108398438,
    89.91791534423828,
    92.95723724365234,
    95.61491394042969,
    98.00066375732422,
    8.509611435735572e+32,
    3.790770857554382e+32,
    6.836410904924928e+32,
    6.228684088832785e+32,
    2.2940124504892864e+33,
    2.9308960814704556e+33,
    5.0048145534051746e+33,
    5.259017493862172e+33,
    7.851249080845287e+33,
    6.786824907166342e+33,
    1.0022453546647326e+34,
    9.829391226790594e+33,
    9.48364819115862e+33,
    1.1730305102355103e+34,
    1.503309075102728e+34,
    1.8421057815862644e+34,
    1.4783458904165343e+34,
    2.032874941314224e+34,
    2.3548719349066303e+34,
    2.251884979570393e+34,
    2.0105183631747497e+34,
    1.981420211169335e+34,
    2.5269914041487518e+34,
    2.0252491068782221e+34,
    2.3451016169405744e+34,
    2.287044457390161e+34,
    1.8241138086432985e+34,
    2.2786764779006073e+34,
    2.255018948573848e+34,
    2.5546722386031886e+34,
    2.2814776886215023e+34,
    3.2183071348632952e+34,
    2.2153798609279223e+34,
    1.0992807275710995e+34,
    6.924752472523401e+33,
    162.30206298828125,
    3.093475984769844e+34,
    1.20029044507659e+34,
    1.608139694539473e+34,
    163.168701171875,
    4.726143604277698e+34,
    157.9672393798828,
    3.5819193397863386e+34
  ],
  "mean_barycenter_shift": [
    0.0009593055583536625,
    0.0014459298690780997,
    0.002508631907403469,
    0.003926748875528574,
    0.0049509634263813496,
    0.005659043323248625,
    0.006213612854480743,
    0.006699045654386282,
    0.007128948345780373,
    0.007559162098914385,
    0.00797884538769722,
    0.008424104191362858,
    0.008888659998774529,
    0.009402361698448658,
    0.00995345413684845,
    0.01057392731308937,
    0.011254750192165375,
    0.012014712207019329,
    0.012831301428377628,
    0.013720120303332806,
    0.01467302069067955,
    0.015682311728596687,
    0.016742965206503868,
    0.017854230478405952,
    0.019022904336452484,
    0.020240074023604393,
    0.02149142324924469,
    0.02276821807026863,
    0.02406100556254387,
    0.02535131573677063,
    0.026636721566319466,
    0.027902111411094666,
    0.029149670153856277,
    0.030368810519576073,
    0.031554289162158966,
    0.03270326927304268,
    0.033811505883932114,
    0.0348755419254303,
    0.035895250737667084,
    0.036871686577796936,
    0.03780490159988403,
    0.03869548812508583,
    0.03954339027404785,
    0.040351588279008865,
    0.04112117737531662,
    0.041854217648506165,
    0.042552340775728226,
    0.04321817681193352,
    0.04385443776845932,
    0.04445992782711983
  ],
  "mean_lid_diff": [
    0.0865621566772461,
    -0.059258460998535156,
    -0.26198577880859375,
    -0.4557209014892578,
    -0.6709065437316895,
    -0.8845329284667969,
    -1.1169824600219727,
    -1.338973045349121,
    -1.5727548599243164,
    -1.810150146484375,
    -2.056671142578125,
    -2.3092050552368164,
    -2.5738658905029297,
    -2.853262424468994,
    -3.1597208976745605,
    -3.481900691986084,
    -3.8206496238708496,
    -4.167448997497559,
    -4.533878803253174,
    -4.8993542194366455,
    -5.266493320465088,
    -5.655263423919678,
    -6.040898084640503,
    -6.4144814014434814,
    -6.770848274230957,
    -7.102578043937683,
    -7.412052631378174,
    -7.677107930183411,
    -7.913225293159485,
    -8.138922452926636,
    -8.32329511642456,
    -8.48928701877594,
    -8.631082117557526,
    -8.747015684843063,
    -8.850020170211792,
    -8.935178607702255,
    -9.007041990756989,
    -9.066817730665207,
    -9.12011243402958,
    -9.161726877093315,
    -9.201462849974632,
    -9.233557403087616,
    -9.262848481535912,
    -9.288994915783405,
    -9.310952074825764,
    -9.332081258296967,
    -9.350029811263084,
    -9.36768539994955,
    -9.38486384600401,
    -9.399723447859287
  ],
  "mean_lid_exact": [
    11.09469223022461,
    9.545917510986328,
    9.058534622192383,
    8.783001899719238,
    8.65365982055664,
    8.573585510253906,
    8.540382385253906,
    8.526015281677246,
    8.528909683227539,
    8.543625831604004,
    8.566545486450195,
    8.588101387023926,
    8.616583824157715,
    8.643595695495605,
    8.675383567810059,
    8.709178924560547,
    8.7406005859375,
    8.773618698120117,
    8.805899620056152,
    8.837300300598145,
    8.867600440979004,
    8.89920711517334,
    8.929143905639648,
    8.957993507385254,
    8.986777305603027,
    9.013835906982422,
    9.040810585021973,
    9.066048622131348,
    9.092368125915527,
    9.118513107299805,
    9.141432762145996,
    9.165904998779297,
    9.188210487365723,
    9.209929466247559,
    9.230238914489746,
    9.25136661529541,
    9.272289276123047,
    9.291553497314453,
    9.310997009277344,
    9.328320503234863,
    9.348238945007324,
    9.364509582519531,
    9.381742477416992,
    9.39902114868164,
    9.415090560913086,
    9.429563522338867,
    9.444345474243164,
    9.458879470825195,
    9.474642753601074,
    9.488367080688477
  ],