{
  "alpha": 0.5,
  "k": [
    10,
    20,
    30,
    40,
    50,
    60,
    70,
    80,
    90,
    100,
    110,
    120,
    130,
    140,
    150,
    160,
    170,
    180,
    190,
    200,
    210,
    220,
    230,
    240,
    250,
    260,
    270,
    280,
    290,
    300,
    310,
    320,
    330,
    340,
    350,
    360,
    370,
    380,
    390,
    400,
    410,
    420,
    430,
    440,
    450,
    460,
    470,
    480,
    490,
    500
  ],
  "mean_overlap": [
    0.9008700000000001,
    0.92522,
    0.9313466666666668,
    0.9347049999999999,
    0.9367960000000001,
    0.9396349999999999,
    0.9420700000000001,
    0.9432375,
    0.9446633333333335,
    0.945574,
    0.9468945454545453,
    0.9484233333333334,
    0.9495276923076924,
    0.9508,
    0.9519846666666666,
    0.9532087499999999,
    0.9543935294117648,
    0.9551055555555554,
    0.9558305263157896,
    0.9564359999999998,
    0.9569933333333335,
    0.9575563636363636,
    0.9579760869565216,
    0.9584433333333334,
    0.9587308000000001,
    0.9591361538461537,
    0.9593651851851851,
    0.9597889285714285,
    0.9601858620689654,
    0.9606793333333333,
    0.9610264516129031,
    0.9614096874999999,
    0.9617524242424242,
    0.9621132352941176,
    0.9624697142857142,
    0.9627297222222223,
    0.9629705405405407,
    0.9632971052631579,
    0.9636858974358975,
    0.9639525,
    0.9641136585365854,
    0.9643002380952381,
    0.96452,
    0.9646840909090908,
    0.9648822222222221,
    0.9650228260869566,
    0.965192340425532,
    0.965308125,
    0.965418163265306,
    0.9655188
  ],
  "mean_exact_dist": [
    75.85939025878906,
    82.40481567382812,
    86.89728546142578,
    90.30349731445312,
    93.06490325927734,
    95.3984146118164,
    97.40972137451172,
    99.17232513427734,
    100.74213409423828,
    102.15910339355469,
    103.45179748535156,
    104.64131164550781,
    105.74299621582031,
    106.76930236816406,
    107.72979736328125,
    108.63308715820312,
    109.48551177978516,
    110.29273986816406,
    111.0593490600586,
    111.78921508789062,
    112.48590087890625,
    113.15241241455078,
    113.79154968261719,
    114.40534973144531,
    114.99592590332031,
    115.565185546875,
    116.11468505859375,
    116.64573669433594,
    117.15953826904297,
    117.65721130371094,
    118.13973999023438,
    118.60808563232422,
    119.06302642822266,
    119.50530242919922,
    119.93557739257812,
    120.35447692871094,
    120.76249694824219,
    121.16014862060547,
    121.54798889160156,
    121.92643737792969,
    122.2959213256836,
    122.65681457519531,
    123.00949096679688,
    123.35436248779297,
    123.69172668457031,
    124.0218734741211,
    124.34517669677734,
    124.66187286376953,
    124.9721908569336,
    125.27639770507812
  ],
  "mean_ann_dist": [
    76.70819854736328,
    82.88581848144531,
    87.28504943847656,
    90.64448547363281,
    93.38388061523438,
    95.69495391845703,
    97.68698120117188,
    99.43455505371094,
    100.9947738647461,
    102.40571594238281,
    103.68814849853516,
    104.86564636230469,
    105.95821380615234,
    106.97550201416016,
    107.92906188964844,
    108.82502746582031,
    109.67082214355469,
    110.47447204589844,
    111.23661041259766,
    111.96322631835938,
    112.65731048583984,
    113.32113647460938,
    113.9582748413086,
    114.57035064697266,
    115.15973663330078,
    115.72783660888672,
    116.27667236328125,
    116.80607604980469,
    117.31835174560547,
    117.8140640258789,
    118.295166015625,
    118.76190948486328,
    119.21548461914062,
    119.65570068359375,
    120.0838851928711,
    120.50077819824219,
    120.90734100341797,
    121.30328369140625,
    121.68936157226562,
    122.0665512084961,
    122.4349136352539,
    122.79483795166016,
    123.14661407470703,
    123.49054718017578,
    123.82703399658203,
    124.15691375732422,
    124.47930908203125,
    124.79563903808594,
    125.10551452636719,
    125.40936279296875
  ],
  "mean_barycenter_shift": [
    0.007745918817818165,
    0.005131504498422146,
    0.004203959368169308,
    0.0036959073040634394,
    0.0033211195841431618,
    0.002951923059299588,
    0.0026899902150034904,
    0.0025140324141830206,
    0.0023599774576723576,
    0.002245100447908044,
    0.0021322218235582113,
    0.002009460935369134,
    0.0019192229956388474,
    0.0018322509713470936,
    0.0017568455077707767,
    0.001681608147919178,
    0.0016225770814344287,
    0.0015714147593826056,
    0.001533102709800005,
    0.0014951552730053663,
    0.0014565277379006147,
    0.0014218298019841313,
    0.001394560793414712,
    0.0013695074012503028,
    0.001345968572422862,
    0.0013228132156655192,
    0.0013061902718618512,
    0.0012784164864569902,
    0.0012534030247479677,
    0.0012311177561059594,
    0.001208966481499374,
    0.001187601825222373,
    0.0011694359127432108,
    0.0011485458817332983,
    0.0011304240906611085,
    0.0011127737816423178,
    0.0010955072939395905,
    0.001077653025276959,
    0.001057791756466031,
    0.0010421716142445803,
    0.001032420783303678,
    0.0010207968298345804,
    0.0010074161691591144,
    0.000994967413134873,
    0.000985188176855445,
    0.0009794969810172915,
    0.0009668116690590978,
    0.0009603758808225393,
    0.0009529405506327748,
    0.0009454822284169495
  ],
  "mean_lid_diff": [
    -0.2386493682861328,
    -0.45057010650634766,
    -0.463897705078125,
    -0.44980525970458984,
    -0.42615222930908203,
    -0.4008464813232422,
    -0.3810758590698242,
    -0.3832406997680664,
    -0.37071704864501953,
    -0.36441516876220703,
    -0.35869884490966797,
    -0.3403940200805664,
    -0.33664989471435547,
    -0.3274984359741211,
    -0.3220977783203125,
    -0.3107137680053711,
    -0.3066978454589844,
    -0.3006935119628906,
    -0.29857826232910156,
    -0.2967386245727539,
    -0.29217052459716797,
    -0.28680419921875,
    -0.2829141616821289,
    -0.2827291488647461,
    -0.2793540954589844,
    -0.2778921127319336,
    -0.2759275436401367,
    -0.27518749237060547,
    -0.27317237854003906,
    -0.2733793258666992,
    -0.2708711624145508,
    -0.2671394348144531,
    -0.2644052505493164,
    -0.2642698287963867,
    -0.26146793365478516,
    -0.2597389221191406,
    -0.25908470153808594,
    -0.25827598571777344,
    -0.2555503845214844,
    -0.25311279296875,
    -0.252227783203125,
    -0.25014591217041016,
    -0.2487649917602539,
    -0.24752521514892578,
    -0.2465362548828125,
    -0.24665164947509766,
    -0.24692726135253906,
    -0.2464885711669922,
    -0.24457454681396484,
    -0.24361324310302734
  ],
  "mean_lid_exact": [
    11.081929206848145,
    9.589584350585938,
    9.098677635192871,
    8.87187385559082,
    8.75511360168457,
    8.706165313720703,
    8.695828437805176,
    8.705862998962402,
    8.718581199645996,
    8.733996391296387,
    8.756845474243164,
    8.775971412658691,
    8.805023193359375,
    8.835185050964355,
    8.86732006072998,
    8.897375106811523,
    8.93073558807373,
    8.961284637451172,
    8.996330261230469,
    9.0286226272583,
    9.059356689453125,
    9.089195251464844,
    9.117877006530762,
    9.1492919921875,
    9.176535606384277,
    9.201735496520996,
    9.228631973266602,
    9.255193710327148,
    9.279930114746094,
    9.304330825805664,
    9.32701301574707,
    9.348457336425781,
    9.369470596313477,
    9.390238761901855,
    9.409079551696777,
    9.426918983459473,
    9.444540977478027,
    9.462788581848145,
    9.47822380065918,
    9.494006156921387,
    9.510287284851074,
    9.525247573852539,
    9.540115356445312,
    9.554123878479004,
    9.56879997253418,
    9.581286430358887,
    9.593689918518066,
    9.606345176696777,
    9.617822647094727,
    9.62902545928955
  ],