{
  "k": [
    10,
    20,
    30,
    40,
    50,
    60,
    70,
    80,
    90,
    100,
    110,
    120,
    130,
    140,
    150,
    160,
    170,
    180,
    190,
    200,
    210,
    220,
    230,
    240,
    250,
    260,
    270,
    280,
    290,
    300,
    310,
    320,
    330,
    340,
    350,
    360,
    370,
    380,
    390,
    400,
    410,
    420,
    430,
    440,
    450,
    460,
    470,
    480,
    490,
    500
  ],
  "mean_overlap": [
    0.99545,
    0.9936,
    0.9910900000000001,
    0.9878625,
    0.983454,
    0.9774949999999999,
    0.9693071428571429,
    0.9591375,
    0.9476100000000001,
    0.935211,
    0.9217772727272728,
    0.908005,
    0.8940515384615386,
    0.8800742857142857,
    0.8659626666666665,
    0.8519487499999999,
    0.8378876470588237,
    0.8242372222222222,
    0.8109400000000001,
    0.7979485000000001,
    0.785104761904762,
    0.7726095454545454,
    0.7604243478260869,
    0.7485416666666667,
    0.7369783999999999,
    0.7260123076923077,
    0.7151366666666666,
    0.7046024999999999,
    0.6944403448275862,
    0.6845110000000001,
    0.674796129032258,
    0.6653909374999999,
    0.6563124242424243,
    0.6474808823529411,
    0.6387814285714286,
    0.6304277777777777,
    0.6221940540540539,
    0.6141357894736842,
    0.6062871794871795,
    0.59868575,
    0.5913056097560975,
    0.5841028571428571,
    0.5770509302325583,
    0.5701209090909091,
    0.5633835555555555,
    0.5568141304347826,
    0.55038,
    0.5441189583333333,
    0.5379787755102041,
    0.5320062
  ],
  "mean_exact_dist": [
    75.65046691894531,
    82.296875,
    86.85892486572266,
    90.3578109741211,
    93.18843841552734,
    95.57039642333984,
    97.63812255859375,
    99.46185302734375,
    101.0845718383789,
    102.54408264160156,
    103.87122344970703,
    105.08715057373047,
    106.20929718017578,
    107.2493896484375,
    108.32870483398438,
    109.25138092041016,
    110.0972900390625,
    110.90441131591797,
    111.6704330444336,
    112.40666961669922,
    113.13224792480469,
    113.85053253173828,
    114.58829498291016,
    115.27346801757812,
    115.92369842529297,
    116.50894165039062,
    117.04570007324219,
    117.59271240234375,
    118.23460388183594,
    118.77776336669922,
    119.24476623535156,
    119.85629272460938,
    120.40190124511719,
    121.08949279785156,
    121.7533187866211,
    122.5451889038086,
    123.35496520996094,
    124.0704345703125,
    124.8495101928711,
    125.59764099121094,
    126.25019836425781,
    127.15507507324219,
    127.89603424072266,
    128.52462768554688,
    129.4385986328125,
    130.3674774169922,
    131.0996551513672,
    131.92269897460938,
    132.53970336914062,
    133.328857421875
  ],
  "mean_ann_dist": [
    75.69623565673828,
    82.34503936767578,
    86.9156265258789,
    90.42717742919922,
    93.27545166015625,
    95.68038177490234,
    97.78001403808594,
    99.64700317382812,
    101.32511138916016,
    102.85302734375,
    104.26110076904297,
    105.57252502441406,
    106.80780029296875,
    2.4308312471130344e+32,
    1.595483119371823e+33,
    2.1391718001448743e+32,
    111.21720886230469,
    112.1959457397461,
    113.14684295654297,
    114.07861328125,
    4.893965765838696e+32,
    115.93368530273438,
    1.345125375419351e+33,
    2.8718717580529746e+32,
    9.684799520717052e+32,
    5.3517819117360025e+32,
    7.758906026812328e+32,
    1.127708751684748e+33,
    1.0987916329358283e+33,
    1.313508696301012e+33,
    1.5211496170303882e+33,
    2.993821502122361e+33,
    2.6212034072075204e+33,
    2.713809678241332e+33,
    3.2716198892131476e+33,
    3.5050347215604454e+33,
    3.988707798429558e+33,
    4.8516717765102686e+33,
    3.757819911187451e+33,
    3.579407992725642e+33,
    4.3618173555399946e+33,
    5.229481482464862e+33,
    4.510242652430194e+33,
    4.520293487609152e+33,
    4.730491373489672e+33,
    3.951156125277875e+33,
    6.597205917528882e+33,
    5.011760325480595e+33,
    4.9155869302235826e+33,
    4.6479334617547397e+33
  ],
  "mean_barycenter_shift": [
    0.0002476682129781693,
    0.0003350608458276838,
    0.00045711660641245544,
    0.0006184223457239568,
    0.0008202296448871493,
    0.0010877622989937663,
    0.0014594069216400385,
    0.0018447445472702384,
    0.0022186143323779106,
    0.0025536089669913054,
    0.0028654951602220535,
    0.0031401633750647306,
    0.003406139090657234,
    0.003650505794212222,
    0.003888597944751382,
    0.004134854767471552,
    0.004393404815346003,
    0.004644924774765968,
    0.004897511098533869,
    0.005145239643752575,
    0.005402935203164816,
    0.005654735025018454,
    0.005913887172937393,
    0.006166915874928236,
    0.0064250207506120205,
    0.006677631288766861,
    0.0069387550465762615,
    0.007191872224211693,
    0.007445318624377251,
    0.0076996139250695705,
    0.00795979704707861,
    0.008217286318540573,
    0.008485994301736355,
    0.008761120028793812,
    0.009041227400302887,
    0.009329669177532196,
    0.009629708714783192,
    0.009943478740751743,
    0.010268718004226685,
    0.010610045865178108,
    0.010967912152409554,
    0.011340206488966942,
    0.011728581972420216,
    0.012130200862884521,
    0.012544583529233932,
    0.012971603311598301,
    0.013410549610853195,
    0.013861349783837795,
    0.014323568902909756,
    0.014796677976846695
  ],
  "mean_lid_diff": [
    0.06000328063964844,
    0.009958267211914062,
    -0.03388500213623047,
    -0.06445598602294922,
    -0.09696292877197266,
    -0.14568138122558594,
    -0.19848918914794922,
    -0.26343727111816406,
    -0.3417949676513672,
    -0.42174530029296875,
    -0.5064783096313477,
    -0.6100959777832031,
    -0.7132096290588379,
    -0.8206567764282227,
    -0.9426779747009277,
    -1.071761131286621,
    -1.195042610168457,
    -1.3239669799804688,
    -1.4494190216064453,
    -1.585111141204834,
    -1.7215003967285156,
    -1.8610777854919434,
    -2.0083441734313965,
    -2.1525120735168457,
    -2.3081369400024414,
    -2.465153217315674,
    -2.628298759460449,
    -2.7961840629577637,
    -2.969759464263916,
    -3.1562724113464355,
    -3.3459086418151855,
    -3.5451722145080566,
    -3.7527337074279785,
    -3.9628543853759766,
    -4.18560791015625,
    -4.412821292877197,
    -4.646663665771484,
    -4.883749008178711,
    -5.115993022918701,
    -5.343906402587891,
    -5.5728161334991455,
    -5.809555768966675,
    -6.044228792190552,
    -6.272267580032349,
    -6.504523038864136,
    -6.727362871170044,
    -6.943042278289795,
    -7.144411087036133,
    -7.3356239795684814,
    -7.522697925567627
  ],
  "mean_lid_exact": [
    11.056753158569336,
    9.535602569580078,
    9.006322860717773,
    8.762222290039062,
    8.637125968933105,
    8.58202075958252,
    8.559231758117676,
    8.558961868286133,
    8.58226490020752,
    8.604817390441895,
    8.63201904296875,
    8.667945861816406,
    8.701839447021484,
    8.737468719482422,
    8.777471542358398,
    8.82058048248291,
    8.85612678527832,
    8.892607688903809,
    8.927512168884277,
    8.962918281555176,
    8.995849609375,
    9.029282569885254,
    9.062601089477539,
    9.093718528747559,
    9.124088287353516,
    9.151100158691406,
    9.179098129272461,
    9.20711898803711,
    9.231822967529297,
    9.256800651550293,
    9.278772354125977,
    9.301952362060547,
    9.325811386108398,
    9.34752082824707,
    9.369096755981445,
    9.390201568603516,
    9.41016674041748,
    9.42810344696045,
    9.446163177490234,
    9.462827682495117,
    9.479979515075684,
    9.496664047241211,
    9.510845184326172,
    9.524880409240723,
    9.53919792175293,
    9.554069519042969,
    9.566300392150879,
    9.579773902893066,
    9.59227466583252,
    9.604191780090332
  ],