{
  "k": [
    10,
    20,
    30,
    40,
    50,
    60,
    70,
    80,
    90,
    100,
    110,
    120,
    130,
    140,
    150,
    160,
    170,
    180,
    190,
    200,
    210,
    220,
    230,
    240,
    250,
    260,
    270,
    280,
    290,
    300,
    310,
    320,
    330,
    340,
    350,
    360,
    370,
    380,
    390,
    400,
    410,
    420,
    430,
    440,
    450,
    460,
    470,
    480,
    490,
    500
  ],
  "mean_overlap": [
    0.9938899999999999,
    0.992265,
    0.98951,
    0.9854824999999999,
    0.980532,
    0.9740633333333332,
    0.9655114285714286,
    0.9550712499999999,
    0.9433166666666668,
    0.930717,
    0.9172845454545455,
    0.9038816666666668,
    0.890076153846154,
    0.8763735714285713,
    0.8626606666666666,
    0.8488868749999999,
    0.835184705882353,
    0.8216416666666666,
    0.8082547368421052,
    0.795128,
    0.7822938095238096,
    0.7697350000000001,
    0.75755,
    0.7457791666666667,
    0.7343360000000001,
    0.7231523076923076,
    0.7122318518518519,
    0.7016117857142857,
    0.691253103448276,
    0.681255,
    0.671481935483871,
    0.6620428125000001,
    0.6528687878787879,
    0.6439188235294118,
    0.6352214285714286,
    0.6267897222222222,
    0.6185364864864866,
    0.6105402631578947,
    0.6026964102564102,
    0.59510175,
    0.5876687804878049,
    0.5804569047619047,
    0.5733872093023256,
    0.5665322727272727,
    0.5598095555555554,
    0.5532595652173913,
    0.5468642553191491,
    0.5406310416666668,
    0.5345210204081633,
    0.5285616
  ],
  "mean_exact_dist": [
    76.3860092163086,
    83.12767028808594,
    87.7303466796875,
    91.22197723388672,
    94.04851531982422,
    96.42997741699219,
    98.47911071777344,
    100.27063751220703,
    101.86175537109375,
    103.29212188720703,
    104.59063720703125,
    105.77973937988281,
    106.87802124023438,
    107.8988265991211,
    108.90785217285156,
    109.78843688964844,
    110.62831115722656,
    111.42778015136719,
    112.168212890625,
    112.87711334228516,
    113.56204986572266,
    114.24805450439453,
    114.96195220947266,
    115.66507720947266,
    116.27290344238281,
    116.83465576171875,
    117.35037231445312,
    117.80574035644531,
    118.2630386352539,
    118.80684661865234,
    119.34492492675781,
    119.89181518554688,
    120.5773696899414,
    121.26546478271484,
    122.04107666015625,
    122.8399429321289,
    123.79798889160156,
    124.61454010009766,
    125.22584533691406,
    125.9966812133789,
    126.9630355834961,
    127.78974151611328,
    128.7610626220703,
    129.5365447998047,
    130.6289825439453,
    131.57437133789062,
    132.26902770996094,
    132.80178833007812,
    133.6077423095703,
    134.38665771484375
  ],
  "mean_ann_dist": [
    76.44920349121094,
    83.18962097167969,
    87.8006591796875,
    91.30674743652344,
    94.1524429321289,
    96.56022644042969,
    98.64485931396484,
    100.48489379882812,
    102.1368408203125,
    103.64105224609375,
    105.02613830566406,
    106.31527709960938,
    107.53279113769531,
    1.703114887632461e+33,
    4.561272861987111e+32,
    2.140032942184702e+32,
    2.014553985805818e+32,
    112.73371124267578,
    113.66107177734375,
    114.57050323486328,
    115.4682846069336,
    1.5617306068294547e+32,
    117.30621337890625,
    7.187687223047498e+32,
    2.774135037954476e+32,
    9.393466580434253e+32,
    3.902678702824469e+32,
    1.2640878861664185e+33,
    1.4804593016516023e+33,
    6.048818751393602e+32,
    2.1411280935775812e+33,
    1.6413839243759612e+33,
    1.2734641213952185e+33,
    1.4889901012048228e+33,
    3.7656997090225125e+33,
    2.742443231350003e+33,
    1.9587314008718175e+33,
    3.2546000705830326e+33,
    3.540108967208508e+33,
    3.1262690164105136e+33,
    5.0622184519968574e+33,
    4.198566179254304e+33,
    5.1455175803303117e+33,
    3.032819398724939e+33,
    5.303026881228787e+33,
    6.471821160649863e+33,
    7.009069806539168e+33,
    6.07502423985772e+33,
    7.198277181113565e+33,
    8.997620552334787e+33
  ],
  "mean_barycenter_shift": [
    0.00031374115496873856,
    0.0003906946221832186,
    0.0005291149136610329,
    0.0007191523327492177,
    0.0009291054448112845,
    0.0012051207013428211,
    0.0015824760776013136,
    0.0019579927902668715,
    0.002306405222043395,
    0.002629038644954562,
    0.0029065916314721107,
    0.003159564221277833,
    0.0034033709671348333,
    0.0036497246474027634,
    0.003879188559949398,
    0.004126621410250664,
    0.0043769096955657005,
    0.00464145140722394,
    0.004907298367470503,
    0.0051765767857432365,
    0.005458374973386526,
    0.005746928509324789,
    0.006041310727596283,
    0.0063313753344118595,
    0.006627678871154785,
    0.006938206497579813,
    0.007252345327287912,
    0.007575948256999254,
    0.00790441781282425,
    0.008241710253059864,
    0.008587281219661236,
    0.008949949406087399,
    0.009332073852419853,
    0.00973027478903532,
    0.010153134353458881,
    0.010591697879135609,
    0.011056240648031235,
    0.011548853479325771,
    0.012068354524672031,
    0.012618310749530792,
    0.013203876093029976,
    0.013820473104715347,
    0.014471132308244705,
    0.01515029277652502,
    0.015864266082644463,
    0.01660109870135784,
    0.017363302409648895,
    0.018148813396692276,
    0.018950866535305977,
    0.01976747252047062
  ],
  "mean_lid_diff": [
    0.06984615325927734,
    0.036434173583984375,
    -0.015047073364257812,
    -0.05322456359863281,
    -0.09946632385253906,
    -0.14818382263183594,
    -0.2014627456665039,
    -0.28273773193359375,
    -0.3485603332519531,
    -0.44161128997802734,
    -0.5325660705566406,
    -0.6338720321655273,
    -0.7341833114624023,
    -0.8552594184875488,
    -0.9796566963195801,
    -1.106797695159912,
    -1.2347970008850098,
    -1.3657951354980469,
    -1.5099329948425293,
    -1.647284984588623,
    -1.7858290672302246,
    -1.9269814491271973,
    -2.074766159057617,
    -2.2279510498046875,
    -2.3922982215881348,
    -2.5604610443115234,
    -2.730480194091797,
    -2.9072108268737793,
    -3.0975852012634277,
    -3.2902822494506836,
    -3.4925270080566406,
    -3.690420627593994,
    -3.892388343811035,
    -4.099167823791504,
    -4.3221306800842285,
    -4.54647970199585,
    -4.778415679931641,
    -5.016084671020508,
    -5.259973049163818,
    -5.501476287841797,
    -5.7505199909210205,
    -5.99245285987854,
    -6.233768939971924,
    -6.471152067184448,
    -6.699582576751709,
    -6.92710018157959,
    -7.149545192718506,
    -7.359277725219727,
    -7.561916828155518,
    -7.748588681221008
  ],
  "mean_lid_exact": [
    10.996475219726562,
    9.567937850952148,
    9.092788696289062,
    8.86896800994873,
    8.756924629211426,
    8.703058242797852,
    8.683945655822754,
    8.690606117248535,
    8.695237159729004,
    8.72542667388916,
    8.754201889038086,
    8.788507461547852,
    8.818124771118164,
    8.854358673095703,
    8.888816833496094,
    8.924312591552734,
    8.95751953125,
    8.991827964782715,
    9.029470443725586,
    9.06154727935791,
    9.091219902038574,
    9.119490623474121,
    9.149149894714355,
    9.176682472229004,
    9.205205917358398,
    9.235150337219238,
    9.261761665344238,
    9.286431312561035,
    9.312701225280762,
    9.336847305297852,
    9.361105918884277,
    9.382407188415527,
    9.403413772583008,
    9.423199653625488,
    9.443562507629395,
    9.462357521057129,
    9.483094215393066,
    9.501259803771973,
    9.518342018127441,
    9.535828590393066,
    9.55195426940918,
    9.568601608276367,
    9.583741188049316,
    9.599356651306152,
    9.61565113067627,
    9.629172325134277,
    9.641616821289062,
    9.65477180480957,
    9.667396545410156,
    9.67839241027832
  ],