{
  "k": [
    10,
    20,
    30,
    40,
    50,
    60,
    70,
    80,
    90,
    100,
    110,
    120,
    130,
    140,
    150,
    160,
    170,
    180,
    190,
    200,
    210,
    220,
    230,
    240,
    250,
    260,
    270,
    280,
    290,
    300,
    310,
    320,
    330,
    340,
    350,
    360,
    370,
    380,
    390,
    400,
    410,
    420,
    430,
    440,
    450,
    460,
    470,
    480,
    490,
    500
  ],
  "mean_overlap": [
    0.9963599999999998,
    0.9949049999999999,
    0.9930833333333334,
    0.9904149999999999,
    0.987232,
    0.982405,
    0.975667142857143,
    0.9672012500000001,
    0.9572233333333335,
    0.9463,
    0.9345763636363635,
    0.9223333333333332,
    0.9099538461538463,
    0.8974571428571427,
    0.8846733333333333,
    0.87197125,
    0.8592682352941178,
    0.8466977777777778,
    0.834298947368421,
    0.8220244999999999,
    0.8100557142857144,
    0.7981754545454546,
    0.7865882608695652,
    0.7752674999999999,
    0.764238,
    0.7535392307692308,
    0.7431007407407407,
    0.7329932142857144,
    0.7231675862068965,
    0.7135779999999999,
    0.7041706451612904,
    0.6951275,
    0.6863266666666668,
    0.6777061764705883,
    0.6693097142857143,
    0.6611105555555555,
    0.6531089189189189,
    0.6453118421052632,
    0.6377820512820512,
    0.6304717499999999,
    0.623271463414634,
    0.6162516666666666,
    0.6094718604651164,
    0.6028506818181818,
    0.5963506666666666,
    0.589980652173913,
    0.5837361702127659,
    0.5775566666666666,
    0.5716122448979593,
    0.5657524000000002
  ],
  "mean_exact_dist": [
    76.0593032836914,
    82.65084838867188,
    87.19971466064453,
    90.6609878540039,
    93.47158813476562,
    95.84388732910156,
    97.892333984375,
    99.68904113769531,
    101.28659057617188,
    102.72534942626953,
    104.03489685058594,
    105.23772430419922,
    106.34996032714844,
    107.3849868774414,
    108.35279846191406,
    109.27381134033203,
    110.1982192993164,
    110.99340057373047,
    111.76220703125,
    112.48810577392578,
    113.18193817138672,
    113.84220123291016,
    114.47386169433594,
    115.13957977294922,
    115.80329132080078,
    116.42186737060547,
    116.9844970703125,
    117.54224395751953,
    118.0396499633789,
    118.51607513427734,
    119.10247802734375,
    119.61317443847656,
    120.08318328857422,
    120.57948303222656,
    121.04631042480469,
    121.45780944824219,
    121.86072540283203,
    122.32825469970703,
    122.85713958740234,
    123.43505096435547,
    124.01688385009766,
    124.40398406982422,
    125.07518005371094,
    125.6489486694336,
    126.2181625366211,
    126.81942749023438,
    127.22920227050781,
    127.9657211303711,
    128.59983825683594,
    129.72665405273438
  ],
  "mean_ann_dist": [
    76.09494018554688,
    82.68817138671875,
    87.244140625,
    90.71533966064453,
    93.53864288330078,
    95.92833709716797,
    98.00196075439453,
    99.83345031738281,
    101.47673034667969,
    102.97283172607422,
    104.3519058227539,
    105.63622283935547,
    106.8420639038086,
    107.98331451416016,
    109.07483673095703,
    1.0649797766428267e+33,
    2.0117194899721168e+32,
    112.07233428955078,
    1.8012267422484895e+32,
    1.7118540479685437e+32,
    114.74803924560547,
    115.59107971191406,
    1.4894678880315476e+32,
    1.4295655169555772e+32,
    2.7500340862427697e+32,
    118.89362335205078,
    1.278329380492115e+32,
    1.2344277712801703e+32,
    2.3866315651510056e+32,
    8.101960875648995e+32,
    1.35293956243233e+33,
    4.407802340466804e+32,
    1.1858593602338771e+33,
    9.50957994013155e+32,
    9.364424507112618e+32,
    8.206891768228922e+32,
    5.0643283660513144e+32,
    1.80580758462136e+33,
    1.5947340109055505e+33,
    2.3887844976218278e+33,
    2.184881227356064e+33,
    1.592718644521594e+33,
    1.5018108272216818e+33,
    1.920534760959667e+33,
    2.5536369493483342e+33,
    2.78759183303777e+33,
    2.5222994257088543e+33,
    2.9107182778001236e+33,
    2.4277740381291405e+33,
    3.434882206959192e+33
  ],
  "mean_barycenter_shift": [
    0.00019096369214821607,
    0.00026775154401548207,
    0.00034670322202146053,
    0.00048088887706398964,
    0.0006254180916585028,
    0.0008639304433017969,
    0.0011970403138548136,
    0.0015616106102243066,
    0.0019283449510112405,
    0.002240006346255541,
    0.0025432377588003874,
    0.002808238612487912,
    0.0030325809493660927,
    0.0032424544915556908,
    0.003452128963544965,
    0.0036554348189383745,
    0.0038579623214900494,
    0.004072817508131266,
    0.004296641331166029,
    0.004534682258963585,
    0.004771476611495018,
    0.005005697254091501,
    0.005244600586593151,
    0.005479814950376749,
    0.0057054427452385426,
    0.005940097384154797,
    0.00617104209959507,
    0.00640896474942565,
    0.006637353450059891,
    0.006863049231469631,
    0.007087260484695435,
    0.007310774177312851,
    0.007538597099483013,
    0.007773261051625013,
    0.008018085733056068,
    0.008271143771708012,
    0.008528508245944977,
    0.00880145002156496,
    0.009085791185498238,
    0.009385901503264904,
    0.009703544899821281,
    0.010036852210760117,
    0.010386536829173565,
    0.010753135196864605,
    0.011141935363411903,
    0.011548581533133984,
    0.011975685134530067,
    0.012423881329596043,
    0.012892749160528183,
    0.013382571749389172
  ],
  "mean_lid_diff": [
    0.04935264587402344,
    0.0010805130004882812,
    -0.011754989624023438,
    -0.03789329528808594,
    -0.06207847595214844,
    -0.10313796997070312,
    -0.15453243255615234,
    -0.21338176727294922,
    -0.27956485748291016,
    -0.34496498107910156,
    -0.4215831756591797,
    -0.5016708374023438,
    -0.5955104827880859,
    -0.6872520446777344,
    -0.787816047668457,
    -0.8916330337524414,
    -0.9969134330749512,
    -1.106325626373291,
    -1.2184176445007324,
    -1.3330636024475098,
    -1.4456725120544434,
    -1.56166410446167,
    -1.6762166023254395,
    -1.797534465789795,
    -1.9201207160949707,
    -2.04500675201416,
    -2.1696348190307617,
    -2.300896167755127,
    -2.4345145225524902,
    -2.5789613723754883,
    -2.7250843048095703,
    -2.881389617919922,
    -3.039639472961426,
    -3.202242374420166,
    -3.374098300933838,
    -3.547945022583008,
    -3.723235607147217,
    -3.905183792114258,
    -4.090307235717773,
    -4.282895088195801,
    -4.472797870635986,
    -4.670555114746094,
    -4.870037078857422,
    -5.074202537536621,
    -5.277199745178223,
    -5.481202602386475,
    -5.68855094909668,
    -5.900813341140747,
    -6.105484962463379,
    -6.315078496932983
  ],
  "mean_lid_exact": [
    11.138680458068848,
    9.616925239562988,
    9.136309623718262,
    8.880948066711426,
    8.751172065734863,
    8.692316055297852,
    8.66269302368164,
    8.663002967834473,
    8.68029499053955,
    8.698923110961914,
    8.721396446228027,
    8.749628067016602,
    8.779783248901367,
    8.809542655944824,
    8.844755172729492,
    8.878832817077637,
    8.908622741699219,
    8.943391799926758,
    8.976570129394531,
    9.010567665100098,
    9.040233612060547,
    9.071579933166504,
    9.100927352905273,
    9.131366729736328,
    9.162111282348633,
    9.190703392028809,
    9.218228340148926,
    9.2459135055542,
    9.27160358428955,
    9.297426223754883,
    9.318795204162598,
    9.344778060913086,
    9.36745834350586,
    9.38884449005127,
    9.411663055419922,
    9.432507514953613,
    9.452001571655273,
    9.471060752868652,
    9.48986530303955,
    9.507950782775879,
    9.52585506439209,
    9.54308795928955,
    9.558080673217773,
    9.574382781982422,
    9.590166091918945,
    9.606420516967773,
    9.621465682983398,
    9.635591506958008,
    9.649650573730469,
    9.661629676818848
  ],