{
  "k": [
    10,
    20,
    30,
    40,
    50,
    60,
    70,
    80,
    90,
    100,
    110,
    120,
    130,
    140,
    150,
    160,
    170,
    180,
    190,
    200,
    210,
    220,
    230,
    240,
    250,
    260,
    270,
    280,
    290,
    300,
    310,
    320,
    330,
    340,
    350,
    360,
    370,
    380,
    390,
    400,
    410,
    420,
    430,
    440,
    450,
    460,
    470,
    480,
    490,
    500
  ],
  "mean_overlap": [
    0.9957400000000002,
    0.994425,
    0.9923233333333333,
    0.989125,
    0.9854,
    0.9801549999999999,
    0.9728857142857145,
    0.9637775000000002,
    0.9535955555555556,
    0.9422729999999999,
    0.930300909090909,
    0.9177558333333332,
    0.9050176923076925,
    0.8922128571428571,
    0.8793173333333334,
    0.866303125,
    0.8535111764705884,
    0.8408950000000001,
    0.828438947368421,
    0.8161505,
    0.8041528571428573,
    0.7923654545454546,
    0.7808065217391305,
    0.7696683333333333,
    0.7586808,
    0.7480715384615385,
    0.7377185185185186,
    0.7275914285714286,
    0.7177448275862068,
    0.7081606666666668,
    0.6988177419354838,
    0.6896959374999999,
    0.6808742424242424,
    0.6723044117647059,
    0.6638985714285714,
    0.6557091666666667,
    0.6477462162162163,
    0.6400163157894737,
    0.6324574358974359,
    0.62502225,
    0.6178063414634146,
    0.6108233333333334,
    0.6039448837209302,
    0.5972663636363637,
    0.5906686666666666,
    0.5842319565217391,
    0.5779212765957447,
    0.5717139583333334,
    0.565658163265306,
    0.5597884
  ],
  "mean_exact_dist": [
    75.85939025878906,
    82.40481567382812,
    86.89728546142578,
    90.30349731445312,
    93.06490325927734,
    95.3984146118164,
    97.40972137451172,
    99.17232513427734,
    100.74213409423828,
    102.15910339355469,
    103.45179748535156,
    104.64131164550781,
    105.74299621582031,
    106.76930236816406,
    107.72979736328125,
    108.64567565917969,
    109.48336791992188,
    110.31555938720703,
    111.05174255371094,
    111.7824935913086,
    112.47488403320312,
    113.14437103271484,
    113.7798080444336,
    114.37419128417969,
    114.97683715820312,
    115.59027862548828,
    116.19102478027344,
    116.73895263671875,
    117.3371353149414,
    117.76630401611328,
    118.21712493896484,
    118.75569152832031,
    119.3318862915039,
    119.87459564208984,
    120.40164184570312,
    120.95454406738281,
    121.5467758178711,
    122.07612609863281,
    122.77085876464844,
    123.31764221191406,
    123.93953704833984,
    124.60348510742188,
    125.32756042480469,
    125.7516098022461,
    126.4300537109375,
    127.12326049804688,
    127.82044982910156,
    128.54933166503906,
    129.30508422851562,
    129.8321533203125
  ],
  "mean_ann_dist": [
    75.89649963378906,
    82.4457778930664,
    86.94586181640625,
    90.3633041381836,
    93.13978576660156,
    95.49307250976562,
    97.53228759765625,
    99.33280181884766,
    100.95203399658203,
    102.43023681640625,
    103.79534912109375,
    105.06868743896484,
    106.26587677001953,
    107.40025329589844,
    108.48371124267578,
    109.50703430175781,
    110.48701477050781,
    1.8984309547019643e+32,
    112.33839416503906,
    113.23751068115234,
    1.6303372438066505e+32,
    114.95713806152344,
    115.78717041015625,
    2.858266603593097e+32,
    1.3736293897085984e+32,
    118.21271514892578,
    1.277034089011947e+32,
    3.707425383840707e+32,
    8.391614086040988e+32,
    3.4976088608635396e+32,
    1.5924964342845422e+33,
    6.68233534021042e+32,
    1.2023261291514414e+33,
    1.6106057948917333e+33,
    1.6952663477833917e+33,
    1.1555363284565916e+33,
    2.502820129705689e+33,
    3.0171857634538136e+33,
    2.721061530991466e+33,
    2.4224631206181013e+33,
    3.0645211862209785e+33,
    3.935572317093331e+33,
    3.4486360302806624e+33,
    2.9505387855588066e+33,
    3.007799083105932e+33,
    3.987532374362256e+33,
    4.000028141118803e+33,
    2.7967745627641793e+33,
    3.2703850440239605e+33,
    3.780915230045369e+33
  ],
  "mean_barycenter_shift": [
    0.00022445511422120035,
    0.0002816864871419966,
    0.00039001970435492694,
    0.0005483676795847714,
    0.0007118876674212515,
    0.0009447342599742115,
    0.0012824395671486855,
    0.0016584524419158697,
    0.002004932379350066,
    0.002322381129488349,
    0.0026115921791642904,
    0.0028684341814368963,
    0.0030978762079030275,
    0.003318991744890809,
    0.0035245297476649284,
    0.0037305564619600773,
    0.003945655655115843,
    0.004151812754571438,
    0.00436868192628026,
    0.004596848972141743,
    0.004830481018871069,
    0.005069955252110958,
    0.005308694671839476,
    0.005546375177800655,
    0.005793978925794363,
    0.006031942553818226,
    0.006274567451328039,
    0.006514967419207096,
    0.006755787879228592,
    0.0070053888484835625,
    0.0072564370930194855,
    0.007523010950535536,
    0.007803674321621656,
    0.008098629303276539,
    0.00841359980404377,
    0.0087468596175313,
    0.009103329852223396,
    0.009486867114901543,
    0.009902139194309711,
    0.010355287231504917,
    0.010844619944691658,
    0.011369424872100353,
    0.011926787905395031,
    0.01251885388046503,
    0.013144198805093765,
    0.01379838865250349,
    0.014485027641057968,
    0.015202617272734642,
    0.015950893983244896,
    0.01673157699406147
  ],
  "mean_lid_diff": [
    0.026322364807128906,
    -0.00045871734619140625,
    -0.024600982666015625,
    -0.056611061096191406,
    -0.08254146575927734,
    -0.11975860595703125,
    -0.17042255401611328,
    -0.2361612319946289,
    -0.30575084686279297,
    -0.38069915771484375,
    -0.4651031494140625,
    -0.541193962097168,
    -0.6377792358398438,
    -0.7322111129760742,
    -0.8343601226806641,
    -0.9452643394470215,
    -1.0535330772399902,
    -1.1638274192810059,
    -1.282902717590332,
    -1.3995165824890137,
    -1.5202083587646484,
    -1.64054536819458,
    -1.7619948387145996,
    -1.8903379440307617,
    -2.0180511474609375,
    -2.1467337608337402,
    -2.28147554397583,
    -2.424217700958252,
    -2.5688982009887695,
    -2.723184585571289,
    -2.8864355087280273,
    -3.0497078895568848,
    -3.218888759613037,
    -3.3917226791381836,
    -3.5727367401123047,
    -3.7627410888671875,
    -3.9573206901550293,
    -4.164877414703369,
    -4.3743181228637695,
    -4.581251621246338,
    -4.785767555236816,
    -4.99071741104126,
    -5.202894687652588,
    -5.415033340454102,
    -5.630456209182739,
    -5.8477067947387695,
    -6.06387734413147,
    -6.275094032287598,
    -6.484116792678833,
    -6.68765115737915
  ],
  "mean_lid_exact": [
    11.081929206848145,
    9.589584350585938,
    9.098677635192871,
    8.87187385559082,
    8.75511360168457,
    8.706165313720703,
    8.695828437805176,
    8.705862998962402,
    8.718581199645996,
    8.733996391296387,
    8.756845474243164,
    8.775971412658691,
    8.805023193359375,
    8.835185050964355,
    8.86732006072998,
    8.897375106811523,
    8.93073558807373,
    8.961284637451172,
    8.996330261230469,
    9.0286226272583,
    9.059356689453125,
    9.089195251464844,
    9.117877006530762,
    9.1492919921875,
    9.176535606384277,
    9.201735496520996,
    9.228631973266602,
    9.255193710327148,
    9.279930114746094,
    9.304330825805664,
    9.32701301574707,
    9.348457336425781,
    9.369470596313477,
    9.390238761901855,
    9.409079551696777,
    9.426918983459473,
    9.444540977478027,
    9.462788581848145,
    9.47822380065918,
    9.494006156921387,
    9.510287284851074,
    9.525247573852539,
    9.540115356445312,
    9.554123878479004,
    9.56879997253418,
    9.581286430358887,
    9.593689918518066,
    9.606345176696777,
    9.617822647094727,
    9.62902545928955
  ],