{
  "alpha": 2.0,
  "k": [
    10,
    20,
    30,
    40,
    50,
    60,
    70,
    80,
    90,
    100,
    110,
    120,
    130,
    140,
    150,
    160,
    170,
    180,
    190,
    200,
    210,
    220,
    230,
    240,
    250,
    260,
    270,
    280,
    290,
    300,
    310,
    320,
    330,
    340,
    350,
    360,
    370,
    380,
    390,
    400,
    410,
    420,
    430,
    440,
    450,
    460,
    470,
    480,
    490,
    500
  ],
  "mean_overlap": [
    0.99305,
    0.99275,
    0.9949233333333334,
    0.996215,
    0.996976,
    0.9973683333333334,
    0.9976657142857143,
    0.9979175000000001,
    0.9980966666666665,
    0.9982530000000001,
    0.99839,
    0.9985625,
    0.9986707692307693,
    0.9987571428571428,
    0.998818,
    0.99890625,
    0.9989811764705883,
    0.9990244444444445,
    0.9990810526315789,
    0.999144,
    0.9991966666666667,
    0.9992427272727272,
    0.9992830434782609,
    0.9993112499999999,
    0.9993444000000001,
    0.9993761538461539,
    0.9994081481481482,
    0.9994364285714286,
    0.999463448275862,
    0.9994836666666667,
    0.9995103225806452,
    0.9995362499999999,
    0.9995563636363637,
    0.9995744117647059,
    0.9995974285714284,
    0.9996125,
    0.9996345945945946,
    0.9996507894736842,
    0.99966,
    0.9996717499999999,
    0.9996814634146344,
    0.999692857142857,
    0.9996979069767442,
    0.9997086363636365,
    0.9997144444444445,
    0.9997221739130435,
    0.9997325531914893,
    0.9997393749999999,
    0.9997461224489794,
    0.9997538
  ],
  "mean_exact_dist": [
    74.93516540527344,
    81.4910659790039,
    86.0159683227539,
    89.47679901123047,
    92.28780364990234,
    94.65686798095703,
    96.70157623291016,
    98.50007629394531,
    100.10346221923828,
    101.55014038085938,
    102.86760711669922,
    104.07740020751953,
    105.19613647460938,
    106.23680114746094,
    107.21001434326172,
    108.12378692626953,
    108.98538970947266,
    109.80055236816406,
    110.57424926757812,
    111.31069946289062,
    112.01377868652344,
    112.6866226196289,
    113.3319091796875,
    113.95195007324219,
    114.54869079589844,
    115.12398529052734,
    115.67931365966797,
    116.21604919433594,
    116.73539733886719,
    117.23832702636719,
    117.72586059570312,
    118.19886016845703,
    118.658203125,
    119.1046371459961,
    119.53884887695312,
    119.96144104003906,
    120.373046875,
    120.77421569824219,
    121.1654281616211,
    121.54708862304688,
    121.91966247558594,
    122.28348541259766,
    122.63902282714844,
    122.98658752441406,
    123.32649993896484,
    123.65907287597656,
    123.98464965820312,
    124.30341339111328,
    124.61566162109375,
    124.92162322998047
  ],
  "mean_ann_dist": [
    74.98905181884766,
    81.54324340820312,
    86.05150604248047,
    89.5042724609375,
    92.30652618408203,
    94.6728515625,
    96.7156753540039,
    98.51272583007812,
    100.11503601074219,
    101.56082153320312,
    102.87767791748047,
    104.08650970458984,
    105.20465087890625,
    106.2447509765625,
    107.21749877929688,
    108.13079071044922,
    108.99195098876953,
    109.80682373046875,
    110.58014678955078,
    111.3162612915039,
    112.01899719238281,
    112.6915512084961,
    113.33657836914062,
    113.95645141601562,
    114.55298614501953,
    115.12809753417969,
    115.68326568603516,
    116.2198715209961,
    116.73905944824219,
    117.2417984008789,
    117.72916412353516,
    118.20203399658203,
    118.6612777709961,
    119.10763549804688,
    119.54167175292969,
    119.96416473388672,
    120.37568664550781,
    120.77674865722656,
    121.16783905029297,
    121.54945373535156,
    121.92195892333984,
    122.28575134277344,
    122.64125061035156,
    122.9887466430664,
    123.3286361694336,
    123.66112518310547,
    123.98664855957031,
    124.30535888671875,
    124.61752319335938,
    124.9234390258789
  ],
  "mean_barycenter_shift": [
    0.0003729567979462445,
    0.00036870280746370554,
    0.0002569066418800503,
    0.0001856673916336149,
    0.0001451159332646057,
    0.0001258719858014956,
    0.00011147761688334867,
    9.929060615831986e-05,
    8.980713755590841e-05,
    8.233003609348089e-05,
    7.426229421980679e-05,
    6.703424151055515e-05,
    6.190589920151979e-05,
    5.708502067136578e-05,
    5.538101322599687e-05,
    5.1278959290357307e-05,
    4.7714645916130394e-05,
    4.477807306102477e-05,
    4.218850881443359e-05,
    3.898316208506003e-05,
    3.656057742773555e-05,
    3.4579657949507236e-05,
    3.251414455007762e-05,
    3.105598079855554e-05,
    2.9325479772523977e-05,
    2.8107269827160053e-05,
    2.6673287720768712e-05,
    2.5128594643319957e-05,
    2.4122569811879657e-05,
    2.3233531464939006e-05,
    2.2226315195439383e-05,
    2.0883893739664927e-05,
    1.990490454772953e-05,
    1.8779903257382102e-05,
    1.793997762433719e-05,
    1.7243704860447906e-05,
    1.606568184797652e-05,
    1.5333447663579136e-05,
    1.4869650840410031e-05,
    1.4454859410761856e-05,
    1.3932100046076812e-05,
    1.344238353340188e-05,
    1.3127299098414369e-05,
    1.2459302524803206e-05,
    1.2428492482285947e-05,
    1.1986105164396577e-05,
    1.1488022209960036e-05,
    1.1126624485768843e-05,
    1.0808278602780774e-05,
    1.0431884220452048e-05
  ],
  "mean_lid_diff": [
    0.019575119018554688,
    -0.013167381286621094,
    -0.02035808563232422,
    -0.016203880310058594,
    -0.018416404724121094,
    -0.015447616577148438,
    -0.013432502746582031,
    -0.012833595275878906,
    -0.010464668273925781,
    -0.00894927978515625,
    -0.008402824401855469,
    -0.009716987609863281,
    -0.00811767578125,
    -0.007613182067871094,
    -0.006394386291503906,
    -0.0055370330810546875,
    -0.006224632263183594,
    -0.005423545837402344,
    -0.005596160888671875,
    -0.0048542022705078125,
    -0.0047893524169921875,
    -0.004535675048828125,
    -0.004574775695800781,
    -0.00415802001953125,
    -0.0038862228393554688,
    -0.0035486221313476562,
    -0.0037870407104492188,
    -0.0036973953247070312,
    -0.002979278564453125,
    -0.003021240234375,
    -0.00279998779296875,
    -0.00254058837890625,
    -0.0032701492309570312,
    -0.002513885498046875,
    -0.0020952224731445312,
    -0.0023136138916015625,
    -0.0019245147705078125,
    -0.0019407272338867188,
    -0.0025091171264648438,
    -0.002262115478515625,
    -0.0021152496337890625,
    -0.0019693374633789062,
    -0.0018205642700195312,
    -0.0018606185913085938,
    -0.0016956329345703125,
    -0.0017194747924804688,
    -0.0020589828491210938,
    -0.0014524459838867188,
    -0.0018396377563476562,
    -0.001651763916015625
  ],
  "mean_lid_exact": [
    11.09469223022461,
    9.545917510986328,
    9.058534622192383,
    8.783001899719238,
    8.65365982055664,
    8.573585510253906,
    8.540382385253906,
    8.526015281677246,
    8.528909683227539,
    8.543625831604004,
    8.566545486450195,
    8.588101387023926,
    8.616583824157715,
    8.643595695495605,
    8.675383567810059,
    8.709178924560547,
    8.7406005859375,
    8.773618698120117,
    8.805899620056152,
    8.837300300598145,
    8.867600440979004,
    8.89920711517334,
    8.929143905639648,
    8.957993507385254,
    8.986777305603027,
    9.013835906982422,
    9.040810585021973,
    9.066048622131348,
    9.092368125915527,
    9.118513107299805,
    9.141432762145996,
    9.165904998779297,
    9.188210487365723,
    9.209929466247559,
    9.230238914489746,
    9.25136661529541,
    9.272289276123047,
    9.291553497314453,
    9.310997009277344,
    9.328320503234863,
    9.348238945007324,
    9.364509582519531,
    9.381742477416992,
    9.39902114868164,
    9.415090560913086,
    9.429563522338867,
    9.444345474243164,
    9.458879470825195,
    9.474642753601074,
    9.488367080688477
  ],