{
  "k": [
    10,
    20,
    30,
    40,
    50,
    60,
    70,
    80,
    90,
    100,
    110,
    120,
    130,
    140,
    150,
    160,
    170,
    180,
    190,
    200,
    210,
    220,
    230,
    240,
    250,
    260,
    270,
    280,
    290,
    300,
    310,
    320,
    330,
    340,
    350,
    360,
    370,
    380,
    390,
    400,
    410,
    420,
    430,
    440,
    450,
    460,
    470,
    480,
    490,
    500
  ],
  "mean_overlap": [
    0.9915799999999999,
    0.9889650000000001,
    0.9855033333333333,
    0.9814200000000001,
    0.975822,
    0.9685066666666665,
    0.9589600000000003,
    0.9477675000000001,
    0.9350933333333334,
    0.9213240000000001,
    0.9070836363636364,
    0.8924416666666666,
    0.8775238461538462,
    0.8623557142857143,
    0.8472953333333333,
    0.832395625,
    0.8177464705882354,
    0.8032961111111112,
    0.7891915789473684,
    0.7755019999999999,
    0.7620219047619048,
    0.7488536363636363,
    0.7360978260869566,
    0.7236079166666667,
    0.7115647999999999,
    0.6998865384615385,
    0.6884974074074074,
    0.6773224999999999,
    0.6666358620689655,
    0.656346,
    0.6462396774193548,
    0.6364853125,
    0.6269112121212121,
    0.6176858823529412,
    0.6087505714285714,
    0.6000169444444444,
    0.5915748648648649,
    0.5833502631578948,
    0.5754102564102563,
    0.5675797499999999,
    0.55993,
    0.5525969047619048,
    0.5454355813953489,
    0.5383961363636364,
    0.5315880000000001,
    0.5249182608695652,
    0.5184172340425531,
    0.5120685416666666,
    0.5058851020408163,
    0.4998454
  ],
  "mean_exact_dist": [
    76.0631103515625,
    82.7497787475586,
    87.32213592529297,
    90.79087829589844,
    93.59700012207031,
    95.9721908569336,
    98.03675079345703,
    99.8511962890625,
    101.46672821044922,
    102.92196655273438,
    104.24561309814453,
    105.61271667480469,
    106.70720672607422,
    107.73760986328125,
    108.6938705444336,
    109.60139465332031,
    110.43550872802734,
    111.25224304199219,
    112.0456314086914,
    112.79923248291016,
    113.49073028564453,
    114.35708618164062,
    115.11177825927734,
    115.77738952636719,
    116.5150146484375,
    117.13203430175781,
    117.6960678100586,
    118.33028411865234,
    119.01618194580078,
    119.75506591796875,
    120.63627624511719,
    121.46534729003906,
    122.4599609375,
    123.65563201904297,
    124.80859375,
    125.68975067138672,
    126.55152130126953,
    127.53556060791016,
    128.60336303710938,
    129.44351196289062,
    130.3787078857422,
    131.4893798828125,
    132.02145385742188,
    133.36090087890625,
    134.1205596923828,
    134.91543579101562,
    135.9077911376953,
    136.5778350830078,
    137.11312866210938,
    137.4858856201172
  ],
  "mean_ann_dist": [
    76.13970184326172,
    82.83486938476562,
    87.42240142822266,
    90.9103775024414,
    93.7407455444336,
    96.1484603881836,
    98.25740051269531,
    100.12875366210938,
    101.81794738769531,
    103.3661880493164,
    104.805908203125,
    106.23928833007812,
    107.4540023803711,
    2.4459979468755917e+32,
    109.72932434082031,
    110.8117904663086,
    111.83979797363281,
    112.87590789794922,
    7.223796386568404e+32,
    3.438237256579413e+32,
    4.92620211131795e+32,
    1.4198941684270995e+33,
    1.2154352178262015e+33,
    7.329627106814386e+32,
    1.42184191233641e+33,
    1.9385204823054346e+33,
    2.1664031153596708e+33,
    1.5992464570912506e+33,
    3.1567421484175626e+33,
    2.8699297009307194e+33,
    3.779278673313434e+33,
    4.0457601220500834e+33,
    6.889406808521725e+33,
    5.0102457058425294e+33,
    4.853549422064855e+33,
    5.269468802643839e+33,
    7.224177981585513e+33,
    4.895841167626961e+33,
    6.531544958875166e+33,
    5.507807541497394e+33,
    7.18501574844272e+33,
    5.599143376565889e+33,
    8.52410539245803e+33,
    6.149629934265293e+33,
    8.359357856149853e+33,
    9.474556140540088e+33,
    6.101910440600939e+33,
    6.647042907630433e+33,
    6.560291783497432e+33,
    7.142357572628985e+33
  ],
  "mean_barycenter_shift": [
    0.0004448932595551014,
    0.0005475624348036945,
    0.0006997032905928791,
    0.0008803160744719207,
    0.0011055194772779942,
    0.0014055271167308092,
    0.0017785400850698352,
    0.0021709303837269545,
    0.0025578555651009083,
    0.0029136817902326584,
    0.003231617622077465,
    0.003532067406922579,
    0.003844437887892127,
    0.004149639047682285,
    0.00443726871162653,
    0.0047259097918868065,
    0.005012283101677895,
    0.005320779979228973,
    0.005635227542370558,
    0.005959497764706612,
    0.00629971781745553,
    0.0066445739939808846,
    0.007004074286669493,
    0.007378221955150366,
    0.007769611198455095,
    0.008170892484486103,
    0.008594958111643791,
    0.009043075144290924,
    0.009511719457805157,
    0.010011259466409683,
    0.010547040961682796,
    0.011127526871860027,
    0.011756404303014278,
    0.012441735714673996,
    0.01319038961082697,
    0.013992950320243835,
    0.014850442297756672,
    0.01575305126607418,
    0.016696801409125328,
    0.017677877098321915,
    0.018689416348934174,
    0.01972770318388939,
    0.020792828872799873,
    0.021878406405448914,
    0.022979632019996643,
    0.02409234270453453,
    0.02520967647433281,
    0.026329217478632927,
    0.02744835801422596,
    0.028560549020767212
  ],
  "mean_lid_diff": [
    0.058783531188964844,
    -0.009191513061523438,
    -0.03007221221923828,
    -0.07414627075195312,
    -0.11954212188720703,
    -0.17499256134033203,
    -0.24158191680908203,
    -0.30926513671875,
    -0.4035921096801758,
    -0.5048131942749023,
    -0.6027345657348633,
    -0.7178535461425781,
    -0.8380494117736816,
    -0.9606490135192871,
    -1.0893802642822266,
    -1.2268691062927246,
    -1.3739056587219238,
    -1.519761085510254,
    -1.6752357482910156,
    -1.8371915817260742,
    -2.0075535774230957,
    -2.1781368255615234,
    -2.3588147163391113,
    -2.5413498878479004,
    -2.735654830932617,
    -2.943458080291748,
    -3.1606593132019043,
    -3.384059429168701,
    -3.6178832054138184,
    -3.8595309257507324,
    -4.114039421081543,
    -4.3708696365356445,
    -4.651278018951416,
    -4.924915790557861,
    -5.196420192718506,
    -5.470452308654785,
    -5.746201992034912,
    -6.006037712097168,
    -6.2651026248931885,
    -6.516991853713989,
    -6.762059211730957,
    -6.99971866607666,
    -7.227210521697998,
    -7.4347851276397705,
    -7.633445143699646,
    -7.824692964553833,
    -8.004746675491333,
    -8.172167897224426,
    -8.321603298187256,
    -8.46589994430542
  ],
  "mean_lid_exact": [
    11.097311019897461,
    9.549288749694824,
    9.05971908569336,
    8.843080520629883,
    8.72189998626709,
    8.65167236328125,
    8.627705574035645,
    8.622525215148926,
    8.635029792785645,
    8.658787727355957,
    8.677685737609863,
    8.706653594970703,
    8.741418838500977,
    8.774191856384277,
    8.806694984436035,
    8.842804908752441,
    8.882826805114746,
    8.91665267944336,
    8.95147705078125,
    8.989729881286621,
    9.023919105529785,
    9.053628921508789,
    9.086265563964844,
    9.11777114868164,
    9.14588451385498,
    9.175178527832031,
    9.202940940856934,
    9.229448318481445,
    9.256117820739746,
    9.282136917114258,
    9.305744171142578,
    9.329793930053711,
    9.354000091552734,
    9.376928329467773,
    9.39945125579834,
    9.420798301696777,
    9.44316291809082,
    9.462104797363281,
    9.482574462890625,
    9.502066612243652,
    9.520282745361328,
    9.53801441192627,
    9.555319786071777,
    9.571693420410156,
    9.587301254272461,
    9.602117538452148,
    9.617133140563965,
    9.63100528717041,
    9.64429759979248,
    9.658988952636719
  ],