{
  "k": [
    10,
    20,
    30,
    40,
    50,
    60,
    70,
    80,
    90,
    100,
    110,
    120,
    130,
    140,
    150,
    160,
    170,
    180,
    190,
    200,
    210,
    220,
    230,
    240,
    250,
    260,
    270,
    280,
    290,
    300,
    310,
    320,
    330,
    340,
    350,
    360,
    370,
    380,
    390,
    400,
    410,
    420,
    430,
    440,
    450,
    460,
    470,
    480,
    490,
    500
  ],
  "mean_overlap": [
    0.9966799999999999,
    0.995175,
    0.9932200000000001,
    0.9907524999999998,
    0.987358,
    0.9824950000000001,
    0.9756014285714285,
    0.9669900000000001,
    0.957068888888889,
    0.945901,
    0.9339845454545456,
    0.9214508333333333,
    0.9087061538461539,
    0.8959064285714284,
    0.8829440000000001,
    0.8699525,
    0.8572270588235295,
    0.8445305555555555,
    0.8319905263157894,
    0.8197119999999999,
    0.8076780952380953,
    0.7958409090909092,
    0.7843265217391304,
    0.7729245833333332,
    0.7620736000000001,
    0.7513896153846154,
    0.7410288888888888,
    0.73095,
    0.7211913793103448,
    0.711651,
    0.7023725806451613,
    0.693376875,
    0.6845878787878787,
    0.6760570588235294,
    0.6677471428571429,
    0.6597177777777778,
    0.6518337837837836,
    0.6442281578947368,
    0.6368094871794872,
    0.6295597499999999,
    0.6224341463414634,
    0.6155519047619047,
    0.6087567441860465,
    0.6021322727272728,
    0.5956853333333334,
    0.5894076086956522,
    0.5832165957446809,
    0.5771458333333334,
    0.5712081632653062,
    0.5654134
  ],
  "mean_exact_dist": [
    75.9557113647461,
    82.60398864746094,
    87.15373229980469,
    90.62386322021484,
    93.44083404541016,
    95.81050872802734,
    97.85332489013672,
    99.64713287353516,
    101.24351501464844,
    102.68009185791016,
    103.98558807373047,
    105.18211364746094,
    106.28713989257812,
    107.31396484375,
    108.27308654785156,
    109.17656707763672,
    110.03544616699219,
    110.83879089355469,
    111.60379028320312,
    112.34224700927734,
    113.0479965209961,
    113.71028137207031,
    114.31365203857422,
    114.8974380493164,
    115.44331359863281,
    116.0,
    116.53734588623047,
    117.10811614990234,
    117.66764068603516,
    118.26007080078125,
    118.7781982421875,
    119.21031951904297,
    119.70719146728516,
    120.1742172241211,
    120.6138687133789,
    121.05567169189453,
    121.52114868164062,
    121.95039367675781,
    122.37727355957031,
    122.82826232910156,
    123.35755157470703,
    123.85604095458984,
    124.31364440917969,
    125.0255126953125,
    125.64820861816406,
    126.3275375366211,
    126.97332000732422,
    127.72209930419922,
    128.3822021484375,
    129.30096435546875
  ],
  "mean_ann_dist": [
    75.98271179199219,
    82.63514709472656,
    87.1926040649414,
    90.67313385009766,
    93.50325775146484,
    95.89076232910156,
    97.95892333984375,
    99.78726196289062,
    101.4280776977539,
    102.91975402832031,
    104.29108428955078,
    105.56471252441406,
    106.75822448730469,
    107.88516235351562,
    108.95751190185547,
    2.1269773170453887e+32,
    110.97955322265625,
    111.9356918334961,
    3.585863927401768e+32,
    113.75875091552734,
    3.248906706971107e+32,
    115.47570037841797,
    4.458528867857834e+32,
    1.4252543907687658e+32,
    2.740345077725919e+32,
    5.281591098364784e+32,
    3.822967743694884e+32,
    7.39905078421751e+32,
    7.170833443125152e+32,
    5.806073410227706e+32,
    3.383043699927874e+32,
    5.490975502896988e+32,
    1.1784670012892845e+33,
    1.2552221464613189e+33,
    1.1280020661028061e+33,
    8.05135233941796e+32,
    9.911433845984174e+32,
    2.34957011625488e+33,
    1.1671191918054177e+33,
    2.0333284296991152e+33,
    2.3188552764551605e+33,
    2.508645720788061e+33,
    1.8432917900409018e+33,
    1.7659066107601235e+33,
    2.3895182865801142e+33,
    4.050064130081669e+33,
    4.1289137924289217e+33,
    3.6972515283703453e+33,
    4.684893399567644e+33,
    2.935902001504316e+33
  ],
  "mean_barycenter_shift": [
    0.0001877806062111631,
    0.0002537581603974104,
    0.00035151030169799924,
    0.0004747070779558271,
    0.0006371669005602598,
    0.0008682459592819214,
    0.00120230030734092,
    0.0015794584760442376,
    0.001923518953844905,
    0.002238017041236162,
    0.002501611365005374,
    0.0027651984710246325,
    0.0029825312085449696,
    0.003193476004526019,
    0.0034017483703792095,
    0.0036123122554272413,
    0.003823614912107587,
    0.0040407138876616955,
    0.0042569879442453384,
    0.004476671572774649,
    0.004699005279690027,
    0.0049217697232961655,
    0.005149486940354109,
    0.005384011194109917,
    0.005610750522464514,
    0.005836816970258951,
    0.006056929472833872,
    0.0062733422964811325,
    0.006485753692686558,
    0.006694305222481489,
    0.006899882573634386,
    0.007103912997990847,
    0.007306813728064299,
    0.007508395239710808,
    0.007707430049777031,
    0.007906738668680191,
    0.008111630566418171,
    0.008317474275827408,
    0.008525306358933449,
    0.008740482851862907,
    0.008966250345110893,
    0.009200341999530792,
    0.009447083808481693,
    0.00969939399510622,
    0.009970812126994133,
    0.010256568901240826,
    0.01055630762130022,
    0.010873527266085148,
    0.01120670884847641,
    0.011554062366485596
  ],
  "mean_lid_diff": [
    0.009601593017578125,
    -0.012581825256347656,
    -0.03566932678222656,
    -0.057295799255371094,
    -0.08304882049560547,
    -0.11360740661621094,
    -0.16737651824951172,
    -0.21340560913085938,
    -0.2810087203979492,
    -0.3521003723144531,
    -0.42939281463623047,
    -0.5134696960449219,
    -0.6080522537231445,
    -0.6948127746582031,
    -0.798004150390625,
    -0.8973789215087891,
    -1.0119361877441406,
    -1.1218805313110352,
    -1.2324142456054688,
    -1.3443331718444824,
    -1.4618854522705078,
    -1.5772242546081543,
    -1.6960468292236328,
    -1.8146123886108398,
    -1.934804916381836,
    -2.058541774749756,
    -2.1850247383117676,
    -2.3162178993225098,
    -2.4500346183776855,
    -2.584719657897949,
    -2.7201318740844727,
    -2.864258289337158,
    -3.010427951812744,
    -3.1610054969787598,
    -3.3200435638427734,
    -3.4813232421875,
    -3.6524877548217773,
    -3.8338632583618164,
    -4.016750812530518,
    -4.210236549377441,
    -4.404197692871094,
    -4.6004509925842285,
    -4.804224491119385,
    -5.014147758483887,
    -5.225466728210449,
    -5.438390254974365,
    -5.648860454559326,
    -5.857231616973877,
    -6.0715861320495605,
    -6.275516033172607
  ],
  "mean_lid_exact": [
    11.066308975219727,
    9.623932838439941,
    9.074748039245605,
    8.835159301757812,
    8.727450370788574,
    8.665196418762207,
    8.650708198547363,
    8.646918296813965,
    8.665413856506348,
    8.684715270996094,
    8.716498374938965,
    8.746047973632812,
    8.781673431396484,
    8.812849044799805,
    8.848405838012695,
    8.879361152648926,
    8.915395736694336,
    8.949546813964844,
    8.980382919311523,
    9.010878562927246,
    9.044816017150879,
    9.074440002441406,
    9.106545448303223,
    9.135231971740723,
    9.162604331970215,
    9.19001579284668,
    9.218523979187012,
    9.2449951171875,
    9.270258903503418,
    9.295412063598633,
    9.319156646728516,
    9.34331226348877,
    9.364402770996094,
    9.3862943649292,
    9.40832233428955,
    9.428116798400879,
    9.449488639831543,
    9.46756362915039,
    9.48579216003418,
    9.504362106323242,
    9.523361206054688,
    9.540604591369629,
    9.557212829589844,
    9.573655128479004,
    9.588706016540527,
    9.603253364562988,
    9.617293357849121,
    9.630261421203613,
    9.642951011657715,
    9.654679298400879
  ],