{
  "alpha": 0.25,
  "k": [
    10,
    20,
    30,
    40,
    50,
    60,
    70,
    80,
    90,
    100,
    110,
    120,
    130,
    140,
    150,
    160,
    170,
    180,
    190,
    200,
    210,
    220,
    230,
    240,
    250,
    260,
    270,
    280,
    290,
    300,
    310,
    320,
    330,
    340,
    350,
    360,
    370,
    380,
    390,
    400,
    410,
    420,
    430,
    440,
    450,
    460,
    470,
    480,
    490,
    500
  ],
  "mean_overlap": [
    0.99331,
    0.9899949999999998,
    0.98487,
    0.976275,
    0.9635980000000002,
    0.9476716666666666,
    0.9297185714285715,
    0.9104949999999999,
    0.8908200000000001,
    0.8710110000000001,
    0.8516045454545454,
    0.8327200000000001,
    0.8140553846153847,
    0.8189507142857143,
    0.8160546666666667,
    0.8197912500000001,
    0.8177676470588237,
    0.8213205555555556,
    0.8190836842105264,
    0.8221475,
    0.8199980952380954,
    0.8229636363636363,
    0.821308695652174,
    0.8243520833333334,
    0.8227772000000001,
    0.8252942307692308,
    0.8237325925925925,
    0.8262025,
    0.8248793103448275,
    0.8269606666666667,
    0.8258248387096774,
    0.827775625,
    0.8265072727272728,
    0.828529705882353,
    0.8272011428571429,
    0.8288669444444445,
    0.8276305405405404,
    0.829417105263158,
    0.8282589743589746,
    0.8298567500000001,
    0.8289024390243903,
    0.830282142857143,
    0.8293062790697675,
    0.8307629545454547,
    0.8297220000000001,
    0.8310113043478261,
    0.8301153191489362,
    0.8313925000000001,
    0.8304799999999999,
    0.8317234
  ],
  "mean_exact_dist": [
    75.23616790771484,
    81.74767303466797,
    86.28350067138672,
    89.75487518310547,
    92.56043243408203,
    94.92469024658203,
    96.9655990600586,
    98.7541732788086,
    100.34425354003906,
    101.77494812011719,
    103.07511901855469,
    104.26585388183594,
    105.35775756835938,
    106.38336181640625,
    107.34062194824219,
    108.24022674560547,
    109.08898162841797,
    109.90331268310547,
    110.65827178955078,
    111.39148712158203,
    112.07176971435547,
    112.74263763427734,
    113.35529327392578,
    113.96782684326172,
    114.56658935546875,
    115.12955474853516,
    115.68135070800781,
    116.21378326416016,
    116.73330688476562,
    117.22782897949219,
    117.71038055419922,
    118.1789321899414,
    118.63420104980469,
    119.07701873779297,
    119.508056640625,
    119.92353820800781,
    120.33073425292969,
    120.74021911621094,
    121.11465454101562,
    121.48646545410156,
    121.86328887939453,
    122.23125457763672,
    122.56877899169922,
    122.92249298095703,
    123.26273345947266,
    123.5877456665039,
    123.89559936523438,
    124.21350860595703,
    124.53593444824219,
    124.84310913085938
  ],
  "mean_ann_dist": [
    75.29302978515625,
    81.81536865234375,
    86.37162780761719,
    89.87576293945312,
    92.73387145996094,
    95.17676544189453,
    97.31998443603516,
    99.23631286621094,
    100.97645568847656,
    102.5788345336914,
    104.07267761230469,
    105.4787826538086,
    106.808349609375,
    107.7685546875,
    108.76654815673828,
    109.62077331542969,
    110.5097885131836,
    111.29019927978516,
    1.7940095518194557e+32,
    112.76599884033203,
    1.623151388734861e+32,
    114.11801147460938,
    114.75822448730469,
    115.34449768066406,
    1.3619465240159738e+32,
    116.50617980957031,
    117.08354187011719,
    117.58727264404297,
    118.1332778930664,
    118.60226440429688,
    119.106689453125,
    119.55400848388672,
    120.03356170654297,
    120.45258331298828,
    120.90818786621094,
    9.457015652066575e+31,
    121.7332763671875,
    122.12547302246094,
    8.73042705596179e+31,
    122.87010955810547,
    123.26348114013672,
    8.106824916148665e+31,
    123.97312927246094,
    124.31254577636719,
    7.567126580349745e+31,
    124.98128509521484,
    125.30155181884766,
    125.60516357421875,
    125.94645690917969,
    126.2410888671875
  ],
  "mean_barycenter_shift": [
    0.00034783667069859803,
    0.0005242083570919931,
    0.0007978336652740836,
    0.0012573391431942582,
    0.0019351650262251496,
    0.0026216967962682247,
    0.0031841357704252005,
    0.003638453781604767,
    0.0040058051235973835,
    0.004350145813077688,
    0.004638324957340956,
    0.00492411432787776,
    0.0052167014218866825,
    0.004965378437191248,
    0.004921162500977516,
    0.004734074231237173,
    0.004700514953583479,
    0.004536213353276253,
    0.004527105484157801,
    0.004408988635987043,
    0.0044087814167141914,
    0.004297316074371338,
    0.004287560470402241,
    0.004187122453004122,
    0.004188953898847103,
    0.004115456249564886,
    0.00412422139197588,
    0.004056039731949568,
    0.0040688831359148026,
    0.004013125319033861,
    0.004022265784442425,
    0.003968901000916958,
    0.003984260838478804,
    0.003927845973521471,
    0.003941574599593878,
    0.003891485510393977,
    0.0039010273758322,
    0.003845032537356019,
    0.003846669802442193,
    0.0037904372438788414,
    0.0037879294250160456,
    0.003739313455298543,
    0.003740045242011547,
    0.003687342396005988,
    0.0036872264463454485,
    0.0036398801021277905,
    0.0036325210239738226,
    0.003586592385545373,
    0.0035848598927259445,
    0.003538333112373948
  ],
  "mean_lid_diff": [
    0.037621498107910156,
    -0.020906448364257812,
    -0.07696723937988281,
    -0.14656543731689453,
    -0.23962974548339844,
    -0.3414306640625,
    -0.46250152587890625,
    -0.589604377746582,
    -0.7192606925964355,
    -0.8580894470214844,
    -1.0170326232910156,
    -1.1717309951782227,
    -1.3301453590393066,
    -1.3024287223815918,
    -1.3335390090942383,
    -1.307847023010254,
    -1.336571216583252,
    -1.3205623626708984,
    -1.3488516807556152,
    -1.334029197692871,
    -1.3636751174926758,
    -1.344719409942627,
    -1.3659687042236328,
    -1.3465251922607422,
    -1.3685626983642578,
    -1.3507232666015625,
    -1.371192455291748,
    -1.3540029525756836,
    -1.3742280006408691,
    -1.3603782653808594,
    -1.3783130645751953,
    -1.3664870262145996,
    -1.3852262496948242,
    -1.370821475982666,
    -1.3885269165039062,
    -1.3795695304870605,
    -1.395632266998291,
    -1.3820281028747559,
    -1.3959670066833496,
    -1.3846778869628906,
    -1.4007487297058105,
    -1.3911466598510742,
    -1.4073076248168945,
    -1.398141860961914,
    -1.4138641357421875,
    -1.4048452377319336,
    -1.42083740234375,
    -1.4121551513671875,
    -1.4260272979736328,
    -1.4175634384155273
  ],
  "mean_lid_exact": [
    11.103926658630371,
    9.602195739746094,
    9.100160598754883,
    8.859625816345215,
    8.735180854797363,
    8.66091251373291,
    8.632641792297363,
    8.629131317138672,
    8.633537292480469,
    8.64780044555664,
    8.675140380859375,
    8.699039459228516,
    8.723891258239746,
    8.752124786376953,
    8.779939651489258,
    8.806407928466797,
    8.835976600646973,
    8.869589805603027,
    8.898378372192383,
    8.928717613220215,
    8.957502365112305,
    8.985376358032227,
    9.011575698852539,
    9.036856651306152,
    9.061990737915039,
    9.087590217590332,
    9.113598823547363,
    9.138285636901855,
    9.163457870483398,
    9.183937072753906,
    9.205802917480469,
    9.22793960571289,
    9.247936248779297,
    9.267571449279785,
    9.286779403686523,
    9.3064546585083,
    9.323019027709961,
    9.33978271484375,
    9.3538818359375,
    9.370205879211426,
    9.386568069458008,
    9.401525497436523,
    9.417560577392578,
    9.43143081665039,
    9.445911407470703,
    9.458999633789062,
    9.4728422164917,
    9.484431266784668,
    9.496570587158203,
    9.508184432983398
  ],