{
  "k": [
    10,
    20,
    30,
    40,
    50,
    60,
    70,
    80,
    90,
    100,
    110,
    120,
    130,
    140,
    150,
    160,
    170,
    180,
    190,
    200,
    210,
    220,
    230,
    240,
    250,
    260,
    270,
    280,
    290,
    300,
    310,
    320,
    330,
    340,
    350,
    360,
    370,
    380,
    390,
    400,
    410,
    420,
    430,
    440,
    450,
    460,
    470,
    480,
    490,
    500
  ],
  "mean_overlap": [
    0.9972200000000001,
    0.99645,
    0.9947933333333334,
    0.9924025,
    0.9893360000000001,
    0.9850233333333334,
    0.9787557142857144,
    0.97065625,
    0.9615377777777779,
    0.9513510000000001,
    0.940430909090909,
    0.9289066666666665,
    0.9168546153846155,
    0.9045271428571429,
    0.8920106666666666,
    0.87929375,
    0.8665582352941177,
    0.8538277777777777,
    0.8410636842105264,
    0.8285314999999999,
    0.8161952380952382,
    0.8040727272727272,
    0.7920708695652174,
    0.7803404166666668,
    0.7688520000000001,
    0.7575961538461539,
    0.7466981481481482,
    0.7360032142857144,
    0.7255758620689655,
    0.71538,
    0.7054790322580645,
    0.6957003125,
    0.6862075757575758,
    0.6769847058823528,
    0.6679722857142858,
    0.6591913888888888,
    0.650594054054054,
    0.6422792105263158,
    0.6340507692307692,
    0.6260030000000001,
    0.6181685365853659,
    0.6106361904761904,
    0.6032276744186046,
    0.5960513636363637,
    0.5889417777777778,
    0.5820273913043479,
    0.57536,
    0.5688010416666667,
    0.5623306122448979,
    0.5560713999999999
  ],
  "mean_exact_dist": [
    75.85939025878906,
    82.40481567382812,
    86.89728546142578,
    90.30349731445312,
    93.06490325927734,
    95.3984146118164,
    97.40972137451172,
    99.17232513427734,
    100.74213409423828,
    102.15910339355469,
    103.45179748535156,
    104.64131164550781,
    105.74299621582031,
    106.80377960205078,
    107.78850555419922,
    108.69354248046875,
    109.54679870605469,
    110.3547134399414,
    111.11563110351562,
    111.84040069580078,
    112.53855895996094,
    113.2095947265625,
    113.84010314941406,
    114.45594787597656,
    115.0608901977539,
    115.72388458251953,
    116.3929672241211,
    117.06277465820312,
    117.7696533203125,
    118.43817138671875,
    119.02169799804688,
    119.61954498291016,
    120.2076187133789,
    120.79429626464844,
    121.43315887451172,
    122.01680755615234,
    122.63904571533203,
    123.27643585205078,
    123.89875793457031,
    124.5106430053711,
    125.24790954589844,
    125.910400390625,
    126.82305908203125,
    127.6401596069336,
    128.59710693359375,
    129.4093780517578,
    130.2952117919922,
    131.08279418945312,
    131.9656982421875,
    132.7987823486328
  ],
  "mean_ann_dist": [
    75.88691711425781,
    82.43277740478516,
    86.9288101196289,
    90.342041015625,
    93.1134033203125,
    95.46125030517578,
    97.49421691894531,
    99.28865051269531,
    100.90225219726562,
    102.37954711914062,
    103.74815368652344,
    105.0300521850586,
    106.24256134033203,
    1.462154501260709e+33,
    6.831606923859976e+32,
    109.44176483154297,
    110.43206787109375,
    1.898812201548438e+32,
    112.32107543945312,
    113.23258209228516,
    114.13566589355469,
    115.03246307373047,
    1.4882693106169489e+32,
    1.4276941965008793e+32,
    5.488424959559798e+32,
    1.3234687363152138e+32,
    8.953755694467758e+32,
    9.913686896855673e+32,
    1.4466915469725003e+33,
    4.6967889975188946e+32,
    9.155958499347059e+32,
    5.5932165838853056e+32,
    1.2047524916284408e+33,
    1.5033933788194033e+33,
    5.2735692469102144e+32,
    1.2438583984994463e+33,
    1.3276919300736096e+33,
    1.2094269532167824e+33,
    1.7959221691801516e+33,
    1.682214745949206e+33,
    9.848782474308465e+32,
    1.9643497917401142e+33,
    1.871046560464185e+33,
    1.96936344889922e+33,
    1.5794945047944328e+33,
    2.2846941663285755e+33,
    1.9023780491459733e+33,
    2.4112978299187766e+33,
    2.330041612135153e+33,
    1.73978948026631e+33
  ],
  "mean_barycenter_shift": [
    0.00019873517157975584,
    0.00023996362870093435,
    0.0003614030429162085,
    0.0005181513261049986,
    0.0007062533404678106,
    0.0009474519756622612,
    0.0012736080680042505,
    0.001609988627023995,
    0.0019459789618849754,
    0.0022851908579468727,
    0.0026165435556322336,
    0.002934786956757307,
    0.0032376835588365793,
    0.003538637887686491,
    0.0038290878292173147,
    0.004111199639737606,
    0.004390725400298834,
    0.0046658883802592754,
    0.004951136186718941,
    0.0052258772775530815,
    0.0055056046694517136,
    0.005793645512312651,
    0.006071122828871012,
    0.006353642791509628,
    0.006640291772782803,
    0.006924513261765242,
    0.007214805576950312,
    0.007503778673708439,
    0.007801789324730635,
    0.00810879934579134,
    0.00842732097953558,
    0.00875606294721365,
    0.009093793109059334,
    0.009438457898795605,
    0.009797340258955956,
    0.010166618041694164,
    0.010544083081185818,
    0.01093198824673891,
    0.011335037648677826,
    0.01174737885594368,
    0.012175717391073704,
    0.012617525644600391,
    0.013075914233922958,
    0.01355672162026167,
    0.014057064428925514,
    0.014576192945241928,
    0.01511324755847454,
    0.015667976811528206,
    0.016238415613770485,
    0.01682390831410885
  ],
  "mean_lid_diff": [
    0.017180442810058594,
    0.0035486221313476562,
    -0.0166473388671875,
    -0.035475730895996094,
    -0.05406475067138672,
    -0.0773611068725586,
    -0.1174936294555664,
    -0.16597557067871094,
    -0.21739768981933594,
    -0.2820930480957031,
    -0.3521270751953125,
    -0.42919349670410156,
    -0.516240119934082,
    -0.6090564727783203,
    -0.7114171981811523,
    -0.8113622665405273,
    -0.9201831817626953,
    -1.0362510681152344,
    -1.1545772552490234,
    -1.2810101509094238,
    -1.4102935791015625,
    -1.5428872108459473,
    -1.678870677947998,
    -1.8203301429748535,
    -1.96160888671875,
    -2.104769706726074,
    -2.2561678886413574,
    -2.4092211723327637,
    -2.5657567977905273,
    -2.722708225250244,
    -2.880980968475342,
    -3.039613723754883,
    -3.198671340942383,
    -3.358792781829834,
    -3.5161590576171875,
    -3.6747074127197266,
    -3.8388185501098633,
    -4.00156307220459,
    -4.163854122161865,
    -4.325754165649414,
    -4.488821506500244,
    -4.652018070220947,
    -4.814730167388916,
    -4.9727396965026855,
    -5.131333827972412,
    -5.287618637084961,
    -5.440989971160889,
    -5.589264869689941,
    -5.735409259796143,
    -5.876535654067993
  ],
  "mean_lid_exact": [
    11.081929206848145,
    9.589584350585938,
    9.098677635192871,
    8.87187385559082,
    8.75511360168457,
    8.706165313720703,
    8.695828437805176,
    8.705862998962402,
    8.718581199645996,
    8.733996391296387,
    8.756845474243164,
    8.775971412658691,
    8.805023193359375,
    8.835185050964355,
    8.86732006072998,
    8.897375106811523,
    8.93073558807373,
    8.961284637451172,
    8.996330261230469,
    9.0286226272583,
    9.059356689453125,
    9.089195251464844,
    9.117877006530762,
    9.1492919921875,
    9.176535606384277,
    9.201735496520996,
    9.228631973266602,
    9.255193710327148,
    9.279930114746094,
    9.304330825805664,
    9.32701301574707,
    9.348457336425781,
    9.369470596313477,
    9.390238761901855,
    9.409079551696777,
    9.426918983459473,
    9.444540977478027,
    9.462788581848145,
    9.47822380065918,
    9.494006156921387,
    9.510287284851074,
    9.525247573852539,
    9.540115356445312,
    9.554123878479004,
    9.56879997253418,
    9.581286430358887,
    9.593689918518066,
    9.606345176696777,
    9.617822647094727,
    9.62902545928955
  ],