{
  "alpha": 1.0,
  "k": [
    10,
    20,
    30,
    40,
    50,
    60,
    70,
    80,
    90,
    100,
    110,
    120,
    130,
    140,
    150,
    160,
    170,
    180,
    190,
    200,
    210,
    220,
    230,
    240,
    250,
    260,
    270,
    280,
    290,
    300,
    310,
    320,
    330,
    340,
    350,
    360,
    370,
    380,
    390,
    400,
    410,
    420,
    430,
    440,
    450,
    460,
    470,
    480,
    490,
    500
  ],
  "mean_overlap": [
    0.9932200000000001,
    0.9899450000000001,
    0.9846233333333334,
    0.9853074999999999,
    0.9869020000000001,
    0.9880833333333332,
    0.9892914285714287,
    0.9902387500000001,
    0.990968888888889,
    0.991519,
    0.9920245454545454,
    0.9925208333333332,
    0.9928800000000001,
    0.9932628571428571,
    0.9935753333333334,
    0.99393,
    0.9942258823529412,
    0.9945194444444443,
    0.9947715789473685,
    0.994964,
    0.9951061904761905,
    0.9952731818181819,
    0.9954643478260871,
    0.9956325,
    0.9957900000000002,
    0.995906923076923,
    0.9960551851851853,
    0.9961932142857144,
    0.9963024137931034,
    0.9963943333333333,
    0.9964906451612904,
    0.9965934375000001,
    0.996670303030303,
    0.9967538235294118,
    0.9968302857142854,
    0.9968875,
    0.9969618918918919,
    0.9970365789473683,
    0.9970976923076923,
    0.99715875,
    0.9972117073170733,
    0.9972840476190475,
    0.9973367441860466,
    0.997398181818182,
    0.9974364444444443,
    0.9974884782608696,
    0.9975376595744682,
    0.9975810416666667,
    0.9976273469387754,
    0.9976718000000001
  ],
  "mean_exact_dist": [
    75.3465805053711,
    81.9303970336914,
    86.3762435913086,
    89.74821472167969,
    92.4827651977539,
    94.79617309570312,
    96.81319427490234,
    98.60040283203125,
    100.19419860839844,
    101.62964630126953,
    102.93486022949219,
    104.1328125,
    105.23967742919922,
    106.26858520507812,
    107.22969818115234,
    108.13216400146484,
    108.98313903808594,
    109.78829956054688,
    110.552734375,
    111.28060150146484,
    111.9755859375,
    112.64077758789062,
    113.27874755859375,
    113.89189910888672,
    114.4822006225586,
    115.05127716064453,
    115.6006851196289,
    116.13177490234375,
    116.64582824707031,
    117.14391326904297,
    117.62711334228516,
    118.0964126586914,
    118.55252838134766,
    118.99610137939453,
    119.42776489257812,
    119.84809875488281,
    120.2576904296875,
    120.65705108642578,
    121.04661560058594,
    121.42684936523438,
    121.79820251464844,
    122.16100311279297,
    122.515625,
    122.86239624023438,
    123.20162200927734,
    123.53365325927734,
    123.8587646484375,
    124.1772232055664,
    124.48932647705078,
    124.79524993896484
  ],
  "mean_ann_dist": [
    75.39875030517578,
    81.99470520019531,
    86.46214294433594,
    89.82477569580078,
    92.54840850830078,
    94.85330200195312,
    96.86409759521484,
    98.64488220214844,
    100.2345962524414,
    101.66697692871094,
    102.9697265625,
    104.16507720947266,
    105.27006530761719,
    106.2968978881836,
    107.25667572021484,
    108.15769958496094,
    109.00752258300781,
    109.8113021850586,
    110.5744857788086,
    111.30132293701172,
    111.99555969238281,
    112.65997314453125,
    113.2972412109375,
    113.90982818603516,
    114.4994125366211,
    115.06797790527344,
    115.6168212890625,
    116.14741516113281,
    116.66092681884766,
    117.15850067138672,
    117.64128875732422,
    118.11017608642578,
    118.56588745117188,
    119.00910949707031,
    119.44052124023438,
    119.8605728149414,
    120.2698974609375,
    120.66897583007812,
    121.0582504272461,
    121.43828582763672,
    121.80938720703125,
    122.17192840576172,
    122.52632141113281,
    122.87287139892578,
    123.21182250976562,
    123.543701171875,
    123.86863708496094,
    124.18692779541016,
    124.49882507324219,
    124.80453491210938
  ],
  "mean_barycenter_shift": [
    0.00036646320950239897,
    0.0005247704684734344,
    0.0008013570914044976,
    0.0007438758038915694,
    0.0006415241514332592,
    0.000571774085983634,
    0.0005080015980638564,
    0.00046130400733090937,
    0.0004222892166581005,
    0.00039511595969088376,
    0.00036707360413856804,
    0.0003423227753955871,
    0.0003254215116612613,
    0.00030713537125848234,
    0.0002916477096732706,
    0.0002725330996327102,
    0.00025809963699430227,
    0.00024325569393113256,
    0.00023267020878847688,
    0.00022388358775060624,
    0.0002186042256653309,
    0.0002118152187904343,
    0.00020314610446803272,
    0.00019428509403951466,
    0.00018785097927320749,
    0.00018305805861018598,
    0.0001766792993294075,
    0.00016919705376494676,
    0.00016581089585088193,
    0.00016038947796914726,
    0.00015652419824618846,
    0.00015216023894026875,
    0.0001483475643908605,
    0.00014526638551615179,
    0.00014249830564949661,
    0.0001399123721057549,
    0.0001370836398564279,
    0.00013403255434241146,
    0.00013214792124927044,
    0.00012914471153635532,
    0.00012617414176929742,
    0.00012320239329710603,
    0.00012114300625398755,
    0.00011865975830005482,
    0.00011747206735890359,
    0.00011516262020450085,
    0.00011293112038401887,
    0.0001112490426748991,
    0.00010969676077365875,
    0.00010771251982077956
  ],
  "mean_lid_diff": [
    0.025994300842285156,
    -0.03256702423095703,
    -0.07958126068115234,
    -0.08847999572753906,
    -0.08614253997802734,
    -0.08083534240722656,
    -0.07064628601074219,
    -0.05698108673095703,
    -0.057758331298828125,
    -0.05485057830810547,
    -0.05377388000488281,
    -0.05046844482421875,
    -0.04878807067871094,
    -0.044483184814453125,
    -0.04305076599121094,
    -0.04253673553466797,
    -0.03955364227294922,
    -0.03826618194580078,
    -0.03784465789794922,
    -0.03575706481933594,
    -0.0348968505859375,
    -0.035294532775878906,
    -0.03328132629394531,
    -0.03368186950683594,
    -0.03220176696777344,
    -0.03141021728515625,
    -0.030000686645507812,
    -0.03054523468017578,
    -0.02891063690185547,
    -0.028070449829101562,
    -0.028229713439941406,
    -0.027317047119140625,
    -0.027204513549804688,
    -0.026031494140625,
    -0.026076316833496094,
    -0.02474498748779297,
    -0.02537250518798828,
    -0.02446269989013672,
    -0.024164199829101562,
    -0.023263931274414062,
    -0.02318859100341797,
    -0.022909164428710938,
    -0.02200794219970703,
    -0.02220630645751953,
    -0.022568702697753906,
    -0.021730422973632812,
    -0.021338462829589844,
    -0.021149635314941406,
    -0.020880699157714844,
    -0.020261764526367188
  ],
  "mean_lid_exact": [
    11.127166748046875,
    9.591514587402344,
    9.109856605529785,
    8.869894981384277,
    8.750004768371582,
    8.673412322998047,
    8.63559627532959,
    8.625983238220215,
    8.639481544494629,
    8.659671783447266,
    8.68704891204834,
    8.712798118591309,
    8.741908073425293,
    8.775221824645996,
    8.807697296142578,
    8.840590476989746,
    8.871755599975586,
    8.90386962890625,
    8.936796188354492,
    8.966869354248047,
    8.996798515319824,
    9.027505874633789,
    9.054141998291016,
    9.080364227294922,
    9.106772422790527,
    9.1342191696167,
    9.159627914428711,
    9.185630798339844,
    9.20871639251709,
    9.233834266662598,
    9.2561674118042,
    9.275808334350586,
    9.296192169189453,
    9.316105842590332,
    9.336008071899414,
    9.35588550567627,
    9.374585151672363,
    9.392230033874512,
    9.409022331237793,
    9.425323486328125,
    9.441228866577148,
    9.455697059631348,
    9.470396995544434,
    9.484896659851074,
    9.49851131439209,
    9.511353492736816,
    9.523924827575684,
    9.53568172454834,
    9.547663688659668,
    9.559054374694824
  ],