{
  "alpha": 2.0,
  "k": [
    10,
    20,
    30,
    40,
    50,
    60,
    70,
    80,
    90,
    100,
    110,
    120,
    130,
    140,
    150,
    160,
    170,
    180,
    190,
    200,
    210,
    220,
    230,
    240,
    250,
    260,
    270,
    280,
    290,
    300,
    310,
    320,
    330,
    340,
    350,
    360,
    370,
    380,
    390,
    400,
    410,
    420,
    430,
    440,
    450,
    460,
    470,
    480,
    490,
    500
  ],
  "mean_overlap": [
    0.9925799999999999,
    0.99267,
    0.9949433333333334,
    0.9961975000000001,
    0.9968239999999999,
    0.9974033333333333,
    0.9977742857142857,
    0.9980100000000001,
    0.9982222222222222,
    0.9983850000000001,
    0.9985427272727273,
    0.998675,
    0.9987938461538463,
    0.9988907142857142,
    0.9989546666666667,
    0.9990262500000001,
    0.9990970588235294,
    0.9991494444444444,
    0.9991973684210527,
    0.9992404999999999,
    0.9992666666666666,
    0.9992954545454545,
    0.9993369565217392,
    0.9993670833333334,
    0.9993928,
    0.9994180769230768,
    0.9994351851851853,
    0.9994607142857143,
    0.9994851724137931,
    0.9995063333333334,
    0.9995229032258065,
    0.9995415624999999,
    0.9995575757575758,
    0.9995700000000001,
    0.9995845714285715,
    0.9995944444444443,
    0.9996064864864865,
    0.9996192105263156,
    0.9996315384615384,
    0.9996377500000001,
    0.9996495121951219,
    0.9996540476190475,
    0.9996655813953488,
    0.9996745454545453,
    0.9996833333333333,
    0.9996889130434784,
    0.9996963829787235,
    0.9997002083333333,
    0.9997061224489796,
    0.9997173999999999
  ],
  "mean_exact_dist": [
    76.34443664550781,
    83.01134490966797,
    87.59410095214844,
    91.07886505126953,
    93.90230560302734,
    96.2839584350586,
    98.33944702148438,
    100.14348602294922,
    101.7494888305664,
    103.19564819335938,
    104.51126098632812,
    105.71849822998047,
    106.83380889892578,
    107.87045288085938,
    108.83948516845703,
    109.74966430664062,
    110.60836029052734,
    111.42102813720703,
    112.19266510009766,
    112.92698669433594,
    113.62791442871094,
    114.29855346679688,
    114.94135284423828,
    115.55860137939453,
    116.15238952636719,
    116.72428894042969,
    117.2759780883789,
    117.80895233154297,
    118.3243408203125,
    118.82340240478516,
    119.3071517944336,
    119.77656555175781,
    120.23245239257812,
    120.67545318603516,
    121.10631561279297,
    121.52566528320312,
    121.93402862548828,
    122.33196258544922,
    122.72003936767578,
    123.09870147705078,
    123.46835327148438,
    123.82938385009766,
    124.18223571777344,
    124.5271987915039,
    124.8646240234375,
    125.19482421875,
    125.51805114746094,
    125.83464050292969,
    126.1447982788086,
    126.4488525390625
  ],
  "mean_ann_dist": [
    76.40294647216797,
    83.06108856201172,
    87.62637329101562,
    91.1016845703125,
    93.92078399658203,
    96.29911041259766,
    98.35234069824219,
    100.15470123291016,
    101.75933837890625,
    103.2043228149414,
    104.51927947998047,
    105.72582244873047,
    106.84056091308594,
    107.87682342529297,
    108.8454360961914,
    109.75516510009766,
    110.61343383789062,
    111.42579650878906,
    112.19715881347656,
    112.93122863769531,
    113.63192749023438,
    114.30237579345703,
    114.94505310058594,
    115.5621337890625,
    116.15572357177734,
    116.7275161743164,
    117.27909851074219,
    117.81196594238281,
    118.32723999023438,
    118.82620239257812,
    119.3098373413086,
    119.77913665771484,
    120.23493957519531,
    120.67786407470703,
    121.10865020751953,
    121.52788543701172,
    121.93621063232422,
    122.33409881591797,
    122.72208404541016,
    123.10066223144531,
    123.47025299072266,
    123.83123779296875,
    124.18403625488281,
    124.5289535522461,
    124.86632537841797,
    125.19650268554688,
    125.51971435546875,
    125.83625030517578,
    126.14640045166016,
    126.45038604736328
  ],
  "mean_barycenter_shift": [
    0.00038888055132701993,
    0.00036364421248435974,
    0.00024367260630242527,
    0.00018453264783602208,
    0.0001522819948149845,
    0.00012683073873631656,
    0.0001072477680281736,
    9.708243305794895e-05,
    8.6093285062816e-05,
    7.798503065714613e-05,
    6.895573460496962e-05,
    6.310634489636868e-05,
    5.727766256313771e-05,
    5.247276567388326e-05,
    4.920291030430235e-05,
    4.596302824211307e-05,
    4.175596768618561e-05,
    3.92717047361657e-05,
    3.6794979678234085e-05,
    3.4957105526700616e-05,
    3.395226667635143e-05,
    3.2658688724040985e-05,
    3.029731124115642e-05,
    2.8613680115086026e-05,
    2.784424759738613e-05,
    2.6813089789357036e-05,
    2.6040986995212734e-05,
    2.493618922017049e-05,
    2.363516432524193e-05,
    2.271562880196143e-05,
    2.2136613551992923e-05,
    2.1559761080425233e-05,
    2.1033181837992743e-05,
    2.0298128220019862e-05,
    1.992521356442012e-05,
    1.9359726138645783e-05,
    1.8822991478373297e-05,
    1.8521746824262664e-05,
    1.7920083337230608e-05,
    1.781331047823187e-05,
    1.719019201118499e-05,
    1.7107104213209823e-05,
    1.671916470513679e-05,
    1.640419941395521e-05,
    1.6219320968957618e-05,
    1.598522430867888e-05,
    1.561892895551864e-05,
    1.5497269487241283e-05,
    1.5319083104259335e-05,
    1.495202650403371e-05
  ],
  "mean_lid_diff": [
    0.04852294921875,
    -0.004029273986816406,
    -0.006524085998535156,
    -0.005063056945800781,
    -0.00473785400390625,
    -0.010972976684570312,
    -0.010476112365722656,
    -0.009143829345703125,
    -0.009091377258300781,
    -0.008031845092773438,
    -0.009182929992675781,
    -0.0066165924072265625,
    -0.006249427795410156,
    -0.006163597106933594,
    -0.0053806304931640625,
    -0.005715370178222656,
    -0.0051670074462890625,
    -0.00641632080078125,
    -0.0055999755859375,
    -0.005461692810058594,
    -0.004763603210449219,
    -0.005335807800292969,
    -0.0038175582885742188,
    -0.004202842712402344,
    -0.0033416748046875,
    -0.0034008026123046875,
    -0.004291534423828125,
    -0.00366973876953125,
    -0.0035572052001953125,
    -0.003597259521484375,
    -0.002902984619140625,
    -0.00281524658203125,
    -0.0028400421142578125,
    -0.0030603408813476562,
    -0.0024585723876953125,
    -0.0025510787963867188,
    -0.0027980804443359375,
    -0.0023288726806640625,
    -0.0023298263549804688,
    -0.0026750564575195312,
    -0.0025730133056640625,
    -0.0024175643920898438,
    -0.0023813247680664062,
    -0.0023851394653320312,
    -0.0024442672729492188,
    -0.0021028518676757812,
    -0.0019550323486328125,
    -0.0023050308227539062,
    -0.002349853515625,
    -0.0018167495727539062
  ],