{
  "alpha": 4.0,
  "k": [
    10,
    20,
    30,
    40,
    50,
    60,
    70,
    80,
    90,
    100,
    110,
    120,
    130,
    140,
    150,
    160,
    170,
    180,
    190,
    200,
    210,
    220,
    230,
    240,
    250,
    260,
    270,
    280,
    290,
    300,
    310,
    320,
    330,
    340,
    350,
    360,
    370,
    380,
    390,
    400,
    410,
    420,
    430,
    440,
    450,
    460,
    470,
    480,
    490,
    500
  ],
  "mean_overlap": [
    0.99472,
    0.99724,
    0.99802,
    0.9985825,
    0.9988879999999999,
    0.9990683333333332,
    0.9992542857142859,
    0.9993675,
    0.9994355555555554,
    0.999503,
    0.999548181818182,
    0.9995975,
    0.9996392307692306,
    0.9996792857142857,
    0.9997046666666667,
    0.9997375,
    0.9997582352941176,
    0.9997749999999999,
    0.9997905263157896,
    0.9998055,
    0.9998128571428572,
    0.9998204545454545,
    0.9998278260869565,
    0.9998420833333334,
    0.9998507999999999,
    0.9998603846153845,
    0.9998655555555556,
    0.9998753571428574,
    0.999885172413793,
    0.999891,
    0.9998945161290324,
    0.9998996875,
    0.9999006060606062,
    0.9999035294117647,
    0.9999102857142858,
    0.9999147222222222,
    0.9999167567567567,
    0.99992,
    0.9999223076923077,
    0.9999239999999999,
    0.9999268292682928,
    0.9999292857142856,
    0.9999341860465116,
    0.9999356818181819,
    0.9999379999999999,
    0.9999404347826086,
    0.999941489361702,
    0.999944375,
    0.9999473469387754,
    0.99995
  ],
  "mean_exact_dist": [
    76.3860092163086,
    83.12767028808594,
    87.7303466796875,
    91.22197723388672,
    94.04851531982422,
    96.42997741699219,
    98.47911071777344,
    100.27063751220703,
    101.86175537109375,
    103.29212188720703,
    104.59063720703125,
    105.77973937988281,
    106.87802124023438,
    107.89898681640625,
    108.85322570800781,
    109.74933624267578,
    110.59451293945312,
    111.39443969726562,
    112.15373992919922,
    112.87692260742188,
    113.56747436523438,
    114.22858428955078,
    114.86280059814453,
    115.47232818603516,
    116.05916595458984,
    116.6248779296875,
    117.17093658447266,
    117.69877624511719,
    118.20953369140625,
    118.70436096191406,
    119.1842269897461,
    119.65006256103516,
    120.10272216796875,
    120.54293823242188,
    120.97132873535156,
    121.38851165771484,
    121.79499053955078,
    122.1912841796875,
    122.57788848876953,
    122.95525360107422,
    123.32379913330078,
    123.68392181396484,
    124.03596496582031,
    124.38028717041016,
    124.71717834472656,
    125.04698944091797,
    125.3699722290039,
    125.6864242553711,
    125.99659729003906,
    126.30072784423828
  ],
  "mean_ann_dist": [
    76.43372344970703,
    83.1536636352539,
    87.74832153320312,
    91.23519897460938,
    94.05854797363281,
    96.43841552734375,
    98.48558807373047,
    100.27618408203125,
    101.86669921875,
    103.29660034179688,
    104.59455871582031,
    105.7833023071289,
    106.88130950927734,
    107.90190887451172,
    108.85598754882812,
    109.75182342529297,
    110.5968246459961,
    111.39652252197266,
    112.15574645996094,
    112.87882232666016,
    113.56929016113281,
    114.23030090332031,
    114.86444854736328,
    115.47384643554688,
    116.06060028076172,
    116.62625122070312,
    117.17228698730469,
    117.70002746582031,
    118.21072387695312,
    118.70549011230469,
    119.18531036376953,
    119.651123046875,
    120.10377502441406,
    120.54395294189453,
    120.97229766845703,
    121.38943481445312,
    121.79589080810547,
    122.1921615600586,
    122.5787353515625,
    122.95608520507812,
    123.32460021972656,
    123.68470001220703,
    124.03669738769531,
    124.38101196289062,
    124.7178726196289,
    125.04767608642578,
    125.37065124511719,
    125.68708801269531,
    125.99722290039062,
    126.30133819580078
  ],
  "mean_barycenter_shift": [
    0.0002770830178633332,
    0.00013389992818702012,
    9.454180690227076e-05,
    6.817640678491443e-05,
    5.314129521138966e-05,
    4.435775917954743e-05,
    3.448530696914531e-05,
    2.9462298698490486e-05,
    2.6827847250388004e-05,
    2.294852129125502e-05,
    2.1250589270493947e-05,
    1.9089902707492e-05,
    1.7084837963921018e-05,
    1.5300369341275655e-05,
    1.382176014885772e-05,
    1.231206624652259e-05,
    1.1221632121305447e-05,
    1.0585612471913919e-05,
    9.761953151610214e-06,
    9.070577107195277e-06,
    8.721244739717804e-06,
    8.394650649279356e-06,
    7.991423444764223e-06,
    7.247659596032463e-06,
    6.986409971432295e-06,
    6.444137397920713e-06,
    6.15590215602424e-06,
    5.6832122936611995e-06,
    5.283202426653588e-06,
    5.176341346668778e-06,
    5.086242254037643e-06,
    4.836910193262156e-06,
    4.780846666108118e-06,
    4.6699506128788926e-06,
    4.334280674811453e-06,
    4.151602297497448e-06,
    4.077557150594657e-06,
    3.9298479350691196e-06,
    3.7977940792188747e-06,
    3.6513179111352656e-06,
    3.5031600873480784e-06,
    3.372753099029069e-06,
    3.1355787086795317e-06,
    3.0799487831245642e-06,
    2.9876164262532257e-06,
    2.9162333703425247e-06,
    2.8393596949172206e-06,
    2.697952140806592e-06,
    2.5704507606860716e-06,
    2.4732303245400544e-06
  ],
  "mean_lid_diff": [
    0.04863929748535156,
    0.02299785614013672,
    0.013607025146484375,
    0.012582778930664062,
    0.009022712707519531,
    0.00572967529296875,
    0.003971099853515625,
    0.0039844512939453125,
    0.0032863616943359375,
    0.0031080245971679688,
    0.0018062591552734375,
    0.00029850006103515625,
    0.00147247314453125,
    0.0009832382202148438,
    0.0016565322875976562,
    0.0009183883666992188,
    0.0005636215209960938,
    -1.71661376953125e-05,
    0.0004291534423828125,
    0.0003070831298828125,
    0.00019168853759765625,
    -9.72747802734375e-05,
    9.441375732421875e-05,
    -0.0002117156982421875,
    0.000156402587890625,
    -9.72747802734375e-05,
    -0.0001277923583984375,
    -0.00041675567626953125,
    6.29425048828125e-05,
    6.67572021484375e-05,
    -0.000225067138671875,
    3.814697265625e-05,
    1.9073486328125e-06,
    -8.58306884765625e-06,
    -5.340576171875e-05,
    -9.250640869140625e-05,
    0.00022792816162109375,
    -2.193450927734375e-05,
    -3.24249267578125e-05,
    -0.00021076202392578125,
    -2.288818359375e-05,
    0.00011539459228515625,
    -0.00014019012451171875,
    0.00018310546875,
    -0.00012302398681640625,
    -0.00014209747314453125,
    -0.00011444091796875,
    0.00017547607421875,
    1.9073486328125e-05,
    0.0001316070556640625
  ],
  "mean_lid_exact": [
    10.996475219726562,
    9.567937850952148,
    9.092788696289062,
    8.86896800994873,
    8.756924629211426,
    8.703058242797852,
    8.683945655822754,
    8.690606117248535,
    8.695237159729004,
    8.72542667388916,
    8.754201889038086,
    8.788507461547852,
    8.818124771118164,
    8.854358673095703,
    8.888816833496094,
    8.924312591552734,
    8.95751953125,
    8.991827964782715,
    9.029470443725586,
    9.06154727935791,
    9.091219902038574,
    9.119490623474121,
    9.149149894714355,
    9.176682472229004,
    9.205205917358398,
    9.235150337219238,
    9.261761665344238,
    9.286431312561035,
    9.312701225280762,
    9.336847305297852,
    9.361105918884277,
    9.382407188415527,
    9.403413772583008,
    9.423199653625488,
    9.443562507629395,
    9.462357521057129,
    9.483094215393066,
    9.501259803771973,
    9.518342018127441,
    9.535828590393066,
    9.55195426940918,
    9.568601608276367,
    9.583741188049316,
    9.599356651306152,
    9.61565113067627,
    9.629172325134277,
    9.641616821289062,
    9.65477180480957,
    9.667396545410156,
    9.67839241027832
  ],