{
  "alpha": 0.5,
  "k": [
    10,
    20,
    30,
    40,
    50,
    60,
    70,
    80,
    90,
    100,
    110,
    120,
    130,
    140,
    150,
    160,
    170,
    180,
    190,
    200,
    210,
    220,
    230,
    240,
    250,
    260,
    270,
    280,
    290,
    300,
    310,
    320,
    330,
    340,
    350,
    360,
    370,
    380,
    390,
    400,
    410,
    420,
    430,
    440,
    450,
    460,
    470,
    480,
    490,
    500
  ],
  "mean_overlap": [
    0.99315,
    0.9897,
    0.9841666666666666,
    0.9757549999999999,
    0.9624379999999999,
    0.9461766666666667,
    0.939927142857143,
    0.942075,
    0.9437077777777778,
    0.944968,
    0.9465881818181817,
    0.9478591666666667,
    0.9491561538461539,
    0.9508,
    0.9521553333333334,
    0.953159375,
    0.9541694117647059,
    0.9548844444444443,
    0.9556563157894736,
    0.956275,
    0.9567861904761905,
    0.9572427272727273,
    0.9576678260869564,
    0.9580166666666667,
    0.9583208000000001,
    0.9585353846153845,
    0.9588711111111111,
    0.9591742857142858,
    0.9595089655172414,
    0.9597426666666666,
    0.9599767741935484,
    0.9602875,
    0.960650909090909,
    0.9609876470588234,
    0.9612645714285715,
    0.9615463888888888,
    0.9619424324324324,
    0.9622357894736843,
    0.9624807692307693,
    0.9626389999999999,
    0.9628165853658537,
    0.963002619047619,
    0.9631930232558139,
    0.9633131818181819,
    0.963469777777778,
    0.9635410869565217,
    0.9636868085106384,
    0.9637741666666667,
    0.9638795918367347,
    0.9639104
  ],
  "mean_exact_dist": [
    75.7557601928711,
    82.41719055175781,
    86.97356414794922,
    90.43769073486328,
    93.24092102050781,
    95.60710906982422,
    97.65213775634766,
    99.44281005859375,
    101.0350341796875,
    102.46932220458984,
    103.77336883544922,
    104.96978759765625,
    106.0745849609375,
    107.10177612304688,
    108.06242370605469,
    108.96514129638672,
    109.81694793701172,
    110.62332153320312,
    111.38912200927734,
    112.11869812011719,
    112.81552124023438,
    113.48252868652344,
    114.12222290039062,
    114.73680877685547,
    115.32820129394531,
    115.89817810058594,
    116.44831085205078,
    116.9801025390625,
    117.49473571777344,
    117.9932861328125,
    118.47679901123047,
    118.94615173339844,
    119.40223693847656,
    119.84574890136719,
    120.27733612060547,
    120.69762420654297,
    121.10726165771484,
    121.5067367553711,
    121.896484375,
    122.27693939208984,
    122.64852142333984,
    123.01166534423828,
    123.36666107177734,
    123.71379852294922,
    124.0534896850586,
    124.38600158691406,
    124.71160125732422,
    125.03056335449219,
    125.3431625366211,
    125.64965057373047
  ],
  "mean_ann_dist": [
    75.8268051147461,
    82.49445343017578,
    87.07015991210938,
    90.56645202636719,
    93.4229965209961,
    95.87138366699219,
    97.94145202636719,
    99.71270751953125,
    101.29069519042969,
    102.71361541748047,
    104.008544921875,
    105.19695281982422,
    106.2920150756836,
    107.3072280883789,
    108.2593994140625,
    109.15572357177734,
    110.00267791748047,
    110.80477142333984,
    111.56680297851562,
    112.29389953613281,
    112.98886108398438,
    113.65397644042969,
    114.29174041748047,
    114.9052734375,
    115.495849609375,
    116.06434631347656,
    116.61405181884766,
    117.14534759521484,
    117.65811157226562,
    118.15596008300781,
    118.63849639892578,
    119.1059341430664,
    119.55999755859375,
    120.00142669677734,
    120.43131256103516,
    120.84978485107422,
    121.25759887695312,
    121.65499877929688,
    122.0427474975586,
    122.42207336425781,
    122.79251098632812,
    123.154541015625,
    123.50834655761719,
    123.8547592163086,
    124.193359375,
    124.52535247802734,
    124.8506088256836,
    125.1687240600586,
    125.48102569580078,
    125.78717803955078
  ],
  "mean_barycenter_shift": [
    0.00038239749846979976,
    0.0005388978170230985,
    0.0008261057664640248,
    0.0012648599222302437,
    0.001983961556106806,
    0.002692227018997073,
    0.00279807997867465,
    0.0025776741094887257,
    0.0024102949537336826,
    0.00227364688180387,
    0.002140758326277137,
    0.0020372094586491585,
    0.0019288526382297277,
    0.0018303287215530872,
    0.00175103812944144,
    0.001684325048699975,
    0.0016257617389783263,
    0.0015792511403560638,
    0.0015324631240218878,
    0.0014904403360560536,
    0.0014545634621754289,
    0.0014225662453100085,
    0.0013891172129660845,
    0.0013685716548934579,
    0.0013484240043908358,
    0.0013320371508598328,
    0.0013109788997098804,
    0.0012929110089316964,
    0.0012687299167737365,
    0.001256049145013094,
    0.001238438067957759,
    0.0012233903398737311,
    0.0012042324524372816,
    0.0011826643021777272,
    0.0011630509980022907,
    0.001145771355368197,
    0.0011232424294576049,
    0.0011027465807273984,
    0.0010848494712263346,
    0.0010711817303672433,
    0.0010568853467702866,
    0.001042224932461977,
    0.0010278612608090043,
    0.001017628121189773,
    0.0010053556179627776,
    0.0010011690901592374,
    0.0009921849705278873,
    0.0009839193662628531,
    0.0009763139532878995,
    0.0009709016885608435
  ],
  "mean_lid_diff": [
    0.03863811492919922,
    -0.021932601928710938,
    -0.0653066635131836,
    -0.13239574432373047,
    -0.22945499420166016,
    -0.33367919921875,
    -0.38767147064208984,
    -0.38213157653808594,
    -0.37541866302490234,
    -0.3607358932495117,
    -0.34781646728515625,
    -0.3369579315185547,
    -0.33304500579833984,
    -0.32418155670166016,
    -0.3176145553588867,
    -0.3155403137207031,
    -0.3043794631958008,
    -0.29886341094970703,
    -0.2964792251586914,
    -0.2962532043457031,
    -0.29497337341308594,
    -0.2941446304321289,
    -0.29105472564697266,
    -0.28740501403808594,
    -0.28705883026123047,
    -0.2871856689453125,
    -0.2847099304199219,
    -0.2835397720336914,
    -0.2818880081176758,
    -0.2800111770629883,
    -0.27641963958740234,
    -0.27732086181640625,
    -0.27661705017089844,
    -0.27395153045654297,
    -0.27362728118896484,
    -0.27323341369628906,
    -0.2698192596435547,
    -0.2676658630371094,
    -0.2673683166503906,
    -0.26601600646972656,
    -0.26559925079345703,
    -0.2647132873535156,
    -0.26303768157958984,
    -0.26059722900390625,
    -0.26044750213623047,
    -0.25917816162109375,
    -0.25814056396484375,
    -0.2566814422607422,
    -0.25807666778564453,
    -0.2582874298095703
  ],
  "mean_lid_exact": [
    11.115702629089355,
    9.605427742004395,
    9.081850051879883,
    8.856971740722656,
    8.720921516418457,
    8.666452407836914,
    8.658982276916504,
    8.665559768676758,
    8.673294067382812,
    8.69461727142334,
    8.715091705322266,
    8.741226196289062,
    8.777280807495117,
    8.808843612670898,
    8.840350151062012,
    8.873489379882812,
    8.903651237487793,
    8.933878898620605,
    8.96602725982666,
    8.999189376831055,
    9.030266761779785,
    9.061098098754883,
    9.089119911193848,
    9.116296768188477,
    9.144036293029785,
    9.172903060913086,
    9.19870662689209,
    9.223526954650879,
    9.247552871704102,
    9.270556449890137,
    9.293367385864258,
    9.315584182739258,
    9.336917877197266,
    9.355523109436035,
    9.3740816116333,
    9.392428398132324,
    9.408401489257812,
    9.424128532409668,
    9.441798210144043,
    9.456331253051758,
    9.47164249420166,
    9.486541748046875,
    9.501248359680176,
    9.514861106872559,
    9.528167724609375,
    9.540663719177246,
    9.553434371948242,
    9.564435005187988,
    9.577505111694336,
    9.587993621826172
  ],