{
  "alpha": 1.0,
  "k": [
    10,
    20,
    30,
    40,
    50,
    60,
    70,
    80,
    90,
    100,
    110,
    120,
    130,
    140,
    150,
    160,
    170,
    180,
    190,
    200,
    210,
    220,
    230,
    240,
    250,
    260,
    270,
    280,
    290,
    300,
    310,
    320,
    330,
    340,
    350,
    360,
    370,
    380,
    390,
    400,
    410,
    420,
    430,
    440,
    450,
    460,
    470,
    480,
    490,
    500
  ],
  "mean_overlap": [
    0.99315,
    0.9897,
    0.9841666666666666,
    0.985015,
    0.9866860000000001,
    0.98825,
    0.9894557142857144,
    0.9904287500000001,
    0.9910622222222224,
    0.991769,
    0.9922781818181818,
    0.9926558333333334,
    0.9930238461538462,
    0.9934264285714286,
    0.9937380000000001,
    0.9940725,
    0.9943829411764705,
    0.9945722222222223,
    0.9948126315789474,
    0.995,
    0.9951576190476191,
    0.9953359090909091,
    0.9954704347826088,
    0.9955804166666666,
    0.9957172000000001,
    0.9958315384615384,
    0.995941111111111,
    0.9960457142857143,
    0.9961455172413792,
    0.9962596666666667,
    0.9963532258064515,
    0.9964443749999998,
    0.9965515151515152,
    0.9966497058823528,
    0.9967354285714286,
    0.9968136111111111,
    0.9969135135135135,
    0.9969776315789474,
    0.9970538461538463,
    0.9971250000000002,
    0.997178780487805,
    0.9972361904761905,
    0.9973109302325581,
    0.9973493181818183,
    0.9973957777777778,
    0.997439347826087,
    0.9975004255319149,
    0.9975320833333335,
    0.9975936734693878,
    0.99764
  ],
  "mean_exact_dist": [
    75.7557601928711,
    82.41719055175781,
    86.97356414794922,
    90.43769073486328,
    93.24092102050781,
    95.60710906982422,
    97.65213775634766,
    99.44281005859375,
    101.0350341796875,
    102.46932220458984,
    103.77336883544922,
    104.96978759765625,
    106.0745849609375,
    107.10177612304688,
    108.06242370605469,
    108.96514129638672,
    109.81694793701172,
    110.62332153320312,
    111.38912200927734,
    112.11869812011719,
    112.81552124023438,
    113.48252868652344,
    114.12222290039062,
    114.73680877685547,
    115.32820129394531,
    115.89817810058594,
    116.44831085205078,
    116.9801025390625,
    117.49473571777344,
    117.9932861328125,
    118.47679901123047,
    118.94615173339844,
    119.40223693847656,
    119.84574890136719,
    120.27733612060547,
    120.69762420654297,
    121.10726165771484,
    121.5067367553711,
    121.896484375,
    122.27693939208984,
    122.64852142333984,
    123.01166534423828,
    123.36666107177734,
    123.71379852294922,
    124.0534896850586,
    124.38600158691406,
    124.71160125732422,
    125.03056335449219,
    125.3431625366211,
    125.64965057373047
  ],
  "mean_ann_dist": [
    75.8268051147461,
    82.49445343017578,
    87.07015991210938,
    90.5181884765625,
    93.30583953857422,
    95.66387939453125,
    97.70189666748047,
    99.48722839355469,
    101.07585144042969,
    102.50651550292969,
    103.80805206298828,
    105.002197265625,
    106.1041259765625,
    107.12987518310547,
    108.08877563476562,
    108.9900131225586,
    109.84027862548828,
    110.64562225341797,
    111.410400390625,
    112.13909912109375,
    112.83509826660156,
    113.50115203857422,
    114.14035034179688,
    114.75434112548828,
    115.34507751464844,
    115.9145278930664,
    116.46424865722656,
    116.99565887451172,
    117.50987243652344,
    118.00797271728516,
    118.49107360839844,
    118.9600601196289,
    119.41574096679688,
    119.8588638305664,
    120.29010009765625,
    120.71003723144531,
    121.11937713623047,
    121.51858520507812,
    121.90802764892578,
    122.28814697265625,
    122.65955352783203,
    123.02245330810547,
    123.37715911865234,
    123.72411346435547,
    124.06359100341797,
    124.39591217041016,
    124.72129821777344,
    125.0401382446289,
    125.35250091552734,
    125.65877532958984
  ],
  "mean_barycenter_shift": [
    0.00038239749846979976,
    0.0005388978170230985,
    0.0008261057664640248,
    0.0007476744358427823,
    0.0006507501238957047,
    0.0005650531966239214,
    0.0005046565784141421,
    0.0004545829724520445,
    0.0004213265492580831,
    0.0003867095510940999,
    0.0003582509816624224,
    0.00034035605494864285,
    0.0003231411974411458,
    0.00030413290369324386,
    0.0002912023919634521,
    0.000275992788374424,
    0.00026104541029781103,
    0.0002517513348720968,
    0.00023973641509655863,
    0.000230697201914154,
    0.00022502265346702188,
    0.00021596965962089598,
    0.00020947540178894997,
    0.00020641808805521578,
    0.00019971380243077874,
    0.0001943682145792991,
    0.00018857292889151722,
    0.00018288528372067958,
    0.00017772657156456262,
    0.00017297484737355262,
    0.00016838872397784144,
    0.00016305378812830895,
    0.00015907852503005415,
    0.00015500554582104087,
    0.00015057013661134988,
    0.0001470898714615032,
    0.00014283876225817949,
    0.00013989114086143672,
    0.0001373204868286848,
    0.00013436461449600756,
    0.00013173882325645536,
    0.00012859828711953014,
    0.00012533972039818764,
    0.00012359691027086228,
    0.00012187859101686627,
    0.00012036784755764529,
    0.00011753103899536654,
    0.00011633883696049452,
    0.00011359747441019863,
    0.00011244336201343685
  ],
  "mean_lid_diff": [
    0.03863811492919922,
    -0.021932601928710938,
    -0.0653066635131836,
    -0.08380508422851562,
    -0.07970905303955078,
    -0.06961727142333984,
    -0.06549072265625,
    -0.06657791137695312,
    -0.05798149108886719,
    -0.054412841796875,
    -0.053833961486816406,
    -0.048201560974121094,
    -0.048496246337890625,
    -0.044048309326171875,
    -0.04434967041015625,
    -0.0411376953125,
    -0.03943920135498047,
    -0.03796195983886719,
    -0.035297393798828125,
    -0.036464691162109375,
    -0.03514862060546875,
    -0.03485584259033203,
    -0.03438091278076172,
    -0.032523155212402344,
    -0.030740737915039062,
    -0.031183242797851562,
    -0.031998634338378906,
    -0.030714035034179688,
    -0.029740333557128906,
    -0.02779865264892578,
    -0.028512001037597656,
    -0.028377532958984375,
    -0.02750396728515625,
    -0.026514053344726562,
    -0.025178909301757812,
    -0.026401519775390625,
    -0.025180816650390625,
    -0.02386951446533203,
    -0.023908615112304688,
    -0.02378368377685547,
    -0.023169517517089844,
    -0.022901535034179688,
    -0.02231121063232422,
    -0.021735191345214844,
    -0.02125072479248047,
    -0.02126026153564453,
    -0.020628929138183594,
    -0.01996898651123047,
    -0.02034282684326172,
    -0.019971847534179688
  ],
  "mean_lid_exact": [
    11.115702629089355,
    9.605427742004395,
    9.081850051879883,
    8.856971740722656,
    8.720921516418457,
    8.666452407836914,
    8.658982276916504,
    8.665559768676758,
    8.673294067382812,
    8.69461727142334,
    8.715091705322266,
    8.741226196289062,
    8.777280807495117,
    8.808843612670898,
    8.840350151062012,
    8.873489379882812,
    8.903651237487793,
    8.933878898620605,
    8.96602725982666,
    8.999189376831055,
    9.030266761779785,
    9.061098098754883,
    9.089119911193848,
    9.116296768188477,
    9.144036293029785,
    9.172903060913086,
    9.19870662689209,
    9.223526954650879,
    9.247552871704102,
    9.270556449890137,
    9.293367385864258,
    9.315584182739258,
    9.336917877197266,
    9.355523109436035,
    9.3740816116333,
    9.392428398132324,
    9.408401489257812,
    9.424128532409668,
    9.441798210144043,
    9.456331253051758,
    9.47164249420166,
    9.486541748046875,
    9.501248359680176,
    9.514861106872559,
    9.528167724609375,
    9.540663719177246,
    9.553434371948242,
    9.564435005187988,
    9.577505111694336,
    9.587993621826172
  ],