{
  "alpha": 4.0,
  "k": [
    10,
    20,
    30,
    40,
    50,
    60,
    70,
    80,
    90,
    100,
    110,
    120,
    130,
    140,
    150,
    160,
    170,
    180,
    190,
    200,
    210,
    220,
    230,
    240,
    250,
    260,
    270,
    280,
    290,
    300,
    310,
    320,
    330,
    340,
    350,
    360,
    370,
    380,
    390,
    400,
    410,
    420,
    430,
    440,
    450,
    460,
    470,
    480,
    490,
    500
  ],
  "mean_overlap": [
    0.9944,
    0.99718,
    0.9982433333333335,
    0.998635,
    0.9989819999999999,
    0.99915,
    0.9992957142857144,
    0.99938375,
    0.9994477777777778,
    0.999495,
    0.9995609090909091,
    0.999605,
    0.9996407692307692,
    0.9996742857142857,
    0.999708,
    0.999730625,
    0.9997447058823529,
    0.999758888888889,
    0.9997757894736842,
    0.99979,
    0.9998038095238094,
    0.9998186363636363,
    0.9998330434782609,
    0.9998495833333334,
    0.9998600000000001,
    0.9998703846153847,
    0.9998796296296295,
    0.9998875,
    0.9998951724137931,
    0.9999006666666667,
    0.9999064516129033,
    0.9999146874999999,
    0.9999178787878789,
    0.9999205882352941,
    0.9999265714285716,
    0.9999283333333333,
    0.9999327027027026,
    0.9999371052631579,
    0.9999394871794873,
    0.9999417500000002,
    0.9999436585365855,
    0.9999445238095239,
    0.9999465116279068,
    0.9999502272727273,
    0.9999544444444444,
    0.9999573913043479,
    0.9999580851063828,
    0.9999604166666666,
    0.9999622448979592,
    0.9999610000000001
  ],
  "mean_exact_dist": [
    75.89010620117188,
    82.56514739990234,
    87.1490478515625,
    90.63002014160156,
    93.45024108886719,
    95.82070922851562,
    97.86407470703125,
    99.65943908691406,
    101.2561264038086,
    102.69176483154297,
    103.99600982666016,
    105.19202423095703,
    106.2964096069336,
    107.3230972290039,
    108.28295135498047,
    109.18447875976562,
    110.03492736816406,
    110.8401870727539,
    111.60477447509766,
    112.33287811279297,
    113.02811431884766,
    113.69345092773438,
    114.33147430419922,
    114.94432830810547,
    115.53396606445312,
    116.10211181640625,
    116.65026092529297,
    117.1797866821289,
    117.69190216064453,
    118.18769836425781,
    118.66828918457031,
    119.13461303710938,
    119.58744812011719,
    120.02754974365234,
    120.45549774169922,
    120.8719482421875,
    121.27754974365234,
    121.6728286743164,
    122.05821228027344,
    122.43415069580078,
    122.80107879638672,
    123.159423828125,
    123.50955200195312,
    123.85182189941406,
    124.18657684326172,
    124.51415252685547,
    124.83477783203125,
    125.14878845214844,
    125.45642852783203,
    125.7579345703125
  ],
  "mean_ann_dist": [
    75.94656372070312,
    82.5876693725586,
    87.16236877441406,
    90.64036560058594,
    93.45841217041016,
    95.82738494873047,
    97.86976623535156,
    99.66455078125,
    101.26032257080078,
    102.69564819335938,
    103.9996337890625,
    105.1952133178711,
    106.29937744140625,
    107.32573699951172,
    108.28530883789062,
    109.18669128417969,
    110.03692626953125,
    110.8420639038086,
    111.60657501220703,
    112.33458709716797,
    113.02970123291016,
    113.69486236572266,
    114.33277130126953,
    114.94556427001953,
    115.53514862060547,
    116.10321044921875,
    116.65129852294922,
    117.18077850341797,
    117.69282531738281,
    118.18861389160156,
    118.66912841796875,
    119.13539123535156,
    119.58818817138672,
    120.02823638916016,
    120.45613861083984,
    120.87257385253906,
    121.27813720703125,
    121.67337799072266,
    122.0587387084961,
    122.43464660644531,
    122.80155181884766,
    123.15987396240234,
    123.5099868774414,
    123.85224914550781,
    124.18697357177734,
    124.5145034790039,
    124.83512878417969,
    125.14912414550781,
    125.45674896240234,
    125.75826263427734
  ],
  "mean_barycenter_shift": [
    0.00028674679924733937,
    0.00013969257997814566,
    8.581989095546305e-05,
    6.697996286675334e-05,
    4.831180194742046e-05,
    4.094159521628171e-05,
    3.409088822081685e-05,
    2.9823648219462484e-05,
    2.6160776542383246e-05,
    2.4375616703764535e-05,
    2.115302959282417e-05,
    1.9011808035429567e-05,
    1.7727812519297004e-05,
    1.6027113815653138e-05,
    1.4140812709229067e-05,
    1.3088725609122775e-05,
    1.2440361388144083e-05,
    1.1418038411648013e-05,
    1.0735261639638338e-05,
    1.0248798389511649e-05,
    9.483250323683023e-06,
    8.74042325449409e-06,
    8.161099685821682e-06,
    7.352057764364872e-06,
    6.825076070526848e-06,
    6.3517322814732324e-06,
    5.9273247643432114e-06,
    5.472518296301132e-06,
    5.039143616158981e-06,
    4.8667484406905714e-06,
    4.514309239311842e-06,
    4.080145117768552e-06,
    4.040352450829232e-06,
    3.862791800202103e-06,
    3.5675320759764872e-06,
    3.4462991607142612e-06,
    3.286876108177239e-06,
    3.1075949209480314e-06,
    2.9766604257019935e-06,
    2.8783242669305764e-06,
    2.818219627442886e-06,
    2.788648771456792e-06,
    2.709850377868861e-06,
    2.5068445665965555e-06,
    2.2973588329477934e-06,
    2.1719538381148595e-06,
    2.198774836870143e-06,
    2.069645461233449e-06,
    1.9334293028805405e-06,
    2.037474132521311e-06
  ],
  "mean_lid_diff": [
    0.08788585662841797,
    0.02238178253173828,
    0.012925148010253906,
    0.006951332092285156,
    0.004519462585449219,
    0.0059051513671875,
    0.004878997802734375,
    0.0030574798583984375,
    0.0010976791381835938,
    0.0021572113037109375,
    0.0013608932495117188,
    0.0011157989501953125,
    0.0013074874877929688,
    0.0019254684448242188,
    0.0005350112915039062,
    0.00043487548828125,
    5.340576171875e-05,
    4.76837158203125e-06,
    0.00022411346435546875,
    0.0001621246337890625,
    0.0002613067626953125,
    -3.910064697265625e-05,
    -0.000156402587890625,
    -0.00040435791015625,
    -0.0003757476806640625,
    -0.00043582916259765625,
    -0.00026798248291015625,
    0.000141143798828125,
    0.0002288818359375,
    -0.00023174285888671875,
    -0.00013828277587890625,
    7.724761962890625e-05,
    -0.00023555755615234375,
    -0.0001163482666015625,
    -0.0001087188720703125,
    -5.054473876953125e-05,
    -0.00020599365234375,
    -0.00018310546875,
    -2.288818359375e-05,
    -4.57763671875e-05,
    -6.580352783203125e-05,
    -2.574920654296875e-05,
    -0.00033283233642578125,
    -8.20159912109375e-05,
    -0.0002384185791015625,
    -0.00041961669921875,
    -0.00032520294189453125,
    -0.000331878662109375,
    -0.0004405975341796875,
    -0.00039577484130859375
  ],
  "mean_lid_exact": [
    11.061834335327148,
    9.550772666931152,
    9.0415620803833,
    8.81636905670166,
    8.708287239074707,
    8.652386665344238,
    8.63994026184082,
    8.640348434448242,
    8.661006927490234,
    8.687592506408691,
    8.711564064025879,
    8.737932205200195,
    8.767627716064453,
    8.803351402282715,
    8.84007453918457,
    8.87357234954834,
    8.906007766723633,
    8.940397262573242,
    8.974642753601074,
    9.008699417114258,
    9.041085243225098,
    9.072198867797852,
    9.10181999206543,
    9.132325172424316,
    9.160469055175781,
    9.188543319702148,
    9.216824531555176,
    9.242679595947266,
    9.270220756530762,
    9.29708194732666,
    9.319391250610352,
    9.341930389404297,
    9.36507511138916,
    9.386877059936523,
    9.409955978393555,
    9.432276725769043,
    9.452231407165527,
    9.470431327819824,
    9.49049186706543,
    9.509919166564941,
    9.528460502624512,
    9.547853469848633,
    9.564826965332031,
    9.581415176391602,
    9.597633361816406,
    9.612220764160156,
    9.62761116027832,
    9.642087936401367,
    9.656451225280762,
    9.66994571685791
  ],