{
  "alpha": 0.5,
  "k": [
    10,
    20,
    30,
    40,
    50,
    60,
    70,
    80,
    90,
    100,
    110,
    120,
    130,
    140,
    150,
    160,
    170,
    180,
    190,
    200,
    210,
    220,
    230,
    240,
    250,
    260,
    270,
    280,
    290,
    300,
    310,
    320,
    330,
    340,
    350,
    360,
    370,
    380,
    390,
    400,
    410,
    420,
    430,
    440,
    450,
    460,
    470,
    480,
    490,
    500
  ],
  "mean_overlap": [
    0.99274,
    0.98941,
    0.9842466666666667,
    0.9760675,
    0.9631860000000001,
    0.9466883333333331,
    0.940607142857143,
    0.94156875,
    0.9430888888888891,
    0.9445530000000001,
    0.9457427272727272,
    0.94665,
    0.9475538461538463,
    0.9484914285714285,
    0.9495140000000001,
    0.9506837500000002,
    0.951574705882353,
    0.9526527777777778,
    0.9534684210526316,
    0.9543709999999999,
    0.9550247619047619,
    0.9558645454545455,
    0.956425652173913,
    0.9571541666666666,
    0.9576120000000001,
    0.9582188461538461,
    0.958722962962963,
    0.9593342857142856,
    0.9597344827586206,
    0.9602913333333332,
    0.9607506451612904,
    0.9611668750000001,
    0.9615230303030303,
    0.9618358823529412,
    0.9621997142857144,
    0.9625075000000001,
    0.9626224324324325,
    0.9629439473684211,
    0.9631902564102566,
    0.963397,
    0.9635951219512195,
    0.9637069047619047,
    0.9638551162790698,
    0.9640243181818181,
    0.9641066666666668,
    0.9642095652173913,
    0.9643104255319149,
    0.9644472916666665,
    0.9645404081632653,
    0.9646502
  ],
  "mean_exact_dist": [
    75.89010620117188,
    82.56514739990234,
    87.1490478515625,
    90.63002014160156,
    93.45024108886719,
    95.82070922851562,
    97.86407470703125,
    99.65943908691406,
    101.2561264038086,
    102.69176483154297,
    103.99600982666016,
    105.19202423095703,
    106.2964096069336,
    107.3230972290039,
    108.28295135498047,
    109.18447875976562,
    110.03492736816406,
    110.8401870727539,
    111.60477447509766,
    112.33287811279297,
    113.02811431884766,
    113.69345092773438,
    114.33147430419922,
    114.94432830810547,
    115.53396606445312,
    116.10211181640625,
    116.65026092529297,
    117.1797866821289,
    117.69190216064453,
    118.18769836425781,
    118.66828918457031,
    119.13461303710938,
    119.58744812011719,
    120.02754974365234,
    120.45549774169922,
    120.8719482421875,
    121.27754974365234,
    121.6728286743164,
    122.05821228027344,
    122.43415069580078,
    122.80107879638672,
    123.159423828125,
    123.50955200195312,
    123.85182189941406,
    124.18657684326172,
    124.51415252685547,
    124.83477783203125,
    125.14878845214844,
    125.45642852783203,
    125.7579345703125
  ],
  "mean_ann_dist": [
    75.96211242675781,
    82.64278411865234,
    87.24451446533203,
    90.75650787353516,
    93.62805938720703,
    96.07920837402344,
    98.15577697753906,
    99.93891143798828,
    101.51817321777344,
    102.9402847290039,
    104.23484802246094,
    105.4230728149414,
    106.52220916748047,
    107.54354858398438,
    108.49590301513672,
    109.38887786865234,
    110.23468780517578,
    111.03387451171875,
    111.79391479492188,
    112.51805877685547,
    113.2104721069336,
    113.87300109863281,
    114.50902557373047,
    115.11859130859375,
    115.70570373535156,
    116.27073669433594,
    116.81620025634766,
    117.34175109863281,
    117.8514404296875,
    118.34422302246094,
    118.82213592529297,
    119.28597259521484,
    119.73697662353516,
    120.17514038085938,
    120.60113525390625,
    121.01652526855469,
    121.42130279541016,
    121.81517791748047,
    122.1990737915039,
    122.57369995117188,
    122.9396743774414,
    123.29730987548828,
    123.64697265625,
    123.98847198486328,
    124.32308959960938,
    124.65025329589844,
    124.97032165527344,
    125.28395080566406,
    125.59110260009766,
    125.89230346679688
  ],
  "mean_barycenter_shift": [
    0.0003757846134249121,
    0.0005407643038779497,
    0.0008132703951559961,
    0.0012475013500079513,
    0.001966620795428753,
    0.0026955842040479183,
    0.0027990322560071945,
    0.0026202150620520115,
    0.0024513821117579937,
    0.0023014750331640244,
    0.002176162786781788,
    0.0020700048189610243,
    0.0019872833508998156,
    0.0019098728662356734,
    0.0018357986118644476,
    0.001765029737725854,
    0.001705837668851018,
    0.0016425770008936524,
    0.001590227009728551,
    0.001541961100883782,
    0.001507525215856731,
    0.0014690470416098833,
    0.0014383903471753001,
    0.001404214883223176,
    0.0013773702085018158,
    0.0013447545934468508,
    0.0013146644923835993,
    0.0012877420522272587,
    0.0012605171650648117,
    0.0012336705112829804,
    0.001209484995342791,
    0.0011902659898623824,
    0.0011702682822942734,
    0.0011512687196955085,
    0.0011350177228450775,
    0.001116233877837658,
    0.0011002834653481841,
    0.0010842465562745929,
    0.0010674986988306046,
    0.0010530671570450068,
    0.0010398071026429534,
    0.0010297782719135284,
    0.0010185613064095378,
    0.0010072891600430012,
    0.0010003447532653809,
    0.000993208959698677,
    0.0009859212441369891,
    0.0009775381768122315,
    0.0009691555169411004,
    0.0009639494819566607
  ],
  "mean_lid_diff": [
    0.10264110565185547,
    0.022657394409179688,
    -0.03373146057128906,
    -0.11568069458007812,
    -0.20762157440185547,
    -0.31998538970947266,
    -0.3675699234008789,
    -0.3546915054321289,
    -0.3553285598754883,
    -0.34414196014404297,
    -0.3389425277709961,
    -0.33141517639160156,
    -0.32366466522216797,
    -0.3235902786254883,
    -0.32417964935302734,
    -0.31935977935791016,
    -0.3150148391723633,
    -0.31059837341308594,
    -0.3085479736328125,
    -0.3057699203491211,
    -0.30260753631591797,
    -0.29849720001220703,
    -0.2961578369140625,
    -0.2937164306640625,
    -0.2903299331665039,
    -0.2863502502441406,
    -0.28546619415283203,
    -0.2797574996948242,
    -0.2773609161376953,
    -0.27695178985595703,
    -0.27484607696533203,
    -0.2715492248535156,
    -0.2702617645263672,
    -0.2665243148803711,
    -0.2654905319213867,
    -0.2652616500854492,
    -0.2627220153808594,
    -0.2584848403930664,
    -0.2573232650756836,
    -0.25549983978271484,
    -0.25374889373779297,
    -0.2537975311279297,
    -0.2539949417114258,
    -0.25336360931396484,
    -0.2530040740966797,
    -0.2509012222290039,
    -0.24962234497070312,
    -0.2495574951171875,
    -0.2501716613769531,
    -0.2494058609008789
  ],
  "mean_lid_exact": [
    11.061834335327148,
    9.550772666931152,
    9.0415620803833,
    8.81636905670166,
    8.708287239074707,
    8.652386665344238,
    8.63994026184082,
    8.640348434448242,
    8.661006927490234,
    8.687592506408691,
    8.711564064025879,
    8.737932205200195,
    8.767627716064453,
    8.803351402282715,
    8.84007453918457,
    8.87357234954834,
    8.906007766723633,
    8.940397262573242,
    8.974642753601074,
    9.008699417114258,
    9.041085243225098,
    9.072198867797852,
    9.10181999206543,
    9.132325172424316,
    9.160469055175781,
    9.188543319702148,
    9.216824531555176,
    9.242679595947266,
    9.270220756530762,
    9.29708194732666,
    9.319391250610352,
    9.341930389404297,
    9.36507511138916,
    9.386877059936523,
    9.409955978393555,
    9.432276725769043,
    9.452231407165527,
    9.470431327819824,
    9.49049186706543,
    9.509919166564941,
    9.528460502624512,
    9.547853469848633,
    9.564826965332031,
    9.581415176391602,
    9.597633361816406,
    9.612220764160156,
    9.62761116027832,
    9.642087936401367,
    9.656451225280762,
    9.66994571685791
  ],