{
  "k": [
    10,
    20,
    30,
    40,
    50,
    60,
    70,
    80,
    90,
    100,
    110,
    120,
    130,
    140,
    150,
    160,
    170,
    180,
    190,
    200,
    210,
    220,
    230,
    240,
    250,
    260,
    270,
    280,
    290,
    300,
    310,
    320,
    330,
    340,
    350,
    360,
    370,
    380,
    390,
    400,
    410,
    420,
    430,
    440,
    450,
    460,
    470,
    480,
    490,
    500
  ],
  "mean_overlap": [
    0.9973799999999999,
    0.9965799999999999,
    0.9950966666666667,
    0.9930649999999998,
    0.9901720000000002,
    0.98603,
    0.9799742857142859,
    0.9719037499999998,
    0.9624611111111113,
    0.9518960000000001,
    0.9403654545454546,
    0.9284141666666667,
    0.9159292307692309,
    0.9032442857142856,
    0.890396,
    0.8772506250000001,
    0.864209411764706,
    0.8513516666666666,
    0.8385994736842105,
    0.8258375,
    0.8132442857142858,
    0.8009345454545456,
    0.7888339130434783,
    0.7769737500000001,
    0.7653399999999999,
    0.7540157692307692,
    0.7429796296296297,
    0.7321907142857143,
    0.7215827586206897,
    0.7112983333333333,
    0.7011816129032258,
    0.6913378124999999,
    0.681740303030303,
    0.6724041176470588,
    0.6632757142857143,
    0.6543241666666667,
    0.645672972972973,
    0.6371563157894737,
    0.6289076923076923,
    0.6208637499999999,
    0.6129653658536585,
    0.6053657142857143,
    0.5979897674418605,
    0.5906931818181818,
    0.5836495555555555,
    0.5766795652173913,
    0.5698789361702127,
    0.563216875,
    0.5568251020408163,
    0.5505334000000001
  ],
  "mean_exact_dist": [
    75.69612884521484,
    82.34547424316406,
    86.8810806274414,
    90.33885955810547,
    93.14575958251953,
    95.51370239257812,
    97.55909729003906,
    99.3550796508789,
    100.95387268066406,
    102.3952407836914,
    103.70793914794922,
    104.91339874267578,
    106.02783966064453,
    107.0945816040039,
    108.05397033691406,
    108.96255493164062,
    109.81465148925781,
    110.64703369140625,
    111.40992736816406,
    112.15117645263672,
    112.86021423339844,
    113.54550170898438,
    114.20338439941406,
    114.85330200195312,
    115.48429107666016,
    116.15117645263672,
    116.78401184082031,
    117.42450714111328,
    118.0600357055664,
    118.65462493896484,
    119.24246215820312,
    119.8844223022461,
    120.44418334960938,
    121.0601806640625,
    121.6431655883789,
    122.2279052734375,
    122.81891632080078,
    123.36936950683594,
    124.01887512207031,
    124.7691879272461,
    125.53189849853516,
    126.28736877441406,
    127.03827667236328,
    127.898681640625,
    128.46209716796875,
    129.251708984375,
    129.859619140625,
    130.70156860351562,
    131.52040100097656,
    132.3695831298828
  ],
  "mean_ann_dist": [
    75.7235107421875,
    82.37181091308594,
    86.91131591796875,
    90.37532806396484,
    93.19170379638672,
    95.57260131835938,
    97.63877868652344,
    99.46723937988281,
    101.11284637451172,
    102.61656188964844,
    104.00682830810547,
    105.30741119384766,
    5.235113026446076e+32,
    107.63996887207031,
    108.71915435791016,
    109.76576232910156,
    110.76676940917969,
    1.8986214814111356e+32,
    112.63259887695312,
    1.710477419959232e+32,
    1.63000918969624e+32,
    1.5571710222081962e+32,
    116.29888916015625,
    2.86317271471129e+32,
    2.7561595682996587e+32,
    5.325107398739501e+32,
    7.718515911893069e+32,
    4.988892168619886e+32,
    7.268557203538865e+32,
    3.5401827793833506e+32,
    1.2659398444651895e+33,
    7.880241172337836e+32,
    4.40101842905152e+32,
    1.0787135608099112e+33,
    1.3750061531176018e+33,
    1.3550918759331326e+33,
    1.750990516484269e+33,
    1.321666566417398e+33,
    2.0145897313244524e+33,
    1.8038292016960771e+33,
    1.4014471596741933e+33,
    1.398267355940784e+33,
    1.7985323657529848e+33,
    1.501881699288931e+33,
    2.006588770108046e+33,
    2.215406198102258e+33,
    1.9228537321382584e+33,
    1.9305589804277805e+33,
    1.3315484227809934e+33,
    2.2685491070787205e+33
  ],
  "mean_barycenter_shift": [
    0.00018337115761823952,
    0.0002387873100815341,
    0.00033628070377744734,
    0.0004743203753605485,
    0.0006620180211029947,
    0.0008987743640318513,
    0.001231138943694532,
    0.0015858147526159883,
    0.0019549101125448942,
    0.0023134963121265173,
    0.00265764188952744,
    0.0029851815197616816,
    0.0032997368834912777,
    0.0036022919230163097,
    0.003891017520800233,
    0.004173606168478727,
    0.004456435330212116,
    0.00473336735740304,
    0.005010319873690605,
    0.0052942694164812565,
    0.005581241566687822,
    0.005861930549144745,
    0.006145626772195101,
    0.006431408692151308,
    0.006717396434396505,
    0.007006053347140551,
    0.00729146134108305,
    0.007573693059384823,
    0.007859865203499794,
    0.008146549575030804,
    0.008434637449681759,
    0.008718796074390411,
    0.009003538638353348,
    0.009280955418944359,
    0.009560705162584782,
    0.009845105931162834,
    0.01012289896607399,
    0.010410173796117306,
    0.01069563627243042,
    0.010983303189277649,
    0.011275310069322586,
    0.011569621972739697,
    0.011869905516505241,
    0.012176277115941048,
    0.01249071303755045,
    0.012814435176551342,
    0.013142419047653675,
    0.013475480489432812,
    0.013814720325171947,
    0.014159336686134338
  ],
  "mean_lid_diff": [
    0.05072593688964844,
    0.014238357543945312,
    -0.008231163024902344,
    -0.031284332275390625,
    -0.05072498321533203,
    -0.07401752471923828,
    -0.11249923706054688,
    -0.1585063934326172,
    -0.21336078643798828,
    -0.2719612121582031,
    -0.3446035385131836,
    -0.42351531982421875,
    -0.5119285583496094,
    -0.6076850891113281,
    -0.7093029022216797,
    -0.8178586959838867,
    -0.9257302284240723,
    -1.0438923835754395,
    -1.163750171661377,
    -1.2896151542663574,
    -1.4230470657348633,
    -1.559335708618164,
    -1.7012195587158203,
    -1.8464150428771973,
    -1.988896369934082,
    -2.144775390625,
    -2.300969123840332,
    -2.457699775695801,
    -2.617562770843506,
    -2.779909133911133,
    -2.944516181945801,
    -3.10453462600708,
    -3.2666468620300293,
    -3.4303507804870605,
    -3.596780300140381,
    -3.7651848793029785,
    -3.9339542388916016,
    -4.096232891082764,
    -4.263009548187256,
    -4.429771423339844,
    -4.593427658081055,
    -4.7566328048706055,
    -4.9193878173828125,
    -5.076854228973389,
    -5.233092784881592,
    -5.387918949127197,
    -5.538553237915039,
    -5.682168006896973,
    -5.827647924423218,
    -5.968311786651611
  ],
  "mean_lid_exact": [
    11.124796867370605,
    9.626130104064941,
    9.115925788879395,
    8.861918449401855,
    8.733222961425781,
    8.665934562683105,
    8.648362159729004,
    8.643661499023438,
    8.655089378356934,
    8.674294471740723,
    8.7006196975708,
    8.731932640075684,
    8.768892288208008,
    8.798320770263672,
    8.83162784576416,
    8.864445686340332,
    8.895475387573242,
    8.926457405090332,
    8.960068702697754,
    8.990849494934082,
    9.022812843322754,
    9.05300521850586,
    9.08296012878418,
    9.112180709838867,
    9.138404846191406,
    9.168631553649902,
    9.195655822753906,
    9.221932411193848,
    9.24867057800293,
    9.274788856506348,
    9.300225257873535,
    9.323192596435547,
    9.345857620239258,
    9.366439819335938,
    9.388978958129883,
    9.409563064575195,
    9.431259155273438,
    9.449609756469727,
    9.46894645690918,
    9.48786449432373,
    9.504781723022461,
    9.521956443786621,
    9.538912773132324,
    9.554821968078613,
    9.569385528564453,
    9.585665702819824,
    9.600347518920898,
    9.614912986755371,
    9.628747940063477,
    9.642245292663574
  ],