{
  "k": [
    10,
    20,
    30,
    40,
    50,
    60,
    70,
    80,
    90,
    100,
    110,
    120,
    130,
    140,
    150,
    160,
    170,
    180,
    190,
    200,
    210,
    220,
    230,
    240,
    250,
    260,
    270,
    280,
    290,
    300,
    310,
    320,
    330,
    340,
    350,
    360,
    370,
    380,
    390,
    400,
    410,
    420,
    430,
    440,
    450,
    460,
    470,
    480,
    490,
    500
  ],
  "mean_overlap": [
    0.9969699999999999,
    0.9954649999999999,
    0.9937133333333334,
    0.9912774999999999,
    0.988194,
    0.9834133333333331,
    0.9766328571428572,
    0.9679637499999999,
    0.9577811111111112,
    0.946536,
    0.934500909090909,
    0.9219391666666666,
    0.908976153846154,
    0.89585,
    0.8827213333333334,
    0.8695637500000001,
    0.8564705882352942,
    0.8436127777777778,
    0.8309452631578949,
    0.8186335000000001,
    0.8065242857142858,
    0.7946463636363637,
    0.783075652173913,
    0.77171125,
    0.760608,
    0.7500438461538461,
    0.7395544444444445,
    0.7294567857142858,
    0.7196406896551725,
    0.7100656666666668,
    0.7007106451612902,
    0.6916609375,
    0.6829339393939393,
    0.6743676470588236,
    0.6660014285714285,
    0.6579288888888888,
    0.6500237837837838,
    0.6422221052631578,
    0.634691282051282,
    0.6273615,
    0.6201987804878049,
    0.613219761904762,
    0.6064020930232558,
    0.5996947727272727,
    0.5931506666666667,
    0.5867886956521738,
    0.5805370212765957,
    0.5744420833333334,
    0.5684861224489796,
    0.5626614000000001
  ],
  "mean_exact_dist": [
    75.65046691894531,
    82.296875,
    86.85892486572266,
    90.3578109741211,
    93.18843841552734,
    95.57039642333984,
    97.63812255859375,
    99.46185302734375,
    101.0845718383789,
    102.54408264160156,
    103.87122344970703,
    105.08715057373047,
    106.20929718017578,
    107.25146484375,
    108.22442626953125,
    109.16202545166016,
    110.05825805664062,
    110.94863891601562,
    111.69990539550781,
    112.4279556274414,
    113.12960815429688,
    113.79402923583984,
    114.4988784790039,
    115.18437194824219,
    115.87490844726562,
    116.48155975341797,
    117.02171325683594,
    117.58195495605469,
    118.11165618896484,
    118.61860656738281,
    119.1102066040039,
    119.55799102783203,
    119.99883270263672,
    120.36209869384766,
    120.76802825927734,
    121.19721984863281,
    121.63155364990234,
    122.08787536621094,
    122.58575439453125,
    123.08841705322266,
    123.71446990966797,
    124.40110778808594,
    125.03184509277344,
    125.73628997802734,
    126.35301208496094,
    127.0806884765625,
    127.83892059326172,
    128.34043884277344,
    128.9728240966797,
    129.9031524658203
  ],
  "mean_ann_dist": [
    75.68126678466797,
    82.32884216308594,
    86.89688873291016,
    90.40474700927734,
    93.24771118164062,
    95.64617156982422,
    97.73827362060547,
    99.59577178955078,
    101.2625732421875,
    102.77760314941406,
    104.17145538330078,
    105.4666976928711,
    106.68158721923828,
    107.83141326904297,
    9.074195654602357e+32,
    109.9885025024414,
    6.0266785806472456e+32,
    1.9037838848030868e+32,
    112.92424774169922,
    113.81864929199219,
    114.69401550292969,
    115.54293060302734,
    116.42158508300781,
    2.8651977138161773e+32,
    1.3782192458323801e+32,
    118.9501724243164,
    1.2804073789049341e+32,
    1.2378224349816482e+32,
    3.596038633955907e+32,
    1.162047448178531e+32,
    2.2567536662137734e+32,
    5.485310766648471e+32,
    5.353887183515312e+32,
    9.401392491535778e+32,
    1.2308072608927753e+33,
    1.4138036581763203e+33,
    1.889485213121826e+33,
    2.3604082812988234e+33,
    1.3706534011969695e+33,
    1.654123410577742e+33,
    2.0444688068551493e+33,
    2.347827251422071e+33,
    2.365782488494371e+33,
    2.3857140968393902e+33,
    1.7080932635004472e+33,
    2.0378628493205127e+33,
    2.2849104963504406e+33,
    4.0309766421009374e+33,
    3.3822570664041606e+33,
    4.733970913455093e+33
  ],
  "mean_barycenter_shift": [
    0.00017516205844003707,
    0.00024269988352898508,
    0.0003208763955626637,
    0.0004430925764609128,
    0.0005839678924530745,
    0.0008290583500638604,
    0.001178180449642241,
    0.0015517004067078233,
    0.0019264182774350047,
    0.002243331167846918,
    0.0025381718296557665,
    0.002797468099743128,
    0.003034641034901142,
    0.0032614758238196373,
    0.0034707458689808846,
    0.0036897994577884674,
    0.003910684492439032,
    0.004140129312872887,
    0.00436412962153554,
    0.00459302868694067,
    0.004828555975109339,
    0.005054662469774485,
    0.005288194864988327,
    0.0055158063769340515,
    0.005739083979278803,
    0.0059557268396019936,
    0.006176099181175232,
    0.006385142914950848,
    0.0065907365642488,
    0.006788662169128656,
    0.006988948211073875,
    0.007181631401181221,
    0.007376284804195166,
    0.0075704422779381275,
    0.007765402086079121,
    0.007959583774209023,
    0.008158819749951363,
    0.008361165411770344,
    0.008567381650209427,
    0.008776649832725525,
    0.008992855437099934,
    0.009217501617968082,
    0.009452438913285732,
    0.009699972346425056,
    0.009957422502338886,
    0.010227339342236519,
    0.010508138686418533,
    0.010800651274621487,
    0.011104390025138855,
    0.011419432237744331
  ],
  "mean_lid_diff": [
    0.05368614196777344,
    0.0007066726684570312,
    -0.030608177185058594,
    -0.04906749725341797,
    -0.07194900512695312,
    -0.11300468444824219,
    -0.1580963134765625,
    -0.21241378784179688,
    -0.2772378921508789,
    -0.34798240661621094,
    -0.4212532043457031,
    -0.5114307403564453,
    -0.6021022796630859,
    -0.6946878433227539,
    -0.797111988067627,
    -0.9089913368225098,
    -1.0196337699890137,
    -1.1328444480895996,
    -1.2471590042114258,
    -1.3623723983764648,
    -1.4774689674377441,
    -1.5962796211242676,
    -1.7190518379211426,
    -1.8440699577331543,
    -1.9670429229736328,
    -2.090968132019043,
    -2.219499111175537,
    -2.3509597778320312,
    -2.483499526977539,
    -2.6155920028686523,
    -2.7519078254699707,
    -2.893738269805908,
    -3.0449275970458984,
    -3.19858980178833,
    -3.3634395599365234,
    -3.531805992126465,
    -3.7011899948120117,
    -3.878788948059082,
    -4.062624454498291,
    -4.247007369995117,
    -4.440129280090332,
    -4.63624906539917,
    -4.833738803863525,
    -5.031797885894775,
    -5.229511260986328,
    -5.432388782501221,
    -5.636075735092163,
    -5.846062898635864,
    -6.053316831588745,
    -6.2588160037994385
  ],
  "mean_lid_exact": [
    11.056753158569336,
    9.535602569580078,
    9.006322860717773,
    8.762222290039062,
    8.637125968933105,
    8.58202075958252,
    8.559231758117676,
    8.558961868286133,
    8.58226490020752,
    8.604817390441895,
    8.63201904296875,
    8.667945861816406,
    8.701839447021484,
    8.737468719482422,
    8.777471542358398,
    8.82058048248291,
    8.85612678527832,
    8.892607688903809,
    8.927512168884277,
    8.962918281555176,
    8.995849609375,
    9.029282569885254,
    9.062601089477539,
    9.093718528747559,
    9.124088287353516,
    9.151100158691406,
    9.179098129272461,
    9.20711898803711,
    9.231822967529297,
    9.256800651550293,
    9.278772354125977,
    9.301952362060547,
    9.325811386108398,
    9.34752082824707,
    9.369096755981445,
    9.390201568603516,
    9.41016674041748,
    9.42810344696045,
    9.446163177490234,
    9.462827682495117,
    9.479979515075684,
    9.496664047241211,
    9.510845184326172,
    9.524880409240723,
    9.53919792175293,
    9.554069519042969,
    9.566300392150879,
    9.579773902893066,
    9.59227466583252,
    9.604191780090332
  ],