{
  "alpha": 1.0,
  "k": [
    10,
    20,
    30,
    40,
    50,
    60,
    70,
    80,
    90,
    100,
    110,
    120,
    130,
    140,
    150,
    160,
    170,
    180,
    190,
    200,
    210,
    220,
    230,
    240,
    250,
    260,
    270,
    280,
    290,
    300,
    310,
    320,
    330,
    340,
    350,
    360,
    370,
    380,
    390,
    400,
    410,
    420,
    430,
    440,
    450,
    460,
    470,
    480,
    490,
    500
  ],
  "mean_overlap": [
    0.9925799999999999,
    0.98969,
    0.9850066666666666,
    0.9855375,
    0.987016,
    0.9884566666666665,
    0.9895571428571429,
    0.99059125,
    0.9912322222222221,
    0.991743,
    0.9921700000000001,
    0.992635,
    0.9929638461538461,
    0.9932850000000001,
    0.9935986666666666,
    0.99384125,
    0.9941370588235295,
    0.994331111111111,
    0.9945747368421053,
    0.9947545,
    0.9949814285714285,
    0.9951772727272727,
    0.9953556521739131,
    0.9955058333333332,
    0.99565,
    0.9957792307692307,
    0.9958814814814816,
    0.9959896428571429,
    0.9961103448275862,
    0.9962119999999999,
    0.9963254838709678,
    0.9963712499999999,
    0.996430303030303,
    0.9965026470588234,
    0.9965957142857144,
    0.9966583333333332,
    0.9967189189189191,
    0.9967794736842105,
    0.9968671794871796,
    0.99690175,
    0.9969390243902441,
    0.9970011904761905,
    0.9970509302325583,
    0.9970877272727273,
    0.9971275555555555,
    0.9971817391304348,
    0.9972282978723405,
    0.9972747916666667,
    0.9973326530612244,
    0.9973377999999998
  ],
  "mean_exact_dist": [
    76.34443664550781,
    83.01134490966797,
    87.59410095214844,
    91.07886505126953,
    93.90230560302734,
    96.2839584350586,
    98.33944702148438,
    100.14348602294922,
    101.7494888305664,
    103.19564819335938,
    104.51126098632812,
    105.71849822998047,
    106.83380889892578,
    107.87045288085938,
    108.83948516845703,
    109.74966430664062,
    110.60836029052734,
    111.42102813720703,
    112.19266510009766,
    112.92698669433594,
    113.62791442871094,
    114.29855346679688,
    114.94135284423828,
    115.55860137939453,
    116.15238952636719,
    116.72428894042969,
    117.2759780883789,
    117.80895233154297,
    118.3243408203125,
    118.82340240478516,
    119.3071517944336,
    119.77656555175781,
    120.23245239257812,
    120.67545318603516,
    121.10631561279297,
    121.52566528320312,
    121.93402862548828,
    122.33196258544922,
    122.72003936767578,
    123.09870147705078,
    123.46835327148438,
    123.82938385009766,
    124.18223571777344,
    124.5271987915039,
    124.8646240234375,
    125.19482421875,
    125.51805114746094,
    125.83464050292969,
    126.1447982788086,
    126.4488525390625
  ],
  "mean_ann_dist": [
    76.40294647216797,
    83.08103942871094,
    87.68262481689453,
    91.15673828125,
    93.9672622680664,
    96.33958435058594,
    98.38801574707031,
    100.18619537353516,
    101.78838348388672,
    103.23114013671875,
    104.54397583007812,
    105.74916076660156,
    106.86239624023438,
    107.89755249023438,
    108.86507415771484,
    109.77420043945312,
    110.63130950927734,
    111.44297790527344,
    112.2135238647461,
    112.94691467285156,
    113.64710235595703,
    114.31692504882812,
    114.95899963378906,
    115.57565307617188,
    116.16878509521484,
    116.74016571044922,
    117.29145050048828,
    117.82395935058594,
    118.33889770507812,
    118.83761596679688,
    119.32087707519531,
    119.78996276855469,
    120.24557495117188,
    120.6882095336914,
    121.11872863769531,
    121.53778839111328,
    121.9458999633789,
    122.34358978271484,
    122.73135375976562,
    123.10980224609375,
    123.47930145263672,
    123.84010314941406,
    124.1927490234375,
    124.53755187988281,
    124.87482452392578,
    125.20482635498047,
    125.52787780761719,
    125.84431457519531,
    126.15428924560547,
    126.45821380615234
  ],
  "mean_barycenter_shift": [
    0.00038888055132701993,
    0.0005124899325892329,
    0.0007473290315829217,
    0.0007129324949346483,
    0.0006281122914515436,
    0.0005541964783333242,
    0.0004985673003830016,
    0.00044933290337212384,
    0.0004144446866121143,
    0.0003887294151354581,
    0.0003705342242028564,
    0.0003466385242063552,
    0.0003336617082823068,
    0.00031640881206840277,
    0.0003043465840164572,
    0.0002885087742470205,
    0.00027376424986869097,
    0.0002632775285746902,
    0.0002543992886785418,
    0.0002454739878885448,
    0.00023377609613817185,
    0.00022278737742453814,
    0.00021490010840352625,
    0.0002073055802611634,
    0.00020066190336365253,
    0.00019589070871006697,
    0.00019094091840088367,
    0.00018511814414523542,
    0.0001800132158678025,
    0.00017547579773236066,
    0.00017236323037650436,
    0.0001700433494988829,
    0.0001675336534390226,
    0.00016481980856042355,
    0.00016085305833257735,
    0.0001571208704262972,
    0.00015458170673809946,
    0.0001518852513981983,
    0.00014743443171028048,
    0.00014637518324889243,
    0.0001448592374799773,
    0.000142047691042535,
    0.00014041695976629853,
    0.00013799186854157597,
    0.00013664847938343883,
    0.0001334471453446895,
    0.00013189512537792325,
    0.00012977136066183448,
    0.00012761670222971588,
    0.00012798553507309407
  ],
  "mean_lid_diff": [
    0.04852294921875,
    -0.008765220642089844,
    -0.06560420989990234,
    -0.07041740417480469,
    -0.07294273376464844,
    -0.07346248626708984,
    -0.06497573852539062,
    -0.05896282196044922,
    -0.05606842041015625,
    -0.05367755889892578,
    -0.05447959899902344,
    -0.04684638977050781,
    -0.04683208465576172,
    -0.0469970703125,
    -0.04375457763671875,
    -0.04439353942871094,
    -0.04146862030029297,
    -0.041739463806152344,
    -0.04124927520751953,
    -0.04027748107910156,
    -0.03911590576171875,
    -0.03628253936767578,
    -0.034770965576171875,
    -0.03344535827636719,
    -0.033721923828125,
    -0.032883644104003906,
    -0.033397674560546875,
    -0.030977249145507812,
    -0.030272483825683594,
    -0.030335426330566406,
    -0.029163360595703125,
    -0.028888702392578125,
    -0.028516769409179688,
    -0.02878093719482422,
    -0.026581764221191406,
    -0.027988433837890625,
    -0.026393890380859375,
    -0.025667190551757812,
    -0.02555084228515625,
    -0.026248931884765625,
    -0.025060653686523438,
    -0.02502155303955078,
    -0.024323463439941406,
    -0.024732589721679688,
    -0.02388286590576172,
    -0.023555755615234375,
    -0.02367877960205078,
    -0.023108482360839844,
    -0.023201942443847656,
    -0.02227783203125
  ],
  "mean_lid_exact": [
    11.08183479309082,
    9.5997953414917,
    9.085956573486328,
    8.832717895507812,
    8.721407890319824,
    8.671453475952148,
    8.652294158935547,
    8.652742385864258,
    8.674560546875,
    8.694835662841797,
    8.722476959228516,
    8.753727912902832,
    8.79063892364502,
    8.826568603515625,
    8.86155891418457,
    8.893763542175293,
    8.923263549804688,
    8.95948314666748,
    8.99084758758545,
    9.022686958312988,
    9.052871704101562,
    9.081148147583008,
    9.11239242553711,
    9.141478538513184,
    9.170536994934082,
    9.201550483703613,
    9.229066848754883,
    9.254679679870605,
    9.280529975891113,
    9.305414199829102,
    9.327940940856934,
    9.348550796508789,
    9.371424674987793,
    9.39285659790039,
    9.41197395324707,
    9.432727813720703,
    9.452157974243164,
    9.4718656539917,
    9.490175247192383,
    9.507261276245117,
    9.522390365600586,
    9.539767265319824,
    9.554984092712402,
    9.570291519165039,
    9.584482192993164,
    9.597248077392578,
    9.610724449157715,
    9.62332820892334,
    9.635839462280273,
    9.646746635437012
  ],