{
  "alpha": 2.0,
  "k": [
    10,
    20,
    30,
    40,
    50,
    60,
    70,
    80,
    90,
    100,
    110,
    120,
    130,
    140,
    150,
    160,
    170,
    180,
    190,
    200,
    210,
    220,
    230,
    240,
    250,
    260,
    270,
    280,
    290,
    300,
    310,
    320,
    330,
    340,
    350,
    360,
    370,
    380,
    390,
    400,
    410,
    420,
    430,
    440,
    450,
    460,
    470,
    480,
    490,
    500
  ],
  "mean_overlap": [
    0.9874700000000001,
    0.9931,
    0.9950266666666666,
    0.9961424999999999,
    0.9968319999999999,
    0.9972016666666667,
    0.9976328571428572,
    0.9979487499999999,
    0.998131111111111,
    0.99831,
    0.998499090909091,
    0.9986083333333334,
    0.9987553846153845,
    0.9988328571428571,
    0.9989180000000001,
    0.9989981250000001,
    0.9990511764705883,
    0.9991044444444444,
    0.9991621052631579,
    0.9992139999999999,
    0.9992642857142857,
    0.999314090909091,
    0.9993604347826087,
    0.999395,
    0.9994256000000001,
    0.9994423076923076,
    0.9994625925925926,
    0.9994889285714286,
    0.9995075862068965,
    0.9995243333333333,
    0.9995448387096773,
    0.9995703125,
    0.9995927272727273,
    0.9996135294117646,
    0.9996345714285715,
    0.9996497222222223,
    0.9996616216216216,
    0.9996700000000001,
    0.9996869230769231,
    0.9996955,
    0.9997039024390244,
    0.9997147619047618,
    0.9997267441860466,
    0.9997375,
    0.9997486666666666,
    0.9997552173913044,
    0.9997636170212765,
    0.9997752083333333,
    0.9997820408163265,
    0.9997869999999999
  ],
  "mean_exact_dist": [
    75.7557601928711,
    82.41719055175781,
    86.97356414794922,
    90.43769073486328,
    93.24092102050781,
    95.60710906982422,
    97.65213775634766,
    99.44281005859375,
    101.0350341796875,
    102.46932220458984,
    103.77336883544922,
    104.96978759765625,
    106.0745849609375,
    107.10177612304688,
    108.06242370605469,
    108.96514129638672,
    109.81694793701172,
    110.62332153320312,
    111.38912200927734,
    112.11869812011719,
    112.81552124023438,
    113.48252868652344,
    114.12222290039062,
    114.73680877685547,
    115.32820129394531,
    115.89817810058594,
    116.44831085205078,
    116.9801025390625,
    117.49473571777344,
    117.9932861328125,
    118.47679901123047,
    118.94615173339844,
    119.40223693847656,
    119.84574890136719,
    120.27733612060547,
    120.69762420654297,
    121.10726165771484,
    121.5067367553711,
    121.896484375,
    122.27693939208984,
    122.64852142333984,
    123.01166534423828,
    123.36666107177734,
    123.71379852294922,
    124.0534896850586,
    124.38600158691406,
    124.71160125732422,
    125.03056335449219,
    125.3431625366211,
    125.64965057373047
  ],
  "mean_ann_dist": [
    75.86290740966797,
    82.46367645263672,
    87.00386810302734,
    90.45975494384766,
    93.2588882446289,
    95.62335205078125,
    97.66548919677734,
    99.45429229736328,
    101.04573822021484,
    102.47903442382812,
    103.78207397460938,
    104.9779281616211,
    106.08192443847656,
    107.10859680175781,
    108.06887817382812,
    108.97123718261719,
    109.82273864746094,
    110.62870025634766,
    111.39417266845703,
    112.1234359741211,
    112.81991577148438,
    113.48662567138672,
    114.1260986328125,
    114.74044799804688,
    115.33159637451172,
    115.90139770507812,
    116.45138549804688,
    116.98302459716797,
    117.49752807617188,
    117.9959716796875,
    118.47937774658203,
    118.94861602783203,
    119.40457153320312,
    119.8479995727539,
    120.27944946289062,
    120.69966125488281,
    121.10919952392578,
    121.50862121582031,
    121.89824676513672,
    122.27864837646484,
    122.65017700195312,
    123.01323699951172,
    123.36817169189453,
    123.71524810791016,
    124.05487823486328,
    124.38733673095703,
    124.71289825439453,
    125.0318374633789,
    125.34439849853516,
    125.65084838867188
  ],
  "mean_barycenter_shift": [
    0.0007049306877888739,
    0.00036159862065687776,
    0.00024813992786221206,
    0.00018705084221437573,
    0.0001550591696286574,
    0.00013516476610675454,
    0.00011218574218219146,
    9.805381705518812e-05,
    8.940855332184583e-05,
    8.131845243042335e-05,
    7.339686999330297e-05,
    6.778659007977694e-05,
    6.1027418269077316e-05,
    5.718500688089989e-05,
    5.2083676564507186e-05,
    4.81664901599288e-05,
    4.5106142351869494e-05,
    4.332554817665368e-05,
    4.038038969156332e-05,
    3.785306034842506e-05,
    3.571744673536159e-05,
    3.302335971966386e-05,
    3.055126580875367e-05,
    2.854241756722331e-05,
    2.6978739697369747e-05,
    2.6112697014468722e-05,
    2.513895378797315e-05,
    2.4142596885212697e-05,
    2.324579872947652e-05,
    2.242795017082244e-05,
    2.165524711017497e-05,
    2.0378793124109507e-05,
    1.934777719725389e-05,
    1.8207047105534002e-05,
    1.6954352759057656e-05,
    1.6340552974725142e-05,
    1.580411844770424e-05,
    1.5421353964484297e-05,
    1.4684742382087279e-05,
    1.455703932151664e-05,
    1.4352785001392476e-05,
    1.3925139683124144e-05,
    1.327253721683519e-05,
    1.2885384421679191e-05,
    1.2210522982059047e-05,
    1.1879365047207102e-05,
    1.1442489267210476e-05,
    1.1005253327311948e-05,
    1.0761165867734235e-05,
    1.0510963875276502e-05
  ],
  "mean_lid_diff": [
    -0.004452705383300781,
    -0.024768829345703125,
    -0.02069377899169922,
    -0.01675891876220703,
    -0.012430191040039062,
    -0.008087158203125,
    -0.011255264282226562,
    -0.011588096618652344,
    -0.00963592529296875,
    -0.007225990295410156,
    -0.007889747619628906,
    -0.00530242919921875,
    -0.0061473846435546875,
    -0.0064487457275390625,
    -0.0046596527099609375,
    -0.0045223236083984375,
    -0.004450798034667969,
    -0.003954887390136719,
    -0.0036249160766601562,
    -0.0037908554077148438,
    -0.004229545593261719,
    -0.0034055709838867188,
    -0.0031805038452148438,
    -0.0034503936767578125,
    -0.0032911300659179688,
    -0.0038461685180664062,
    -0.0035266876220703125,
    -0.0034379959106445312,
    -0.0030641555786132812,
    -0.0028829574584960938,
    -0.0036363601684570312,
    -0.0035619735717773438,
    -0.0027675628662109375,
    -0.0027647018432617188,
    -0.002899169921875,
    -0.0023908615112304688,
    -0.0024824142456054688,
    -0.0024890899658203125,
    -0.0023031234741210938,
    -0.0023260116577148438,
    -0.0021562576293945312,
    -0.00246429443359375,
    -0.0023012161254882812,
    -0.0018787384033203125,
    -0.0019893646240234375,
    -0.0018978118896484375,
    -0.001789093017578125,
    -0.0017004013061523438,
    -0.0018892288208007812,
    -0.00179290771484375
  ],