{
  "k": [
    10,
    20,
    30,
    40,
    50,
    60,
    70,
    80,
    90,
    100,
    110,
    120,
    130,
    140,
    150,
    160,
    170,
    180,
    190,
    200,
    210,
    220,
    230,
    240,
    250,
    260,
    270,
    280,
    290,
    300,
    310,
    320,
    330,
    340,
    350,
    360,
    370,
    380,
    390,
    400,
    410,
    420,
    430,
    440,
    450,
    460,
    470,
    480,
    490,
    500
  ],
  "mean_overlap": [
    0.9876300000000001,
    0.980875,
    0.96946,
    0.9512099999999999,
    0.9284600000000001,
    0.9030616666666665,
    0.8769000000000002,
    0.850835,
    0.8256466666666668,
    0.8013460000000001,
    0.7777809090909091,
    0.7557558333333333,
    0.7347184615384614,
    0.7148342857142858,
    0.6958280000000001,
    0.677725625,
    0.6607741176470587,
    0.6447016666666666,
    0.6293205263157894,
    0.6148550000000002,
    0.6009180952380951,
    0.5876277272727273,
    0.5749282608695652,
    0.5628066666666667,
    0.5512444000000001,
    0.5401942307692309,
    0.5296544444444444,
    0.5195103571428572,
    0.5097817241379311,
    0.500501,
    0.4915716129032258,
    0.482925625,
    0.474580303030303,
    0.46651147058823533,
    0.4587974285714286,
    0.4513069444444444,
    0.4441175675675676,
    0.43712710526315784,
    0.4303379487179487,
    0.42378175,
    0.41741292682926834,
    0.41127976190476184,
    0.4053006976744186,
    0.399515,
    0.39393599999999995,
    0.38846608695652174,
    0.38316425531914894,
    0.3780195833333333,
    0.3730122448979592,
    0.36816
  ],
  "mean_exact_dist": [
    75.52649688720703,
    82.15322875976562,
    86.68850708007812,
    90.14409637451172,
    92.94852447509766,
    95.31400299072266,
    97.36738586425781,
    99.17621612548828,
    100.787353515625,
    102.34315490722656,
    103.61799621582031,
    104.76680755615234,
    105.86396026611328,
    106.8285140991211,
    107.79452514648438,
    108.64991760253906,
    109.43035888671875,
    110.23294830322266,
    111.01874542236328,
    111.71630096435547,
    112.6825942993164,
    113.50233459472656,
    114.32268524169922,
    115.22733306884766,
    116.22817993164062,
    117.11687469482422,
    118.50507354736328,
    119.56663513183594,
    120.4678955078125,
    121.68243408203125,
    122.38030242919922,
    123.31179809570312,
    124.74176025390625,
    126.61517333984375,
    128.59288024902344,
    130.3936767578125,
    131.51220703125,
    133.66006469726562,
    135.33277893066406,
    136.705078125,
    139.6273193359375,
    140.65673828125,
    141.62521362304688,
    142.1564178466797,
    144.1649169921875,
    146.91943359375,
    148.96197509765625,
    149.23513793945312,
    152.18472290039062,
    155.06170654296875
  ],
  "mean_ann_dist": [
    75.61648559570312,
    82.2740478515625,
    86.86053466796875,
    90.40374755859375,
    93.34615325927734,
    95.90729522705078,
    98.19193267822266,
    100.2737808227539,
    1.514941347733372e+33,
    1.7127157316071388e+33,
    6.234961218544486e+32,
    8.59993773070203e+32,
    5.301380343605285e+32,
    2.2221956802477187e+33,
    2.0878352391138603e+33,
    2.4115463463816632e+33,
    3.1315095260818185e+33,
    5.640150140367218e+33,
    4.4940076877849857e+33,
    5.37207174897989e+33,
    5.508953255003753e+33,
    7.400659951526076e+33,
    7.284343724404842e+33,
    1.0149757729557258e+34,
    1.1497387921903598e+34,
    1.1932239119503373e+34,
    1.31281758532558e+34,
    1.4370841109671133e+34,
    1.4060197387973017e+34,
    1.2848221903071608e+34,
    1.485867985477244e+34,
    1.832821478879632e+34,
    1.4668539692378442e+34,
    1.9960904196048864e+34,
    2.3978896085077737e+34,
    1.9624126322181394e+34,
    1.627070273620225e+34,
    1.757656730750318e+34,
    1.7648927378679488e+34,
    1.9631674042600917e+34,
    2.111436473117333e+34,
    1.5655962757673797e+34,
    2.420043535862817e+34,
    2.082147306963857e+34,
    7.167610930460388e+33,
    2.610862089398344e+34,
    1.608900037311602e+34,
    1.3765467385479914e+34,
    8.573503532815655e+33,
    9.722352741293784e+33
  ],
  "mean_barycenter_shift": [
    0.0006922782049514353,
    0.0010183301055803895,
    0.0016043452778831124,
    0.002589229727163911,
    0.003577849129214883,
    0.004352043382823467,
    0.004898606799542904,
    0.005322642158716917,
    0.005738531704992056,
    0.006141232326626778,
    0.006570729892700911,
    0.0070044915191829205,
    0.007453816011548042,
    0.007909566164016724,
    0.00839643832296133,
    0.008896179497241974,
    0.009397066198289394,
    0.009921299293637276,
    0.010486246086657047,
    0.011095869354903698,
    0.011748340912163258,
    0.012462686747312546,
    0.013238337822258472,
    0.014078505337238312,
    0.01498287171125412,
    0.015959633514285088,
    0.017006298527121544,
    0.01811620593070984,
    0.01928754337131977,
    0.02050352655351162,
    0.021759234368801117,
    0.0230413805693388,
    0.024344822391867638,
    0.02566012181341648,
    0.026986129581928253,
    0.028312552720308304,
    0.0296307560056448,
    0.03092907927930355,
    0.03220321238040924,
    0.03344477713108063,
    0.03465070575475693,
    0.03581974655389786,
    0.036950137466192245,
    0.038039904087781906,
    0.03908902779221535,
    0.040096018463373184,
    0.04106415435671806,
    0.04199190065264702,
    0.04288335517048836,
    0.043737757951021194
  ],
  "mean_lid_diff": [
    0.0026035308837890625,
    -0.043250083923339844,
    -0.17548465728759766,
    -0.30585765838623047,
    -0.468719482421875,
    -0.6441507339477539,
    -0.8214273452758789,
    -1.0153002738952637,
    -1.2232036590576172,
    -1.4340081214904785,
    -1.6470460891723633,
    -1.8734016418457031,
    -2.091620922088623,
    -2.3113150596618652,
    -2.5524954795837402,
    -2.794342041015625,
    -3.047461986541748,
    -3.3233041763305664,
    -3.605590343475342,
    -3.9101920127868652,
    -4.221009731292725,
    -4.549202919006348,
    -4.8802080154418945,
    -5.214088678359985,
    -5.552596569061279,
    -5.885590553283691,
    -6.228921890258789,
    -6.557575702667236,
    -6.859151840209961,
    -7.155211925506592,
    -7.441375017166138,
    -7.70369017124176,
    -7.947901725769043,
    -8.170087456703186,
    -8.357578575611115,
    -8.52334189414978,
    -8.660151064395905,
    -8.778585970401764,
    -8.880049973726273,
    -8.966540217399597,
    -9.043725788593292,
    -9.109140992164612,
    -9.166295394301414,
    -9.212474033236504,
    -9.250649243593216,
    -9.284976929426193,
    -9.315177991986275,
    -9.341364525258541,
    -9.363030664622784,
    -9.380861818790436
  ],
  "mean_lid_exact": [
    11.1322603225708,
    9.571598052978516,
    9.055542945861816,
    8.813246726989746,
    8.693671226501465,
    8.619119644165039,
    8.584683418273926,
    8.579543113708496,
    8.584785461425781,
    8.60038948059082,
    8.622541427612305,
    8.65090560913086,
    8.676087379455566,
    8.69764232635498,
    8.727734565734863,
    8.756537437438965,
    8.786578178405762,
    8.814403533935547,
    8.840578079223633,
    8.87097454071045,
    8.89892864227295,
    8.92751407623291,
    8.955955505371094,
    8.981940269470215,
    9.005810737609863,
    9.032186508178711,
    9.056473731994629,
    9.080923080444336,
    9.10561752319336,
    9.12928581237793,
    9.152432441711426,
    9.17615795135498,
    9.199926376342773,
    9.220527648925781,
    9.240633964538574,
    9.261253356933594,
    9.280330657958984,
    9.301103591918945,
    9.319037437438965,
    9.337491989135742,
    9.354876518249512,
    9.37236213684082,
    9.388570785522461,
    9.404877662658691,
    9.42121696472168,
    9.43504810333252,
    9.44980239868164,
    9.462868690490723,
    9.47581672668457,
    9.488152503967285
  ],