{
  "alpha": 0.25,
  "k": [
    10,
    20,
    30,
    40,
    50,
    60,
    70,
    80,
    90,
    100,
    110,
    120,
    130,
    140,
    150,
    160,
    170,
    180,
    190,
    200,
    210,
    220,
    230,
    240,
    250,
    260,
    270,
    280,
    290,
    300,
    310,
    320,
    330,
    340,
    350,
    360,
    370,
    380,
    390,
    400,
    410,
    420,
    430,
    440,
    450,
    460,
    470,
    480,
    490,
    500
  ],
  "mean_overlap": [
    0.99374,
    0.990215,
    0.9850666666666668,
    0.9767875,
    0.964018,
    0.9478216666666666,
    0.9295957142857143,
    0.9099174999999999,
    0.8895066666666668,
    0.8692479999999999,
    0.8492572727272727,
    0.8295916666666668,
    0.8105207692307693,
    0.8145700000000001,
    0.8116473333333334,
    0.815156875,
    0.8124200000000001,
    0.8157755555555556,
    0.8133357894736842,
    0.816311,
    0.8142152380952381,
    0.81728,
    0.8152939130434784,
    0.8178333333333334,
    0.8162944000000001,
    0.8190323076923077,
    0.817377037037037,
    0.8197085714285713,
    0.818346551724138,
    0.8207196666666666,
    0.8193129032258064,
    0.8213043750000001,
    0.8201475757575758,
    0.8223482352941177,
    0.82126,
    0.8234402777777777,
    0.8224594594594595,
    0.8243989473684211,
    0.823453076923077,
    0.82537075,
    0.8244734146341464,
    0.8261914285714285,
    0.8255041860465117,
    0.8272609090909091,
    0.8265013333333332,
    0.8280643478260871,
    0.8272751063829789,
    0.8287677083333334,
    0.8280769387755103,
    0.8295869999999999
  ],
  "mean_exact_dist": [
    75.69612884521484,
    82.34547424316406,
    86.8810806274414,
    90.33885955810547,
    93.14575958251953,
    95.51370239257812,
    97.55909729003906,
    99.3550796508789,
    100.95387268066406,
    102.3952407836914,
    103.70793914794922,
    104.91456604003906,
    106.05281066894531,
    107.080810546875,
    108.0426254272461,
    108.95132446289062,
    109.80319213867188,
    110.60852813720703,
    111.36906433105469,
    112.1049575805664,
    112.82612609863281,
    113.49871826171875,
    114.1378173828125,
    114.74420928955078,
    115.33657836914062,
    115.9013442993164,
    116.45314025878906,
    116.9906234741211,
    117.51641845703125,
    118.0193862915039,
    118.50074768066406,
    118.97222137451172,
    119.42777252197266,
    119.87052154541016,
    120.29850769042969,
    120.72006225585938,
    121.12805938720703,
    121.52566528320312,
    121.90088653564453,
    122.28172302246094,
    122.64749145507812,
    123.00919342041016,
    123.35123443603516,
    123.69380187988281,
    124.03752899169922,
    124.36869812011719,
    124.68097686767578,
    125.00128936767578,
    125.31236267089844,
    125.60995483398438
  ],
  "mean_ann_dist": [
    75.74071502685547,
    82.40309143066406,
    86.96111297607422,
    90.45179748535156,
    93.31134033203125,
    95.75845336914062,
    97.90853881835938,
    99.83660888671875,
    101.59516143798828,
    103.22067260742188,
    104.74131774902344,
    2.8359697560605183e+32,
    107.56067657470703,
    2.4327777143966795e+32,
    109.55001831054688,
    110.4217758178711,
    111.32495880126953,
    3.7835633385319055e+32,
    112.8855972290039,
    113.59603881835938,
    1.626083372346656e+32,
    114.95785522460938,
    115.6297378540039,
    116.21461486816406,
    116.83710479736328,
    117.37044525146484,
    117.94932556152344,
    118.46041107177734,
    119.00922393798828,
    119.4859390258789,
    1.0977947817191938e+32,
    120.43540954589844,
    120.9108657836914,
    121.32593536376953,
    121.76881408691406,
    122.16570281982422,
    122.59237670898438,
    122.9634780883789,
    123.3489990234375,
    8.509611435735572e+31,
    124.0880126953125,
    124.42613983154297,
    124.7769775390625,
    125.09895324707031,
    125.45722961425781,
    125.7685317993164,
    126.09103393554688,
    126.39117431640625,
    126.715087890625,
    126.99348449707031
  ],
  "mean_barycenter_shift": [
    0.00032952852779999375,
    0.0005127553013153374,
    0.0007788086659274995,
    0.0012110184179618955,
    0.0019048633985221386,
    0.0026140601839870214,
    0.003184966742992401,
    0.0036566986236721277,
    0.004051078576594591,
    0.004408073145896196,
    0.004749503917992115,
    0.005076884292066097,
    0.005393300671130419,
    0.005161757115274668,
    0.005120341666042805,
    0.00494255730882287,
    0.004930923692882061,
    0.004767889156937599,
    0.004754768218845129,
    0.0046243928372859955,
    0.0046182312071323395,
    0.004509512335062027,
    0.004515860695391893,
    0.004430712200701237,
    0.004429806023836136,
    0.004333965480327606,
    0.004343116190284491,
    0.004267141222953796,
    0.004277817904949188,
    0.004204221535474062,
    0.004213896580040455,
    0.004147843923419714,
    0.004147664178162813,
    0.004075142554938793,
    0.0040685818530619144,
    0.003997229039669037,
    0.003988027572631836,
    0.00391741469502449,
    0.003905061399564147,
    0.003829379566013813,
    0.0038161547854542732,
    0.0037450657691806555,
    0.003722134744748473,
    0.0036564571782946587,
    0.0036420307587832212,
    0.0035829537082463503,
    0.003569867229089141,
    0.0035098548978567123,
    0.0034952235873788595,
    0.0034405167680233717
  ],
  "mean_lid_diff": [
    0.061832427978515625,
    -0.017812728881835938,
    -0.07895851135253906,
    -0.14422035217285156,
    -0.23955631256103516,
    -0.33946895599365234,
    -0.46368408203125,
    -0.5991153717041016,
    -0.7348823547363281,
    -0.8844685554504395,
    -1.0394525527954102,
    -1.2087373733520508,
    -1.3776297569274902,
    -1.3529815673828125,
    -1.3855342864990234,
    -1.3634424209594727,
    -1.3922853469848633,
    -1.3710808753967285,
    -1.4045724868774414,
    -1.386460304260254,
    -1.4158563613891602,
    -1.3948769569396973,
    -1.4180431365966797,
    -1.3989734649658203,
    -1.4180564880371094,
    -1.3975939750671387,
    -1.4202651977539062,
    -1.4043526649475098,
    -1.4249753952026367,
    -1.4095945358276367,
    -1.429234504699707,
    -1.4161839485168457,
    -1.434504508972168,
    -1.416682243347168,
    -1.435150146484375,
    -1.4206886291503906,
    -1.437150001525879,
    -1.4226655960083008,
    -1.4375715255737305,
    -1.4272642135620117,
    -1.4412422180175781,
    -1.4282951354980469,
    -1.4427452087402344,
    -1.4305410385131836,
    -1.4439620971679688,
    -1.4356698989868164,
    -1.4499635696411133,
    -1.439784049987793,
    -1.453080177307129,
    -1.4448881149291992
  ],
  "mean_lid_exact": [
    11.124796867370605,
    9.626130104064941,
    9.115925788879395,
    8.861918449401855,
    8.733222961425781,
    8.665934562683105,
    8.648362159729004,
    8.643661499023438,
    8.655089378356934,
    8.674294471740723,
    8.7006196975708,
    8.731932640075684,
    8.768892288208008,
    8.798320770263672,
    8.83162784576416,
    8.864445686340332,
    8.895475387573242,
    8.926457405090332,
    8.960068702697754,
    8.990849494934082,
    9.022812843322754,
    9.05300521850586,
    9.08296012878418,
    9.112180709838867,
    9.138404846191406,
    9.168631553649902,
    9.195655822753906,
    9.221932411193848,
    9.24867057800293,
    9.274788856506348,
    9.300225257873535,
    9.323192596435547,
    9.345857620239258,
    9.366439819335938,
    9.388978958129883,
    9.409563064575195,
    9.431259155273438,
    9.449609756469727,
    9.46894645690918,
    9.48786449432373,
    9.504781723022461,
    9.521956443786621,
    9.538912773132324,
    9.554821968078613,
    9.569385528564453,
    9.585665702819824,
    9.600347518920898,
    9.614912986755371,
    9.628747940063477,
    9.642245292663574
  ],