{
  "alpha": 4.0,
  "k": [
    10,
    20,
    30,
    40,
    50,
    60,
    70,
    80,
    90,
    100,
    110,
    120,
    130,
    140,
    150,
    160,
    170,
    180,
    190,
    200,
    210,
    220,
    230,
    240,
    250,
    260,
    270,
    280,
    290,
    300,
    310,
    320,
    330,
    340,
    350,
    360,
    370,
    380,
    390,
    400,
    410,
    420,
    430,
    440,
    450,
    460,
    470,
    480,
    490,
    500
  ],
  "mean_overlap": [
    0.9956299999999999,
    0.99797,
    0.9985299999999999,
    0.9989725,
    0.999132,
    0.9993183333333334,
    0.9993957142857142,
    0.9994412500000001,
    0.9995233333333333,
    0.999577,
    0.9996181818181819,
    0.9996483333333334,
    0.9996761538461538,
    0.9997071428571428,
    0.9997360000000001,
    0.9997575000000001,
    0.9997705882352941,
    0.99979,
    0.9998015789473684,
    0.9998254999999999,
    0.9998314285714285,
    0.9998368181818184,
    0.9998508695652174,
    0.9998654166666667,
    0.9998776,
    0.9998834615384614,
    0.9998914814814814,
    0.9998950000000001,
    0.9999,
    0.9999030000000001,
    0.9999077419354838,
    0.9999125,
    0.9999215151515153,
    0.9999255882352942,
    0.9999299999999999,
    0.9999322222222223,
    0.9999348648648649,
    0.9999399999999999,
    0.9999451282051283,
    0.9999485,
    0.9999504878048782,
    0.9999523809523809,
    0.9999544186046511,
    0.9999554545454546,
    0.9999564444444444,
    0.9999595652173914,
    0.9999595744680849,
    0.9999616666666666,
    0.9999624489795919,
    0.9999626
  ],
  "mean_exact_dist": [
    75.65046691894531,
    82.296875,
    86.85892486572266,
    90.3578109741211,
    93.18843841552734,
    95.57039642333984,
    97.63812255859375,
    99.46185302734375,
    101.0845718383789,
    102.54408264160156,
    103.87122344970703,
    105.08715057373047,
    106.20929718017578,
    107.25146484375,
    108.22442626953125,
    109.13662719726562,
    109.99552154541016,
    110.80736541748047,
    111.57746124267578,
    112.30985260009766,
    113.0084228515625,
    113.67632293701172,
    114.31607818603516,
    114.9300765991211,
    115.52043914794922,
    116.08903503417969,
    116.63752746582031,
    117.1671371459961,
    117.67926025390625,
    118.175048828125,
    118.65546417236328,
    119.12145233154297,
    119.5738525390625,
    120.01343536376953,
    120.44086456298828,
    120.85677337646484,
    121.26178741455078,
    121.65650177001953,
    122.04135131835938,
    122.41683959960938,
    122.78340911865234,
    123.14147186279297,
    123.49143981933594,
    123.83368682861328,
    124.16847229003906,
    124.49610900878906,
    124.81690979003906,
    125.13117218017578,
    125.43914794921875,
    125.7410659790039
  ],
  "mean_ann_dist": [
    75.69017791748047,
    82.310546875,
    86.8685531616211,
    90.36491394042969,
    93.1943359375,
    95.57530975341797,
    97.64264678955078,
    99.46602630615234,
    101.08815002441406,
    102.54734802246094,
    103.87422180175781,
    105.08989715576172,
    106.21179962158203,
    107.25375366210938,
    108.22654724121094,
    109.13858795166016,
    109.99739074707031,
    110.80905151367188,
    111.57901000976562,
    112.31121063232422,
    113.00971221923828,
    113.67753601074219,
    114.31721496582031,
    114.93112182617188,
    115.52137756347656,
    116.08993530273438,
    116.63838958740234,
    117.16797637939453,
    117.6800765991211,
    118.17582702636719,
    118.65621185302734,
    119.12214660644531,
    119.57451629638672,
    120.01405334472656,
    120.44145202636719,
    120.85736083984375,
    121.26235961914062,
    121.65701293945312,
    122.04182434082031,
    122.41727447509766,
    122.7838363647461,
    123.14188385009766,
    123.49183654785156,
    123.83405303955078,
    124.1688232421875,
    124.4964370727539,
    124.81722259521484,
    125.13147735595703,
    125.43943786621094,
    125.74134826660156
  ],
  "mean_barycenter_shift": [
    0.00024530006339773536,
    0.00010743122402345762,
    7.546872075181454e-05,
    5.086775490781292e-05,
    4.153301051701419e-05,
    3.2201496651396155e-05,
    2.8237425794941373e-05,
    2.640084312588442e-05,
    2.2157166313263588e-05,
    1.9632325347629376e-05,
    1.8051299775834195e-05,
    1.6380668967030942e-05,
    1.5242074368870817e-05,
    1.365349453408271e-05,
    1.2325446732575074e-05,
    1.1609562534431461e-05,
    1.0820096576935612e-05,
    9.861488251772244e-06,
    9.314951057604048e-06,
    8.376726327696815e-06,
    8.012415491975844e-06,
    7.865937732276507e-06,
    7.278466000570916e-06,
    6.4843079599086195e-06,
    5.846636213391321e-06,
    5.670081009157002e-06,
    5.2425993999349885e-06,
    5.027867246099049e-06,
    4.828239070775453e-06,
    4.6492555156874005e-06,
    4.4715116018778645e-06,
    4.318134870118229e-06,
    3.904056484316243e-06,
    3.7033744320069673e-06,
    3.4848987979785306e-06,
    3.3113967674580636e-06,
    3.189873268638621e-06,
    3.0094788598944433e-06,
    2.7517746730154613e-06,
    2.565765271356213e-06,
    2.426015498713241e-06,
    2.3450356820831075e-06,
    2.216786242570379e-06,
    2.184066715926747e-06,
    2.156527443730738e-06,
    1.999373353100964e-06,
    2.015872723859502e-06,
    1.9420069747866364e-06,
    1.8418468243908137e-06,
    1.8407974948786432e-06
  ],
  "mean_lid_diff": [
    0.04183769226074219,
    0.00348663330078125,
    -0.005015373229980469,
    -0.0016231536865234375,
    -0.001628875732421875,
    -0.000919342041015625,
    0.00039005279541015625,
    -0.000591278076171875,
    -3.814697265625e-05,
    -2.86102294921875e-05,
    -9.059906005859375e-05,
    0.00027561187744140625,
    0.0006513595581054688,
    0.0004711151123046875,
    -4.76837158203125e-06,
    -0.00014591217041015625,
    0.000179290771484375,
    -0.0001087188720703125,
    0.00035762786865234375,
    -0.00027179718017578125,
    -0.00035572052001953125,
    -4.9591064453125e-05,
    -0.0002079010009765625,
    -0.00041866302490234375,
    -0.00040721893310546875,
    -0.000118255615234375,
    -0.00031948089599609375,
    -0.0004787445068359375,
    -0.00021457672119140625,
    -0.000347137451171875,
    1.71661376953125e-05,
    -0.000347137451171875,
    -0.000385284423828125,
    -0.0003204345703125,
    -0.00013446807861328125,
    -0.00019359588623046875,
    -6.29425048828125e-05,
    -0.00019550323486328125,
    -0.00020503997802734375,
    -9.059906005859375e-05,
    -0.00039196014404296875,
    -0.00019073486328125,
    -0.00024318695068359375,
    -0.00026988983154296875,
    -0.00010776519775390625,
    -7.2479248046875e-05,
    -0.00014972686767578125,
    -0.0001735687255859375,
    -0.00019073486328125,
    -0.0003261566162109375
  ],
  "mean_lid_exact": [
    11.056753158569336,
    9.535602569580078,
    9.006322860717773,
    8.762222290039062,
    8.637125968933105,
    8.58202075958252,
    8.559231758117676,
    8.558961868286133,
    8.58226490020752,
    8.604817390441895,
    8.63201904296875,
    8.667945861816406,
    8.701839447021484,
    8.737468719482422,
    8.777471542358398,
    8.82058048248291,
    8.85612678527832,
    8.892607688903809,
    8.927512168884277,
    8.962918281555176,
    8.995849609375,
    9.029282569885254,
    9.062601089477539,
    9.093718528747559,
    9.124088287353516,
    9.151100158691406,
    9.179098129272461,
    9.20711898803711,
    9.231822967529297,
    9.256800651550293,
    9.278772354125977,
    9.301952362060547,
    9.325811386108398,
    9.34752082824707,
    9.369096755981445,
    9.390201568603516,
    9.41016674041748,
    9.42810344696045,
    9.446163177490234,
    9.462827682495117,
    9.479979515075684,
    9.496664047241211,
    9.510845184326172,
    9.524880409240723,
    9.53919792175293,
    9.554069519042969,
    9.566300392150879,
    9.579773902893066,
    9.59227466583252,
    9.604191780090332
  ],