{
  "k": [
    10,
    20,
    30,
    40,
    50,
    60,
    70,
    80,
    90,
    100,
    110,
    120,
    130,
    140,
    150,
    160,
    170,
    180,
    190,
    200,
    210,
    220,
    230,
    240,
    250,
    260,
    270,
    280,
    290,
    300,
    310,
    320,
    330,
    340,
    350,
    360,
    370,
    380,
    390,
    400,
    410,
    420,
    430,
    440,
    450,
    460,
    470,
    480,
    490,
    500
  ],
  "mean_overlap": [
    0.9973800000000002,
    0.997025,
    0.9964,
    0.9958225,
    0.9950400000000001,
    0.993965,
    0.99277,
    0.9913862500000001,
    0.9898922222222223,
    0.987973,
    0.9856809090909091,
    0.9828016666666667,
    0.9794915384615386,
    0.975692857142857,
    0.971332,
    0.966585,
    0.9613958823529413,
    0.9557783333333333,
    0.949871052631579,
    0.9437059999999999,
    0.9372152380952382,
    0.9305090909090908,
    0.9236699999999999,
    0.9165966666666667,
    0.9095603999999999,
    0.9024165384615384,
    0.89512,
    0.8878292857142857,
    0.8805841379310344,
    0.873417,
    0.8661922580645162,
    0.8590103124999999,
    0.8517621212121212,
    0.8447264705882354,
    0.8377417142857143,
    0.8307661111111111,
    0.8238510810810811,
    0.8170107894736842,
    0.8103312820512822,
    0.8036362499999999,
    0.7969775609756098,
    0.7904871428571428,
    0.7839918604651163,
    0.7775322727272728,
    0.7712426666666666,
    0.7649691304347825,
    0.7587974468085106,
    0.7527583333333334,
    0.7468114285714285,
    0.7408418
  ],
  "mean_exact_dist": [
    76.0631103515625,
    82.7497787475586,
    87.32213592529297,
    90.79087829589844,
    93.59700012207031,
    95.9721908569336,
    98.03675079345703,
    99.8511962890625,
    101.46672821044922,
    102.92196655273438,
    104.24561309814453,
    105.45967864990234,
    106.58097839355469,
    107.62266540527344,
    108.59598541259766,
    109.50935363769531,
    110.36983489990234,
    111.18363952636719,
    111.95572662353516,
    112.69036102294922,
    113.3913345336914,
    114.0621109008789,
    114.70539855957031,
    115.32347869873047,
    115.9184341430664,
    116.49198913574219,
    117.04563903808594,
    117.58072662353516,
    118.09837341308594,
    118.59971618652344,
    119.08558654785156,
    119.55687713623047,
    120.0144271850586,
    120.458984375,
    120.90204620361328,
    121.328857421875,
    121.74748229980469,
    122.21636962890625,
    122.6496353149414,
    123.0736083984375,
    123.48299407958984,
    123.88497924804688,
    124.25669860839844,
    124.58642578125,
    124.99736022949219,
    125.33209991455078,
    125.64407348632812,
    125.90283203125,
    126.21944427490234,
    126.45955657958984
  ],
  "mean_ann_dist": [
    76.08685302734375,
    82.7742919921875,
    87.34886169433594,
    90.81990051269531,
    93.62920379638672,
    96.0081787109375,
    98.07731628417969,
    99.89720916748047,
    101.51873779296875,
    102.98097229003906,
    104.31304931640625,
    105.53706359863281,
    106.67009735107422,
    107.7258529663086,
    108.7156753540039,
    109.64826202392578,
    110.53111267089844,
    111.3706283569336,
    112.17192840576172,
    112.94012451171875,
    113.67931365966797,
    114.3931655883789,
    115.08447265625,
    115.75506591796875,
    116.40662384033203,
    117.04070281982422,
    117.6584243774414,
    118.26100158691406,
    118.84942626953125,
    119.42485046386719,
    119.98827362060547,
    120.54078674316406,
    121.08346557617188,
    121.61737823486328,
    122.15170288085938,
    1.8915924965536994e+32,
    1.8423116510147976e+32,
    123.74183654785156,
    1.7539830817867366e+32,
    8.56013196216694e+31,
    8.370720366171687e+31,
    4.093139646431148e+32,
    8.01777350599454e+31,
    7.856247476524846e+31,
    7.70750172724979e+31,
    2.2686903096144515e+32,
    2.2286220591054065e+32,
    7.303951650115214e+31,
    3.593737226051623e+32,
    1.4146013364463217e+32
  ],
  "mean_barycenter_shift": [
    0.00014768788241781294,
    0.00015259782958310097,
    0.00017671065870672464,
    0.00019720965065062046,
    0.00023408645938616246,
    0.0002783360832836479,
    0.00033472117502242327,
    0.0003965355863329023,
    0.00045881199184805155,
    0.0005313045694492757,
    0.0006205103127285838,
    0.0007338240393437445,
    0.0008540861890651286,
    0.000985233811661601,
    0.0011252828408032656,
    0.0012672903249040246,
    0.0014077620580792427,
    0.0015421939315274358,
    0.0016760046128183603,
    0.001802179729565978,
    0.0019334076205268502,
    0.002063282998278737,
    0.0021911226212978363,
    0.002328266855329275,
    0.0024619451723992825,
    0.0025969429407268763,
    0.0027366927824914455,
    0.0028753532096743584,
    0.0030138790607452393,
    0.0031489648390561342,
    0.003276890842244029,
    0.003401937196031213,
    0.003526267595589161,
    0.003643791889771819,
    0.003763109678402543,
    0.0038736294955015182,
    0.00398671580478549,
    0.004098434001207352,
    0.0042158919386565685,
    0.004331867676228285,
    0.004453200381249189,
    0.004572595469653606,
    0.004698292352259159,
    0.004826701246201992,
    0.004957979544997215,
    0.00509265810251236,
    0.005232782568782568,
    0.005377194844186306,
    0.005524569656699896,
    0.005680165719240904
  ],
  "mean_lid_diff": [
    0.018098831176757812,
    -0.0022535324096679688,
    0.000293731689453125,
    -0.003933906555175781,
    -0.01918506622314453,
    -0.02669811248779297,
    -0.03603839874267578,
    -0.042906761169433594,
    -0.059146881103515625,
    -0.07691574096679688,
    -0.09142303466796875,
    -0.1096343994140625,
    -0.13152503967285156,
    -0.15523910522460938,
    -0.18497943878173828,
    -0.2144756317138672,
    -0.25354862213134766,
    -0.2870931625366211,
    -0.32549381256103516,
    -0.37445831298828125,
    -0.4228639602661133,
    -0.47222232818603516,
    -0.5256977081298828,
    -0.582341194152832,
    -0.6380710601806641,
    -0.6979188919067383,
    -0.7558269500732422,
    -0.8164615631103516,
    -0.8788204193115234,
    -0.9433279037475586,
    -1.0073490142822266,
    -1.073171615600586,
    -1.1451377868652344,
    -1.2153377532958984,
    -1.2917671203613281,
    -1.3676767349243164,
    -1.4463224411010742,
    -1.525254726409912,
    -1.6112909317016602,
    -1.6952605247497559,
    -1.7825937271118164,
    -1.8726816177368164,
    -1.9659719467163086,
    -2.0618014335632324,
    -2.1601123809814453,
    -2.260822296142578,
    -2.364323139190674,
    -2.4696950912475586,
    -2.577789783477783,
    -2.690406322479248
  ],
  "mean_lid_exact": [
    11.097311019897461,
    9.549288749694824,
    9.05971908569336,
    8.843080520629883,
    8.72189998626709,
    8.65167236328125,
    8.627705574035645,
    8.622525215148926,
    8.635029792785645,
    8.658787727355957,
    8.677685737609863,
    8.706653594970703,
    8.741418838500977,
    8.774191856384277,
    8.806694984436035,
    8.842804908752441,
    8.882826805114746,
    8.91665267944336,
    8.95147705078125,
    8.989729881286621,
    9.023919105529785,
    9.053628921508789,
    9.086265563964844,
    9.11777114868164,
    9.14588451385498,
    9.175178527832031,
    9.202940940856934,
    9.229448318481445,
    9.256117820739746,
    9.282136917114258,
    9.305744171142578,
    9.329793930053711,
    9.354000091552734,
    9.376928329467773,
    9.39945125579834,
    9.420798301696777,
    9.44316291809082,
    9.462104797363281,
    9.482574462890625,
    9.502066612243652,
    9.520282745361328,
    9.53801441192627,
    9.555319786071777,
    9.571693420410156,
    9.587301254272461,
    9.602117538452148,
    9.617133140563965,
    9.63100528717041,
    9.64429759979248,
    9.658988952636719
  ],