{
  "k": [
    10,
    20,
    30,
    40,
    50,
    60,
    70,
    80,
    90,
    100,
    110,
    120,
    130,
    140,
    150,
    160,
    170,
    180,
    190,
    200,
    210,
    220,
    230,
    240,
    250,
    260,
    270,
    280,
    290,
    300,
    310,
    320,
    330,
    340,
    350,
    360,
    370,
    380,
    390,
    400,
    410,
    420,
    430,
    440,
    450,
    460,
    470,
    480,
    490,
    500
  ],
  "mean_overlap": [
    0.99541,
    0.9941800000000001,
    0.99226,
    0.9891699999999999,
    0.9855640000000001,
    0.98044,
    0.9733514285714288,
    0.96460875,
    0.9546544444444446,
    0.943659,
    0.9319427272727273,
    0.9196516666666666,
    0.9071130769230771,
    0.8944042857142857,
    0.8817973333333333,
    0.868800625,
    0.8562588235294118,
    0.8437038888888888,
    0.8312963157894737,
    0.819025,
    0.807002380952381,
    0.7952259090909092,
    0.7837186956521739,
    0.7725366666666666,
    0.7615744,
    0.7509711538461538,
    0.7407562962962962,
    0.7306796428571428,
    0.72085,
    0.7112766666666667,
    0.7020003225806452,
    0.6928846875,
    0.6840224242424243,
    0.6753570588235294,
    0.6669442857142858,
    0.6588094444444444,
    0.6507948648648649,
    0.6430705263157894,
    0.6354902564102564,
    0.6280032500000001,
    0.6208151219512195,
    0.6137985714285714,
    0.6069223255813954,
    0.6002106818181817,
    0.5935948888888889,
    0.5870995652173914,
    0.5808029787234044,
    0.5745870833333333,
    0.5684885714285715,
    0.5625672
  ],
  "mean_exact_dist": [
    75.85939025878906,
    82.40481567382812,
    86.89728546142578,
    90.30349731445312,
    93.06490325927734,
    95.3984146118164,
    97.40972137451172,
    99.17232513427734,
    100.74213409423828,
    102.15910339355469,
    103.45179748535156,
    104.64131164550781,
    105.74299621582031,
    106.76930236816406,
    107.72979736328125,
    108.63520812988281,
    109.4930191040039,
    110.2856216430664,
    111.07981872558594,
    111.81171417236328,
    112.49530029296875,
    113.1540298461914,
    113.79529571533203,
    114.41849517822266,
    115.0186538696289,
    115.63426208496094,
    116.24664306640625,
    116.84834289550781,
    117.36173248291016,
    117.88243865966797,
    118.43995666503906,
    118.9979248046875,
    119.52978515625,
    120.0478515625,
    120.5702133178711,
    121.12799835205078,
    121.74473571777344,
    122.3108139038086,
    122.95026397705078,
    123.6073226928711,
    124.26814270019531,
    124.96234130859375,
    125.53443145751953,
    126.11316680908203,
    126.75071716308594,
    127.4376220703125,
    128.23866271972656,
    128.94036865234375,
    129.6843719482422,
    130.54043579101562
  ],
  "mean_ann_dist": [
    75.90186309814453,
    82.44992065429688,
    86.94879913330078,
    90.36575317382812,
    93.14160919189453,
    95.49410247802734,
    97.5325698852539,
    99.3316650390625,
    100.94878387451172,
    102.4244155883789,
    103.78680419921875,
    105.05690002441406,
    106.25028991699219,
    107.37975311279297,
    108.45637512207031,
    4.2565090459905904e+32,
    110.4559326171875,
    111.39517974853516,
    1.7981523955321767e+32,
    1.709102726231232e+32,
    114.07543182373047,
    1.5556049313444346e+32,
    2.9768380479809e+32,
    1.4271194248092017e+32,
    1.3714150244633267e+32,
    2.6431956054335564e+32,
    1.2761289420722851e+32,
    2.469106225418296e+32,
    4.794718178607876e+32,
    8.14852366908914e+32,
    4.541518046953952e+32,
    7.769205687939183e+32,
    1.6350297328968142e+33,
    2.3576688747343898e+33,
    1.0587337501746123e+33,
    2.4112978299187766e+33,
    2.2984215286817062e+33,
    2.088095670749625e+33,
    1.6694930551354897e+33,
    2.409338170836588e+33,
    2.3259940124342046e+33,
    2.559187408256975e+33,
    2.0543421523809747e+33,
    2.846085428349034e+33,
    3.460536038393303e+33,
    2.170007842011565e+33,
    2.1176615474503826e+33,
    4.238512956896994e+33,
    5.366914490776227e+33,
    4.021636384504529e+33
  ],
  "mean_barycenter_shift": [
    0.00024506376939825714,
    0.0002887748705688864,
    0.0003814309020526707,
    0.0005325308884494007,
    0.0006920549203641713,
    0.0009260645601898432,
    0.0012632552534341812,
    0.001616144785657525,
    0.001961869653314352,
    0.002272841054946184,
    0.002555886749178171,
    0.0027977970894426107,
    0.003024016972631216,
    0.0032363738864660263,
    0.0034389342181384563,
    0.0036445334553718567,
    0.0038485447876155376,
    0.00404868321493268,
    0.004257273860275745,
    0.004472488537430763,
    0.004697322845458984,
    0.004926420748233795,
    0.005158381070941687,
    0.00539451465010643,
    0.005636085756123066,
    0.005871737841516733,
    0.006108816713094711,
    0.006351151503622532,
    0.006595196668058634,
    0.006843719631433487,
    0.0070989481173455715,
    0.007364936172962189,
    0.007644385565072298,
    0.007938547059893608,
    0.008254188112914562,
    0.00859149545431137,
    0.008952117525041103,
    0.009342039003968239,
    0.009767157956957817,
    0.01022673025727272,
    0.010716673918068409,
    0.01124406885355711,
    0.011805929243564606,
    0.01240457035601139,
    0.01303600799292326,
    0.013696381822228432,
    0.014389279298484325,
    0.015116256661713123,
    0.01587393507361412,
    0.01666104793548584
  ],
  "mean_lid_diff": [
    0.03944587707519531,
    0.006061553955078125,
    -0.020956993103027344,
    -0.05321788787841797,
    -0.07411479949951172,
    -0.1147756576538086,
    -0.16384410858154297,
    -0.2223806381225586,
    -0.2913188934326172,
    -0.36292266845703125,
    -0.4454936981201172,
    -0.5207662582397461,
    -0.6112022399902344,
    -0.702728271484375,
    -0.8068256378173828,
    -0.9104471206665039,
    -1.0189027786254883,
    -1.1269817352294922,
    -1.2457022666931152,
    -1.3619813919067383,
    -1.4772400856018066,
    -1.5960235595703125,
    -1.7160162925720215,
    -1.8449482917785645,
    -1.9723715782165527,
    -2.1022157669067383,
    -2.237325668334961,
    -2.3779044151306152,
    -2.5267443656921387,
    -2.6756415367126465,
    -2.8323874473571777,
    -2.9945101737976074,
    -3.1666903495788574,
    -3.342106819152832,
    -3.525813102722168,
    -3.718618392944336,
    -3.920781135559082,
    -4.123916149139404,
    -4.321816921234131,
    -4.530335903167725,
    -4.744088649749756,
    -4.951174736022949,
    -5.1649580001831055,
    -5.377569198608398,
    -5.591845750808716,
    -5.800583362579346,
    -6.013216972351074,
    -6.222115516662598,
    -6.424968719482422,
    -6.628712892532349
  ],
  "mean_lid_exact": [
    11.081929206848145,
    9.589584350585938,
    9.098677635192871,
    8.87187385559082,
    8.75511360168457,
    8.706165313720703,
    8.695828437805176,
    8.705862998962402,
    8.718581199645996,
    8.733996391296387,
    8.756845474243164,
    8.775971412658691,
    8.805023193359375,
    8.835185050964355,
    8.86732006072998,
    8.897375106811523,
    8.93073558807373,
    8.961284637451172,
    8.996330261230469,
    9.0286226272583,
    9.059356689453125,
    9.089195251464844,
    9.117877006530762,
    9.1492919921875,
    9.176535606384277,
    9.201735496520996,
    9.228631973266602,
    9.255193710327148,
    9.279930114746094,
    9.304330825805664,
    9.32701301574707,
    9.348457336425781,
    9.369470596313477,
    9.390238761901855,
    9.409079551696777,
    9.426918983459473,
    9.444540977478027,
    9.462788581848145,
    9.47822380065918,
    9.494006156921387,
    9.510287284851074,
    9.525247573852539,
    9.540115356445312,
    9.554123878479004,
    9.56879997253418,
    9.581286430358887,
    9.593689918518066,
    9.606345176696777,
    9.617822647094727,
    9.62902545928955
  ],