{
  "k": [
    10,
    20,
    30,
    40,
    50,
    60,
    70,
    80,
    90,
    100,
    110,
    120,
    130,
    140,
    150,
    160,
    170,
    180,
    190,
    200,
    210,
    220,
    230,
    240,
    250,
    260,
    270,
    280,
    290,
    300,
    310,
    320,
    330,
    340,
    350,
    360,
    370,
    380,
    390,
    400,
    410,
    420,
    430,
    440,
    450,
    460,
    470,
    480,
    490,
    500
  ],
  "mean_overlap": [
    0.9947600000000001,
    0.9928549999999999,
    0.99061,
    0.9874,
    0.98331,
    0.9778666666666666,
    0.9702128571428571,
    0.96087875,
    0.9500300000000002,
    0.938098,
    0.9251554545454544,
    0.9118541666666666,
    0.8983715384615385,
    0.8848892857142857,
    0.8710413333333333,
    0.85725875,
    0.8437729411764707,
    0.8305616666666669,
    0.8174231578947369,
    0.804672,
    0.792034761904762,
    0.7797663636363636,
    0.7677382608695652,
    0.7559791666666666,
    0.7446748,
    0.7335557692307692,
    0.7228118518518518,
    0.7123139285714285,
    0.7021658620689656,
    0.692367,
    0.6826645161290322,
    0.6732600000000001,
    0.6639969696969698,
    0.6550764705882353,
    0.6463868571428572,
    0.6379425,
    0.6296664864864866,
    0.6216492105263158,
    0.6138902564102564,
    0.6062735,
    0.5988121951219512,
    0.5915261904761905,
    0.5844423255813954,
    0.5775675000000001,
    0.5708222222222222,
    0.5641969565217392,
    0.5577110638297872,
    0.5514210416666667,
    0.5452385714285715,
    0.5392239999999999
  ],
  "mean_exact_dist": [
    75.52649688720703,
    82.15322875976562,
    86.68850708007812,
    90.14409637451172,
    92.94852447509766,
    95.31400299072266,
    97.36738586425781,
    99.17621612548828,
    100.787353515625,
    102.23828125,
    103.55816650390625,
    104.76885223388672,
    105.87845611572266,
    106.99703979492188,
    108.01861572265625,
    108.9230728149414,
    109.77682495117188,
    110.58292388916016,
    111.33964538574219,
    112.06639099121094,
    112.74594116210938,
    113.40364837646484,
    114.09899139404297,
    114.7598876953125,
    115.4095687866211,
    116.02882385253906,
    116.6241683959961,
    117.12635803222656,
    117.59183502197266,
    118.05794525146484,
    118.41885375976562,
    118.88835906982422,
    119.34207153320312,
    119.97772216796875,
    120.6228256225586,
    121.25359344482422,
    121.91385650634766,
    122.72286224365234,
    123.29859161376953,
    123.95221710205078,
    124.73490142822266,
    125.60887145996094,
    126.214599609375,
    126.92351531982422,
    127.9076156616211,
    128.4681396484375,
    129.35247802734375,
    129.8984832763672,
    130.2254180908203,
    131.046630859375
  ],
  "mean_ann_dist": [
    75.56925201416016,
    82.20146942138672,
    86.7467269897461,
    90.21583557128906,
    93.0377426147461,
    95.42616271972656,
    97.51209259033203,
    99.36336517333984,
    101.0281982421875,
    102.54633331298828,
    103.94831848144531,
    105.2614517211914,
    2.6207012677790853e+32,
    2.683576087631885e+33,
    108.8224868774414,
    109.86715698242188,
    110.87809753417969,
    111.85488891601562,
    112.79609680175781,
    1.7147871921491255e+32,
    4.903839885077046e+32,
    115.46546936035156,
    5.98680221084429e+32,
    7.191332182750669e+32,
    8.331745758316098e+32,
    5.376515566864662e+32,
    1.4357243266794613e+33,
    1.143626803679899e+33,
    1.2363157845825854e+33,
    1.2048804636800019e+33,
    1.412267529330072e+33,
    1.153468117507208e+33,
    2.04504800805103e+33,
    1.8026890589198953e+33,
    2.240431310738917e+33,
    2.6881728684827613e+33,
    3.260486165984825e+33,
    4.9849589236300666e+33,
    2.8777005600423236e+33,
    4.209678548016949e+33,
    4.649952851443824e+33,
    3.562111185011737e+33,
    4.181026116322679e+33,
    4.2038066889256086e+33,
    4.0992932916239306e+33,
    4.8358592589034667e+33,
    4.0131667082407485e+33,
    5.58694719129885e+33,
    4.56341403402756e+33,
    3.9507791725359126e+33
  ],
  "mean_barycenter_shift": [
    0.0002804800169542432,
    0.0003610843268688768,
    0.000462512020021677,
    0.0006156261661089957,
    0.0007959705544635653,
    0.0010389350354671478,
    0.0013841224135830998,
    0.0017624679021537304,
    0.0021326292771846056,
    0.0024565556086599827,
    0.0027505820617079735,
    0.0030092319939285517,
    0.0032525104470551014,
    0.0034998473711311817,
    0.0037475600838661194,
    0.004006941802799702,
    0.004254593048244715,
    0.004502497147768736,
    0.004759553354233503,
    0.005012148525565863,
    0.005269359331578016,
    0.005525338463485241,
    0.0057863290421664715,
    0.006047524977475405,
    0.006308648735284805,
    0.006572244223207235,
    0.006839273031800985,
    0.007113742176443338,
    0.007398892194032669,
    0.0076813162304461,
    0.007972552441060543,
    0.008270718157291412,
    0.008580231107771397,
    0.008898924104869366,
    0.009234392084181309,
    0.00958959385752678,
    0.00997079350054264,
    0.01037815771996975,
    0.010813123546540737,
    0.011279603466391563,
    0.011774144135415554,
    0.012298990041017532,
    0.012855389155447483,
    0.013438659720122814,
    0.01404962781816721,
    0.014684906229376793,
    0.015346447937190533,
    0.01602749712765217,
    0.016727851703763008,
    0.017443247139453888
  ],
  "mean_lid_diff": [
    0.019675254821777344,
    0.0063457489013671875,
    -0.03297138214111328,
    -0.05679130554199219,
    -0.0843362808227539,
    -0.13476943969726562,
    -0.18339920043945312,
    -0.24768543243408203,
    -0.31221866607666016,
    -0.3931732177734375,
    -0.4799785614013672,
    -0.5810518264770508,
    -0.6829137802124023,
    -0.7901206016540527,
    -0.9041299819946289,
    -1.0202016830444336,
    -1.1422033309936523,
    -1.2658190727233887,
    -1.385484218597412,
    -1.516007423400879,
    -1.6453475952148438,
    -1.7793350219726562,
    -1.919440746307373,
    -2.0623631477355957,
    -2.2114553451538086,
    -2.3690648078918457,
    -2.530823230743408,
    -2.6960840225219727,
    -2.862999439239502,
    -3.0339436531066895,
    -3.2134342193603516,
    -3.3982901573181152,
    -3.5957083702087402,
    -3.799058437347412,
    -4.006157398223877,
    -4.225802898406982,
    -4.445929050445557,
    -4.672723293304443,
    -4.903468608856201,
    -5.135515213012695,
    -5.3681910037994385,
    -5.602858543395996,
    -5.838472843170166,
    -6.068575382232666,
    -6.290960311889648,
    -6.505939722061157,
    -6.714433908462524,
    -6.916027784347534,
    -7.112142324447632,
    -7.296538352966309
  ],
  "mean_lid_exact": [
    11.1322603225708,
    9.571598052978516,
    9.055542945861816,
    8.813246726989746,
    8.693671226501465,
    8.619119644165039,
    8.584683418273926,
    8.579543113708496,
    8.584785461425781,
    8.60038948059082,
    8.622541427612305,
    8.65090560913086,
    8.676087379455566,
    8.69764232635498,
    8.727734565734863,
    8.756537437438965,
    8.786578178405762,
    8.814403533935547,
    8.840578079223633,
    8.87097454071045,
    8.89892864227295,
    8.92751407623291,
    8.955955505371094,
    8.981940269470215,
    9.005810737609863,
    9.032186508178711,
    9.056473731994629,
    9.080923080444336,
    9.10561752319336,
    9.12928581237793,
    9.152432441711426,
    9.17615795135498,
    9.199926376342773,
    9.220527648925781,
    9.240633964538574,
    9.261253356933594,
    9.280330657958984,
    9.301103591918945,
    9.319037437438965,
    9.337491989135742,
    9.354876518249512,
    9.37236213684082,
    9.388570785522461,
    9.404877662658691,
    9.42121696472168,
    9.43504810333252,
    9.44980239868164,
    9.462868690490723,
    9.47581672668457,
    9.488152503967285
  ],