{
  "k": [
    10,
    20,
    30,
    40,
    50,
    60,
    70,
    80,
    90,
    100,
    110,
    120,
    130,
    140,
    150,
    160,
    170,
    180,
    190,
    200,
    210,
    220,
    230,
    240,
    250,
    260,
    270,
    280,
    290,
    300,
    310,
    320,
    330,
    340,
    350,
    360,
    370,
    380,
    390,
    400,
    410,
    420,
    430,
    440,
    450,
    460,
    470,
    480,
    490,
    500
  ],
  "mean_overlap": [
    0.9915699999999998,
    0.988835,
    0.9852799999999999,
    0.9806174999999999,
    0.974678,
    0.9668833333333332,
    0.9570642857142859,
    0.94547125,
    0.9326544444444446,
    0.918948,
    0.90456,
    0.8900958333333334,
    0.8750884615384618,
    0.8601764285714285,
    0.8452613333333334,
    0.830525,
    0.8159476470588237,
    0.8016211111111111,
    0.787481052631579,
    0.773787,
    0.7603257142857144,
    0.7471754545454545,
    0.7343786956521738,
    0.7220341666666668,
    0.7100412,
    0.6984026923076923,
    0.6870714814814814,
    0.6761896428571429,
    0.6655444827586208,
    0.6552479999999999,
    0.6451464516129032,
    0.635434375,
    0.626000606060606,
    0.6167470588235293,
    0.6078374285714286,
    0.5992080555555556,
    0.5907983783783785,
    0.5826284210526316,
    0.5746933333333333,
    0.5669854999999999,
    0.5594478048780487,
    0.5521635714285714,
    0.5450644186046512,
    0.5381854545454545,
    0.531429111111111,
    0.5248367391304347,
    0.5183997872340426,
    0.5120710416666667,
    0.505954693877551,
    0.4999826
  ],
  "mean_exact_dist": [
    76.0593032836914,
    82.65084838867188,
    87.19971466064453,
    90.6609878540039,
    93.47158813476562,
    95.84388732910156,
    97.892333984375,
    99.68904113769531,
    101.28659057617188,
    102.72534942626953,
    104.03489685058594,
    105.23772430419922,
    106.34996032714844,
    107.41862487792969,
    108.42730712890625,
    109.33281707763672,
    110.19388580322266,
    111.08837127685547,
    111.94092559814453,
    112.81919860839844,
    113.59272003173828,
    114.31590270996094,
    114.92971801757812,
    115.65406036376953,
    116.36038208007812,
    117.10311126708984,
    117.83282470703125,
    118.46505737304688,
    119.20427703857422,
    119.80422973632812,
    120.47763061523438,
    121.21112060546875,
    121.9770736694336,
    122.94338989257812,
    123.90459442138672,
    125.0179214477539,
    126.10099029541016,
    127.36840057373047,
    128.6302947998047,
    129.70321655273438,
    130.65455627441406,
    131.6234893798828,
    132.5428009033203,
    133.55007934570312,
    134.2965850830078,
    134.90634155273438,
    135.3102264404297,
    135.4584197998047,
    136.0834197998047,
    136.80059814453125
  ],
  "mean_ann_dist": [
    76.13948059082031,
    82.74296569824219,
    87.30747985839844,
    90.7895736694336,
    93.62522888183594,
    96.03133392333984,
    98.12454986572266,
    99.97895050048828,
    101.64863586425781,
    103.17506408691406,
    104.58910369873047,
    105.91325378417969,
    107.16862487792969,
    1.9495393865951137e+33,
    109.51093292236328,
    110.59646606445312,
    2.014148560442952e+32,
    5.714805120262604e+32,
    3.615543926699897e+32,
    3.451489404699963e+32,
    6.608450436390721e+32,
    1.584934922439269e+32,
    7.620729480764868e+32,
    1.765133052978075e+33,
    2.5784392327779217e+33,
    2.2412984877364363e+33,
    1.789423757686428e+33,
    2.837893360139063e+33,
    3.607134135785517e+33,
    3.303070993851232e+33,
    3.95419681549937e+33,
    3.9545641742060277e+33,
    3.8481019497975046e+33,
    4.967899800403704e+33,
    5.610364684051992e+33,
    4.925265145450716e+33,
    5.212303826479738e+33,
    5.976838882551859e+33,
    6.079727174066965e+33,
    7.718759786080808e+33,
    7.56068412761436e+33,
    4.003664280499194e+33,
    7.474646056943987e+33,
    6.330720754972115e+33,
    7.829332590389779e+33,
    7.137277685677778e+33,
    6.402765151438406e+33,
    7.36541889345772e+33,
    5.945181041927214e+33,
    6.420421890218734e+33
  ],
  "mean_barycenter_shift": [
    0.0004821015754714608,
    0.0005881013930775225,
    0.0007369748782366514,
    0.0009492204408161342,
    0.0011846021516248584,
    0.0014932203339412808,
    0.0018854200607165694,
    0.002297875704243779,
    0.0026621639262884855,
    0.002995141549035907,
    0.003314039669930935,
    0.0035988823510706425,
    0.003867365652695298,
    0.004125672858208418,
    0.004372518043965101,
    0.004626897629350424,
    0.004897310398519039,
    0.0051943170838057995,
    0.005507323890924454,
    0.005838911980390549,
    0.006182252895087004,
    0.00653782207518816,
    0.006893782876431942,
    0.007259690668433905,
    0.007624875754117966,
    0.008007505908608437,
    0.008408984169363976,
    0.008833914063870907,
    0.009278981015086174,
    0.009744317270815372,
    0.010237966664135456,
    0.010756652802228928,
    0.011299093253910542,
    0.011874505318701267,
    0.01248152181506157,
    0.01312014926224947,
    0.013787469826638699,
    0.014487072825431824,
    0.015215063467621803,
    0.01596943289041519,
    0.01674998179078102,
    0.017553186044096947,
    0.01837439276278019,
    0.019208649173378944,
    0.02005430869758129,
    0.020908251404762268,
    0.021764449775218964,
    0.022620784118771553,
    0.023473268374800682,
    0.02432096004486084
  ],
  "mean_lid_diff": [
    0.03352928161621094,
    -0.006809234619140625,
    -0.04624748229980469,
    -0.07870864868164062,
    -0.13187217712402344,
    -0.19247055053710938,
    -0.25815868377685547,
    -0.33379173278808594,
    -0.41901206970214844,
    -0.5125188827514648,
    -0.6176023483276367,
    -0.729914665222168,
    -0.8493342399597168,
    -0.9748029708862305,
    -1.1080403327941895,
    -1.247640609741211,
    -1.3861594200134277,
    -1.538130760192871,
    -1.6902070045471191,
    -1.8530631065368652,
    -2.0170016288757324,
    -2.1869730949401855,
    -2.362027168273926,
    -2.5502333641052246,
    -2.7546629905700684,
    -2.9651436805725098,
    -3.1831488609313965,
    -3.4019627571105957,
    -3.6323328018188477,
    -3.8630919456481934,
    -4.10680627822876,
    -4.3537116050720215,
    -4.6046881675720215,
    -4.861756801605225,
    -5.13126802444458,
    -5.397769927978516,
    -5.65675163269043,
    -5.9095447063446045,
    -6.16592001914978,
    -6.425071477890015,
    -6.66141939163208,
    -6.893341779708862,
    -7.114580869674683,
    -7.326805830001831,
    -7.529518127441406,
    -7.716850996017456,
    -7.896844148635864,
    -8.06555688381195,
    -8.221577882766724,
    -8.368594765663147
  ],
  "mean_lid_exact": [
    11.138680458068848,
    9.616925239562988,
    9.136309623718262,
    8.880948066711426,
    8.751172065734863,
    8.692316055297852,
    8.66269302368164,
    8.663002967834473,
    8.68029499053955,
    8.698923110961914,
    8.721396446228027,
    8.749628067016602,
    8.779783248901367,
    8.809542655944824,
    8.844755172729492,
    8.878832817077637,
    8.908622741699219,
    8.943391799926758,
    8.976570129394531,
    9.010567665100098,
    9.040233612060547,
    9.071579933166504,
    9.100927352905273,
    9.131366729736328,
    9.162111282348633,
    9.190703392028809,
    9.218228340148926,
    9.2459135055542,
    9.27160358428955,
    9.297426223754883,
    9.318795204162598,
    9.344778060913086,
    9.36745834350586,
    9.38884449005127,
    9.411663055419922,
    9.432507514953613,
    9.452001571655273,
    9.471060752868652,
    9.48986530303955,
    9.507950782775879,
    9.52585506439209,
    9.54308795928955,
    9.558080673217773,
    9.574382781982422,
    9.590166091918945,
    9.606420516967773,
    9.621465682983398,
    9.635591506958008,
    9.649650573730469,
    9.661629676818848
  ],