{
  "k": [
    10,
    20,
    30,
    40,
    50,
    60,
    70,
    80,
    90,
    100,
    110,
    120,
    130,
    140,
    150,
    160,
    170,
    180,
    190,
    200,
    210,
    220,
    230,
    240,
    250,
    260,
    270,
    280,
    290,
    300,
    310,
    320,
    330,
    340,
    350,
    360,
    370,
    380,
    390,
    400,
    410,
    420,
    430,
    440,
    450,
    460,
    470,
    480,
    490,
    500
  ],
  "mean_overlap": [
    0.99755,
    0.9965299999999999,
    0.9949733333333334,
    0.9929074999999999,
    0.9898520000000001,
    0.9855916666666666,
    0.9796528571428571,
    0.9719450000000001,
    0.9628733333333334,
    0.9523960000000001,
    0.9412127272727272,
    0.9295383333333334,
    0.9174984615384616,
    0.9050992857142858,
    0.8924380000000001,
    0.87973125,
    0.8670405882352942,
    0.8542866666666666,
    0.8417447368421052,
    0.8292685,
    0.8170061904761906,
    0.8048086363636363,
    0.7928265217391304,
    0.7810108333333333,
    0.7695964,
    0.7584211538461538,
    0.7475118518518519,
    0.736795357142857,
    0.7263020689655173,
    0.7161686666666667,
    0.706277741935484,
    0.6965600000000001,
    0.6871018181818181,
    0.6777941176470588,
    0.6688257142857142,
    0.6601302777777777,
    0.6515089189189189,
    0.6432097368421053,
    0.6351092307692306,
    0.62716375,
    0.6194553658536586,
    0.6119230952380952,
    0.6045386046511627,
    0.597343409090909,
    0.5903117777777778,
    0.5834428260869565,
    0.5767234042553191,
    0.5701970833333333,
    0.5638302040816326,
    0.5575834
  ],
  "mean_exact_dist": [
    75.9557113647461,
    82.60398864746094,
    87.15373229980469,
    90.62386322021484,
    93.44083404541016,
    95.81050872802734,
    97.85332489013672,
    99.64713287353516,
    101.24351501464844,
    102.68009185791016,
    103.98558807373047,
    105.18211364746094,
    106.28713989257812,
    107.31396484375,
    108.27308654785156,
    109.17611694335938,
    110.03170013427734,
    110.8412094116211,
    111.60784912109375,
    112.33747863769531,
    113.03453826904297,
    113.69271087646484,
    114.3693618774414,
    115.01615142822266,
    115.67432403564453,
    116.32176208496094,
    117.0103759765625,
    117.60132598876953,
    118.1676025390625,
    118.77124786376953,
    119.3698959350586,
    119.95703887939453,
    120.48368835449219,
    121.06090545654297,
    121.63809204101562,
    122.2350082397461,
    122.84121704101562,
    123.44650268554688,
    124.11244201660156,
    124.79822540283203,
    125.49278259277344,
    126.22431182861328,
    126.85736846923828,
    127.51403045654297,
    128.240966796875,
    128.94947814941406,
    129.77406311035156,
    130.6173553466797,
    131.59544372558594,
    132.69772338867188
  ],
  "mean_ann_dist": [
    75.98133087158203,
    82.62984466552734,
    87.18368530273438,
    90.66059875488281,
    93.48735046386719,
    95.87055969238281,
    97.93324279785156,
    99.75518798828125,
    101.38995361328125,
    102.8761215209961,
    104.24292755126953,
    105.51358795166016,
    106.70647430419922,
    107.8357162475586,
    108.9130859375,
    109.9482421875,
    110.94669342041016,
    111.9004898071289,
    1.7934706610461043e+32,
    113.74281311035156,
    114.64623260498047,
    115.5081787109375,
    116.40628814697266,
    4.280065884369404e+32,
    4.1167336230111404e+32,
    1.058774989052171e+33,
    2.5610749186462493e+32,
    120.80760955810547,
    3.5986120018125715e+32,
    8.160248508686222e+32,
    5.6727909827543076e+32,
    3.3196120391711534e+32,
    9.725872823795492e+32,
    4.231393950587326e+32,
    1.2440629680909382e+33,
    9.15722119818713e+32,
    9.004719364747564e+32,
    7.895778093543392e+32,
    1.3651389972919727e+33,
    1.5472655095841624e+33,
    2.1162555570507643e+33,
    1.8234689656768348e+33,
    9.566662129055524e+32,
    1.523317095296672e+33,
    1.7166469649443944e+33,
    2.003434344145442e+33,
    2.2055780373878665e+33,
    2.606329248150497e+33,
    1.4597542902670396e+33,
    1.8680626607419924e+33
  ],
  "mean_barycenter_shift": [
    0.00016229051107075065,
    0.00023023111862130463,
    0.00033831887412816286,
    0.00047702170559205115,
    0.0006721359677612782,
    0.0009147560340352356,
    0.001213854760862887,
    0.0015668552368879318,
    0.0019087226828560233,
    0.0022463712375611067,
    0.0025674961507320404,
    0.0028905654326081276,
    0.003191734664142132,
    0.0034713316708803177,
    0.0037453107070177794,
    0.004013335332274437,
    0.0042792255990207195,
    0.004544740542769432,
    0.004806313198059797,
    0.005068846978247166,
    0.005338427145034075,
    0.0056074028834700584,
    0.005876030772924423,
    0.006154900416731834,
    0.006428772117942572,
    0.006704756058752537,
    0.00698114326223731,
    0.007252888288348913,
    0.007523953448981047,
    0.007793067954480648,
    0.008059761486947536,
    0.0083226403221488,
    0.008582315407693386,
    0.008839203976094723,
    0.00909485574811697,
    0.009348738007247448,
    0.009610026143491268,
    0.009867040440440178,
    0.0101236617192626,
    0.01038378942757845,
    0.010648315772414207,
    0.010910331271588802,
    0.011181816458702087,
    0.0114548709243536,
    0.011736500076949596,
    0.012024174444377422,
    0.012314509600400925,
    0.01261013001203537,
    0.012912251055240631,
    0.01322079449892044
  ],
  "mean_lid_diff": [
    0.05212974548339844,
    0.0097198486328125,
    -0.0143890380859375,
    -0.03322887420654297,
    -0.054488182067871094,
    -0.07202720642089844,
    -0.11638259887695312,
    -0.15443897247314453,
    -0.2071247100830078,
    -0.26833629608154297,
    -0.33205604553222656,
    -0.4059591293334961,
    -0.49322986602783203,
    -0.5799531936645508,
    -0.6768732070922852,
    -0.7732028961181641,
    -0.8879470825195312,
    -1.0024466514587402,
    -1.1239619255065918,
    -1.2443737983703613,
    -1.371473789215088,
    -1.4993500709533691,
    -1.6351408958435059,
    -1.772169589996338,
    -1.9085001945495605,
    -2.0497546195983887,
    -2.1993231773376465,
    -2.3479738235473633,
    -2.497889995574951,
    -2.6517300605773926,
    -2.8083906173706055,
    -2.965284824371338,
    -3.1213998794555664,
    -3.281248092651367,
    -3.441336154937744,
    -3.599654197692871,
    -3.7611355781555176,
    -3.921640396118164,
    -4.083309173583984,
    -4.247390270233154,
    -4.4141035079956055,
    -4.5776543617248535,
    -4.739046096801758,
    -4.895340442657471,
    -5.056482315063477,
    -5.211663246154785,
    -5.367615699768066,
    -5.521141052246094,
    -5.67112135887146,
    -5.819390535354614
  ],
  "mean_lid_exact": [
    11.066308975219727,
    9.623932838439941,
    9.074748039245605,
    8.835159301757812,
    8.727450370788574,
    8.665196418762207,
    8.650708198547363,
    8.646918296813965,
    8.665413856506348,
    8.684715270996094,
    8.716498374938965,
    8.746047973632812,
    8.781673431396484,
    8.812849044799805,
    8.848405838012695,
    8.879361152648926,
    8.915395736694336,
    8.949546813964844,
    8.980382919311523,
    9.010878562927246,
    9.044816017150879,
    9.074440002441406,
    9.106545448303223,
    9.135231971740723,
    9.162604331970215,
    9.19001579284668,
    9.218523979187012,
    9.2449951171875,
    9.270258903503418,
    9.295412063598633,
    9.319156646728516,
    9.34331226348877,
    9.364402770996094,
    9.3862943649292,
    9.40832233428955,
    9.428116798400879,
    9.449488639831543,
    9.46756362915039,
    9.48579216003418,
    9.504362106323242,
    9.523361206054688,
    9.540604591369629,
    9.557212829589844,
    9.573655128479004,
    9.588706016540527,
    9.603253364562988,
    9.617293357849121,
    9.630261421203613,
    9.642951011657715,
    9.654679298400879
  ],