{
  "k": [
    10,
    20,
    30,
    40,
    50,
    60,
    70,
    80,
    90,
    100,
    110,
    120,
    130,
    140,
    150,
    160,
    170,
    180,
    190,
    200,
    210,
    220,
    230,
    240,
    250,
    260,
    270,
    280,
    290,
    300,
    310,
    320,
    330,
    340,
    350,
    360,
    370,
    380,
    390,
    400,
    410,
    420,
    430,
    440,
    450,
    460,
    470,
    480,
    490,
    500
  ],
  "mean_overlap": [
    0.9946200000000001,
    0.9927099999999999,
    0.9901833333333334,
    0.9865050000000001,
    0.981742,
    0.9756483333333332,
    0.9677028571428573,
    0.95820625,
    0.9472522222222224,
    0.9354120000000001,
    0.9229372727272727,
    0.9099625,
    0.8962707692307693,
    0.88277,
    0.8689513333333334,
    0.8551325000000001,
    0.8417847058823531,
    0.8284544444444444,
    0.8152694736842107,
    0.802414,
    0.7898442857142858,
    0.7774477272727273,
    0.7653734782608697,
    0.7536583333333333,
    0.7422036,
    0.7309630769230769,
    0.7200940740740741,
    0.7095132142857142,
    0.6993189655172413,
    0.6892993333333334,
    0.6794635483870968,
    0.6699112500000001,
    0.6606312121212121,
    0.6517161764705882,
    0.6430174285714285,
    0.6345138888888888,
    0.6262294594594595,
    0.6181884210526316,
    0.610326923076923,
    0.6026914999999999,
    0.5952651219512196,
    0.5880147619047619,
    0.5809697674418605,
    0.5740525,
    0.5672537777777777,
    0.5606984782608695,
    0.5542740425531916,
    0.54803125,
    0.5418757142857142,
    0.5359063999999999
  ],
  "mean_exact_dist": [
    75.55923461914062,
    82.13717651367188,
    86.73735046386719,
    90.23989868164062,
    93.05348205566406,
    95.4113998413086,
    97.44730377197266,
    99.23202514648438,
    100.82064819335938,
    102.2510986328125,
    103.55319213867188,
    104.74845123291016,
    105.85348510742188,
    106.880859375,
    107.84087371826172,
    108.73117065429688,
    109.63955688476562,
    110.46159362792969,
    111.21930694580078,
    111.94282531738281,
    112.63153076171875,
    113.2971420288086,
    113.97874450683594,
    114.62091064453125,
    115.18961334228516,
    115.69677734375,
    116.20252990722656,
    116.62307739257812,
    117.02923583984375,
    117.4718246459961,
    117.93890380859375,
    118.43789672851562,
    118.95832824707031,
    119.33756256103516,
    119.85185241699219,
    120.50303649902344,
    121.26293182373047,
    121.86743927001953,
    122.65907287597656,
    123.73393249511719,
    124.49945831298828,
    125.26642608642578,
    126.24690246582031,
    127.22039794921875,
    127.98139190673828,
    128.56536865234375,
    129.30191040039062,
    130.0369110107422,
    130.62913513183594,
    131.32113647460938
  ],
  "mean_ann_dist": [
    75.6089096069336,
    82.19185638427734,
    86.80208587646484,
    90.31877136230469,
    93.15129852294922,
    95.53363800048828,
    97.60133361816406,
    99.4283676147461,
    101.0697021484375,
    102.56416320800781,
    103.94178771972656,
    105.22440338134766,
    106.42961120605469,
    107.57212829589844,
    108.6646728515625,
    109.70677947998047,
    6.0345518792971006e+32,
    111.69578552246094,
    1.8023143886298803e+32,
    113.53662109375,
    114.4248275756836,
    1.5581122434943154e+32,
    1.492171916590796e+32,
    2.86317271471129e+32,
    4.1321475239252925e+32,
    6.663840516023497e+32,
    9.032594679582172e+32,
    1.0028213372165111e+33,
    7.317663963759742e+32,
    1.3073155917694772e+33,
    1.1635414677206305e+33,
    6.84801349794313e+32,
    1.9135134745418502e+33,
    2.112394886295748e+33,
    3.090666170365676e+33,
    2.758664269169769e+33,
    2.54851651986084e+33,
    3.678679951900986e+33,
    3.945498739298341e+33,
    4.4858747312118906e+33,
    2.8201849373620953e+33,
    3.7308492210365505e+33,
    4.9692572016567807e+33,
    3.8733002192971585e+33,
    3.752768806342157e+33,
    6.53656294882441e+33,
    4.788968875580425e+33,
    5.271352328413612e+33,
    4.905005018767771e+33,
    4.6843193048744254e+33
  ],
  "mean_barycenter_shift": [
    0.00028790716896764934,
    0.00036690515116788447,
    0.0004879636690020561,
    0.0006761710392311215,
    0.0008792412700131536,
    0.0011288755340501666,
    0.001466282643377781,
    0.0018294440815225244,
    0.002187815960496664,
    0.0024909682106226683,
    0.002766603836789727,
    0.003024783218279481,
    0.0032601868733763695,
    0.0034968177787959576,
    0.003720890497788787,
    0.003956653643399477,
    0.004185534082353115,
    0.00443540932610631,
    0.00469559570774436,
    0.004954617470502853,
    0.0052236756309866905,
    0.005490098614245653,
    0.0057576666586101055,
    0.006025472190231085,
    0.006294354796409607,
    0.0065694404765963554,
    0.006851326674222946,
    0.0071373251266777515,
    0.007431356701999903,
    0.00773785263299942,
    0.008056435734033585,
    0.008383961394429207,
    0.008731352165341377,
    0.009095543995499611,
    0.009480608627200127,
    0.009893715381622314,
    0.010337266139686108,
    0.01081928052008152,
    0.011336716823279858,
    0.011892437934875488,
    0.012490344233810902,
    0.013133245520293713,
    0.013818043284118176,
    0.014543368481099606,
    0.015309199690818787,
    0.01611064001917839,
    0.01694509945809841,
    0.017808005213737488,
    0.01869642548263073,
    0.019604602828621864
  ],
  "mean_lid_diff": [
    0.02954864501953125,
    0.009884834289550781,
    -0.021867752075195312,
    -0.059561729431152344,
    -0.09635066986083984,
    -0.1389923095703125,
    -0.19778919219970703,
    -0.2522602081298828,
    -0.32187652587890625,
    -0.4015531539916992,
    -0.48517513275146484,
    -0.5814399719238281,
    -0.6880159378051758,
    -0.7950620651245117,
    -0.9090456962585449,
    -1.0284037590026855,
    -1.1593985557556152,
    -1.2854070663452148,
    -1.4161248207092285,
    -1.547525405883789,
    -1.6856331825256348,
    -1.8233308792114258,
    -1.967282772064209,
    -2.110719680786133,
    -2.2618565559387207,
    -2.421792507171631,
    -2.5834407806396484,
    -2.753927230834961,
    -2.9286017417907715,
    -3.1089119911193848,
    -3.2954511642456055,
    -3.4859046936035156,
    -3.686685085296631,
    -3.8907856941223145,
    -4.104422569274902,
    -4.327686309814453,
    -4.556582927703857,
    -4.784789085388184,
    -5.016327857971191,
    -5.2573347091674805,
    -5.49320125579834,
    -5.729892015457153,
    -5.968735933303833,
    -6.200205564498901,
    -6.426001310348511,
    -6.644968748092651,
    -6.8572821617126465,
    -7.0574049949646,
    -7.261072397232056,
    -7.456573247909546
  ],
  "mean_lid_exact": [
    11.095666885375977,
    9.605415344238281,
    9.058934211730957,
    8.837571144104004,
    8.726156234741211,
    8.661084175109863,
    8.639104843139648,
    8.631937026977539,
    8.646387100219727,
    8.667332649230957,
    8.692510604858398,
    8.725726127624512,
    8.760945320129395,
    8.798789024353027,
    8.834794044494629,
    8.871407508850098,
    8.909622192382812,
    8.94542121887207,
    8.982343673706055,
    9.016335487365723,
    9.0516939163208,
    9.083623886108398,
    9.116090774536133,
    9.146827697753906,
    9.176966667175293,
    9.204686164855957,
    9.23068618774414,
    9.258277893066406,
    9.285614013671875,
    9.312666893005371,
    9.34048843383789,
    9.365837097167969,
    9.389573097229004,
    9.411426544189453,
    9.432451248168945,
    9.453962326049805,
    9.475825309753418,
    9.496142387390137,
    9.515544891357422,
    9.535019874572754,
    9.552567481994629,
    9.568090438842773,
    9.585650444030762,
    9.600568771362305,
    9.615628242492676,
    9.630697250366211,
    9.6441068649292,
    9.657221794128418,
    9.669744491577148,
    9.682737350463867
  ],