{
  "k": [
    10,
    20,
    30,
    40,
    50,
    60,
    70,
    80,
    90,
    100,
    110,
    120,
    130,
    140,
    150,
    160,
    170,
    180,
    190,
    200,
    210,
    220,
    230,
    240,
    250,
    260,
    270,
    280,
    290,
    300,
    310,
    320,
    330,
    340,
    350,
    360,
    370,
    380,
    390,
    400,
    410,
    420,
    430,
    440,
    450,
    460,
    470,
    480,
    490,
    500
  ],
  "mean_overlap": [
    0.99695,
    0.99625,
    0.9949066666666667,
    0.9929875,
    0.9901059999999999,
    0.9858933333333333,
    0.9797328571428572,
    0.97181875,
    0.9625766666666669,
    0.9523780000000001,
    0.9413063636363634,
    0.9295400000000001,
    0.9174792307692309,
    0.9050035714285714,
    0.8922706666666667,
    0.8795256250000001,
    0.8666452941176472,
    0.8537355555555554,
    0.8409984210526316,
    0.8284305000000001,
    0.8159319047619048,
    0.8036168181818182,
    0.7915260869565217,
    0.7797741666666667,
    0.7683196000000001,
    0.7569938461538461,
    0.7459614814814814,
    0.7353103571428572,
    0.7247296551724138,
    0.7144883333333333,
    0.704536129032258,
    0.6946878124999999,
    0.6851918181818182,
    0.6758779411764706,
    0.6668794285714286,
    0.6581097222222223,
    0.6495194594594594,
    0.6411231578947368,
    0.6329402564102564,
    0.624963,
    0.6171319512195121,
    0.6095380952380951,
    0.6021090697674419,
    0.5948888636363636,
    0.5878317777777778,
    0.580885,
    0.5741634042553193,
    0.5676249999999999,
    0.5611799999999999,
    0.5548662000000001
  ],
  "mean_exact_dist": [
    75.8409194946289,
    82.43536376953125,
    86.94657135009766,
    90.38887786865234,
    93.17985534667969,
    95.53202056884766,
    97.55919647216797,
    99.33556365966797,
    100.91705322265625,
    102.34223175048828,
    103.63912963867188,
    104.82966613769531,
    105.93107604980469,
    106.95616149902344,
    107.91584014892578,
    108.82376861572266,
    109.67759704589844,
    110.48536682128906,
    111.25057983398438,
    111.97806549072266,
    112.67680358886719,
    113.34490203857422,
    113.9916000366211,
    114.62853240966797,
    115.27714538574219,
    115.92835235595703,
    116.5989990234375,
    117.25302124023438,
    117.92000579833984,
    118.52088165283203,
    119.08219146728516,
    119.70806121826172,
    120.25505828857422,
    120.89720153808594,
    121.51673126220703,
    122.13858032226562,
    122.72899627685547,
    123.31010437011719,
    124.02074432373047,
    124.85710906982422,
    125.57791900634766,
    126.46473693847656,
    127.21324920654297,
    127.95392608642578,
    128.6350860595703,
    129.421875,
    130.17803955078125,
    131.08743286132812,
    131.89041137695312,
    132.8158721923828
  ],
  "mean_ann_dist": [
    75.87100982666016,
    82.46489715576172,
    86.979736328125,
    90.4279556274414,
    93.22798919677734,
    95.59366607666016,
    97.64136505126953,
    99.447509765625,
    101.06849670410156,
    102.5440902709961,
    103.90303802490234,
    105.16840362548828,
    106.35812377929688,
    107.4876480102539,
    108.56792449951172,
    2.1291067673410907e+32,
    110.583740234375,
    1.8931078125330372e+32,
    1.7950884939349454e+32,
    113.38494110107422,
    114.2945785522461,
    1.5512365504308063e+32,
    1.4842380749358947e+32,
    2.8507954420278787e+32,
    2.746150242797643e+32,
    1.5912198086190292e+33,
    2.569953076437368e+32,
    3.736300722113301e+32,
    8.469490572774858e+32,
    5.883776972212338e+32,
    3.438144411076466e+32,
    4.469871106611524e+32,
    7.642255710622992e+32,
    1.7121017133476532e+33,
    1.3674192828443364e+33,
    8.282398373500085e+32,
    8.16044348424241e+32,
    1.9222819585826135e+33,
    1.5071144718349902e+33,
    2.5008993109922328e+33,
    1.5966467830087513e+33,
    1.7918084944296063e+33,
    1.5950701116262165e+33,
    2.5941935672028773e+33,
    1.0975079664863418e+33,
    2.2043035781174222e+33,
    1.8120257574386906e+33,
    1.3158166807617548e+33,
    2.244451830501506e+33,
    1.6513550671648902e+33
  ],
  "mean_barycenter_shift": [
    0.0002050254843197763,
    0.00025035414728336036,
    0.00034189297002740204,
    0.00047069397987797856,
    0.0006512735271826386,
    0.0009066831553354859,
    0.0012213137233629823,
    0.0015743259573355317,
    0.0019201628165319562,
    0.0022620290983468294,
    0.002604421693831682,
    0.002924953354522586,
    0.003242111997678876,
    0.003544517792761326,
    0.0038345272187143564,
    0.00412730872631073,
    0.004418849013745785,
    0.004717643838375807,
    0.0050178710371255875,
    0.005313515663146973,
    0.005605988670140505,
    0.0058967857621610165,
    0.006184203550219536,
    0.006473286543041468,
    0.006763446144759655,
    0.007040425203740597,
    0.007322035264223814,
    0.007602859288454056,
    0.00788816250860691,
    0.00817247573286295,
    0.008457840420305729,
    0.00874837301671505,
    0.009043258614838123,
    0.009338012896478176,
    0.009631264954805374,
    0.009930563159286976,
    0.010234087705612183,
    0.010540437884628773,
    0.010854159481823444,
    0.011169107630848885,
    0.011491897515952587,
    0.011821127496659756,
    0.012157859280705452,
    0.01249722670763731,
    0.012850247323513031,
    0.01321093738079071,
    0.013578071258962154,
    0.01395414862781763,
    0.014340266585350037,
    0.014731787145137787
  ],
  "mean_lid_diff": [
    0.03226280212402344,
    0.0018682479858398438,
    -0.008727073669433594,
    -0.028955459594726562,
    -0.048233985900878906,
    -0.07476997375488281,
    -0.11343955993652344,
    -0.1592388153076172,
    -0.20538997650146484,
    -0.2665252685546875,
    -0.3359346389770508,
    -0.41359901428222656,
    -0.5033636093139648,
    -0.601384162902832,
    -0.6931352615356445,
    -0.7967586517333984,
    -0.9028100967407227,
    -1.0205326080322266,
    -1.1410059928894043,
    -1.2688665390014648,
    -1.4004793167114258,
    -1.532557487487793,
    -1.6667594909667969,
    -1.8086886405944824,
    -1.9579429626464844,
    -2.1096067428588867,
    -2.263322353363037,
    -2.4219417572021484,
    -2.582442283630371,
    -2.7378110885620117,
    -2.892399311065674,
    -3.0497922897338867,
    -3.2103190422058105,
    -3.372678279876709,
    -3.5361671447753906,
    -3.6997222900390625,
    -3.8635621070861816,
    -4.032410144805908,
    -4.196706771850586,
    -4.362093448638916,
    -4.523120403289795,
    -4.683661937713623,
    -4.846266269683838,
    -5.004746913909912,
    -5.156330108642578,
    -5.311264514923096,
    -5.461981773376465,
    -5.606632471084595,
    -5.751574277877808,
    -5.895613670349121
  ],
  "mean_lid_exact": [
    11.189666748046875,
    9.678772926330566,
    9.151755332946777,
    8.92019271850586,
    8.789591789245605,
    8.731404304504395,
    8.700028419494629,
    8.693490028381348,
    8.686240196228027,
    8.70059871673584,
    8.721681594848633,
    8.746597290039062,
    8.774813652038574,
    8.803258895874023,
    8.826647758483887,
    8.854053497314453,
    8.882424354553223,
    8.914691925048828,
    8.945989608764648,
    8.977972030639648,
    9.0093355178833,
    9.038050651550293,
    9.0651273727417,
    9.092148780822754,
    9.120648384094238,
    9.149796485900879,
    9.176254272460938,
    9.204669952392578,
    9.231734275817871,
    9.256725311279297,
    9.279006958007812,
    9.30236530303955,
    9.324355125427246,
    9.344680786132812,
    9.365589141845703,
    9.386211395263672,
    9.406376838684082,
    9.42652702331543,
    9.444517135620117,
    9.461812019348145,
    9.477593421936035,
    9.495132446289062,
    9.511894226074219,
    9.5261812210083,
    9.540984153747559,
    9.555222511291504,
    9.569696426391602,
    9.582456588745117,
    9.59473705291748,
    9.607583999633789
  ],