{
  "k": [
    10,
    20,
    30,
    40,
    50,
    60,
    70,
    80,
    90,
    100,
    110,
    120,
    130,
    140,
    150,
    160,
    170,
    180,
    190,
    200,
    210,
    220,
    230,
    240,
    250,
    260,
    270,
    280,
    290,
    300,
    310,
    320,
    330,
    340,
    350,
    360,
    370,
    380,
    390,
    400,
    410,
    420,
    430,
    440,
    450,
    460,
    470,
    480,
    490,
    500
  ],
  "mean_overlap": [
    0.98313,
    0.9734149999999999,
    0.9535066666666667,
    0.9253775,
    0.89412,
    0.8629600000000001,
    0.8328071428571431,
    0.8040362499999999,
    0.776208888888889,
    0.749762,
    0.7253309090909091,
    0.702445,
    0.6807976923076922,
    0.660475,
    0.6414713333333333,
    0.6235893750000001,
    0.6068182352941176,
    0.5909022222222222,
    0.5759105263157894,
    0.5616224999999999,
    0.5481142857142857,
    0.535355,
    0.5231326086956521,
    0.5115320833333333,
    0.5004799999999999,
    0.4899088461538462,
    0.47982407407407407,
    0.47017249999999994,
    0.4609679310344827,
    0.4521266666666666,
    0.4435787096774193,
    0.435364375,
    0.4274521212121213,
    0.4199873529411765,
    0.41274142857142854,
    0.4057027777777778,
    0.39893054054054056,
    0.39239710526315796,
    0.38610743589743596,
    0.38006825,
    0.3741736585365854,
    0.36845761904761903,
    0.3629404651162791,
    0.35758500000000004,
    0.35238088888888885,
    0.34737021739130436,
    0.3424570212765957,
    0.33772291666666665,
    0.333134693877551,
    0.32865140000000004
  ],
  "mean_exact_dist": [
    75.0479965209961,
    81.63771057128906,
    86.21043395996094,
    89.6812973022461,
    92.4952621459961,
    94.86554718017578,
    96.89155578613281,
    98.65694427490234,
    100.26471710205078,
    101.65978240966797,
    102.94530487060547,
    104.10314178466797,
    105.28663635253906,
    106.30085754394531,
    107.27030181884766,
    108.37322998046875,
    109.36625671386719,
    110.37748718261719,
    111.26222229003906,
    112.33246612548828,
    113.20355987548828,
    114.38743591308594,
    115.65110778808594,
    116.88265228271484,
    118.25912475585938,
    119.54551696777344,
    121.47846984863281,
    123.5328140258789,
    125.79296875,
    128.66014099121094,
    131.18414306640625,
    133.3166961669922,
    136.18234252929688,
    139.37570190429688,
    142.03977966308594,
    142.89947509765625,
    145.10284423828125,
    148.46998596191406,
    153.3628692626953,
    155.69210815429688,
    158.0398406982422,
    163.1655731201172,
    164.89247131347656,
    168.3939666748047,
    170.35049438476562,
    177.56362915039062,
    174.42420959472656,
    172.62725830078125,
    180.06494140625,
    188.65272521972656
  ],
  "mean_ann_dist": [
    75.20658874511719,
    81.82750701904297,
    86.48900604248047,
    90.12316131591797,
    93.17130279541016,
    95.84131622314453,
    4.8621487725477506e+32,
    4.255657188501057e+32,
    3.784320803093443e+32,
    1.3663213847719952e+33,
    1.8701114515070097e+33,
    1.7250448406858966e+33,
    1.0729889392119933e+33,
    4.042558190138472e+33,
    4.8282409759017044e+33,
    6.264744121608381e+33,
    9.263810466192184e+33,
    7.767787163396667e+33,
    1.0976709103440128e+34,
    9.485375736483443e+33,
    1.1206031306017548e+34,
    1.4841264514299774e+34,
    1.3582189124723675e+34,
    1.6276259849038601e+34,
    1.919071113502719e+34,
    2.2782778612079574e+34,
    1.7388312527789012e+34,
    1.6988832990931738e+34,
    2.2433077882142004e+34,
    2.41449162237463e+34,
    2.535068962905089e+34,
    2.9496379984892206e+34,
    2.144362459518222e+34,
    1.1360163506488853e+34,
    2.94616730979508e+34,
    2.092757443452564e+34,
    1.1215634006902285e+34,
    3.506397074573679e+34,
    1.4602826121273056e+34,
    9.297332025545974e+33,
    2.337906709432248e+34,
    1.528671866833603e+34,
    2.198206166350924e+34,
    3.093475984769844e+34,
    1.8004356057178831e+34,
    9.246803026962462e+34,
    184.32391357421875,
    182.7096710205078,
    190.5146026611328,
    199.7715301513672
  ],
  "mean_barycenter_shift": [
    0.0009170614066533744,
    0.001422000932507217,
    0.0026288246735930443,
    0.004000811837613583,
    0.004996424075216055,
    0.005683037452399731,
    0.0062146238051354885,
    0.0066652619279921055,
    0.007101047318428755,
    0.007522363215684891,
    0.00795526709407568,
    0.008427135646343231,
    0.008936979807913303,
    0.009500381536781788,
    0.010108073242008686,
    0.010769152082502842,
    0.011509260162711143,
    0.012311680242419243,
    0.013167277909815311,
    0.014088805764913559,
    0.015072299167513847,
    0.016118643805384636,
    0.01723560504615307,
    0.018421707674860954,
    0.019670473411679268,
    0.02097831666469574,
    0.022334905341267586,
    0.02373780868947506,
    0.025171205401420593,
    0.02662372961640358,
    0.02808316983282566,
    0.029538601636886597,
    0.03097521886229515,
    0.03238913044333458,
    0.033771369606256485,
    0.035112425684928894,
    0.03641121834516525,
    0.03766157105565071,
    0.038863811641931534,
    0.04001670703291893,
    0.04111924394965172,
    0.042173679918050766,
    0.043180838227272034,
    0.04414152354001999,
    0.0450579933822155,
    0.04593082517385483,
    0.04676259309053421,
    0.04755481705069542,
    0.048311132937669754,
    0.04903320595622063
  ],
  "mean_lid_diff": [
    0.05744171142578125,
    -0.07421112060546875,
    -0.22649574279785156,
    -0.4378519058227539,
    -0.6493220329284668,
    -0.8780574798583984,
    -1.1037936210632324,
    -1.3361611366271973,
    -1.5722613334655762,
    -1.8241167068481445,
    -2.0741348266601562,
    -2.3347458839416504,
    -2.603224754333496,
    -2.8981051445007324,
    -3.200913906097412,
    -3.515636444091797,
    -3.8439903259277344,
    -4.179043292999268,
    -4.521177291870117,
    -4.876980304718018,
    -5.240063190460205,
    -5.618587017059326,
    -5.979351997375488,
    -6.345948219299316,
    -6.707118034362793,
    -7.035234451293945,
    -7.352637767791748,
    -7.63169264793396,
    -7.8932905197143555,
    -8.119813442230225,
    -8.317043423652649,
    -8.49674105644226,
    -8.645995199680328,
    -8.766962319612503,
    -8.880029201507568,
    -8.972361028194427,
    -9.04658243060112,
    -9.107470005750656,
    -9.163247004151344,
    -9.208258628845215,
    -9.247585713863373,
    -9.279351957142353,
    -9.308540590107441,
    -9.33145109564066,
    -9.350673250854015,
    -9.369118191301823,
    -9.385936751961708,
    -9.402142316102982,
    -9.41468621045351,
    -9.42680288106203
  ],
  "mean_lid_exact": [
    11.007865905761719,
    9.531454086303711,
    9.001206398010254,
    8.760645866394043,
    8.63895034790039,
    8.584587097167969,
    8.554620742797852,
    8.553760528564453,
    8.56108570098877,
    8.583976745605469,
    8.610902786254883,
    8.637629508972168,
    8.66049575805664,
    8.694307327270508,
    8.72366714477539,
    8.757959365844727,
    8.789752960205078,
    8.823960304260254,
    8.85480785369873,
    8.887386322021484,
    8.916894912719727,
    8.950489044189453,
    8.97860336303711,
    9.00782299041748,
    9.03617000579834,
    9.063539505004883,
    9.09067153930664,
    9.115396499633789,
    9.139023780822754,
    9.162960052490234,
    9.184759140014648,
    9.20861530303955,
    9.23033618927002,
    9.250452995300293,
    9.271903991699219,
    9.29271411895752,
    9.311972618103027,
    9.329826354980469,
    9.348104476928711,
    9.36662769317627,
    9.384439468383789,
    9.399636268615723,
    9.414512634277344,
    9.428892135620117,
    9.444042205810547,
    9.458183288574219,
    9.472654342651367,
    9.487302780151367,
    9.4993314743042,
    9.511168479919434
  ],