{
  "k": [
    10,
    20,
    30,
    40,
    50,
    60,
    70,
    80,
    90,
    100,
    110,
    120,
    130,
    140,
    150,
    160,
    170,
    180,
    190,
    200,
    210,
    220,
    230,
    240,
    250,
    260,
    270,
    280,
    290,
    300,
    310,
    320,
    330,
    340,
    350,
    360,
    370,
    380,
    390,
    400,
    410,
    420,
    430,
    440,
    450,
    460,
    470,
    480,
    490,
    500
  ],
  "mean_overlap": [
    0.9899399999999999,
    0.98756,
    0.9836666666666666,
    0.9782200000000001,
    0.972036,
    0.9640966666666667,
    0.9540642857142859,
    0.9422775000000001,
    0.92906,
    0.914975,
    0.9003809090909092,
    0.8858425,
    0.8708546153846155,
    0.8557771428571428,
    0.8408533333333332,
    0.826100625,
    0.8113594117647058,
    0.7968405555555556,
    0.7825073684210526,
    0.768707,
    0.7551257142857143,
    0.741899090909091,
    0.7289930434782609,
    0.7166258333333333,
    0.7045464,
    0.6928246153846154,
    0.6814422222222223,
    0.6703428571428571,
    0.6595520689655172,
    0.6491366666666667,
    0.6389583870967743,
    0.6291393750000001,
    0.6196518181818181,
    0.6103544117647057,
    0.601385142857143,
    0.5926908333333333,
    0.5842751351351352,
    0.5760473684210525,
    0.568027435897436,
    0.5602415,
    0.5526578048780487,
    0.5453166666666667,
    0.5381344186046512,
    0.531176590909091,
    0.5243406666666666,
    0.5177465217391305,
    0.5113236170212766,
    0.5050535416666666,
    0.49891020408163267,
    0.49290259999999997
  ],
  "mean_exact_dist": [
    76.3860092163086,
    83.12767028808594,
    87.7303466796875,
    91.22197723388672,
    94.04851531982422,
    96.42997741699219,
    98.47911071777344,
    100.27063751220703,
    101.86175537109375,
    103.29212188720703,
    104.59063720703125,
    105.77362060546875,
    106.93923950195312,
    107.9514389038086,
    108.89547729492188,
    109.7923812866211,
    110.62615966796875,
    111.39281463623047,
    112.1363525390625,
    112.91558837890625,
    113.71678161621094,
    114.40437316894531,
    115.06493377685547,
    115.67329406738281,
    116.2871322631836,
    116.8288803100586,
    117.41708374023438,
    118.06429290771484,
    118.80496978759766,
    119.70512390136719,
    120.5241470336914,
    121.50650787353516,
    122.42827606201172,
    123.45020294189453,
    124.493896484375,
    125.43125915527344,
    126.38642120361328,
    127.44015502929688,
    128.26156616210938,
    129.29434204101562,
    130.19906616210938,
    131.0476837158203,
    132.2526092529297,
    132.95281982421875,
    133.63238525390625,
    134.4729766845703,
    135.20094299316406,
    135.82608032226562,
    136.10043334960938,
    136.3751220703125
  ],
  "mean_ann_dist": [
    76.49554443359375,
    83.2369384765625,
    87.85205078125,
    91.36450958251953,
    94.21861267089844,
    96.63621520996094,
    98.73228454589844,
    100.58474731445312,
    102.2510757446289,
    103.7721176147461,
    105.17792510986328,
    106.48809814453125,
    5.2619488585039475e+32,
    108.88446807861328,
    109.98377227783203,
    4.281789329017847e+32,
    112.08474731445312,
    3.808334905574268e+32,
    114.04691314697266,
    1.0307421463475634e+33,
    6.566273819252269e+32,
    9.452462160431447e+32,
    9.09894517083777e+32,
    1.464562604122129e+33,
    1.2787228133108503e+33,
    1.7992932346496306e+33,
    2.1682665246038052e+33,
    1.8690670943413676e+33,
    2.3694158425096737e+33,
    3.7822193998767563e+33,
    4.430878007026598e+33,
    4.7139224745188665e+33,
    5.967353167000835e+33,
    4.5934442929855544e+33,
    6.359900239638111e+33,
    4.2699687038102256e+33,
    7.071076985166933e+33,
    4.623024560739269e+33,
    5.821104168699699e+33,
    6.811095959576571e+33,
    8.511449931436416e+33,
    7.340832166337473e+33,
    8.45155653542573e+33,
    9.650281110146628e+33,
    1.045862624523904e+34,
    6.107005801802638e+33,
    7.523633201208568e+33,
    8.857564968050196e+33,
    9.431715987540578e+33,
    9.537061590033666e+33
  ],
  "mean_barycenter_shift": [
    0.0005631268140859902,
    0.0006493692053481936,
    0.0008210931555368006,
    0.001051733735948801,
    0.0013039582408964634,
    0.0015886686742305756,
    0.0019619406666606665,
    0.0023387474939227104,
    0.002695963019505143,
    0.0030351115856319666,
    0.0033244891092181206,
    0.0035941230598837137,
    0.003863240359351039,
    0.0041387747041881084,
    0.004411681555211544,
    0.0046872650273144245,
    0.004975058138370514,
    0.00527113676071167,
    0.005583121441304684,
    0.005903854966163635,
    0.006244897376745939,
    0.006605627480894327,
    0.006981551181524992,
    0.00736468518152833,
    0.007758320774883032,
    0.008172035217285156,
    0.008600498549640179,
    0.009046630002558231,
    0.00951483752578497,
    0.01000930741429329,
    0.010533570311963558,
    0.011088242754340172,
    0.011677268892526627,
    0.012300294823944569,
    0.012970319017767906,
    0.013680979609489441,
    0.014434989541769028,
    0.015230704098939896,
    0.01606110669672489,
    0.016925521194934845,
    0.017821814864873886,
    0.01874196156859398,
    0.0196858961135149,
    0.020645663142204285,
    0.02162543684244156,
    0.022614337503910065,
    0.02361159585416317,
    0.02461121790111065,
    0.025609228760004044,
    0.02660318650305271
  ],
  "mean_lid_diff": [
    0.1193838119506836,
    0.05489826202392578,
    -0.007542610168457031,
    -0.05735206604003906,
    -0.11214923858642578,
    -0.1748504638671875,
    -0.24450016021728516,
    -0.3341207504272461,
    -0.42243289947509766,
    -0.5276508331298828,
    -0.6326828002929688,
    -0.7577266693115234,
    -0.8849825859069824,
    -1.0239510536193848,
    -1.162327766418457,
    -1.3118510246276855,
    -1.4627437591552734,
    -1.6226539611816406,
    -1.786339282989502,
    -1.9526166915893555,
    -2.1287646293640137,
    -2.311283588409424,
    -2.501058578491211,
    -2.698212146759033,
    -2.9049177169799805,
    -3.121535301208496,
    -3.3468680381774902,
    -3.580038547515869,
    -3.817605972290039,
    -4.060705661773682,
    -4.319729804992676,
    -4.582592964172363,
    -4.860191822052002,
    -5.131170272827148,
    -5.411542892456055,
    -5.6873779296875,
    -5.969852447509766,
    -6.242451906204224,
    -6.510850429534912,
    -6.767165422439575,
    -7.019122123718262,
    -7.259575605392456,
    -7.486023187637329,
    -7.709894180297852,
    -7.913145065307617,
    -8.095646739006042,
    -8.26565706729889,
    -8.422409892082214,
    -8.570890069007874,
    -8.69773930311203
  ],
  "mean_lid_exact": [
    10.996475219726562,
    9.567937850952148,
    9.092788696289062,
    8.86896800994873,
    8.756924629211426,
    8.703058242797852,
    8.683945655822754,
    8.690606117248535,
    8.695237159729004,
    8.72542667388916,
    8.754201889038086,
    8.788507461547852,
    8.818124771118164,
    8.854358673095703,
    8.888816833496094,
    8.924312591552734,
    8.95751953125,
    8.991827964782715,
    9.029470443725586,
    9.06154727935791,
    9.091219902038574,
    9.119490623474121,
    9.149149894714355,
    9.176682472229004,
    9.205205917358398,
    9.235150337219238,
    9.261761665344238,
    9.286431312561035,
    9.312701225280762,
    9.336847305297852,
    9.361105918884277,
    9.382407188415527,
    9.403413772583008,
    9.423199653625488,
    9.443562507629395,
    9.462357521057129,
    9.483094215393066,
    9.501259803771973,
    9.518342018127441,
    9.535828590393066,
    9.55195426940918,
    9.568601608276367,
    9.583741188049316,
    9.599356651306152,
    9.61565113067627,
    9.629172325134277,
    9.641616821289062,
    9.65477180480957,
    9.667396545410156,
    9.67839241027832
  ],