{
  "k": [
    10,
    20,
    30,
    40,
    50,
    60,
    70,
    80,
    90,
    100,
    110,
    120,
    130,
    140,
    150,
    160,
    170,
    180,
    190,
    200,
    210,
    220,
    230,
    240,
    250,
    260,
    270,
    280,
    290,
    300,
    310,
    320,
    330,
    340,
    350,
    360,
    370,
    380,
    390,
    400,
    410,
    420,
    430,
    440,
    450,
    460,
    470,
    480,
    490,
    500
  ],
  "mean_overlap": [
    0.9958100000000001,
    0.9942549999999999,
    0.9922,
    0.98918,
    0.9853299999999999,
    0.9801233333333331,
    0.9727828571428572,
    0.96361875,
    0.953037777777778,
    0.9413440000000001,
    0.9289072727272726,
    0.9156716666666666,
    0.9022415384615385,
    0.8887192857142856,
    0.8751553333333333,
    0.861678125,
    0.8480488235294119,
    0.8348644444444444,
    0.8218326315789473,
    0.8089755000000001,
    0.796489523809524,
    0.7842809090909092,
    0.7724391304347826,
    0.76092375,
    0.7495663999999999,
    0.7385880769230769,
    0.7279596296296297,
    0.7176771428571428,
    0.7076451724137931,
    0.6978736666666667,
    0.6884341935483872,
    0.67924875,
    0.6702284848484847,
    0.6614835294117647,
    0.6528877142857143,
    0.6446930555555554,
    0.63661,
    0.6288297368421053,
    0.6210976923076922,
    0.61361875,
    0.6062919512195123,
    0.5991742857142858,
    0.5922174418604652,
    0.5853947727272728,
    0.5788257777777777,
    0.5723776086956522,
    0.5660382978723404,
    0.5598241666666667,
    0.5537508163265307,
    0.547778
  ],
  "mean_exact_dist": [
    75.60044860839844,
    82.18077850341797,
    86.70101165771484,
    90.14476013183594,
    92.9232406616211,
    95.2616958618164,
    97.28853607177734,
    99.07029724121094,
    100.6590347290039,
    102.09153747558594,
    103.39513397216797,
    104.59120178222656,
    105.69660186767578,
    106.72432708740234,
    107.6849365234375,
    108.5870361328125,
    109.44084167480469,
    110.3204345703125,
    111.0899658203125,
    111.81118774414062,
    112.47187805175781,
    113.12312316894531,
    113.76415252685547,
    114.42798614501953,
    115.12369537353516,
    115.69082641601562,
    116.20075225830078,
    116.73722076416016,
    117.20458221435547,
    117.70733642578125,
    118.30732727050781,
    118.92304229736328,
    119.43350982666016,
    119.95970916748047,
    120.42698669433594,
    121.17391967773438,
    121.73026275634766,
    122.39495849609375,
    123.04043579101562,
    123.79903411865234,
    124.55038452148438,
    125.18603515625,
    126.03579711914062,
    126.76273345947266,
    127.38324737548828,
    128.3290557861328,
    129.05088806152344,
    129.78854370117188,
    130.57211303710938,
    131.30438232421875
  ],
  "mean_ann_dist": [
    75.64283752441406,
    82.2252197265625,
    86.75202941894531,
    90.20645904541016,
    92.9996566772461,
    95.3582763671875,
    97.41339111328125,
    99.23345947265625,
    100.8714370727539,
    102.36480712890625,
    103.7417221069336,
    105.02365112304688,
    106.22757720947266,
    107.36634063720703,
    108.45127868652344,
    109.49320983886719,
    4.005725218550847e+32,
    7.586866404702741e+32,
    5.40150725512026e+32,
    1.7125432323997896e+32,
    114.19140625,
    115.04698944091797,
    5.971096620308381e+32,
    8.607769248875559e+32,
    4.143468485584557e+32,
    2.6625536993697504e+32,
    2.5738893389060332e+32,
    7.482569956392948e+32,
    3.639915484367066e+32,
    9.46609188026398e+32,
    2.2004656545106277e+33,
    1.71200329711453e+33,
    1.3476261690412123e+33,
    1.5492731388428735e+33,
    2.1879940275848472e+33,
    1.1956665533388533e+33,
    1.8341851936269087e+33,
    1.616000737582939e+33,
    2.807610251928044e+33,
    2.928979750289642e+33,
    2.5193362614823198e+33,
    3.76629299178634e+33,
    2.5872276786018185e+33,
    3.5538748604453617e+33,
    3.1590499781358003e+33,
    3.000747467157153e+33,
    1.7238214464420728e+33,
    3.413138718624174e+33,
    3.779872265562271e+33,
    3.934684095115144e+33
  ],
  "mean_barycenter_shift": [
    0.00022818117577116936,
    0.000301796302665025,
    0.0003944651107303798,
    0.0005415038904175162,
    0.0007244496955536306,
    0.0009569525718688965,
    0.0013103666715323925,
    0.001692758989520371,
    0.0020580075215548277,
    0.002381612081080675,
    0.002672632224857807,
    0.002940574660897255,
    0.0031928028911352158,
    0.003431023331359029,
    0.003663859562948346,
    0.0038959502708166838,
    0.0041392771527171135,
    0.00436859717592597,
    0.004608723800629377,
    0.004849248565733433,
    0.0050954511389136314,
    0.0053456504829227924,
    0.0055984025821089745,
    0.0058502815663814545,
    0.006114174611866474,
    0.006378924939781427,
    0.006644117645919323,
    0.006912135519087315,
    0.007173583377152681,
    0.007434101775288582,
    0.007692208047956228,
    0.007949774153530598,
    0.008215737529098988,
    0.008488092571496964,
    0.00877299066632986,
    0.009060201235115528,
    0.009359651245176792,
    0.009669080376625061,
    0.009995187632739544,
    0.010329593904316425,
    0.010676554404199123,
    0.01103356946259737,
    0.011404857970774174,
    0.011793524026870728,
    0.012192126363515854,
    0.012606349773705006,
    0.013034670613706112,
    0.013476330786943436,
    0.013930413872003555,
    0.014397700317203999
  ],
  "mean_lid_diff": [
    0.016866683959960938,
    0.00024700164794921875,
    -0.019395828247070312,
    -0.05650138854980469,
    -0.08442115783691406,
    -0.12701797485351562,
    -0.17498779296875,
    -0.2305145263671875,
    -0.29561424255371094,
    -0.37172508239746094,
    -0.45619678497314453,
    -0.5481948852539062,
    -0.6515779495239258,
    -0.7570533752441406,
    -0.8677754402160645,
    -0.9810271263122559,
    -1.1011433601379395,
    -1.2285008430480957,
    -1.354818344116211,
    -1.482131004333496,
    -1.607234001159668,
    -1.7344355583190918,
    -1.8691139221191406,
    -2.0017833709716797,
    -2.1370010375976562,
    -2.277927875518799,
    -2.425631523132324,
    -2.5830698013305664,
    -2.743091583251953,
    -2.9124584197998047,
    -3.085242748260498,
    -3.2655906677246094,
    -3.442284107208252,
    -3.621953010559082,
    -3.809082508087158,
    -3.997204303741455,
    -4.187912464141846,
    -4.385987281799316,
    -4.5926666259765625,
    -4.7952446937561035,
    -5.002849102020264,
    -5.209494113922119,
    -5.414784908294678,
    -5.626730918884277,
    -5.830101251602173,
    -6.031190872192383,
    -6.228079795837402,
    -6.428245544433594,
    -6.621154546737671,
    -6.820600748062134
  ],
  "mean_lid_exact": [
    11.12682819366455,
    9.592001914978027,
    9.081597328186035,
    8.849260330200195,
    8.733487129211426,
    8.664432525634766,
    8.63707447052002,
    8.643159866333008,
    8.655350685119629,
    8.673441886901855,
    8.69958782196045,
    8.724100112915039,
    8.755117416381836,
    8.787567138671875,
    8.8177490234375,
    8.850823402404785,
    8.88420581817627,
    8.915345191955566,
    8.948029518127441,
    8.979625701904297,
    9.008522987365723,
    9.038714408874512,
    9.069071769714355,
    9.096099853515625,
    9.1241455078125,
    9.149534225463867,
    9.174396514892578,
    9.200657844543457,
    9.226593971252441,
    9.25322151184082,
    9.277111053466797,
    9.298871040344238,
    9.32158088684082,
    9.342672348022461,
    9.362958908081055,
    9.383233070373535,
    9.40025520324707,
    9.419355392456055,
    9.438645362854004,
    9.455509185791016,
    9.473003387451172,
    9.488834381103516,
    9.50333309173584,
    9.518378257751465,
    9.52998161315918,
    9.54333782196045,
    9.556131362915039,
    9.567658424377441,
    9.5786714553833,
    9.590386390686035
  ],