{
  "alpha": 0.5,
  "k": [
    10,
    20,
    30,
    40,
    50,
    60,
    70,
    80,
    90,
    100,
    110,
    120,
    130,
    140,
    150,
    160,
    170,
    180,
    190,
    200,
    210,
    220,
    230,
    240,
    250,
    260,
    270,
    280,
    290,
    300,
    310,
    320,
    330,
    340,
    350,
    360,
    370,
    380,
    390,
    400,
    410,
    420,
    430,
    440,
    450,
    460,
    470,
    480,
    490,
    500
  ],
  "mean_overlap": [
    0.9020300000000001,
    0.925625,
    0.9326533333333334,
    0.9352024999999999,
    0.937428,
    0.9392933333333334,
    0.9414400000000002,
    0.9428725,
    0.9438955555555556,
    0.945161,
    0.9461772727272728,
    0.9471491666666665,
    0.9480292307692307,
    0.9491242857142858,
    0.950308,
    0.95150375,
    0.9526923529411764,
    0.9538488888888887,
    0.9548947368421054,
    0.955764,
    0.9565266666666666,
    0.9574613636363636,
    0.9580852173913045,
    0.95864375,
    0.9594176,
    0.9600676923076924,
    0.9606348148148148,
    0.9611692857142856,
    0.9616937931034483,
    0.9622300000000001,
    0.9628151612903226,
    0.9632328125,
    0.9636860606060607,
    0.9640782352941176,
    0.9644014285714285,
    0.9646891666666666,
    0.9649289189189189,
    0.9651897368421052,
    0.9654061538461539,
    0.9655765,
    0.9658495121951218,
    0.9660083333333332,
    0.9661697674418604,
    0.9662961363636364,
    0.9663775555555556,
    0.9664808695652175,
    0.9665878723404255,
    0.9666452083333333,
    0.966682448979592,
    0.9667406
  ],
  "mean_exact_dist": [
    75.65046691894531,
    82.296875,
    86.85892486572266,
    90.3578109741211,
    93.18843841552734,
    95.57039642333984,
    97.63812255859375,
    99.46185302734375,
    101.0845718383789,
    102.54408264160156,
    103.87122344970703,
    105.08715057373047,
    106.20929718017578,
    107.25146484375,
    108.22442626953125,
    109.13662719726562,
    109.99552154541016,
    110.80736541748047,
    111.57746124267578,
    112.30985260009766,
    113.0084228515625,
    113.67632293701172,
    114.31607818603516,
    114.9300765991211,
    115.52043914794922,
    116.08903503417969,
    116.63752746582031,
    117.1671371459961,
    117.67926025390625,
    118.175048828125,
    118.65546417236328,
    119.12145233154297,
    119.5738525390625,
    120.01343536376953,
    120.44086456298828,
    120.85677337646484,
    121.26178741455078,
    121.65650177001953,
    122.04135131835938,
    122.41683959960938,
    122.78340911865234,
    123.14147186279297,
    123.49143981933594,
    123.83368682861328,
    124.16847229003906,
    124.49610900878906,
    124.81690979003906,
    125.13117218017578,
    125.43914794921875,
    125.7410659790039
  ],
  "mean_ann_dist": [
    76.54112243652344,
    82.77191162109375,
    87.24136352539062,
    90.6988754272461,
    93.50933074951172,
    95.87590789794922,
    97.92500305175781,
    99.73015594482422,
    101.3388900756836,
    102.7842788696289,
    104.10466003417969,
    105.31477355957031,
    106.43368530273438,
    107.4686279296875,
    108.43207550048828,
    109.33439636230469,
    110.18622589111328,
    110.99224090576172,
    111.75708770751953,
    112.48629760742188,
    113.18147277832031,
    113.84548950195312,
    114.48348999023438,
    115.09593963623047,
    115.68340301513672,
    116.25027465820312,
    116.79602813720703,
    117.32352447509766,
    117.83352661132812,
    118.32642364501953,
    118.8031234741211,
    119.26634979248047,
    119.71607208251953,
    120.15325164794922,
    120.5783462524414,
    120.99220275878906,
    121.39562225341797,
    121.78876495361328,
    122.17250061035156,
    122.54713439941406,
    122.91262817382812,
    123.27011108398438,
    123.61949920654297,
    123.96109771728516,
    124.29570007324219,
    124.623046875,
    124.94361114501953,
    125.25810241699219,
    125.56607818603516,
    125.86788940429688
  ],
  "mean_barycenter_shift": [
    0.007771803066134453,
    0.005163036286830902,
    0.0042359670624136925,
    0.0037440741434693336,
    0.0033661152701824903,
    0.0030851024203002453,
    0.0028301358688622713,
    0.002625084016472101,
    0.002462388714775443,
    0.002311772434040904,
    0.002202314557507634,
    0.002101302146911621,
    0.0020151175558567047,
    0.0019232004415243864,
    0.0018334125634282827,
    0.0017576187383383512,
    0.0016911155544221401,
    0.001623670570552349,
    0.0015672164736315608,
    0.0015207362594082952,
    0.0014776989119127393,
    0.0014329619007185102,
    0.0014020082307979465,
    0.0013711719075217843,
    0.0013382098404690623,
    0.0013055122690275311,
    0.0012810280313715339,
    0.0012604257790371776,
    0.0012337175430729985,
    0.0012054475955665112,
    0.0011799618368968368,
    0.0011566937901079655,
    0.0011287704110145569,
    0.0011047556763514876,
    0.0010871199192479253,
    0.0010668537579476833,
    0.0010506807593628764,
    0.001034233719110489,
    0.0010234203655272722,
    0.0010111728915944695,
    0.000996207818388939,
    0.0009838094701990485,
    0.0009735613130033016,
    0.0009648260311223567,
    0.0009585414663888514,
    0.0009542824700474739,
    0.0009480355074629188,
    0.0009428265620954335,
    0.0009378217509947717,
    0.0009333931957371533
  ],
  "mean_lid_diff": [
    -0.1869649887084961,
    -0.4641561508178711,
    -0.4541187286376953,
    -0.44071006774902344,
    -0.41629505157470703,
    -0.39924144744873047,
    -0.3790454864501953,
    -0.3768939971923828,
    -0.3676729202270508,
    -0.3569755554199219,
    -0.34499359130859375,
    -0.3425893783569336,
    -0.3348731994628906,
    -0.32544708251953125,
    -0.3155946731567383,
    -0.31411170959472656,
    -0.30772972106933594,
    -0.3015594482421875,
    -0.2952108383178711,
    -0.29209423065185547,
    -0.2852039337158203,
    -0.28265953063964844,
    -0.27898597717285156,
    -0.27788352966308594,
    -0.2738990783691406,
    -0.26949119567871094,
    -0.2662391662597656,
    -0.2649354934692383,
    -0.2613544464111328,
    -0.2585887908935547,
    -0.2552604675292969,
    -0.2529306411743164,
    -0.2521238327026367,
    -0.2508687973022461,
    -0.2489166259765625,
    -0.24842453002929688,
    -0.24664592742919922,
    -0.24506664276123047,
    -0.24458885192871094,
    -0.24248218536376953,
    -0.24178600311279297,
    -0.24248313903808594,
    -0.2409381866455078,
    -0.23865127563476562,
    -0.23711013793945312,
    -0.23662948608398438,
    -0.23477745056152344,
    -0.23503684997558594,
    -0.23471450805664062,
    -0.23425769805908203
  ],
  "mean_lid_exact": [
    11.056753158569336,
    9.535602569580078,
    9.006322860717773,
    8.762222290039062,
    8.637125968933105,
    8.58202075958252,
    8.559231758117676,
    8.558961868286133,
    8.58226490020752,
    8.604817390441895,
    8.63201904296875,
    8.667945861816406,
    8.701839447021484,
    8.737468719482422,
    8.777471542358398,
    8.82058048248291,
    8.85612678527832,
    8.892607688903809,
    8.927512168884277,
    8.962918281555176,
    8.995849609375,
    9.029282569885254,
    9.062601089477539,
    9.093718528747559,
    9.124088287353516,
    9.151100158691406,
    9.179098129272461,
    9.20711898803711,
    9.231822967529297,
    9.256800651550293,
    9.278772354125977,
    9.301952362060547,
    9.325811386108398,
    9.34752082824707,
    9.369096755981445,
    9.390201568603516,
    9.41016674041748,
    9.42810344696045,
    9.446163177490234,
    9.462827682495117,
    9.479979515075684,
    9.496664047241211,
    9.510845184326172,
    9.524880409240723,
    9.53919792175293,
    9.554069519042969,
    9.566300392150879,
    9.579773902893066,
    9.59227466583252,
    9.604191780090332
  ],