{
  "k": [
    10,
    20,
    30,
    40,
    50,
    60,
    70,
    80,
    90,
    100,
    110,
    120,
    130,
    140,
    150,
    160,
    170,
    180,
    190,
    200,
    210,
    220,
    230,
    240,
    250,
    260,
    270,
    280,
    290,
    300,
    310,
    320,
    330,
    340,
    350,
    360,
    370,
    380,
    390,
    400,
    410,
    420,
    430,
    440,
    450,
    460,
    470,
    480,
    490,
    500
  ],
  "mean_overlap": [
    0.9949100000000001,
    0.9932700000000001,
    0.9907299999999999,
    0.98735,
    0.9830180000000001,
    0.9773266666666667,
    0.9697657142857145,
    0.9600237500000001,
    0.948898888888889,
    0.936825,
    0.9241800000000001,
    0.911125,
    0.8977261538461541,
    0.8842464285714287,
    0.87072,
    0.8571606250000001,
    0.8437382352941176,
    0.8304483333333333,
    0.8172742105263158,
    0.8043965000000001,
    0.791697619047619,
    0.7793227272727273,
    0.767185652173913,
    0.7552608333333334,
    0.7438168000000001,
    0.7326869230769231,
    0.7217981481481481,
    0.7112078571428571,
    0.7009913793103449,
    0.6910870000000001,
    0.681385806451613,
    0.6719540625,
    0.6627945454545454,
    0.6538564705882354,
    0.6452325714285714,
    0.636771388888889,
    0.6285451351351351,
    0.6204926315789474,
    0.6126771794871795,
    0.6050274999999999,
    0.5975312195121952,
    0.590255,
    0.5831862790697674,
    0.5763156818181818,
    0.5695988888888889,
    0.5630580434782608,
    0.5566012765957448,
    0.5503422916666666,
    0.5442126530612245,
    0.5382123999999999
  ],
  "mean_exact_dist": [
    75.09825134277344,
    81.74637603759766,
    86.27167510986328,
    89.72003936767578,
    92.51799011230469,
    94.88604736328125,
    96.93656158447266,
    98.73690795898438,
    100.3368911743164,
    101.77715301513672,
    103.0865707397461,
    104.28713989257812,
    105.39643859863281,
    106.427978515625,
    107.39188385009766,
    108.29706573486328,
    109.23037719726562,
    110.0208511352539,
    110.7713851928711,
    111.45037078857422,
    112.13555145263672,
    112.76671600341797,
    113.35189056396484,
    113.96488952636719,
    114.60426330566406,
    115.2074966430664,
    115.75765228271484,
    116.31867980957031,
    116.81402587890625,
    117.39140319824219,
    118.04635620117188,
    118.85408782958984,
    119.46122741699219,
    120.06249237060547,
    120.62263488769531,
    121.1335678100586,
    121.73407745361328,
    122.2979736328125,
    122.89962005615234,
    123.61368560791016,
    124.47853088378906,
    125.16851043701172,
    125.75511169433594,
    126.49462127685547,
    127.27527618408203,
    127.83207702636719,
    128.48541259765625,
    128.99607849121094,
    129.58419799804688,
    130.07955932617188
  ],
  "mean_ann_dist": [
    75.14069366455078,
    81.79377746582031,
    86.32888793945312,
    89.79094696044922,
    92.60669708251953,
    94.99787139892578,
    97.07996368408203,
    98.92189025878906,
    100.57636260986328,
    102.0829086303711,
    103.47048950195312,
    104.7621841430664,
    105.9751968383789,
    107.12321472167969,
    108.21955871582031,
    109.27655029296875,
    4.0214180428301e+32,
    1.902060053298382e+32,
    112.18206024169922,
    1.7137508042224863e+32,
    1.6324724969462867e+32,
    1.5590545286351558e+32,
    1.4938292088183894e+32,
    1.1485161252363091e+33,
    4.156120232786054e+32,
    8.042471667061136e+32,
    3.8982522934714995e+32,
    1.1366151112973866e+33,
    9.854187630004995e+32,
    2.408993249793142e+33,
    2.140664175547859e+33,
    1.407987196901738e+33,
    2.907620642336822e+33,
    2.1940438405568348e+33,
    1.8424450390540306e+33,
    2.525201311903444e+33,
    2.7593909399728296e+33,
    2.6544705698832365e+33,
    2.1049912311482968e+33,
    3.684253157957849e+33,
    3.1705674627763017e+33,
    2.727098036108031e+33,
    3.8303687682197513e+33,
    4.216699524949756e+33,
    4.2321124974088787e+33,
    6.068104155038115e+33,
    5.595320617724576e+33,
    4.632465091478859e+33,
    5.195819416916614e+33,
    6.16515555926799e+33
  ],
  "mean_barycenter_shift": [
    0.0002771777508314699,
    0.0003499782469589263,
    0.00047251759679056704,
    0.0006372438510879874,
    0.0008214313420467079,
    0.001071266015060246,
    0.0014106797752901912,
    0.0017996407113969326,
    0.0021672677248716354,
    0.002514870371669531,
    0.002810562727972865,
    0.003080733586102724,
    0.0033283038064837456,
    0.003547369036823511,
    0.003758845617994666,
    0.003978664055466652,
    0.004200230352580547,
    0.004420232959091663,
    0.004657614044845104,
    0.004904318600893021,
    0.005162286106497049,
    0.005422221962362528,
    0.0056810216046869755,
    0.005943238735198975,
    0.006199561059474945,
    0.006460070610046387,
    0.0067249201238155365,
    0.006994315888732672,
    0.007262895815074444,
    0.007542072329670191,
    0.007829951122403145,
    0.008130333386361599,
    0.008447651751339436,
    0.00877611804753542,
    0.009122896008193493,
    0.009489243850111961,
    0.009872769936919212,
    0.010271482169628143,
    0.010684005916118622,
    0.011110913939774036,
    0.011554249562323093,
    0.012021970003843307,
    0.012509241700172424,
    0.01301520224660635,
    0.013541334308683872,
    0.014084222726523876,
    0.014643809758126736,
    0.015219480730593204,
    0.015805291011929512,
    0.016404420137405396
  ],
  "mean_lid_diff": [
    0.027578353881835938,
    0.01004791259765625,
    -0.026563644409179688,
    -0.05720996856689453,
    -0.09141254425048828,
    -0.13029861450195312,
    -0.1936473846435547,
    -0.2520589828491211,
    -0.324127197265625,
    -0.3981809616088867,
    -0.48299121856689453,
    -0.5825872421264648,
    -0.6797637939453125,
    -0.782689094543457,
    -0.897282600402832,
    -1.0123114585876465,
    -1.1388401985168457,
    -1.2707476615905762,
    -1.3954148292541504,
    -1.5248408317565918,
    -1.6571621894836426,
    -1.7959880828857422,
    -1.941256046295166,
    -2.087831497192383,
    -2.242084503173828,
    -2.402233123779297,
    -2.5641160011291504,
    -2.7330989837646484,
    -2.9120588302612305,
    -3.094879150390625,
    -3.288804531097412,
    -3.480713367462158,
    -3.6882548332214355,
    -3.892336845397949,
    -4.104384899139404,
    -4.316704273223877,
    -4.533193111419678,
    -4.752656936645508,
    -4.983792781829834,
    -5.21790885925293,
    -5.450527906417847,
    -5.670823335647583,
    -5.903703689575195,
    -6.129061460494995,
    -6.348219156265259,
    -6.564192056655884,
    -6.774425506591797,
    -6.981174468994141,
    -7.179633617401123,
    -7.371590614318848
  ],
  "mean_lid_exact": [
    11.0145902633667,
    9.54666805267334,
    9.051956176757812,
    8.82036304473877,
    8.698417663574219,
    8.635246276855469,
    8.620504379272461,
    8.61766242980957,
    8.628670692443848,
    8.648420333862305,
    8.673349380493164,
    8.704195022583008,
    8.727757453918457,
    8.758145332336426,
    8.793351173400879,
    8.821867942810059,
    8.853266716003418,
    8.887017250061035,
    8.91703987121582,
    8.948386192321777,
    8.979559898376465,
    9.010269165039062,
    9.039985656738281,
    9.068266868591309,
    9.095918655395508,
    9.123649597167969,
    9.150409698486328,
    9.176047325134277,
    9.202269554138184,
    9.225462913513184,
    9.24923324584961,
    9.270979881286621,
    9.292171478271484,
    9.312414169311523,
    9.332186698913574,
    9.351858139038086,
    9.370054244995117,
    9.387842178344727,
    9.407402038574219,
    9.422758102416992,
    9.43834114074707,
    9.455111503601074,
    9.470062255859375,
    9.484347343444824,
    9.499384880065918,
    9.513423919677734,
    9.525367736816406,
    9.53796672821045,
    9.548824310302734,
    9.560578346252441
  ],