{
  "alpha": 4.0,
  "k": [
    10,
    20,
    30,
    40,
    50,
    60,
    70,
    80,
    90,
    100,
    110,
    120,
    130,
    140,
    150,
    160,
    170,
    180,
    190,
    200,
    210,
    220,
    230,
    240,
    250,
    260,
    270,
    280,
    290,
    300,
    310,
    320,
    330,
    340,
    350,
    360,
    370,
    380,
    390,
    400,
    410,
    420,
    430,
    440,
    450,
    460,
    470,
    480,
    490,
    500
  ],
  "mean_overlap": [
    0.9955299999999999,
    0.9973049999999999,
    0.9981866666666667,
    0.9987225000000001,
    0.999034,
    0.9992166666666666,
    0.9993,
    0.99940125,
    0.9994733333333333,
    0.9995470000000001,
    0.9995863636363636,
    0.9996291666666668,
    0.9996746153846154,
    0.9996978571428572,
    0.99972,
    0.99974625,
    0.9997611764705882,
    0.9997805555555555,
    0.9997915789473684,
    0.9998065,
    0.9998261904761905,
    0.9998427272727273,
    0.9998604347826087,
    0.9998729166666668,
    0.9998832000000001,
    0.9998915384615386,
    0.999895925925926,
    0.9999021428571429,
    0.9999075862068965,
    0.9999103333333332,
    0.9999141935483871,
    0.9999190625000001,
    0.9999251515151516,
    0.9999276470588236,
    0.9999334285714288,
    0.9999411111111111,
    0.9999424324324324,
    0.999946842105263,
    0.9999484615384615,
    0.9999525000000001,
    0.9999541463414634,
    0.9999571428571428,
    0.999956976744186,
    0.9999586363636365,
    0.9999602222222221,
    0.9999608695652173,
    0.9999634042553193,
    0.9999650000000001,
    0.9999665306122449,
    0.9999666000000001
  ],
  "mean_exact_dist": [
    75.78614807128906,
    82.3373031616211,
    86.83411407470703,
    90.26297760009766,
    93.044189453125,
    95.3900146484375,
    97.4149169921875,
    99.19258880615234,
    100.7761001586914,
    102.20269775390625,
    103.5004653930664,
    104.69139862060547,
    105.79177856445312,
    106.81476593017578,
    107.77132415771484,
    108.6694107055664,
    109.5162124633789,
    110.31737518310547,
    111.07806396484375,
    111.80221557617188,
    112.4933853149414,
    113.15472412109375,
    113.78898620605469,
    114.39867401123047,
    114.98584747314453,
    115.55220031738281,
    116.09915924072266,
    116.62812805175781,
    117.14012145996094,
    117.63629913330078,
    118.11762237548828,
    118.5849380493164,
    119.03900146484375,
    119.48057556152344,
    119.91024780273438,
    120.32859802246094,
    120.73616027832031,
    121.13345336914062,
    121.52093505859375,
    121.89913940429688,
    122.26848602294922,
    122.62934112548828,
    122.98204803466797,
    123.32697296142578,
    123.66441345214844,
    123.9946517944336,
    124.31803894042969,
    124.63480377197266,
    124.94517517089844,
    125.24939727783203
  ],
  "mean_ann_dist": [
    75.8209228515625,
    82.35469055175781,
    86.8475341796875,
    90.27227783203125,
    93.05087280273438,
    95.39546203613281,
    97.41985321044922,
    99.19660949707031,
    100.77960205078125,
    102.2057113647461,
    103.50312805175781,
    104.6938247680664,
    105.79396057128906,
    106.81680297851562,
    107.77320098876953,
    108.67109680175781,
    109.51775360107422,
    110.31880187988281,
    111.07936096191406,
    111.80345916748047,
    112.49453735351562,
    113.15581512451172,
    113.79000091552734,
    114.39962768554688,
    114.98674011230469,
    115.55302429199219,
    116.09993743896484,
    116.62885284423828,
    117.14077758789062,
    117.63694763183594,
    118.11824798583984,
    118.58550262451172,
    119.03948974609375,
    119.48104095458984,
    119.91069793701172,
    120.3290023803711,
    120.73653411865234,
    121.13379669189453,
    121.52128601074219,
    121.89947509765625,
    122.26881408691406,
    122.629638671875,
    122.98233795166016,
    123.3272476196289,
    123.66466522216797,
    123.99490356445312,
    124.3182601928711,
    124.63502502441406,
    124.94538879394531,
    125.24960327148438
  ],
  "mean_barycenter_shift": [
    0.00023563737340737134,
    0.00013398136070463806,
    8.43286543386057e-05,
    5.9478956245584413e-05,
    4.459195042727515e-05,
    3.677428685477935e-05,
    3.2257114071398973e-05,
    2.865705573640298e-05,
    2.5146644475171342e-05,
    2.142966513929423e-05,
    1.9523426090017892e-05,
    1.7555403246660717e-05,
    1.5570007235510275e-05,
    1.4465300409938209e-05,
    1.3692285392608028e-05,
    1.2138155398133676e-05,
    1.1289772373856977e-05,
    1.0368374205427244e-05,
    9.974731256079394e-06,
    9.36352171265753e-06,
    8.377561243833043e-06,
    7.596032901346916e-06,
    6.71964744469733e-06,
    6.153333742986433e-06,
    5.537269771593856e-06,
    5.1745569180638995e-06,
    4.905869900539983e-06,
    4.636528956325492e-06,
    4.3493810153449886e-06,
    4.252812232152792e-06,
    4.103516857867362e-06,
    3.836317773675546e-06,
    3.5473767638904974e-06,
    3.3807746149250306e-06,
    3.194162900399533e-06,
    2.9142365747247823e-06,
    2.8233785087650176e-06,
    2.522005615901435e-06,
    2.4569008019170724e-06,
    2.248139253424597e-06,
    2.1627508886012947e-06,
    2.0402842437761137e-06,
    2.067221430479549e-06,
    1.9892763702955563e-06,
    1.9443109522399027e-06,
    1.9809399418591056e-06,
    1.8471636167305405e-06,
    1.7933422213900485e-06,
    1.665191120991949e-06,
    1.7132340417447267e-06
  ],
  "mean_lid_diff": [
    0.010931015014648438,
    -0.0060882568359375,
    0.000957489013671875,
    -0.004431724548339844,
    -0.0033750534057617188,
    -0.0027246475219726562,
    -0.001659393310546875,
    -0.0026645660400390625,
    -0.0030975341796875,
    -0.0013170242309570312,
    -0.0027856826782226562,
    -0.0010433197021484375,
    -0.0015211105346679688,
    -0.0017595291137695312,
    -0.001155853271484375,
    -0.0012540817260742188,
    -0.0015192031860351562,
    -0.0014886856079101562,
    -0.0013761520385742188,
    -0.0016641616821289062,
    -0.0007419586181640625,
    -0.000972747802734375,
    -0.0006723403930664062,
    -0.00045680999755859375,
    -0.00033473968505859375,
    -0.00046825408935546875,
    -0.0004215240478515625,
    -0.00039577484130859375,
    -0.00048828125,
    -0.00047397613525390625,
    -0.00018787384033203125,
    -0.0003910064697265625,
    -0.000484466552734375,
    -0.0007123947143554688,
    -0.00048732757568359375,
    -0.00034236907958984375,
    -0.00046443939208984375,
    -0.0002193450927734375,
    -0.00022602081298828125,
    -0.00022983551025390625,
    -0.0003108978271484375,
    -0.00018405914306640625,
    -0.00034046173095703125,
    -0.00027370452880859375,
    -0.0001983642578125,
    -0.00037479400634765625,
    -0.000270843505859375,
    -0.0002899169921875,
    -0.0002651214599609375,
    -0.00034236907958984375
  ],