{
  "alpha": 2.0,
  "k": [
    10,
    20,
    30,
    40,
    50,
    60,
    70,
    80,
    90,
    100,
    110,
    120,
    130,
    140,
    150,
    160,
    170,
    180,
    190,
    200,
    210,
    220,
    230,
    240,
    250,
    260,
    270,
    280,
    290,
    300,
    310,
    320,
    330,
    340,
    350,
    360,
    370,
    380,
    390,
    400,
    410,
    420,
    430,
    440,
    450,
    460,
    470,
    480,
    490,
    500
  ],
  "mean_overlap": [
    0.9928400000000002,
    0.99267,
    0.9947766666666669,
    0.9958825000000001,
    0.996624,
    0.99718,
    0.9975557142857142,
    0.9978387500000001,
    0.9980633333333333,
    0.9982110000000001,
    0.9983754545454547,
    0.9985025000000002,
    0.9986476923076923,
    0.9987371428571429,
    0.9988286666666667,
    0.99889125,
    0.998970588235294,
    0.9990316666666665,
    0.9990857894736842,
    0.9991595000000001,
    0.9992119047619048,
    0.9992540909090909,
    0.9992952173913043,
    0.9993379166666666,
    0.9993748,
    0.9993938461538461,
    0.999414814814815,
    0.9994360714285715,
    0.9994644827586205,
    0.9994790000000001,
    0.9995032258064517,
    0.9995334375,
    0.9995475757575758,
    0.9995626470588235,
    0.9995782857142859,
    0.9995983333333334,
    0.9996145945945948,
    0.9996292105263157,
    0.9996446153846155,
    0.99966075,
    0.9996668292682928,
    0.9996754761904761,
    0.9996853488372093,
    0.9996902272727273,
    0.9997031111111111,
    0.9997128260869566,
    0.999723829787234,
    0.999734375,
    0.9997416326530613,
    0.9997501999999998
  ],
  "mean_exact_dist": [
    75.8409194946289,
    82.43536376953125,
    86.94657135009766,
    90.38887786865234,
    93.17985534667969,
    95.53202056884766,
    97.55919647216797,
    99.33556365966797,
    100.91705322265625,
    102.34223175048828,
    103.63912963867188,
    104.82966613769531,
    105.93107604980469,
    106.95616149902344,
    107.91584014892578,
    108.81817626953125,
    109.67041015625,
    110.47779083251953,
    111.24504852294922,
    111.9761962890625,
    112.67469024658203,
    113.34366607666016,
    113.98562622070312,
    114.60295104980469,
    115.19730377197266,
    115.77010345458984,
    116.32299041748047,
    116.8573226928711,
    117.37419891357422,
    117.87478637695312,
    118.36007690429688,
    118.83097839355469,
    119.28823852539062,
    119.73262786865234,
    120.16490173339844,
    120.58560180664062,
    120.99532318115234,
    121.39457702636719,
    121.78387451171875,
    122.16376495361328,
    122.5346908569336,
    122.89696502685547,
    123.25096130371094,
    123.59712219238281,
    123.93576049804688,
    124.2672119140625,
    124.59173583984375,
    124.90961456298828,
    125.22108459472656,
    125.52639770507812
  ],
  "mean_ann_dist": [
    75.893798828125,
    82.48282623291016,
    86.97928619384766,
    90.41481018066406,
    93.20093536376953,
    95.549560546875,
    97.57447052001953,
    99.34915924072266,
    100.9292221069336,
    102.35334014892578,
    103.64934539794922,
    104.83893585205078,
    105.93952178955078,
    106.96402740478516,
    107.92320251464844,
    108.82510375976562,
    109.67687225341797,
    110.48384857177734,
    111.25074005126953,
    111.98152160644531,
    112.67964935302734,
    113.3484115600586,
    113.99027252197266,
    114.6072998046875,
    115.20152282714844,
    115.77408599853516,
    116.32683563232422,
    116.86102294921875,
    117.3775863647461,
    117.8780517578125,
    118.36325073242188,
    118.83399963378906,
    119.29117584228516,
    119.7354736328125,
    120.16764068603516,
    120.58822631835938,
    120.99784851074219,
    121.39701080322266,
    121.78624725341797,
    122.16605377197266,
    122.53691101074219,
    122.89913940429688,
    123.2530746459961,
    123.59919738769531,
    123.93777465820312,
    124.26917266845703,
    124.5936508178711,
    124.91143798828125,
    125.22284698486328,
    125.52813720703125
  ],
  "mean_barycenter_shift": [
    0.0003848126216325909,
    0.00037383954622782767,
    0.00026198793784715235,
    0.00020137634419370443,
    0.00015595763397868723,
    0.0001334531989414245,
    0.00011536004603840411,
    0.00010167856089537963,
    9.036665869643912e-05,
    8.260621689260006e-05,
    7.621717668371275e-05,
    6.832042708992958e-05,
    6.091862451285124e-05,
    5.632423926726915e-05,
    5.257582597550936e-05,
    4.926011388306506e-05,
    4.547673597699031e-05,
    4.293998426874168e-05,
    4.0220558730652556e-05,
    3.672320963232778e-05,
    3.433204983593896e-05,
    3.2218460546573624e-05,
    3.0403787604882382e-05,
    2.8466727599152364e-05,
    2.7114874683320522e-05,
    2.639836020534858e-05,
    2.5613493562559597e-05,
    2.453453271300532e-05,
    2.3253578547155485e-05,
    2.2355678083840758e-05,
    2.142902849300299e-05,
    2.0133229554630816e-05,
    1.9430071915849112e-05,
    1.8674358216230758e-05,
    1.7957658201339655e-05,
    1.70223975146655e-05,
    1.623999560251832e-05,
    1.557974610477686e-05,
    1.4906969227013178e-05,
    1.4207633284968324e-05,
    1.4033420484338421e-05,
    1.3876354387321044e-05,
    1.3431371371552814e-05,
    1.3364338883548044e-05,
    1.2879318092018366e-05,
    1.242784765054239e-05,
    1.1978008842561394e-05,
    1.160149258794263e-05,
    1.1289434951322619e-05,
    1.0772960195026826e-05
  ],
  "mean_lid_diff": [
    0.01644420623779297,
    -0.0019016265869140625,
    -0.0069332122802734375,
    -0.0042476654052734375,
    -0.00606536865234375,
    -0.004192352294921875,
    -0.00687408447265625,
    -0.0074253082275390625,
    -0.007445335388183594,
    -0.00548553466796875,
    -0.0044155120849609375,
    -0.0043430328369140625,
    -0.005279541015625,
    -0.006630897521972656,
    -0.0058574676513671875,
    -0.0044956207275390625,
    -0.004164695739746094,
    -0.004937171936035156,
    -0.004451751708984375,
    -0.004654884338378906,
    -0.004164695739746094,
    -0.00470733642578125,
    -0.0030231475830078125,
    -0.00357818603515625,
    -0.0022306442260742188,
    -0.0037641525268554688,
    -0.0030994415283203125,
    -0.0034093856811523438,
    -0.0029916763305664062,
    -0.003326416015625,
    -0.0028390884399414062,
    -0.0030155181884765625,
    -0.0027618408203125,
    -0.0020389556884765625,
    -0.002681732177734375,
    -0.0024023056030273438,
    -0.0020847320556640625,
    -0.0022802352905273438,
    -0.0020885467529296875,
    -0.0024042129516601562,
    -0.0021209716796875,
    -0.0021905899047851562,
    -0.0025033950805664062,
    -0.002033233642578125,
    -0.0022287368774414062,
    -0.0014448165893554688,
    -0.001728057861328125,
    -0.0018014907836914062,
    -0.001735687255859375,
    -0.0016412734985351562
  ],
  "mean_lid_exact": [
    11.189666748046875,
    9.678772926330566,
    9.151755332946777,
    8.92019271850586,
    8.789591789245605,
    8.731404304504395,
    8.700028419494629,
    8.693490028381348,
    8.686240196228027,
    8.70059871673584,
    8.721681594848633,
    8.746597290039062,
    8.774813652038574,
    8.803258895874023,
    8.826647758483887,
    8.854053497314453,
    8.882424354553223,
    8.914691925048828,
    8.945989608764648,
    8.977972030639648,
    9.0093355178833,
    9.038050651550293,
    9.0651273727417,
    9.092148780822754,
    9.120648384094238,
    9.149796485900879,
    9.176254272460938,
    9.204669952392578,
    9.231734275817871,
    9.256725311279297,
    9.279006958007812,
    9.30236530303955,
    9.324355125427246,
    9.344680786132812,
    9.365589141845703,
    9.386211395263672,
    9.406376838684082,
    9.42652702331543,
    9.444517135620117,
    9.461812019348145,
    9.477593421936035,
    9.495132446289062,
    9.511894226074219,
    9.5261812210083,
    9.540984153747559,
    9.555222511291504,
    9.569696426391602,
    9.582456588745117,
    9.59473705291748,
    9.607583999633789
  ],