{
  "alpha": 4.0,
  "k": [
    10,
    20,
    30,
    40,
    50,
    60,
    70,
    80,
    90,
    100,
    110,
    120,
    130,
    140,
    150,
    160,
    170,
    180,
    190,
    200,
    210,
    220,
    230,
    240,
    250,
    260,
    270,
    280,
    290,
    300,
    310,
    320,
    330,
    340,
    350,
    360,
    370,
    380,
    390,
    400,
    410,
    420,
    430,
    440,
    450,
    460,
    470,
    480,
    490,
    500
  ],
  "mean_overlap": [
    0.9955800000000001,
    0.9978049999999999,
    0.9985066666666665,
    0.9988724999999998,
    0.9991260000000001,
    0.9992783333333333,
    0.999367142857143,
    0.9994637499999999,
    0.9995455555555555,
    0.999589,
    0.9996454545454546,
    0.9996891666666666,
    0.9997092307692307,
    0.9997257142857143,
    0.9997566666666665,
    0.9997799999999999,
    0.9997970588235293,
    0.9998133333333336,
    0.9998299999999999,
    0.9998290000000001,
    0.9998438095238095,
    0.9998518181818182,
    0.9998608695652174,
    0.9998670833333334,
    0.9998756000000001,
    0.9998803846153845,
    0.9998892592592592,
    0.9998939285714287,
    0.9998993103448276,
    0.9999066666666667,
    0.9999119354838711,
    0.9999162500000001,
    0.9999212121212122,
    0.999925588235294,
    0.9999299999999999,
    0.9999327777777777,
    0.999937027027027,
    0.9999410526315788,
    0.9999456410256411,
    0.99994825,
    0.9999475609756099,
    0.9999509523809523,
    0.9999541860465117,
    0.9999556818181818,
    0.9999586666666667,
    0.9999589130434783,
    0.9999593617021277,
    0.9999612499999999,
    0.9999616326530611,
    0.9999621999999999
  ],
  "mean_exact_dist": [
    75.85939025878906,
    82.40481567382812,
    86.89728546142578,
    90.30349731445312,
    93.06490325927734,
    95.3984146118164,
    97.40972137451172,
    99.17232513427734,
    100.74213409423828,
    102.15910339355469,
    103.45179748535156,
    104.64131164550781,
    105.74299621582031,
    106.76930236816406,
    107.72979736328125,
    108.63308715820312,
    109.48551177978516,
    110.29273986816406,
    111.0593490600586,
    111.78921508789062,
    112.48590087890625,
    113.15241241455078,
    113.79154968261719,
    114.40534973144531,
    114.99592590332031,
    115.565185546875,
    116.11468505859375,
    116.64573669433594,
    117.15953826904297,
    117.65721130371094,
    118.13973999023438,
    118.60808563232422,
    119.06302642822266,
    119.50530242919922,
    119.93557739257812,
    120.35447692871094,
    120.76249694824219,
    121.16014862060547,
    121.54798889160156,
    121.92643737792969,
    122.2959213256836,
    122.65681457519531,
    123.00949096679688,
    123.35436248779297,
    123.69172668457031,
    124.0218734741211,
    124.34517669677734,
    124.66187286376953,
    124.9721908569336,
    125.27639770507812
  ],
  "mean_ann_dist": [
    75.89582061767578,
    82.42181396484375,
    86.90689086914062,
    90.3105239868164,
    93.07069396972656,
    95.40336608886719,
    97.41411590576172,
    99.17598724365234,
    100.74535369873047,
    102.1619644165039,
    103.45435333251953,
    104.64354705810547,
    105.74501037597656,
    106.77114868164062,
    107.73153686523438,
    108.63471221923828,
    109.48698425292969,
    110.29405975341797,
    111.06058502197266,
    111.79039764404297,
    112.48701477050781,
    113.15347290039062,
    113.79252624511719,
    114.40630340576172,
    114.996826171875,
    115.56607818603516,
    116.11550903320312,
    116.64655303955078,
    117.16030883789062,
    117.65789031982422,
    118.14038848876953,
    118.60870361328125,
    119.0636215209961,
    119.50587463378906,
    119.93611145019531,
    120.35498809814453,
    120.76298522949219,
    121.16061401367188,
    121.54842376708984,
    121.92686462402344,
    122.29634094238281,
    122.65721130371094,
    123.00984954833984,
    123.3547134399414,
    123.69204711914062,
    124.02220153808594,
    124.34549713134766,
    124.66218566894531,
    124.97250366210938,
    125.27670288085938
  ],
  "mean_barycenter_shift": [
    0.0002325388923054561,
    0.00011247435759287328,
    7.933918823255226e-05,
    5.910988329560496e-05,
    4.378025550977327e-05,
    3.5689095966517925e-05,
    3.129798642476089e-05,
    2.6897188945440575e-05,
    2.2127016563899815e-05,
    1.9578266801545396e-05,
    1.7109592590713874e-05,
    1.5064926628838293e-05,
    1.433698707842268e-05,
    1.3418233720585704e-05,
    1.1901249308721162e-05,
    1.0797921277116984e-05,
    9.781060725799762e-06,
    9.024779501487501e-06,
    8.392697054659948e-06,
    8.434567462245468e-06,
    7.579979865113273e-06,
    7.11957454768708e-06,
    6.566438969457522e-06,
    6.26824203209253e-06,
    5.769185918325093e-06,
    5.512921688932693e-06,
    5.2181667342665605e-06,
    4.999590146326227e-06,
    4.682680810219608e-06,
    4.353951680968748e-06,
    4.186990281596081e-06,
    3.920606559404405e-06,
    3.7397660435090074e-06,
    3.435168764553964e-06,
    3.264937504354748e-06,
    3.225721457056352e-06,
    2.9337006708374247e-06,
    2.7682524432748323e-06,
    2.5262479539378546e-06,
    2.3972472718014615e-06,
    2.4587238840467762e-06,
    2.292906401635264e-06,
    2.1849750737601425e-06,
    2.1135590486665023e-06,
    1.9635319858934963e-06,
    1.9252049696660833e-06,
    1.9184049051546026e-06,
    1.8220526953882654e-06,
    1.829305688261229e-06,
    1.798824541765498e-06
  ],
  "mean_lid_diff": [
    0.0056781768798828125,
    0.0011110305786132812,
    -0.0034694671630859375,
    -0.0057125091552734375,
    -0.0024242401123046875,
    -0.0014028549194335938,
    -0.0012140274047851562,
    -0.0005578994750976562,
    -0.0024538040161132812,
    -0.0010585784912109375,
    -0.0015802383422851562,
    -0.0005321502685546875,
    -0.0021524429321289062,
    -0.0011119842529296875,
    -0.0009126663208007812,
    -0.0006456375122070312,
    -0.0007219314575195312,
    -0.000408172607421875,
    -0.000347137451171875,
    -0.0009746551513671875,
    -0.0007429122924804688,
    -0.0005979537963867188,
    -0.0006504058837890625,
    -0.0004405975341796875,
    -0.0008001327514648438,
    -0.0003795623779296875,
    -0.00022602081298828125,
    -0.0005064010620117188,
    8.58306884765625e-06,
    -0.0003566741943359375,
    -0.000400543212890625,
    -0.00035572052001953125,
    -0.0002498626708984375,
    -0.00033855438232421875,
    -0.00029659271240234375,
    -0.00017642974853515625,
    -0.00028896331787109375,
    -0.0002899169921875,
    -0.0002765655517578125,
    -5.14984130859375e-05,
    -0.00025844573974609375,
    -0.00013637542724609375,
    -0.000171661376953125,
    -6.67572021484375e-05,
    -0.0001964569091796875,
    -0.000179290771484375,
    -0.00015354156494140625,
    -0.00010967254638671875,
    -0.000217437744140625,
    -0.00030994415283203125
  ],