{
  "k": [
    10,
    20,
    30,
    40,
    50,
    60,
    70,
    80,
    90,
    100,
    110,
    120,
    130,
    140,
    150,
    160,
    170,
    180,
    190,
    200,
    210,
    220,
    230,
    240,
    250,
    260,
    270,
    280,
    290,
    300,
    310,
    320,
    330,
    340,
    350,
    360,
    370,
    380,
    390,
    400,
    410,
    420,
    430,
    440,
    450,
    460,
    470,
    480,
    490,
    500
  ],
  "mean_overlap": [
    0.9922699999999999,
    0.98918,
    0.9853266666666667,
    0.9804275,
    0.9745080000000002,
    0.9666149999999998,
    0.9567257142857143,
    0.94485625,
    0.9320655555555557,
    0.917983,
    0.90343,
    0.888495,
    0.8734961538461539,
    0.8584892857142857,
    0.8435913333333334,
    0.8287,
    0.8141700000000001,
    0.7998655555555556,
    0.7858752631578947,
    0.7720799999999999,
    0.7586928571428573,
    0.745500909090909,
    0.732686956521739,
    0.7201058333333333,
    0.7080095999999999,
    0.6962349999999999,
    0.6848618518518519,
    0.6738839285714285,
    0.663118275862069,
    0.6527663333333333,
    0.6427329032258065,
    0.6329996875,
    0.6235,
    0.6142535294117646,
    0.6053414285714285,
    0.5967327777777779,
    0.5883083783783785,
    0.5801736842105263,
    0.5722607692307692,
    0.5644935,
    0.5569290243902438,
    0.5496883333333333,
    0.5425602325581396,
    0.535585,
    0.5288595555555554,
    0.5223280434782608,
    0.5158882978723405,
    0.5096316666666666,
    0.5035336734693877,
    0.4975812
  ],
  "mean_exact_dist": [
    75.9557113647461,
    82.60398864746094,
    87.15373229980469,
    90.62386322021484,
    93.44083404541016,
    95.81050872802734,
    97.85332489013672,
    99.64713287353516,
    101.24351501464844,
    102.68009185791016,
    103.98558807373047,
    105.20293426513672,
    106.3089599609375,
    107.33424377441406,
    108.29251098632812,
    109.1943359375,
    110.04645538330078,
    110.83348083496094,
    111.55172729492188,
    112.28692626953125,
    113.06072235107422,
    113.83647918701172,
    114.56088256835938,
    115.19007110595703,
    115.86451721191406,
    116.55218505859375,
    117.25167846679688,
    118.02887725830078,
    118.75252532958984,
    119.40184783935547,
    120.22913360595703,
    121.16809844970703,
    122.07064819335938,
    123.13644409179688,
    124.22969055175781,
    125.27008819580078,
    126.20633697509766,
    127.2973403930664,
    128.29893493652344,
    129.5927734375,
    130.36778259277344,
    131.2215576171875,
    132.02392578125,
    133.00979614257812,
    133.9385223388672,
    134.0742645263672,
    134.1973114013672,
    134.7040252685547,
    134.88668823242188,
    135.03424072265625
  ],
  "mean_ann_dist": [
    76.02018737792969,
    82.68071746826172,
    87.24766540527344,
    90.73980712890625,
    93.58409118652344,
    95.9880599975586,
    98.07637786865234,
    99.92796325683594,
    101.59508514404297,
    103.1172103881836,
    104.52452087402344,
    105.85104370117188,
    2.620176690687438e+32,
    108.25410461425781,
    109.37525177001953,
    2.1312402796275466e+32,
    2.0084898204665e+32,
    1.8997663825193434e+32,
    113.43742370605469,
    1.0285612828546048e+33,
    9.839442216712057e+32,
    2.5170675816178244e+33,
    1.6695089936134955e+33,
    8.782839502943822e+32,
    1.8433880398789562e+33,
    1.936676415874414e+33,
    2.0270827127159107e+33,
    2.523285754435155e+33,
    2.0955684957967712e+33,
    2.601845429328205e+33,
    4.677634738147294e+33,
    3.923437719343246e+33,
    4.631744300890985e+33,
    6.469143496344888e+33,
    4.559943469127423e+33,
    6.923200714684157e+33,
    4.8120354123324293e+33,
    6.672500525568318e+33,
    5.545335074818311e+33,
    6.016780398949382e+33,
    5.795298070640756e+33,
    6.312251927526017e+33,
    7.28542135120904e+33,
    7.315652465938408e+33,
    5.339332567730929e+33,
    6.156642245617825e+33,
    6.861402747923031e+33,
    9.335139952285788e+33,
    8.036969797299037e+33,
    9.091513352554426e+33
  ],
  "mean_barycenter_shift": [
    0.00044637679820880294,
    0.0005797229241579771,
    0.0007608247105963528,
    0.0009745585266500711,
    0.0012054343242198229,
    0.0014989394694566727,
    0.0018774658674374223,
    0.002271347213536501,
    0.002618022495880723,
    0.0029507996514439583,
    0.003238029545173049,
    0.0035194966476410627,
    0.003772927448153496,
    0.0040277233347296715,
    0.004284521099179983,
    0.004543701186776161,
    0.00482070492580533,
    0.005099485162645578,
    0.005382493603974581,
    0.005682077724486589,
    0.0059889848344028,
    0.006307357922196388,
    0.006636414211243391,
    0.006972386036068201,
    0.007310549728572369,
    0.007654075510799885,
    0.007997224107384682,
    0.00834296178072691,
    0.008703676052391529,
    0.009078659117221832,
    0.00946683157235384,
    0.009871644899249077,
    0.010299001820385456,
    0.010742364451289177,
    0.01120787300169468,
    0.011697990819811821,
    0.01221595797687769,
    0.012754222378134727,
    0.013311775401234627,
    0.013890356756746769,
    0.014490324072539806,
    0.015104240737855434,
    0.01573333702981472,
    0.016371723264455795,
    0.017019031569361687,
    0.017669280990958214,
    0.01832147128880024,
    0.01897415705025196,
    0.01962471939623356,
    0.020271478220820427
  ],
  "mean_lid_diff": [
    0.022484779357910156,
    -0.02814960479736328,
    -0.060767173767089844,
    -0.10446929931640625,
    -0.14685344696044922,
    -0.1978435516357422,
    -0.27247047424316406,
    -0.3389015197753906,
    -0.4284944534301758,
    -0.5252523422241211,
    -0.6330575942993164,
    -0.747218132019043,
    -0.8676962852478027,
    -0.9919958114624023,
    -1.1302857398986816,
    -1.2683353424072266,
    -1.4201645851135254,
    -1.5718669891357422,
    -1.7269906997680664,
    -1.8871326446533203,
    -2.0553832054138184,
    -2.2289352416992188,
    -2.411022186279297,
    -2.5930352210998535,
    -2.784529685974121,
    -2.991461753845215,
    -3.2021360397338867,
    -3.423013687133789,
    -3.653690814971924,
    -3.8961806297302246,
    -4.149298191070557,
    -4.409587860107422,
    -4.673717021942139,
    -4.942561149597168,
    -5.207113265991211,
    -5.474295616149902,
    -5.739814519882202,
    -6.006471872329712,
    -6.265981674194336,
    -6.522253751754761,
    -6.763023376464844,
    -6.992579221725464,
    -7.2106921672821045,
    -7.414395809173584,
    -7.610915541648865,
    -7.798986315727234,
    -7.9795615673065186,
    -8.148773074150085,
    -8.300849795341492,
    -8.446962833404541
  ],
  "mean_lid_exact": [
    11.066308975219727,
    9.623932838439941,
    9.074748039245605,
    8.835159301757812,
    8.727450370788574,
    8.665196418762207,
    8.650708198547363,
    8.646918296813965,
    8.665413856506348,
    8.684715270996094,
    8.716498374938965,
    8.746047973632812,
    8.781673431396484,
    8.812849044799805,
    8.848405838012695,
    8.879361152648926,
    8.915395736694336,
    8.949546813964844,
    8.980382919311523,
    9.010878562927246,
    9.044816017150879,
    9.074440002441406,
    9.106545448303223,
    9.135231971740723,
    9.162604331970215,
    9.19001579284668,
    9.218523979187012,
    9.2449951171875,
    9.270258903503418,
    9.295412063598633,
    9.319156646728516,
    9.34331226348877,
    9.364402770996094,
    9.3862943649292,
    9.40832233428955,
    9.428116798400879,
    9.449488639831543,
    9.46756362915039,
    9.48579216003418,
    9.504362106323242,
    9.523361206054688,
    9.540604591369629,
    9.557212829589844,
    9.573655128479004,
    9.588706016540527,
    9.603253364562988,
    9.617293357849121,
    9.630261421203613,
    9.642951011657715,
    9.654679298400879
  ],