{
  "k": [
    10,
    20,
    30,
    40,
    50,
    60,
    70,
    80,
    90,
    100,
    110,
    120,
    130,
    140,
    150,
    160,
    170,
    180,
    190,
    200,
    210,
    220,
    230,
    240,
    250,
    260,
    270,
    280,
    290,
    300,
    310,
    320,
    330,
    340,
    350,
    360,
    370,
    380,
    390,
    400,
    410,
    420,
    430,
    440,
    450,
    460,
    470,
    480,
    490,
    500
  ],
  "mean_overlap": [
    0.98303,
    0.9726099999999999,
    0.9537133333333333,
    0.9254875,
    0.894028,
    0.862395,
    0.8314557142857144,
    0.8014074999999999,
    0.7733677777777779,
    0.746933,
    0.722330909090909,
    0.699335,
    0.6775123076923077,
    0.657185,
    0.6382446666666667,
    0.620293125,
    0.6032605882352942,
    0.5874427777777776,
    0.5723005263157894,
    0.5579985,
    0.544582380952381,
    0.5318422727272728,
    0.51961,
    0.5081195833333333,
    0.497062,
    0.4865173076923076,
    0.4763425925925926,
    0.4666971428571429,
    0.4575,
    0.44869366666666666,
    0.4401506451612903,
    0.4320671875,
    0.4242818181818182,
    0.41677794117647066,
    0.4095637142857143,
    0.40261083333333336,
    0.3959594594594595,
    0.3894105263157895,
    0.3831917948717949,
    0.37716825,
    0.37134268292682926,
    0.36569166666666664,
    0.3602074418604651,
    0.3549084090909091,
    0.34979422222222223,
    0.34479543478260866,
    0.3399606382978724,
    0.33524041666666665,
    0.3307061224489796,
    0.326245
  ],
  "mean_exact_dist": [
    75.69612884521484,
    82.34547424316406,
    86.8810806274414,
    90.33885955810547,
    93.14575958251953,
    95.51370239257812,
    97.56275177001953,
    99.36448669433594,
    100.99617004394531,
    102.49118041992188,
    103.82657623291016,
    105.15533447265625,
    106.27906036376953,
    107.22733306884766,
    108.06458282470703,
    108.92388916015625,
    109.61005401611328,
    110.4766616821289,
    111.29402160644531,
    112.09941101074219,
    112.83213806152344,
    113.83086395263672,
    115.15817260742188,
    116.74330139160156,
    118.06901550292969,
    119.80062866210938,
    121.26406860351562,
    123.9198989868164,
    126.12928771972656,
    128.70925903320312,
    130.98883056640625,
    134.544677734375,
    139.36732482910156,
    143.4208526611328,
    145.96224975585938,
    147.84255981445312,
    147.9724578857422,
    150.8270721435547,
    151.58126831054688,
    153.8989715576172,
    155.46315002441406,
    158.39907836914062,
    158.06021118164062,
    161.4654083251953,
    162.5977325439453,
    169.81150817871094,
    175.21185302734375,
    174.68359375,
    176.11717224121094,
    183.261962890625
  ],
  "mean_ann_dist": [
    75.8371353149414,
    82.52882385253906,
    87.1534652709961,
    90.7706527709961,
    93.8123779296875,
    96.47743225097656,
    4.861662494226069e+32,
    101.08024597167969,
    1.5155487120651464e+33,
    1.3685195020542513e+33,
    1.8772989313751006e+33,
    8.673591294476887e+32,
    1.8875961166218764e+33,
    3.8089031974235527e+33,
    5.547164131226355e+33,
    6.740565563778326e+33,
    6.528867913540212e+33,
    1.108772880410328e+34,
    1.0148330384691962e+34,
    1.0214688303587796e+34,
    1.1477777713741278e+34,
    1.4631303693936777e+34,
    1.4397133718165515e+34,
    1.3836437249992106e+34,
    1.703186007287718e+34,
    1.8278145065967383e+34,
    1.8585464918660018e+34,
    2.3986068709665357e+34,
    2.078463940170967e+34,
    1.9527597947618117e+34,
    2.646618501905055e+34,
    2.5876984981472597e+34,
    2.999357879463055e+34,
    2.5053725144786876e+34,
    2.736423624114974e+34,
    1.806169620185849e+34,
    1.5243347439059666e+34,
    2.5769204969892254e+34,
    5.203094171557475e+34,
    1.0249468847961538e+34,
    6.193708027304088e+33,
    168.16004943847656,
    2.697798409361223e+34,
    1.045093244789488e+34,
    3.5446075794142693e+34,
    3.287752104835095e+34,
    184.59765625,
    183.5458526611328,
    6.038728456875892e+34,
    192.63711547851562
  ],
  "mean_barycenter_shift": [
    0.0009223441011272371,
    0.0014636408304795623,
    0.0025705168955028057,
    0.003949119709432125,
    0.004952846094965935,
    0.005636282730847597,
    0.006199019029736519,
    0.006733997259289026,
    0.007227195892482996,
    0.007712733466178179,
    0.008213914930820465,
    0.00872823130339384,
    0.009276662021875381,
    0.009852203540503979,
    0.010456503368914127,
    0.011077137663960457,
    0.011726788245141506,
    0.01239793747663498,
    0.013129577971994877,
    0.013900695368647575,
    0.014725353568792343,
    0.015602649189531803,
    0.016530867666006088,
    0.01751907542347908,
    0.018563469871878624,
    0.01965927518904209,
    0.020801110193133354,
    0.02198067493736744,
    0.02317553199827671,
    0.024383284151554108,
    0.02559327892959118,
    0.026796896010637283,
    0.02798512950539589,
    0.029153451323509216,
    0.03029729053378105,
    0.031409066170454025,
    0.032481059432029724,
    0.033515796065330505,
    0.03450816497206688,
    0.03545825928449631,
    0.03636671230196953,
    0.03723447024822235,
    0.03806193917989731,
    0.03885035216808319,
    0.03960394114255905,
    0.04032139107584953,
    0.041004180908203125,
    0.04165550321340561,
    0.0422765277326107,
    0.04286883771419525
  ],
  "mean_lid_diff": [
    0.1326122283935547,
    -0.04987812042236328,
    -0.2504863739013672,
    -0.4599876403808594,
    -0.6888942718505859,
    -0.9062008857727051,
    -1.151240348815918,
    -1.3880858421325684,
    -1.6316285133361816,
    -1.8792967796325684,
    -2.142202377319336,
    -2.409024715423584,
    -2.69057559967041,
    -2.9786105155944824,
    -3.2811059951782227,
    -3.6019058227539062,
    -3.931051254272461,
    -4.280071258544922,
    -4.636347770690918,
    -4.993880748748779,
    -5.360474109649658,
    -5.7356297969818115,
    -6.106502294540405,
    -6.476606369018555,
    -6.836294412612915,
    -7.178940176963806,
    -7.487775802612305,
    -7.776258945465088,
    -8.044108510017395,
    -8.269978642463684,
    -8.47167181968689,
    -8.64670842885971,
    -8.798830389976501,
    -8.922083675861359,
    -9.021432101726532,
    -9.105292439460754,
    -9.180869370698929,
    -9.239750057458878,
    -9.288453564047813,
    -9.32871387898922,
    -9.361912563443184,
    -9.39158970117569,
    -9.419143572449684,
    -9.441683299839497,
    -9.46327754855156,
    -9.48715078830719,
    -9.50613235682249,
    -9.522237055003643,
    -9.537514865398407,
    -9.551409132778645
  ],
  "mean_lid_exact": [
    11.124796867370605,
    9.626130104064941,
    9.115925788879395,
    8.861918449401855,
    8.733222961425781,
    8.665934562683105,
    8.648362159729004,
    8.643661499023438,
    8.655089378356934,
    8.674294471740723,
    8.7006196975708,
    8.731932640075684,
    8.768892288208008,
    8.798320770263672,
    8.83162784576416,
    8.864445686340332,
    8.895475387573242,
    8.926457405090332,
    8.960068702697754,
    8.990849494934082,
    9.022812843322754,
    9.05300521850586,
    9.08296012878418,
    9.112180709838867,
    9.138404846191406,
    9.168631553649902,
    9.195655822753906,
    9.221932411193848,
    9.24867057800293,
    9.274788856506348,
    9.300225257873535,
    9.323192596435547,
    9.345857620239258,
    9.366439819335938,
    9.388978958129883,
    9.409563064575195,
    9.431259155273438,
    9.449609756469727,
    9.46894645690918,
    9.48786449432373,
    9.504781723022461,
    9.521956443786621,
    9.538912773132324,
    9.554821968078613,
    9.569385528564453,
    9.585665702819824,
    9.600347518920898,
    9.614912986755371,
    9.628747940063477,
    9.642245292663574
  ],