{
  "alpha": 0.25,
  "k": [
    10,
    20,
    30,
    40,
    50,
    60,
    70,
    80,
    90,
    100,
    110,
    120,
    130,
    140,
    150,
    160,
    170,
    180,
    190,
    200,
    210,
    220,
    230,
    240,
    250,
    260,
    270,
    280,
    290,
    300,
    310,
    320,
    330,
    340,
    350,
    360,
    370,
    380,
    390,
    400,
    410,
    420,
    430,
    440,
    450,
    460,
    470,
    480,
    490,
    500
  ],
  "mean_overlap": [
    0.99318,
    0.9896599999999999,
    0.9847733333333334,
    0.9769674999999999,
    0.9647979999999999,
    0.9493583333333332,
    0.9316942857142858,
    0.9129174999999999,
    0.8934355555555558,
    0.874207,
    0.8547899999999999,
    0.8357441666666667,
    0.8176546153846155,
    0.8216414285714287,
    0.8185140000000001,
    0.8223868750000002,
    0.8199058823529413,
    0.8228238888888889,
    0.820438947368421,
    0.8236115000000002,
    0.821322380952381,
    0.8238318181818182,
    0.8217052173913043,
    0.8245458333333332,
    0.8225220000000001,
    0.825006153846154,
    0.8234859259259257,
    0.8257439285714285,
    0.8240693103448277,
    0.8262576666666668,
    0.8248812903225807,
    0.8270190624999999,
    0.8259012121212121,
    0.8278944117647059,
    0.8267131428571429,
    0.8287233333333334,
    0.8275783783783783,
    0.8293010526315789,
    0.8281794871794873,
    0.8298535,
    0.8289336585365854,
    0.8305119047619047,
    0.8294732558139535,
    0.831125909090909,
    0.8300193333333332,
    0.8313076086956522,
    0.8303487234042554,
    0.8316833333333334,
    0.830835306122449,
    0.8320905999999999
  ],
  "mean_exact_dist": [
    75.78614807128906,
    82.3373031616211,
    86.83411407470703,
    90.26297760009766,
    93.044189453125,
    95.3900146484375,
    97.4149169921875,
    99.19258880615234,
    100.7761001586914,
    102.20269775390625,
    103.5004653930664,
    104.64319610595703,
    105.72029876708984,
    106.82145690917969,
    107.75919342041016,
    108.64581298828125,
    109.49320220947266,
    110.30654907226562,
    111.0658187866211,
    111.78877258300781,
    112.47309875488281,
    113.13526153564453,
    113.75414276123047,
    114.36701965332031,
    114.95873260498047,
    115.55220031738281,
    116.08363342285156,
    116.621826171875,
    117.13363647460938,
    117.62965393066406,
    118.11080932617188,
    118.56532287597656,
    119.01908111572266,
    119.46031951904297,
    119.88969421386719,
    120.3077392578125,
    120.71500396728516,
    121.10762023925781,
    121.49472045898438,
    121.87255096435547,
    122.24152374267578,
    122.6020278930664,
    122.95438385009766,
    123.29898071289062,
    123.63607788085938,
    123.96601104736328,
    124.2890853881836,
    124.60556030273438,
    124.9156494140625,
    125.21958923339844
  ],
  "mean_ann_dist": [
    75.8377456665039,
    82.40311431884766,
    86.92132568359375,
    90.38046264648438,
    93.21134948730469,
    95.6329116821289,
    97.75848388671875,
    99.6604232788086,
    101.39024353027344,
    102.98467254638672,
    104.4729995727539,
    2.8365372741972782e+32,
    2.620176690687438e+32,
    108.17784118652344,
    2.2735507716936957e+32,
    8.521545177714283e+32,
    110.85541534423828,
    111.63370513916016,
    112.43063354492188,
    113.11878967285156,
    113.8438949584961,
    114.48162078857422,
    115.1382827758789,
    115.72242736816406,
    116.34788513183594,
    116.91563415527344,
    117.47012329101562,
    117.98283386230469,
    118.52112579345703,
    118.99154663085938,
    1.0977947817191938e+32,
    119.92481994628906,
    120.39897918701172,
    120.81868743896484,
    121.26869201660156,
    121.66381072998047,
    122.09017944335938,
    122.46105194091797,
    122.86746215820312,
    123.22720336914062,
    123.61366271972656,
    123.95811462402344,
    124.32939910888672,
    124.65609741210938,
    125.01223754882812,
    125.33041381835938,
    125.67108917236328,
    125.97383880615234,
    126.30215454101562,
    126.5911636352539
  ],
  "mean_barycenter_shift": [
    0.00036247726529836655,
    0.0005389399011619389,
    0.0007804136839695275,
    0.0011871601454913616,
    0.0018796792719513178,
    0.002554216654971242,
    0.003140266053378582,
    0.0035902634263038635,
    0.003978347405791283,
    0.004297980107367039,
    0.004588324576616287,
    0.0048823789693415165,
    0.005173863377422094,
    0.004946461413055658,
    0.0049123442731797695,
    0.0047285729087889194,
    0.004705909639596939,
    0.004558446351438761,
    0.004560481291264296,
    0.004444168880581856,
    0.0044583966955542564,
    0.004371939692646265,
    0.004385409411042929,
    0.004296638071537018,
    0.004318778403103352,
    0.004241238813847303,
    0.004256471060216427,
    0.004195582587271929,
    0.004210570361465216,
    0.004143575206398964,
    0.004150538705289364,
    0.004083419218659401,
    0.0040872106328606606,
    0.004017813131213188,
    0.0040154303424060345,
    0.003942127339541912,
    0.003942984156310558,
    0.003879943396896124,
    0.003876672824844718,
    0.0038152728229761124,
    0.0038064983673393726,
    0.0037515368312597275,
    0.0037440203595906496,
    0.003682359354570508,
    0.003678159322589636,
    0.003629539394751191,
    0.0036209647078067064,
    0.0035698043648153543,
    0.0035609835758805275,
    0.0035115063656121492
  ],
  "mean_lid_diff": [
    0.04135608673095703,
    -0.032469749450683594,
    -0.07493972778320312,
    -0.1337747573852539,
    -0.22214031219482422,
    -0.3323535919189453,
    -0.45067310333251953,
    -0.5763931274414062,
    -0.7110557556152344,
    -0.8596153259277344,
    -1.011655330657959,
    -1.163264274597168,
    -1.3317441940307617,
    -1.30194091796875,
    -1.3403606414794922,
    -1.319441795349121,
    -1.3530864715576172,
    -1.3349852561950684,
    -1.3602652549743652,
    -1.34025239944458,
    -1.3700523376464844,
    -1.3557963371276855,
    -1.37872314453125,
    -1.3559112548828125,
    -1.3767662048339844,
    -1.358487606048584,
    -1.374040126800537,
    -1.3568644523620605,
    -1.3784103393554688,
    -1.3628740310668945,
    -1.380223274230957,
    -1.3680953979492188,
    -1.3856253623962402,
    -1.3727731704711914,
    -1.3915514945983887,
    -1.3776397705078125,
    -1.3927545547485352,
    -1.3831348419189453,
    -1.3990249633789062,
    -1.3891687393188477,
    -1.4054584503173828,
    -1.3941621780395508,
    -1.409968376159668,
    -1.3980035781860352,
    -1.4146785736083984,
    -1.4064512252807617,
    -1.4221067428588867,
    -1.4144287109375,
    -1.4320201873779297,
    -1.4237232208251953
  ],
  "mean_lid_exact": [
    11.165740966796875,
    9.66163158416748,
    9.131246566772461,
    8.9019193649292,
    8.77934741973877,
    8.720380783081055,
    8.699626922607422,
    8.697901725769043,
    8.704957962036133,
    8.724650382995605,
    8.747381210327148,
    8.77137279510498,
    8.804749488830566,
    8.83398723602295,
    8.861617088317871,
    8.896223068237305,
    8.926353454589844,
    8.95809555053711,
    8.985929489135742,
    9.01602840423584,
    9.045964241027832,
    9.074968338012695,
    9.101838111877441,
    9.127036094665527,
    9.152463912963867,
    9.179168701171875,
    9.20048999786377,
    9.223443984985352,
    9.248557090759277,
    9.271842002868652,
    9.29344367980957,
    9.31624698638916,
    9.337206840515137,
    9.357903480529785,
    9.379023551940918,
    9.397563934326172,
    9.415559768676758,
    9.435989379882812,
    9.453771591186523,
    9.471660614013672,
    9.488609313964844,
    9.504462242126465,
    9.519997596740723,
    9.534724235534668,
    9.54967212677002,
    9.564406394958496,
    9.577754020690918,
    9.590160369873047,
    9.604053497314453,
    9.6162748336792
  ],