{
  "k": [
    10,
    20,
    30,
    40,
    50,
    60,
    70,
    80,
    90,
    100,
    110,
    120,
    130,
    140,
    150,
    160,
    170,
    180,
    190,
    200,
    210,
    220,
    230,
    240,
    250,
    260,
    270,
    280,
    290,
    300,
    310,
    320,
    330,
    340,
    350,
    360,
    370,
    380,
    390,
    400,
    410,
    420,
    430,
    440,
    450,
    460,
    470,
    480,
    490,
    500
  ],
  "mean_overlap": [
    0.99234,
    0.9895200000000001,
    0.9858466666666668,
    0.980615,
    0.974476,
    0.96685,
    0.9574042857142858,
    0.9462275000000001,
    0.9338622222222224,
    0.920516,
    0.9064572727272727,
    0.8920791666666668,
    0.8775869230769233,
    0.863057857142857,
    0.8485159999999999,
    0.8339143749999999,
    0.8197170588235294,
    0.8056844444444445,
    0.7918273684210526,
    0.7782,
    0.7650142857142858,
    0.7521809090909091,
    0.73966,
    0.7274804166666666,
    0.7156203999999999,
    0.7040873076923077,
    0.6929188888888889,
    0.6820217857142857,
    0.671438275862069,
    0.6611693333333333,
    0.6512425806451613,
    0.6414575,
    0.632010303030303,
    0.6227699999999999,
    0.6138557142857142,
    0.6051644444444444,
    0.59668,
    0.5884831578947369,
    0.5805053846153846,
    0.572694,
    0.5651526829268293,
    0.5577792857142857,
    0.5506183720930232,
    0.543645,
    0.5367762222222223,
    0.5301278260869565,
    0.5236855319148936,
    0.5172972916666667,
    0.5110977551020408,
    0.5050638
  ],
  "mean_exact_dist": [
    75.85939025878906,
    82.40481567382812,
    86.89728546142578,
    90.30349731445312,
    93.06490325927734,
    95.3984146118164,
    97.40972137451172,
    99.17232513427734,
    100.74213409423828,
    102.15910339355469,
    103.45179748535156,
    104.65150451660156,
    105.75988006591797,
    106.78445434570312,
    107.734619140625,
    108.63274383544922,
    109.48957824707031,
    110.31172943115234,
    111.08687591552734,
    111.8524398803711,
    112.60668182373047,
    113.37505340576172,
    114.11479187011719,
    114.86424255371094,
    115.64154052734375,
    116.34219360351562,
    117.03947448730469,
    117.81941223144531,
    118.69931030273438,
    119.51001739501953,
    120.30531311035156,
    121.13065338134766,
    121.99384307861328,
    122.79786682128906,
    123.62750244140625,
    124.51985168457031,
    125.57854461669922,
    126.58077239990234,
    127.48597717285156,
    128.1578369140625,
    129.0918426513672,
    129.9092254638672,
    130.25904846191406,
    130.86549377441406,
    131.47598266601562,
    131.8876190185547,
    132.41311645507812,
    133.0142822265625,
    133.06088256835938,
    133.2519073486328
  ],
  "mean_ann_dist": [
    75.93197631835938,
    82.48433685302734,
    86.99168395996094,
    90.41938781738281,
    93.20772552490234,
    95.57544708251953,
    97.63079071044922,
    99.45069122314453,
    101.0920639038086,
    102.59617614746094,
    103.9920654296875,
    4.539367667734461e+33,
    2.6249062019219017e+32,
    107.67103576660156,
    108.7707290649414,
    2.1380965331638762e+32,
    2.01293325149501e+32,
    111.89973449707031,
    3.60935074479711e+32,
    6.865375606994107e+32,
    4.9137534636541485e+32,
    1.5694956824399379e+32,
    1.36051869558035e+33,
    1.4598878330487775e+33,
    1.1343926220706071e+33,
    1.930554802380148e+33,
    3.509846285008138e+33,
    2.3954548280385072e+33,
    4.2293754119820187e+33,
    3.556131934621989e+33,
    3.426558917105057e+33,
    5.032822018338977e+33,
    3.3505286631972763e+33,
    3.7987329010308036e+33,
    4.132481535622142e+33,
    5.245757299131367e+33,
    5.986182234998365e+33,
    6.31997234058102e+33,
    5.931254835455273e+33,
    6.034531840142715e+33,
    7.337201288202249e+33,
    6.978278523942023e+33,
    6.194186491129272e+33,
    6.510504310997452e+33,
    5.860261450082335e+33,
    5.1557931016264e+33,
    7.748548337246133e+33,
    1.0202192536831249e+34,
    7.578921460273112e+33,
    4.8676956723787786e+33
  ],
  "mean_barycenter_shift": [
    0.0004232898645568639,
    0.0005477324011735618,
    0.0007283830200321972,
    0.0009536839206703007,
    0.0011954110814258456,
    0.0014781319769099355,
    0.0018395364750176668,
    0.002214103704318404,
    0.002576880855485797,
    0.0029052570462226868,
    0.0032110908068716526,
    0.003484798362478614,
    0.0037559783086180687,
    0.004028360825031996,
    0.004298978019505739,
    0.004557804204523563,
    0.004819875117391348,
    0.005092297215014696,
    0.005370616912841797,
    0.005656414199620485,
    0.005962294526398182,
    0.006280450150370598,
    0.006615429650992155,
    0.0069654532708227634,
    0.007342424709349871,
    0.007745681796222925,
    0.008182636462152004,
    0.008649801835417747,
    0.009159085340797901,
    0.009717606008052826,
    0.010332071222364902,
    0.010999474674463272,
    0.01172499731183052,
    0.012495719827711582,
    0.013317245058715343,
    0.01418415829539299,
    0.015096650458872318,
    0.0160549096763134,
    0.017057329416275024,
    0.018097929656505585,
    0.019170250743627548,
    0.020273124799132347,
    0.021400155499577522,
    0.02254880964756012,
    0.023709481582045555,
    0.02487889491021633,
    0.026055769994854927,
    0.02723633497953415,
    0.028419818729162216,
    0.029601825401186943
  ],
  "mean_lid_diff": [
    0.047092437744140625,
    -0.0018510818481445312,
    -0.04649925231933594,
    -0.0948171615600586,
    -0.13538646697998047,
    -0.19034957885742188,
    -0.2556905746459961,
    -0.34403324127197266,
    -0.4279155731201172,
    -0.5232944488525391,
    -0.6252803802490234,
    -0.7301578521728516,
    -0.8441576957702637,
    -0.968653678894043,
    -1.100064754486084,
    -1.232086181640625,
    -1.3685855865478516,
    -1.5120282173156738,
    -1.6603708267211914,
    -1.8179540634155273,
    -1.9779276847839355,
    -2.1434359550476074,
    -2.3197317123413086,
    -2.5086655616760254,
    -2.7019519805908203,
    -2.903714656829834,
    -3.122939109802246,
    -3.3545031547546387,
    -3.5974502563476562,
    -3.8421149253845215,
    -4.091676235198975,
    -4.348494529724121,
    -4.607057094573975,
    -4.867803573608398,
    -5.126956939697266,
    -5.396522045135498,
    -5.652395725250244,
    -5.902851581573486,
    -6.149198770523071,
    -6.397507667541504,
    -6.636088609695435,
    -6.861247539520264,
    -7.0772552490234375,
    -7.283843040466309,
    -7.487077236175537,
    -7.68327534198761,
    -7.873871207237244,
    -8.045871376991272,
    -8.200286388397217,
    -8.34558117389679
  ],
  "mean_lid_exact": [
    11.081929206848145,
    9.589584350585938,
    9.098677635192871,
    8.87187385559082,
    8.75511360168457,
    8.706165313720703,
    8.695828437805176,
    8.705862998962402,
    8.718581199645996,
    8.733996391296387,
    8.756845474243164,
    8.775971412658691,
    8.805023193359375,
    8.835185050964355,
    8.86732006072998,
    8.897375106811523,
    8.93073558807373,
    8.961284637451172,
    8.996330261230469,
    9.0286226272583,
    9.059356689453125,
    9.089195251464844,
    9.117877006530762,
    9.1492919921875,
    9.176535606384277,
    9.201735496520996,
    9.228631973266602,
    9.255193710327148,
    9.279930114746094,
    9.304330825805664,
    9.32701301574707,
    9.348457336425781,
    9.369470596313477,
    9.390238761901855,
    9.409079551696777,
    9.426918983459473,
    9.444540977478027,
    9.462788581848145,
    9.47822380065918,
    9.494006156921387,
    9.510287284851074,
    9.525247573852539,
    9.540115356445312,
    9.554123878479004,
    9.56879997253418,
    9.581286430358887,
    9.593689918518066,
    9.606345176696777,
    9.617822647094727,
    9.62902545928955
  ],