{
  "k": [
    10,
    20,
    30,
    40,
    50,
    60,
    70,
    80,
    90,
    100,
    110,
    120,
    130,
    140,
    150,
    160,
    170,
    180,
    190,
    200,
    210,
    220,
    230,
    240,
    250,
    260,
    270,
    280,
    290,
    300,
    310,
    320,
    330,
    340,
    350,
    360,
    370,
    380,
    390,
    400,
    410,
    420,
    430,
    440,
    450,
    460,
    470,
    480,
    490,
    500
  ],
  "mean_overlap": [
    0.99395,
    0.992075,
    0.9894966666666667,
    0.9861625,
    0.981726,
    0.9756883333333333,
    0.9675571428571428,
    0.9573,
    0.9456,
    0.9329710000000001,
    0.9198263636363636,
    0.9061933333333333,
    0.8922623076923079,
    0.8783792857142857,
    0.864468,
    0.8506,
    0.8368152941176471,
    0.8235077777777776,
    0.8104052631578947,
    0.7976850000000001,
    0.785044761904762,
    0.77281,
    0.7609465217391305,
    0.7492529166666667,
    0.7379024000000001,
    0.7268780769230769,
    0.7161929629629631,
    0.7057399999999999,
    0.6956534482758622,
    0.6857006666666667,
    0.6761016129032259,
    0.66674875,
    0.657699696969697,
    0.6488552941176471,
    0.6403114285714286,
    0.6319044444444445,
    0.6237708108108108,
    0.6158652631578947,
    0.6081592307692308,
    0.6006664999999999,
    0.5933417073170731,
    0.5862021428571428,
    0.5792327906976745,
    0.5724131818181818,
    0.565736,
    0.5592676086956522,
    0.5528700000000001,
    0.5466712499999999,
    0.540615306122449,
    0.5346991999999999
  ],
  "mean_exact_dist": [
    75.86603546142578,
    82.51177978515625,
    87.10372924804688,
    90.62568664550781,
    93.46857452392578,
    95.8508529663086,
    97.89720916748047,
    99.68855285644531,
    101.28204345703125,
    102.7173843383789,
    104.02298736572266,
    105.25567626953125,
    106.35931396484375,
    107.38311004638672,
    108.3454818725586,
    109.24446868896484,
    110.09320068359375,
    110.8947525024414,
    111.61569213867188,
    112.3188705444336,
    112.99971008300781,
    113.66101837158203,
    114.2804183959961,
    114.88455200195312,
    115.48636627197266,
    116.1497573852539,
    116.77833557128906,
    117.3536148071289,
    118.01533508300781,
    118.49496459960938,
    119.06499481201172,
    119.65202331542969,
    120.21723937988281,
    120.81892395019531,
    121.47687530517578,
    122.21879577636719,
    122.82609558105469,
    123.46559143066406,
    124.16447448730469,
    124.86477661132812,
    125.7761459350586,
    126.66706085205078,
    127.41439819335938,
    128.1952667236328,
    128.9346160888672,
    129.63465881347656,
    130.3982696533203,
    131.19842529296875,
    131.92739868164062,
    133.06944274902344
  ],
  "mean_ann_dist": [
    75.92111206054688,
    82.57154083251953,
    87.17324829101562,
    90.70831298828125,
    93.5689926147461,
    95.97483825683594,
    98.05487823486328,
    99.89205169677734,
    101.5456771850586,
    103.05501556396484,
    104.45088195800781,
    105.75157928466797,
    106.95439147949219,
    108.09512329101562,
    109.18424224853516,
    110.22325897216797,
    111.22600555419922,
    1.898240234564662e+32,
    113.08116149902344,
    113.96775817871094,
    1.6313219864222758e+32,
    1.5587403046361216e+32,
    116.56509399414062,
    2.8692566097199842e+32,
    1.1070592928594482e+33,
    1.073979523357179e+33,
    1.0422203263918175e+33,
    8.858750759865326e+32,
    8.634196947576728e+32,
    1.5625269891309775e+33,
    1.8836294472509962e+33,
    1.7381207370933534e+33,
    1.375336683108091e+33,
    2.723039449689234e+33,
    2.2575996821737462e+33,
    3.7142831074308336e+33,
    3.0464255976967245e+33,
    2.5016581682363148e+33,
    3.329348128095123e+33,
    4.185514886905128e+33,
    4.9954414903977254e+33,
    3.7814029784208476e+33,
    4.151119341883603e+33,
    3.490049147899886e+33,
    4.165927580633535e+33,
    5.59247211769418e+33,
    4.214400979781813e+33,
    4.8744068548167545e+33,
    5.151256051382419e+33,
    6.982771627314609e+33
  ],
  "mean_barycenter_shift": [
    0.0003050625091418624,
    0.0003791831841226667,
    0.0005081937415525317,
    0.000665792846120894,
    0.000855352496728301,
    0.0011153266532346606,
    0.0014684671768918633,
    0.0018632194260135293,
    0.002247916767373681,
    0.002580719068646431,
    0.002882635220885277,
    0.0031487925443798304,
    0.0034103638026863337,
    0.0036544236354529858,
    0.0038999714888632298,
    0.00413103261962533,
    0.0043695722706615925,
    0.004604299087077379,
    0.004843664355576038,
    0.005090455990284681,
    0.005351182539016008,
    0.0056197321973741055,
    0.005891578737646341,
    0.0061602601781487465,
    0.006444898433983326,
    0.006735703907907009,
    0.007032304536551237,
    0.007344456389546394,
    0.007673702202737331,
    0.00800944771617651,
    0.008361443877220154,
    0.008729229681193829,
    0.009113440290093422,
    0.009519536979496479,
    0.009944770485162735,
    0.010397999547421932,
    0.010874884203076363,
    0.01138207409530878,
    0.01192618440836668,
    0.012501371093094349,
    0.013108506798744202,
    0.013752086088061333,
    0.014434137381613255,
    0.015152438543736935,
    0.015900660306215286,
    0.016677236184477806,
    0.01748065836727619,
    0.018308285623788834,
    0.019155917689204216,
    0.02002272754907608
  ],
  "mean_lid_diff": [
    0.07410526275634766,
    0.010373115539550781,
    -0.0113525390625,
    -0.04910469055175781,
    -0.09754371643066406,
    -0.13330745697021484,
    -0.19097614288330078,
    -0.2652711868286133,
    -0.3411102294921875,
    -0.42677783966064453,
    -0.5160703659057617,
    -0.6178674697875977,
    -0.7204790115356445,
    -0.8383398056030273,
    -0.9455442428588867,
    -1.0571250915527344,
    -1.1798095703125,
    -1.306941032409668,
    -1.437699317932129,
    -1.5695247650146484,
    -1.704202651977539,
    -1.8395652770996094,
    -1.9845619201660156,
    -2.132587432861328,
    -2.291499137878418,
    -2.4594554901123047,
    -2.6259350776672363,
    -2.7945518493652344,
    -2.9668827056884766,
    -3.142399311065674,
    -3.3279733657836914,
    -3.5222249031066895,
    -3.7217392921447754,
    -3.9287190437316895,
    -4.141314506530762,
    -4.356705188751221,
    -4.579397201538086,
    -4.805604934692383,
    -5.03437614440918,
    -5.2708282470703125,
    -5.510867118835449,
    -5.746361494064331,
    -5.982671022415161,
    -6.2063844203948975,
    -6.440019369125366,
    -6.66497540473938,
    -6.875384092330933,
    -7.090874671936035,
    -7.300018548965454,
    -7.502119302749634
  ],
  "mean_lid_exact": [
    11.12174129486084,
    9.595296859741211,
    9.056166648864746,
    8.837066650390625,
    8.739181518554688,
    8.686026573181152,
    8.66765022277832,
    8.670998573303223,
    8.684711456298828,
    8.70559024810791,
    8.734942436218262,
    8.769085884094238,
    8.79924488067627,
    8.840621948242188,
    8.873286247253418,
    8.908406257629395,
    8.945664405822754,
    8.979973793029785,
    9.016620635986328,
    9.052742958068848,
    9.085184097290039,
    9.116326332092285,
    9.149813652038574,
    9.181717872619629,
    9.212260246276855,
    9.243837356567383,
    9.274223327636719,
    9.304156303405762,
    9.33092975616455,
    9.357851028442383,
    9.38123893737793,
    9.404986381530762,
    9.42873477935791,
    9.450957298278809,
    9.473140716552734,
    9.492895126342773,
    9.513031005859375,
    9.532125473022461,
    9.552115440368652,
    9.571782112121582,
    9.590489387512207,
    9.608085632324219,
    9.625401496887207,
    9.642910957336426,
    9.658679008483887,
    9.672687530517578,
    9.6869535446167,
    9.701991081237793,
    9.714591026306152,
    9.728715896606445
  ],