{
  "k": [
    10,
    20,
    30,
    40,
    50,
    60,
    70,
    80,
    90,
    100,
    110,
    120,
    130,
    140,
    150,
    160,
    170,
    180,
    190,
    200,
    210,
    220,
    230,
    240,
    250,
    260,
    270,
    280,
    290,
    300,
    310,
    320,
    330,
    340,
    350,
    360,
    370,
    380,
    390,
    400,
    410,
    420,
    430,
    440,
    450,
    460,
    470,
    480,
    490,
    500
  ],
  "mean_overlap": [
    0.9948299999999999,
    0.993195,
    0.9905299999999999,
    0.9871025000000001,
    0.9827140000000001,
    0.9766416666666666,
    0.9691442857142858,
    0.9596012500000001,
    0.9486666666666668,
    0.9365610000000001,
    0.9237036363636364,
    0.9103616666666666,
    0.8966207692307693,
    0.8829107142857143,
    0.8689546666666665,
    0.8550956249999999,
    0.8414252941176472,
    0.8279700000000001,
    0.8147826315789473,
    0.801758,
    0.7890609523809524,
    0.7766468181818181,
    0.7646408695652174,
    0.7528395833333333,
    0.7413699999999999,
    0.7302023076923077,
    0.7192637037037037,
    0.7086807142857143,
    0.6982906896551725,
    0.6882506666666666,
    0.6785703225806452,
    0.6691621875,
    0.6599439393939395,
    0.6510029411764706,
    0.6423462857142858,
    0.6338227777777778,
    0.6255824324324325,
    0.6175760526315789,
    0.6096876923076923,
    0.6020539999999999,
    0.5946292682926829,
    0.5873366666666667,
    0.5802379069767443,
    0.5733343181818181,
    0.5665528888888889,
    0.5599515217391304,
    0.5535563829787234,
    0.547325,
    0.5412559183673469,
    0.5352622
  ],
  "mean_exact_dist": [
    75.3465805053711,
    81.9303970336914,
    86.3762435913086,
    89.74821472167969,
    92.4827651977539,
    94.79617309570312,
    96.81319427490234,
    98.60040283203125,
    100.19419860839844,
    101.62964630126953,
    102.93486022949219,
    104.1328125,
    105.23967742919922,
    106.26858520507812,
    107.22969818115234,
    108.13216400146484,
    108.96411895751953,
    109.80901336669922,
    110.65487670898438,
    111.38993072509766,
    112.07361602783203,
    112.75718688964844,
    113.41413879394531,
    114.0284652709961,
    114.62232971191406,
    115.16109466552734,
    115.68251037597656,
    116.1864242553711,
    116.69758605957031,
    117.17002868652344,
    117.6622314453125,
    118.22079467773438,
    118.81475067138672,
    119.3365707397461,
    120.14435577392578,
    120.86595916748047,
    121.47172546386719,
    122.2202377319336,
    122.9134521484375,
    123.97016906738281,
    125.14552307128906,
    126.20016479492188,
    127.26543426513672,
    128.2959442138672,
    128.95538330078125,
    129.93116760253906,
    130.47349548339844,
    131.16818237304688,
    131.81436157226562,
    132.2486114501953
  ],
  "mean_ann_dist": [
    75.39337158203125,
    81.9808120727539,
    86.43643188476562,
    89.82183837890625,
    92.57479095458984,
    94.91222381591797,
    96.96128845214844,
    98.79015350341797,
    100.4365463256836,
    101.93640899658203,
    103.31886291503906,
    104.60749053955078,
    105.81916046142578,
    106.96782684326172,
    108.06442260742188,
    2.1267647395292677e+32,
    2.001861038412389e+32,
    1.7049922237020373e+33,
    3.6035405505939764e+32,
    113.04853057861328,
    1.637421355681461e+32,
    1.5664755923144094e+32,
    6.011737031229333e+32,
    5.775916417158189e+32,
    6.95376220466151e+32,
    5.3814893778287534e+32,
    1.1745619968066112e+33,
    8.869834965492078e+32,
    7.428853416950781e+32,
    1.8163891865921617e+33,
    2.0175850819920083e+33,
    1.6329224494649407e+33,
    1.8423828325670565e+33,
    3.0763230875855057e+33,
    3.2968686047694024e+33,
    2.3901027490211618e+33,
    2.729701733495658e+33,
    2.5211872913260613e+33,
    4.2815911038690564e+33,
    3.557950159054689e+33,
    3.653515106782393e+33,
    3.2502852305761034e+33,
    4.253206376708282e+33,
    4.5626486775982716e+33,
    5.258959310680326e+33,
    4.469318521126488e+33,
    3.762237809702651e+33,
    6.453326336462939e+33,
    4.9509536392059267e+33,
    5.216387171699321e+33
  ],
  "mean_barycenter_shift": [
    0.0002873429621104151,
    0.00035705044865608215,
    0.0004822409537155181,
    0.0006449951324611902,
    0.0008265110081993043,
    0.00108087167609483,
    0.0014176499098539352,
    0.0017913549672812223,
    0.0021532115060836077,
    0.002475955756381154,
    0.0027676383033394814,
    0.0030301823280751705,
    0.0032748947851359844,
    0.0035122353583574295,
    0.0037397819105535746,
    0.00398187804967165,
    0.004208514932543039,
    0.004442533012479544,
    0.004701770842075348,
    0.004975946620106697,
    0.005263420287519693,
    0.005551594775170088,
    0.005842088256031275,
    0.006144561804831028,
    0.006446714047342539,
    0.006753323134034872,
    0.007063739001750946,
    0.00738098006695509,
    0.007700488902628422,
    0.008028228767216206,
    0.008363391272723675,
    0.008708041161298752,
    0.009064706042408943,
    0.009434256702661514,
    0.009821069426834583,
    0.01022699847817421,
    0.010659600608050823,
    0.01111485343426466,
    0.011597850359976292,
    0.012105369009077549,
    0.012648489326238632,
    0.01322423666715622,
    0.01383566576987505,
    0.014478908851742744,
    0.01515274215489626,
    0.015854772180318832,
    0.016581280156970024,
    0.01732899248600006,
    0.018093004822731018,
    0.018872912973165512
  ],
  "mean_lid_diff": [
    0.03275489807128906,
    0.00373077392578125,
    -0.02592182159423828,
    -0.061771392822265625,
    -0.10344982147216797,
    -0.15178298950195312,
    -0.19841289520263672,
    -0.2538585662841797,
    -0.3296976089477539,
    -0.40944862365722656,
    -0.5028724670410156,
    -0.5951204299926758,
    -0.6954450607299805,
    -0.808713436126709,
    -0.9206628799438477,
    -1.039985179901123,
    -1.164607048034668,
    -1.2970213890075684,
    -1.4354991912841797,
    -1.5723319053649902,
    -1.7125768661499023,
    -1.8572721481323242,
    -2.0012154579162598,
    -2.150282859802246,
    -2.3008341789245605,
    -2.464216709136963,
    -2.631659984588623,
    -2.8001532554626465,
    -2.9775891304016113,
    -3.1605496406555176,
    -3.3460464477539062,
    -3.529148578643799,
    -3.724959373474121,
    -3.9273557662963867,
    -4.137611389160156,
    -4.353744029998779,
    -4.567983627319336,
    -4.790839195251465,
    -5.021242618560791,
    -5.258389949798584,
    -5.490389108657837,
    -5.716280221939087,
    -5.944268465042114,
    -6.170629024505615,
    -6.381507873535156,
    -6.593102216720581,
    -6.7989842891693115,
    -6.999636888504028,
    -7.190191745758057,
    -7.373448610305786
  ],
  "mean_lid_exact": [
    11.127166748046875,
    9.591514587402344,
    9.109856605529785,
    8.869894981384277,
    8.750004768371582,
    8.673412322998047,
    8.63559627532959,
    8.625983238220215,
    8.639481544494629,
    8.659671783447266,
    8.68704891204834,
    8.712798118591309,
    8.741908073425293,
    8.775221824645996,
    8.807697296142578,
    8.840590476989746,
    8.871755599975586,
    8.90386962890625,
    8.936796188354492,
    8.966869354248047,
    8.996798515319824,
    9.027505874633789,
    9.054141998291016,
    9.080364227294922,
    9.106772422790527,
    9.1342191696167,
    9.159627914428711,
    9.185630798339844,
    9.20871639251709,
    9.233834266662598,
    9.2561674118042,
    9.275808334350586,
    9.296192169189453,
    9.316105842590332,
    9.336008071899414,
    9.35588550567627,
    9.374585151672363,
    9.392230033874512,
    9.409022331237793,
    9.425323486328125,
    9.441228866577148,
    9.455697059631348,
    9.470396995544434,
    9.484896659851074,
    9.49851131439209,
    9.511353492736816,
    9.523924827575684,
    9.53568172454834,
    9.547663688659668,
    9.559054374694824
  ],