{
  "k": [
    10,
    20,
    30,
    40,
    50,
    60,
    70,
    80,
    90,
    100,
    110,
    120,
    130,
    140,
    150,
    160,
    170,
    180,
    190,
    200,
    210,
    220,
    230,
    240,
    250,
    260,
    270,
    280,
    290,
    300,
    310,
    320,
    330,
    340,
    350,
    360,
    370,
    380,
    390,
    400,
    410,
    420,
    430,
    440,
    450,
    460,
    470,
    480,
    490,
    500
  ],
  "mean_overlap": [
    0.9979100000000001,
    0.997375,
    0.9966799999999999,
    0.9958725,
    0.9949039999999999,
    0.9938416666666667,
    0.9925842857142858,
    0.9910737500000001,
    0.9893822222222223,
    0.987302,
    0.9848736363636362,
    0.9821083333333332,
    0.9788015384615384,
    0.9751078571428572,
    0.9708580000000002,
    0.9661800000000001,
    0.9610811764705882,
    0.9556672222222221,
    0.9497726315789474,
    0.9436689999999999,
    0.9373033333333335,
    0.9307204545454546,
    0.9238856521739129,
    0.9170620833333333,
    0.9099816000000001,
    0.9028965384615383,
    0.8958285185185184,
    0.88869,
    0.8814410344827586,
    0.8742216666666667,
    0.8670106451612902,
    0.8599071875,
    0.8527993939393939,
    0.8457597058823528,
    0.8387865714285714,
    0.8318366666666667,
    0.8249351351351352,
    0.8180757894736842,
    0.8113969230769232,
    0.8047412500000001,
    0.7981007317073171,
    0.7915261904761904,
    0.785189069767442,
    0.7788811363636363,
    0.7725946666666667,
    0.7664217391304348,
    0.7602991489361701,
    0.7542037500000001,
    0.7482877551020408,
    0.7423553999999999
  ],
  "mean_exact_dist": [
    76.0593032836914,
    82.65084838867188,
    87.19971466064453,
    90.6609878540039,
    93.47158813476562,
    95.84388732910156,
    97.892333984375,
    99.68904113769531,
    101.28659057617188,
    102.72534942626953,
    104.03489685058594,
    105.23772430419922,
    106.34996032714844,
    107.3849868774414,
    108.35279846191406,
    109.26161193847656,
    110.11849975585938,
    110.92957305908203,
    111.6993637084961,
    112.4322509765625,
    113.13165283203125,
    113.80067443847656,
    114.44190216064453,
    115.05762481689453,
    115.64977264404297,
    116.2201156616211,
    116.77030944824219,
    117.30175018310547,
    117.8156967163086,
    118.31320190429688,
    118.79542541503906,
    119.26317596435547,
    119.71723937988281,
    120.1585464477539,
    120.59961700439453,
    121.04939270019531,
    121.53569793701172,
    121.97431945800781,
    122.34195709228516,
    122.69224548339844,
    123.07034301757812,
    123.42350769042969,
    123.76636505126953,
    124.08452606201172,
    124.42162322998047,
    124.6974868774414,
    125.00895690917969,
    125.31031036376953,
    125.626220703125,
    125.9677734375
  ],
  "mean_ann_dist": [
    76.07649993896484,
    82.67009735107422,
    87.22185516357422,
    90.68675994873047,
    93.50143432617188,
    95.87815856933594,
    97.93184661865234,
    99.73433685302734,
    101.33850860595703,
    102.78469848632812,
    104.10298919677734,
    105.31610107421875,
    106.4405746459961,
    107.48995208740234,
    108.47447204589844,
    109.40287780761719,
    110.2824478149414,
    111.1193618774414,
    111.91876220703125,
    112.68522644042969,
    113.42240142822266,
    114.13347625732422,
    114.82121276855469,
    115.48772430419922,
    116.13494110107422,
    116.76451110839844,
    117.37787628173828,
    117.97630310058594,
    118.56118774414062,
    119.13362121582031,
    119.69464111328125,
    120.24530029296875,
    120.78671264648438,
    121.31997680664062,
    121.85626220703125,
    1.8919710354063372e+32,
    122.97261810302734,
    123.50390625,
    123.97447204589844,
    8.57307133699944e+31,
    2.5132440103783604e+32,
    1.6410696036628613e+32,
    4.827293023316622e+32,
    2.3674562607987373e+32,
    3.872301201685455e+32,
    2.2801118539019082e+32,
    127.43496704101562,
    7.336453862560717e+31,
    5.050048340841895e+32,
    5.6939106266807784e+32
  ],
  "mean_barycenter_shift": [
    0.00012128864182159305,
    0.00014569055929314345,
    0.00017663041944615543,
    0.00021357586956582963,
    0.0002602901658974588,
    0.00030911562498658895,
    0.0003645895922090858,
    0.00043187671690247953,
    0.0004971728776581585,
    0.0005749448318965733,
    0.000664898834656924,
    0.0007691485807299614,
    0.0008850390440784395,
    0.0010020690970122814,
    0.001127126277424395,
    0.0012603063369169831,
    0.0013912228168919683,
    0.001518795732408762,
    0.001646433025598526,
    0.0017707239603623748,
    0.001895914669148624,
    0.002020537154749036,
    0.002150885062292218,
    0.0022907438687980175,
    0.0024199378676712513,
    0.002555680461227894,
    0.0026865466497838497,
    0.002826049691066146,
    0.002962425583973527,
    0.0030932207591831684,
    0.003227009903639555,
    0.003355393186211586,
    0.0034815871622413397,
    0.0036040106788277626,
    0.003725627902895212,
    0.003847085637971759,
    0.0039676763117313385,
    0.00408427556976676,
    0.0042023123241961,
    0.004317613784223795,
    0.004438469186425209,
    0.004555596504360437,
    0.0046764640137553215,
    0.004792146850377321,
    0.004912250675261021,
    0.005035972688347101,
    0.005166363436728716,
    0.0052972836419939995,
    0.005430838093161583,
    0.005568830296397209
  ],
  "mean_lid_diff": [
    0.011457443237304688,
    -0.0015783309936523438,
    -0.004181861877441406,
    -0.014216423034667969,
    -0.02023601531982422,
    -0.02971172332763672,
    -0.04574871063232422,
    -0.05542278289794922,
    -0.07278919219970703,
    -0.08343029022216797,
    -0.10025310516357422,
    -0.11991119384765625,
    -0.14431095123291016,
    -0.16582489013671875,
    -0.1943645477294922,
    -0.22743892669677734,
    -0.2571725845336914,
    -0.2967376708984375,
    -0.3395099639892578,
    -0.3825407028198242,
    -0.42753028869628906,
    -0.47713470458984375,
    -0.5256719589233398,
    -0.5799131393432617,
    -0.6350603103637695,
    -0.6907939910888672,
    -0.7512063980102539,
    -0.8139419555664062,
    -0.8762445449829102,
    -0.9413557052612305,
    -1.003148078918457,
    -1.0715045928955078,
    -1.1396894454956055,
    -1.2117195129394531,
    -1.2841796875,
    -1.3604183197021484,
    -1.4388599395751953,
    -1.5168232917785645,
    -1.5993170738220215,
    -1.6846413612365723,
    -1.7725486755371094,
    -1.866058349609375,
    -1.9597110748291016,
    -2.0567750930786133,
    -2.1556506156921387,
    -2.256594181060791,
    -2.3591814041137695,
    -2.46380615234375,
    -2.5724949836730957,
    -2.6845436096191406
  ],
  "mean_lid_exact": [
    11.138680458068848,
    9.616925239562988,
    9.136309623718262,
    8.880948066711426,
    8.751172065734863,
    8.692316055297852,
    8.66269302368164,
    8.663002967834473,
    8.68029499053955,
    8.698923110961914,
    8.721396446228027,
    8.749628067016602,
    8.779783248901367,
    8.809542655944824,
    8.844755172729492,
    8.878832817077637,
    8.908622741699219,
    8.943391799926758,
    8.976570129394531,
    9.010567665100098,
    9.040233612060547,
    9.071579933166504,
    9.100927352905273,
    9.131366729736328,
    9.162111282348633,
    9.190703392028809,
    9.218228340148926,
    9.2459135055542,
    9.27160358428955,
    9.297426223754883,
    9.318795204162598,
    9.344778060913086,
    9.36745834350586,
    9.38884449005127,
    9.411663055419922,
    9.432507514953613,
    9.452001571655273,
    9.471060752868652,
    9.48986530303955,
    9.507950782775879,
    9.52585506439209,
    9.54308795928955,
    9.558080673217773,
    9.574382781982422,
    9.590166091918945,
    9.606420516967773,
    9.621465682983398,
    9.635591506958008,
    9.649650573730469,
    9.661629676818848
  ],