{
  "alpha": 4.0,
  "k": [
    10,
    20,
    30,
    40,
    50,
    60,
    70,
    80,
    90,
    100,
    110,
    120,
    130,
    140,
    150,
    160,
    170,
    180,
    190,
    200,
    210,
    220,
    230,
    240,
    250,
    260,
    270,
    280,
    290,
    300,
    310,
    320,
    330,
    340,
    350,
    360,
    370,
    380,
    390,
    400,
    410,
    420,
    430,
    440,
    450,
    460,
    470,
    480,
    490,
    500
  ],
  "mean_overlap": [
    0.9946800000000001,
    0.99756,
    0.9984033333333333,
    0.9987900000000002,
    0.9989540000000001,
    0.9991033333333335,
    0.9992200000000001,
    0.99931875,
    0.9994122222222223,
    0.9994779999999999,
    0.999548181818182,
    0.9995916666666667,
    0.9996184615384615,
    0.9996521428571429,
    0.9996893333333333,
    0.99972125,
    0.9997376470588235,
    0.9997555555555555,
    0.9997768421052632,
    0.999791,
    0.9997980952380953,
    0.9998109090909091,
    0.9998121739130434,
    0.9998279166666667,
    0.999842,
    0.9998515384615384,
    0.9998600000000001,
    0.9998739285714285,
    0.9998789655172413,
    0.9998843333333334,
    0.999885806451613,
    0.9998953125,
    0.9999015151515152,
    0.9999058823529413,
    0.9999108571428573,
    0.9999166666666666,
    0.9999232432432432,
    0.9999284210526316,
    0.9999299999999999,
    0.99993325,
    0.9999380487804878,
    0.9999411904761905,
    0.9999453488372093,
    0.9999475,
    0.9999484444444444,
    0.9999504347826087,
    0.9999540425531915,
    0.9999541666666666,
    0.9999555102040817,
    0.9999568
  ],
  "mean_exact_dist": [
    74.93516540527344,
    81.4910659790039,
    86.0159683227539,
    89.47679901123047,
    92.28780364990234,
    94.65686798095703,
    96.70157623291016,
    98.50007629394531,
    100.10346221923828,
    101.55014038085938,
    102.86760711669922,
    104.07740020751953,
    105.19613647460938,
    106.23680114746094,
    107.21001434326172,
    108.12378692626953,
    108.98538970947266,
    109.80055236816406,
    110.57424926757812,
    111.31069946289062,
    112.01377868652344,
    112.6866226196289,
    113.3319091796875,
    113.95195007324219,
    114.54869079589844,
    115.12398529052734,
    115.67931365966797,
    116.21604919433594,
    116.73539733886719,
    117.23832702636719,
    117.72586059570312,
    118.19886016845703,
    118.658203125,
    119.1046371459961,
    119.53884887695312,
    119.96144104003906,
    120.373046875,
    120.77421569824219,
    121.1654281616211,
    121.54708862304688,
    121.91966247558594,
    122.28348541259766,
    122.63902282714844,
    122.98658752441406,
    123.32649993896484,
    123.65907287597656,
    123.98464965820312,
    124.30341339111328,
    124.61566162109375,
    124.92162322998047
  ],
  "mean_ann_dist": [
    74.97969055175781,
    81.51335144042969,
    86.0276870727539,
    89.48577880859375,
    92.29537963867188,
    94.66346740722656,
    96.70755004882812,
    98.50541687011719,
    100.1082763671875,
    101.55437469482422,
    102.87128448486328,
    104.08076477050781,
    105.19918823242188,
    106.23963928222656,
    107.212646484375,
    108.12619018554688,
    108.98767852783203,
    109.80266571044922,
    110.57622528076172,
    111.31255340576172,
    112.01557159423828,
    112.68834686279297,
    113.33353424072266,
    113.95349884033203,
    114.55010223388672,
    115.12532806396484,
    115.68057250976562,
    116.21723937988281,
    116.73651123046875,
    117.2394027709961,
    117.72687530517578,
    118.19981384277344,
    118.65912628173828,
    119.10547637939453,
    119.5396499633789,
    119.96221160888672,
    120.37377166748047,
    120.77490234375,
    121.16608428955078,
    121.54771423339844,
    121.92023468017578,
    122.28404998779297,
    122.6395492553711,
    122.98709106445312,
    123.32697296142578,
    123.65955352783203,
    123.98507690429688,
    124.30384063720703,
    124.61605072021484,
    124.92201232910156
  ],
  "mean_barycenter_shift": [
    0.00028348894556984305,
    0.00012637318286579102,
    8.173457172233611e-05,
    6.030769873177633e-05,
    5.154999962542206e-05,
    4.370832539279945e-05,
    3.8523048715433106e-05,
    3.418839696678333e-05,
    2.8864666091976687e-05,
    2.5323159206891432e-05,
    2.2079831978771836e-05,
    1.9743029042729177e-05,
    1.832630550779868e-05,
    1.6484462321386673e-05,
    1.4647010175394826e-05,
    1.3049320841673762e-05,
    1.2281151612114627e-05,
    1.129607881011907e-05,
    1.035181230690796e-05,
    9.727563337946776e-06,
    9.293630682805087e-06,
    8.630307092971634e-06,
    8.505563528160565e-06,
    7.75351782067446e-06,
    7.1111044235294685e-06,
    6.740324806742137e-06,
    6.279561603150796e-06,
    5.648548267345177e-06,
    5.499152848642552e-06,
    5.273054739518557e-06,
    5.182882432563929e-06,
    4.70681789010996e-06,
    4.3921700125792995e-06,
    4.247641300025862e-06,
    4.012811132270144e-06,
    3.731204969881219e-06,
    3.5284101613797247e-06,
    3.2925427149166353e-06,
    3.2514765280211577e-06,
    3.07692516798852e-06,
    2.876035523513565e-06,
    2.7096709800389362e-06,
    2.5540191472828155e-06,
    2.4482271783199394e-06,
    2.5089343580475543e-06,
    2.4082426079985453e-06,
    2.238962906631059e-06,
    2.2525214262714144e-06,
    2.218721874669427e-06,
    2.1473881588462973e-06
  ],
  "mean_lid_diff": [
    0.025612831115722656,
    0.007951736450195312,
    -0.004161834716796875,
    -0.006206512451171875,
    -0.0042057037353515625,
    -0.0025339126586914062,
    -0.0021257400512695312,
    -0.0032968521118164062,
    -0.0013303756713867188,
    -0.001575469970703125,
    -0.002025604248046875,
    -0.0021266937255859375,
    -0.0015439987182617188,
    -0.0018186569213867188,
    -0.0012941360473632812,
    -0.0015239715576171875,
    -0.0010595321655273438,
    -0.0008401870727539062,
    -0.0010318756103515625,
    -0.0008487701416015625,
    -0.0009336471557617188,
    -0.0007505416870117188,
    -0.000762939453125,
    -0.001194000244140625,
    -0.00048160552978515625,
    -0.0001926422119140625,
    -0.0005311965942382812,
    -0.0007028579711914062,
    -0.0006227493286132812,
    -0.00029277801513671875,
    -0.0003147125244140625,
    -0.0005025863647460938,
    -0.0005207061767578125,
    -0.00029277801513671875,
    -0.0001621246337890625,
    -0.00040531158447265625,
    -0.00039196014404296875,
    -0.0002288818359375,
    -0.00036716461181640625,
    -0.00025653839111328125,
    -0.000247955322265625,
    -0.00043392181396484375,
    -0.00037670135498046875,
    -0.0002765655517578125,
    -0.00019550323486328125,
    -0.0001373291015625,
    -0.000324249267578125,
    -0.0001964569091796875,
    -0.00029277801513671875,
    -0.000247955322265625
  ],