{
  "alpha": 4.0,
  "k": [
    10,
    20,
    30,
    40,
    50,
    60,
    70,
    80,
    90,
    100,
    110,
    120,
    130,
    140,
    150,
    160,
    170,
    180,
    190,
    200,
    210,
    220,
    230,
    240,
    250,
    260,
    270,
    280,
    290,
    300,
    310,
    320,
    330,
    340,
    350,
    360,
    370,
    380,
    390,
    400,
    410,
    420,
    430,
    440,
    450,
    460,
    470,
    480,
    490,
    500
  ],
  "mean_overlap": [
    0.99539,
    0.9974200000000001,
    0.99823,
    0.9986575000000001,
    0.998974,
    0.999175,
    0.9993142857142857,
    0.99940625,
    0.9994944444444446,
    0.9995470000000001,
    0.9995872727272727,
    0.9996333333333334,
    0.9996630769230769,
    0.9996878571428571,
    0.9997186666666666,
    0.9997449999999999,
    0.9997688235294118,
    0.99979,
    0.9997978947368421,
    0.999812,
    0.9998271428571428,
    0.9998413636363637,
    0.9998486956521739,
    0.9998604166666666,
    0.9998696,
    0.9998788461538461,
    0.9998851851851852,
    0.9998882142857143,
    0.9998924137931033,
    0.9998996666666666,
    0.9999051612903226,
    0.9999068750000001,
    0.999909090909091,
    0.9999155882352941,
    0.9999191428571428,
    0.9999225,
    0.9999254054054054,
    0.9999286842105263,
    0.9999317948717947,
    0.9999362500000001,
    0.9999419512195121,
    0.9999459523809524,
    0.9999483720930233,
    0.9999509090909092,
    0.9999522222222222,
    0.9999541304347825,
    0.9999551063829787,
    0.9999579166666667,
    0.9999593877551021,
    0.9999611999999999
  ],
  "mean_exact_dist": [
    75.0479965209961,
    81.63771057128906,
    86.21043395996094,
    89.6812973022461,
    92.4952621459961,
    94.86554718017578,
    96.91755676269531,
    98.7227783203125,
    100.33082580566406,
    101.78022766113281,
    103.09896850585938,
    104.30917358398438,
    105.4281005859375,
    106.4689712524414,
    107.44200134277344,
    108.35572814941406,
    109.21720123291016,
    110.0322036743164,
    110.80593872070312,
    111.54254913330078,
    112.24555206298828,
    112.91798400878906,
    113.56269073486328,
    114.18207550048828,
    114.77788543701172,
    115.35211181640625,
    115.90618896484375,
    116.44155883789062,
    116.95948791503906,
    117.46107482910156,
    117.94730377197266,
    118.41909790039062,
    118.877197265625,
    119.32244873046875,
    119.75553894042969,
    120.17707824707031,
    120.5876235961914,
    120.98776245117188,
    121.37799072265625,
    121.75875091552734,
    122.13046264648438,
    122.4935531616211,
    122.84837341308594,
    123.19535064697266,
    123.53475189208984,
    123.86689758300781,
    124.1920394897461,
    124.51045227050781,
    124.82244873046875,
    125.1282730102539
  ],
  "mean_ann_dist": [
    75.08518981933594,
    81.6539535522461,
    86.2225112915039,
    89.69053649902344,
    92.50316619873047,
    94.87214660644531,
    96.92313385009766,
    98.72761535644531,
    100.33499908447266,
    101.78392791748047,
    103.10231018066406,
    104.31228637695312,
    105.43099975585938,
    106.47163391113281,
    107.44435119628906,
    108.35784912109375,
    109.21917724609375,
    110.03404998779297,
    110.80770111083984,
    111.54413604736328,
    112.24700164794922,
    112.91932678222656,
    113.56394958496094,
    114.18327331542969,
    114.77902221679688,
    115.35318756103516,
    115.90721130371094,
    116.44253540039062,
    116.96043395996094,
    117.46195983886719,
    117.94813537597656,
    118.419921875,
    118.87799835205078,
    119.32316589355469,
    119.7562026977539,
    120.17768859863281,
    120.58822631835938,
    120.98833465576172,
    121.37852478027344,
    121.75926208496094,
    122.13095092773438,
    122.49400329589844,
    122.84882354736328,
    123.1957778930664,
    123.53514862060547,
    123.86727142333984,
    124.19239807128906,
    124.51080322265625,
    124.82278442382812,
    125.12860107421875
  ],
  "mean_barycenter_shift": [
    0.000248579541221261,
    0.00012691659503616393,
    8.562872972106561e-05,
    6.611833669012412e-05,
    4.88475379825104e-05,
    4.002781133749522e-05,
    3.383791772648692e-05,
    2.9172273571020924e-05,
    2.4937031412264332e-05,
    2.239396417280659e-05,
    1.9837561922031455e-05,
    1.7507903976365924e-05,
    1.6312929801642895e-05,
    1.5198803339444567e-05,
    1.3425853467197157e-05,
    1.2106814210710581e-05,
    1.118365707952762e-05,
    1.0052295692730695e-05,
    9.532584044791292e-06,
    8.863707989803515e-06,
    8.213245564547833e-06,
    7.521090537920827e-06,
    7.157589607231785e-06,
    6.566921001649462e-06,
    6.062938609829871e-06,
    5.763185072282795e-06,
    5.510907158168266e-06,
    5.396233973442577e-06,
    5.20798357683816e-06,
    4.903408353129635e-06,
    4.638265181711176e-06,
    4.669527697842568e-06,
    4.510898179432843e-06,
    4.212737621855922e-06,
    4.073009222338442e-06,
    3.904364803020144e-06,
    3.766718918996048e-06,
    3.5681687222677283e-06,
    3.433527126617264e-06,
    3.17697868013056e-06,
    2.861009079424548e-06,
    2.7177286483492935e-06,
    2.5545089101797203e-06,
    2.4001940346352058e-06,
    2.3166380742623005e-06,
    2.2481422092823777e-06,
    2.2323733901430387e-06,
    2.131778728653444e-06,
    2.0599602521542693e-06,
    1.967923481061007e-06
  ],
  "mean_lid_diff": [
    0.02753448486328125,
    -0.009185791015625,
    -0.0023717880249023438,
    -0.0055084228515625,
    -0.0011682510375976562,
    -0.00164031982421875,
    -0.0008420944213867188,
    -0.000885009765625,
    -0.0011043548583984375,
    -0.000461578369140625,
    -0.0015535354614257812,
    -0.0005655288696289062,
    -0.0009975433349609375,
    -0.0007419586181640625,
    -0.00078582763671875,
    -0.0018749237060546875,
    -0.0012540817260742188,
    -0.0011434555053710938,
    -0.0011415481567382812,
    -0.0011281967163085938,
    -0.0009632110595703125,
    -0.001644134521484375,
    -0.0013599395751953125,
    -0.0009679794311523438,
    -0.0009031295776367188,
    -0.0010471343994140625,
    -0.0007295608520507812,
    -0.0010480880737304688,
    -0.0013113021850585938,
    -0.000850677490234375,
    -0.000888824462890625,
    -0.0010204315185546875,
    -0.0007333755493164062,
    -0.0011510848999023438,
    -0.0010290145874023438,
    -0.000988006591796875,
    -0.0010042190551757812,
    -0.0011892318725585938,
    -0.0009975433349609375,
    -0.0008449554443359375,
    -0.0007953643798828125,
    -0.000980377197265625,
    -0.000881195068359375,
    -0.0007448196411132812,
    -0.0009641647338867188,
    -0.000713348388671875,
    -0.0007610321044921875,
    -0.0007677078247070312,
    -0.0007905960083007812,
    -0.0007791519165039062
  ],
  "mean_lid_exact": [
    11.007865905761719,
    9.531454086303711,
    9.001206398010254,
    8.760645866394043,
    8.63895034790039,
    8.584587097167969,
    8.554620742797852,
    8.553760528564453,
    8.56108570098877,
    8.583976745605469,
    8.610902786254883,
    8.637629508972168,
    8.66049575805664,
    8.694307327270508,
    8.72366714477539,
    8.757959365844727,
    8.789752960205078,
    8.823960304260254,
    8.85480785369873,
    8.887386322021484,
    8.916894912719727,
    8.950489044189453,
    8.97860336303711,
    9.00782299041748,
    9.03617000579834,
    9.063539505004883,
    9.09067153930664,
    9.115396499633789,
    9.139023780822754,
    9.162960052490234,
    9.184759140014648,
    9.20861530303955,
    9.23033618927002,
    9.250452995300293,
    9.271903991699219,
    9.29271411895752,
    9.311972618103027,
    9.329826354980469,
    9.348104476928711,
    9.36662769317627,
    9.384439468383789,
    9.399636268615723,
    9.414512634277344,
    9.428892135620117,
    9.444042205810547,
    9.458183288574219,
    9.472654342651367,
    9.487302780151367,
    9.4993314743042,
    9.511168479919434
  ],