{
  "alpha": 0.25,
  "k": [
    10,
    20,
    30,
    40,
    50,
    60,
    70,
    80,
    90,
    100,
    110,
    120,
    130,
    140,
    150,
    160,
    170,
    180,
    190,
    200,
    210,
    220,
    230,
    240,
    250,
    260,
    270,
    280,
    290,
    300,
    310,
    320,
    330,
    340,
    350,
    360,
    370,
    380,
    390,
    400,
    410,
    420,
    430,
    440,
    450,
    460,
    470,
    480,
    490,
    500
  ],
  "mean_overlap": [
    0.99361,
    0.9901549999999999,
    0.9849166666666668,
    0.9766625,
    0.963974,
    0.9480116666666665,
    0.929637142857143,
    0.9097512500000001,
    0.8895555555555557,
    0.869433,
    0.8496563636363637,
    0.8301508333333333,
    0.81127,
    0.81582,
    0.8127473333333334,
    0.8164356250000001,
    0.8137835294117647,
    0.8171438888888888,
    0.8146378947368421,
    0.8176260000000001,
    0.8156985714285715,
    0.8186663636363636,
    0.8166626086956521,
    0.8193691666666666,
    0.8179759999999999,
    0.8207803846153845,
    0.8191544444444445,
    0.8216535714285714,
    0.8201562068965519,
    0.822691,
    0.8212916129032259,
    0.823271875,
    0.8220521212121211,
    0.8241844117647059,
    0.8230874285714286,
    0.8251102777777778,
    0.8241254054054054,
    0.8260223684210527,
    0.8251451282051283,
    0.8269555000000001,
    0.8260134146341465,
    0.8276304761904761,
    0.8268897674418604,
    0.8285731818181817,
    0.8277853333333335,
    0.8293617391304348,
    0.8284721276595745,
    0.82987875,
    0.8291557142857142,
    0.8306
  ],
  "mean_exact_dist": [
    75.69612884521484,
    82.34547424316406,
    86.8810806274414,
    90.33885955810547,
    93.14575958251953,
    95.51370239257812,
    97.55909729003906,
    99.3550796508789,
    100.95387268066406,
    102.3952407836914,
    103.70793914794922,
    104.91456604003906,
    106.05281066894531,
    107.080810546875,
    108.04236602783203,
    108.95100402832031,
    109.81454467773438,
    110.62351989746094,
    111.40203094482422,
    112.14769744873047,
    112.84367370605469,
    113.51001739501953,
    114.15129852294922,
    114.74980926513672,
    115.34002685546875,
    115.90471649169922,
    116.45369720458984,
    116.9910659790039,
    117.51412963867188,
    118.01448822021484,
    118.49813842773438,
    118.96721649169922,
    119.42777252197266,
    119.87052154541016,
    120.30108642578125,
    120.72006225585938,
    121.12805938720703,
    121.52566528320312,
    121.90873718261719,
    122.283203125,
    122.65242767333984,
    123.0118637084961,
    123.36042022705078,
    123.69896697998047,
    124.04422760009766,
    124.37521362304688,
    124.69793701171875,
    125.01178741455078,
    125.32141876220703,
    125.6248779296875
  ],
  "mean_ann_dist": [
    75.74031066894531,
    82.40283203125,
    86.96085357666016,
    90.4517593383789,
    93.31078338623047,
    95.757568359375,
    97.90787506103516,
    99.83625030517578,
    101.59406280517578,
    103.21871948242188,
    104.73844909667969,
    106.17619323730469,
    107.55900573730469,
    2.4327777143966795e+32,
    109.54052734375,
    110.4119873046875,
    1.8047432656725845e+33,
    112.06846618652344,
    8.988956519484838e+32,
    113.5752182006836,
    114.30420684814453,
    114.93486785888672,
    115.6108627319336,
    116.18399047851562,
    116.80577850341797,
    117.3349838256836,
    117.90862274169922,
    1.2162670941897882e+32,
    118.96868896484375,
    119.43721008300781,
    119.94084167480469,
    120.38137817382812,
    120.8655014038086,
    121.28179931640625,
    121.72962188720703,
    122.1250991821289,
    122.55181121826172,
    122.92438507080078,
    8.726061383041998e+31,
    123.67244720458984,
    8.301229375778927e+31,
    124.39629364013672,
    124.75718688964844,
    125.07367706298828,
    7.5640989465271025e+31,
    125.74712371826172,
    126.08526611328125,
    126.37881469726562,
    126.70126342773438,
    126.98847198486328
  ],
  "mean_barycenter_shift": [
    0.00034274524659849703,
    0.0005215523997321725,
    0.0007918638875707984,
    0.0012336348881945014,
    0.0019122353987768292,
    0.002622038358822465,
    0.0031911288388073444,
    0.0036564816255122423,
    0.004050388000905514,
    0.0044056144542992115,
    0.004734841641038656,
    0.005052952561527491,
    0.005356275010854006,
    0.005116389598697424,
    0.005074760876595974,
    0.004891710821539164,
    0.00487106665968895,
    0.0047070337459445,
    0.004700086545199156,
    0.004568503703922033,
    0.004568624310195446,
    0.004465518984943628,
    0.004470606800168753,
    0.004374264739453793,
    0.0043661585077643394,
    0.004265953786671162,
    0.0042740656062960625,
    0.004193310625851154,
    0.00420324457809329,
    0.004124172963202,
    0.0041319760493934155,
    0.004068900365382433,
    0.004074522294104099,
    0.004007617011666298,
    0.004004952032119036,
    0.003939509391784668,
    0.003933130297809839,
    0.003866235027089715,
    0.003854915266856551,
    0.0037798797711730003,
    0.0037664284463971853,
    0.003701969049870968,
    0.003683537943288684,
    0.0036175712011754513,
    0.003606402315199375,
    0.0035476291086524725,
    0.003539134282618761,
    0.0034842032473534346,
    0.0034714837092906237,
    0.0034201103262603283
  ],
  "mean_lid_diff": [
    0.05664825439453125,
    0.05664825439453125,
    -0.022675514221191406,
    -0.022675514221191406,
    -0.07978630065917969,
    -0.07978630065917969,
    -0.1522989273071289,
    -0.1522989273071289,
    -0.24043655395507812,
    -0.24043655395507812,
    -0.3430185317993164,
    -0.3430185317993164,
    -0.4728851318359375,
    -0.4728851318359375,
    -0.5999650955200195,
    -0.5999650955200195,
    -0.7359118461608887,
    -0.7359118461608887,
    -0.8802070617675781,
    -0.8802070617675781,
    -1.0334343910217285,
    -1.0334343910217285,
    -1.1959023475646973,
    -1.1959023475646973,
    -1.3644328117370605,
    -1.3644328117370605,
    -1.3333616256713867,
    -1.3333616256713867,
    -1.3734145164489746,
    -1.3734145164489746,
    -1.3484559059143066,
    -1.3484559059143066,
    -1.3796753883361816,
    -1.3796753883361816,
    -1.3578214645385742,
    -1.3578214645385742,
    -1.393132209777832,
    -1.393132209777832,
    -1.374319076538086,
    -1.374319076538086,
    -1.4017610549926758,
    -1.4017610549926758,
    -1.3820734024047852,
    -1.3820734024047852,
    -1.404879093170166,
    -1.404879093170166,
    -1.3868136405944824,
    -1.3868136405944824,
    -1.4028878211975098,
    -1.4028878211975098,
    -1.3869872093200684,
    -1.3869872093200684,
    -1.4102377891540527,
    -1.4102377891540527,
    -1.3922715187072754,
    -1.3922715187072754,
    -1.4127197265625,
    -1.4127197265625,
    -1.39656400680542,
    -1.39656400680542,
    -1.417482852935791,
    -1.417482852935791,
    -1.4018840789794922,
    -1.4018840789794922,
    -1.4205379486083984,
    -1.4205379486083984,
    -1.4063172340393066,
    -1.4063172340393066,
    -1.4255547523498535,
    -1.4255547523498535,
    -1.4119343757629395,
    -1.4119343757629395,
    -1.4289932250976562,
    -1.4289932250976562,
    -1.4142694473266602,
    -1.4142694473266602,
    -1.4307279586791992,
    -1.4307279586791992,
    -1.420999526977539,
    -1.420999526977539,
    -1.434941291809082,
    -1.434941291809082,
    -1.423213005065918,
    -1.423213005065918,
    -1.437556266784668,
    -1.437556266784668,
    -1.4266595840454102,
    -1.4266595840454102,
    -1.440328598022461,
    -1.440328598022461,
    -1.4310998916625977,
    -1.4310998916625977,
    -1.4441556930541992,
    -1.4441556930541992,
    -1.436483383178711,
    -1.436483383178711,
    -1.4495210647583008,
    -1.4495210647583008,
    -1.4417839050292969,
    -1.4417839050292969
  ],
  "mean_lid_exact": [],