{
  "alpha": 0.25,
  "k": [
    10,
    20,
    30,
    40,
    50,
    60,
    70,
    80,
    90,
    100,
    110,
    120,
    130,
    140,
    150,
    160,
    170,
    180,
    190,
    200,
    210,
    220,
    230,
    240,
    250,
    260,
    270,
    280,
    290,
    300,
    310,
    320,
    330,
    340,
    350,
    360,
    370,
    380,
    390,
    400,
    410,
    420,
    430,
    440,
    450,
    460,
    470,
    480,
    490,
    500
  ],
  "mean_overlap": [
    0.99305,
    0.989765,
    0.9851,
    0.9773699999999999,
    0.9654200000000001,
    0.9496233333333334,
    0.9318214285714288,
    0.9124775000000002,
    0.8926866666666669,
    0.8728020000000001,
    0.8532027272727273,
    0.8337549999999999,
    0.8150515384615384,
    0.8191735714285715,
    0.8164766666666666,
    0.8197837500000001,
    0.8165782352941177,
    0.8197188888888888,
    0.8173115789473684,
    0.82014,
    0.8180985714285716,
    0.821025909090909,
    0.8189508695652173,
    0.8213570833333333,
    0.8195788,
    0.8217530769230771,
    0.8200151851851851,
    0.822307857142857,
    0.8209024137931036,
    0.8230860000000001,
    0.8216964516129032,
    0.8237890625,
    0.8226239393939395,
    0.8245708823529412,
    0.8234020000000001,
    0.8252988888888889,
    0.8242037837837838,
    0.8260505263157895,
    0.8250264102564102,
    0.8267435,
    0.825660487804878,
    0.8273902380952383,
    0.8265127906976745,
    0.8279393181818183,
    0.8268824444444445,
    0.8283539130434783,
    0.8274008510638298,
    0.8286824999999999,
    0.827683469387755,
    0.829025
  ],
  "mean_exact_dist": [
    74.93516540527344,
    81.4910659790039,
    86.0159683227539,
    89.47679901123047,
    92.28780364990234,
    94.65686798095703,
    96.70157623291016,
    98.50007629394531,
    100.10346221923828,
    101.55014038085938,
    102.86760711669922,
    104.07740020751953,
    105.19613647460938,
    106.23680114746094,
    107.21001434326172,
    108.11737060546875,
    108.98469543457031,
    109.86474609375,
    110.63069915771484,
    111.34396362304688,
    112.02182006835938,
    112.67987823486328,
    113.32423400878906,
    113.93696594238281,
    114.5335922241211,
    115.11861419677734,
    115.67028045654297,
    116.21075439453125,
    116.72821807861328,
    117.2339859008789,
    117.71147155761719,
    118.1872329711914,
    118.64694213867188,
    119.09324645996094,
    119.52732849121094,
    119.9498062133789,
    120.36128234863281,
    120.76630401611328,
    121.1654281616211,
    121.54708862304688,
    121.91966247558594,
    122.28348541259766,
    122.63902282714844,
    122.98658752441406,
    123.32134246826172,
    123.65497589111328,
    123.98341369628906,
    124.30213165283203,
    124.61431121826172,
    124.90119171142578
  ],
  "mean_ann_dist": [
    74.98905181884766,
    81.55901336669922,
    86.10482788085938,
    89.5971908569336,
    92.45806884765625,
    94.90119934082031,
    97.04741668701172,
    98.97247314453125,
    100.72599792480469,
    102.34525299072266,
    103.85832214355469,
    105.28692626953125,
    106.64847564697266,
    107.63531494140625,
    108.65441131591797,
    109.52513122558594,
    2.0022616280719765e+32,
    9.489295518875335e+32,
    112.0547866821289,
    112.73999786376953,
    113.46202087402344,
    114.09071350097656,
    2.9634220662332758e+32,
    115.3638916015625,
    115.991943359375,
    1.3091710124317955e+32,
    117.13255310058594,
    117.64725494384766,
    1.1737395017073848e+32,
    118.66941833496094,
    119.16764068603516,
    119.6210708618164,
    120.101318359375,
    120.52192687988281,
    120.97693634033203,
    121.37861633300781,
    121.80878448486328,
    122.19210815429688,
    122.60980987548828,
    122.96804809570312,
    123.36012268066406,
    123.70226287841797,
    124.07360076904297,
    124.4021224975586,
    124.75221252441406,
    125.06640625,
    125.41243743896484,
    125.71452331542969,
    126.04424285888672,
    126.31282043457031
  ],
  "mean_barycenter_shift": [
    0.0003729567979462445,
    0.0005255896830931306,
    0.0007555142510682344,
    0.0011654499685391784,
    0.001845593098551035,
    0.002563891699537635,
    0.0031661170069128275,
    0.0036408714950084686,
    0.004034657962620258,
    0.004380585625767708,
    0.004676809534430504,
    0.00498243048787117,
    0.0052571771666407585,
    0.005012898705899715,
    0.00494342902675271,
    0.004776405170559883,
    0.0047564818523824215,
    0.0046224347315728664,
    0.004613055381923914,
    0.004499549046158791,
    0.004502981435507536,
    0.004407466389238834,
    0.004417456220835447,
    0.004331236705183983,
    0.004344975110143423,
    0.0042760977521538734,
    0.004287111107259989,
    0.004221880808472633,
    0.004232410341501236,
    0.0041666352190077305,
    0.004175690468400717,
    0.0041113486513495445,
    0.0041074384935200214,
    0.004039634484797716,
    0.004036144819110632,
    0.003968414384871721,
    0.003955099266022444,
    0.0038831112906336784,
    0.003868876723572612,
    0.003801352344453335,
    0.00379010196775198,
    0.00372419785708189,
    0.0037085299845784903,
    0.003649605205282569,
    0.0036333270836621523,
    0.0035731936804950237,
    0.0035635808017104864,
    0.0035064835101366043,
    0.0034947749227285385,
    0.003443302121013403
  ],
  "mean_lid_diff": [
    0.019575119018554688,
    -0.031195640563964844,
    -0.09327316284179688,
    -0.16071796417236328,
    -0.25084400177001953,
    -0.33767127990722656,
    -0.46090030670166016,
    -0.5806722640991211,
    -0.7150478363037109,
    -0.8593382835388184,
    -1.007819652557373,
    -1.1554484367370605,
    -1.3108243942260742,
    -1.2810182571411133,
    -1.3157148361206055,
    -1.3007164001464844,
    -1.331620216369629,
    -1.3200554847717285,
    -1.3471603393554688,
    -1.330064296722412,
    -1.3560209274291992,
    -1.3387913703918457,
    -1.3649086952209473,
    -1.3454794883728027,
    -1.3690123558044434,
    -1.3529844284057617,
    -1.3726544380187988,
    -1.3567595481872559,
    -1.3782563209533691,
    -1.3659062385559082,
    -1.3848376274108887,
    -1.3721399307250977,
    -1.387488842010498,
    -1.3753795623779297,
    -1.3921208381652832,
    -1.3810343742370605,
    -1.3983073234558105,
    -1.3874588012695312,
    -1.404848575592041,
    -1.3968000411987305,
    -1.416123390197754,
    -1.4057369232177734,
    -1.4212427139282227,
    -1.4125666618347168,
    -1.429028034210205,
    -1.418574333190918,
    -1.43341064453125,
    -1.4250450134277344,
    -1.4424524307250977,
    -1.4342327117919922
  ],
  "mean_lid_exact": [
    11.09469223022461,
    9.545917510986328,
    9.058534622192383,
    8.783001899719238,
    8.65365982055664,
    8.573585510253906,
    8.540382385253906,
    8.526015281677246,
    8.528909683227539,
    8.543625831604004,
    8.566545486450195,
    8.588101387023926,
    8.616583824157715,
    8.643595695495605,
    8.675383567810059,
    8.709178924560547,
    8.7406005859375,
    8.773618698120117,
    8.805899620056152,
    8.837300300598145,
    8.867600440979004,
    8.89920711517334,
    8.929143905639648,
    8.957993507385254,
    8.986777305603027,
    9.013835906982422,
    9.040810585021973,
    9.066048622131348,
    9.092368125915527,
    9.118513107299805,
    9.141432762145996,
    9.165904998779297,
    9.188210487365723,
    9.209929466247559,
    9.230238914489746,
    9.25136661529541,
    9.272289276123047,
    9.291553497314453,
    9.310997009277344,
    9.328320503234863,
    9.348238945007324,
    9.364509582519531,
    9.381742477416992,
    9.39902114868164,
    9.415090560913086,
    9.429563522338867,
    9.444345474243164,
    9.458879470825195,
    9.474642753601074,
    9.488367080688477
  ],