{
  "k": [
    10,
    20,
    30,
    40,
    50,
    60,
    70,
    80,
    90,
    100,
    110,
    120,
    130,
    140,
    150,
    160,
    170,
    180,
    190,
    200,
    210,
    220,
    230,
    240,
    250,
    260,
    270,
    280,
    290,
    300,
    310,
    320,
    330,
    340,
    350,
    360,
    370,
    380,
    390,
    400,
    410,
    420,
    430,
    440,
    450,
    460,
    470,
    480,
    490,
    500
  ],
  "mean_overlap": [
    0.9961899999999999,
    0.99484,
    0.9930533333333335,
    0.9904325,
    0.9869460000000001,
    0.9820583333333333,
    0.9752328571428572,
    0.9667775,
    0.9568666666666668,
    0.9459860000000001,
    0.9341990909090909,
    0.9220416666666666,
    0.9092707692307693,
    0.8963285714285714,
    0.8832086666666666,
    0.870065625,
    0.857248823529412,
    0.8445116666666665,
    0.8319110526315789,
    0.8195565,
    0.807572380952381,
    0.7956531818181818,
    0.7840821739130435,
    0.7728279166666667,
    0.7618688,
    0.7511546153846154,
    0.7406340740740741,
    0.73045,
    0.72063,
    0.7110253333333334,
    0.7015248387096773,
    0.6923796875,
    0.6835221212121212,
    0.6749923529411764,
    0.6665585714285714,
    0.65841,
    0.6504427027027028,
    0.6426905263157894,
    0.6351461538461538,
    0.62771,
    0.6205314634146342,
    0.6134997619047619,
    0.6066397674418604,
    0.5999252272727273,
    0.5933837777777777,
    0.5869934782608696,
    0.5807680851063829,
    0.5746470833333334,
    0.5686463265306122,
    0.5628228
  ],
  "mean_exact_dist": [
    75.55923461914062,
    82.13717651367188,
    86.73735046386719,
    90.23989868164062,
    93.05348205566406,
    95.4113998413086,
    97.44730377197266,
    99.23202514648438,
    100.82064819335938,
    102.2510986328125,
    103.55319213867188,
    104.74845123291016,
    105.85348510742188,
    106.880859375,
    107.84087371826172,
    108.74237823486328,
    109.59239959716797,
    110.39675903320312,
    111.16063690185547,
    111.87411499023438,
    112.6432113647461,
    113.29164123535156,
    113.91885375976562,
    114.5187759399414,
    115.10191345214844,
    115.6435775756836,
    116.19259643554688,
    116.74437713623047,
    117.25463104248047,
    117.67715454101562,
    118.10154724121094,
    118.50824737548828,
    118.85591125488281,
    119.20833587646484,
    119.55242156982422,
    120.0081558227539,
    120.46614074707031,
    120.9137954711914,
    121.43831634521484,
    121.83636474609375,
    122.39263153076172,
    122.90470123291016,
    123.48219299316406,
    123.97649383544922,
    124.6251449584961,
    125.18511199951172,
    125.74175262451172,
    126.66254425048828,
    127.36894226074219,
    128.06317138671875
  ],
  "mean_ann_dist": [
    75.59078979492188,
    82.17242431640625,
    86.77963256835938,
    90.2919921875,
    93.11849975585938,
    95.49378967285156,
    97.55376434326172,
    99.37191009521484,
    101.003173828125,
    102.48650360107422,
    103.85248565673828,
    105.12237548828125,
    106.3135757446289,
    107.43946075439453,
    108.5114517211914,
    109.53826141357422,
    110.52635955810547,
    111.48155212402344,
    112.40898895263672,
    1.0216643320394837e+33,
    3.258707323519624e+32,
    114.99090576171875,
    115.8006591796875,
    1.4282694517628847e+32,
    117.37378692626953,
    118.12523651123047,
    3.816792744036423e+32,
    2.4576220104163503e+32,
    4.754887457843869e+32,
    3.457802512044056e+32,
    4.476692156227986e+32,
    5.438739462370555e+32,
    2.1225990712970724e+32,
    3.1139714361171314e+32,
    2.0335394984758134e+33,
    1.2010530625635413e+33,
    1.0874452161345057e+33,
    1.2718495380989805e+33,
    1.650107997317815e+33,
    2.4096587973067628e+33,
    1.5426708951283548e+33,
    2.6060630910420504e+33,
    2.235189408385068e+33,
    2.744876711982228e+33,
    3.4732815595527754e+33,
    2.2226677996302012e+33,
    3.600991167825573e+33,
    3.1638866098692883e+33,
    2.911529747495875e+33,
    3.666117645867328e+33
  ],
  "mean_barycenter_shift": [
    0.00020114929066039622,
    0.00026491566677577794,
    0.00035144606954418123,
    0.0004823515482712537,
    0.0006454628310166299,
    0.000866599555592984,
    0.0012019479181617498,
    0.001566949300467968,
    0.0019208219600841403,
    0.0022298144176602364,
    0.002506800927221775,
    0.0027479054406285286,
    0.002977427328005433,
    0.0032003428786993027,
    0.003402085043489933,
    0.00361629668623209,
    0.003811910282820463,
    0.0040223319083452225,
    0.004237334243953228,
    0.004450550768524408,
    0.004671263042837381,
    0.004905922804027796,
    0.005145194474607706,
    0.005381140857934952,
    0.00561500946059823,
    0.005848369095474482,
    0.006079614162445068,
    0.0063059949316084385,
    0.006527075078338385,
    0.006752839777618647,
    0.006977228447794914,
    0.007202619221061468,
    0.007425406482070684,
    0.007646172307431698,
    0.007874427363276482,
    0.008109478279948235,
    0.008358871564269066,
    0.008628197945654392,
    0.008915506303310394,
    0.009222671389579773,
    0.009552540257573128,
    0.009908930398523808,
    0.010295220650732517,
    0.010710125789046288,
    0.011156181804835796,
    0.011629940941929817,
    0.012133866548538208,
    0.012669801712036133,
    0.013239389285445213,
    0.013838804326951504
  ],
  "mean_lid_diff": [
    0.018631935119628906,
    0.0015850067138671875,
    -0.016265869140625,
    -0.03977775573730469,
    -0.07080745697021484,
    -0.10543155670166016,
    -0.15427494049072266,
    -0.20771026611328125,
    -0.2675790786743164,
    -0.33727169036865234,
    -0.4121274948120117,
    -0.4978179931640625,
    -0.5947561264038086,
    -0.6893167495727539,
    -0.7912197113037109,
    -0.8946480751037598,
    -1.0045723915100098,
    -1.1141352653503418,
    -1.2301568984985352,
    -1.3476152420043945,
    -1.4714932441711426,
    -1.5908136367797852,
    -1.7104859352111816,
    -1.8317408561706543,
    -1.9539103507995605,
    -2.0770645141601562,
    -2.1999478340148926,
    -2.3283348083496094,
    -2.462320327758789,
    -2.6022748947143555,
    -2.746520519256592,
    -2.893104076385498,
    -3.0455121994018555,
    -3.202091693878174,
    -3.366373062133789,
    -3.533724784851074,
    -3.712869644165039,
    -3.8923730850219727,
    -4.076656341552734,
    -4.262908458709717,
    -4.456122398376465,
    -4.651297569274902,
    -4.852886199951172,
    -5.0542097091674805,
    -5.258908748626709,
    -5.466286659240723,
    -5.671741962432861,
    -5.873842000961304,
    -6.072235107421875,
    -6.278357267379761
  ],
  "mean_lid_exact": [
    11.095666885375977,
    9.605415344238281,
    9.058934211730957,
    8.837571144104004,
    8.726156234741211,
    8.661084175109863,
    8.639104843139648,
    8.631937026977539,
    8.646387100219727,
    8.667332649230957,
    8.692510604858398,
    8.725726127624512,
    8.760945320129395,
    8.798789024353027,
    8.834794044494629,
    8.871407508850098,
    8.909622192382812,
    8.94542121887207,
    8.982343673706055,
    9.016335487365723,
    9.0516939163208,
    9.083623886108398,
    9.116090774536133,
    9.146827697753906,
    9.176966667175293,
    9.204686164855957,
    9.23068618774414,
    9.258277893066406,
    9.285614013671875,
    9.312666893005371,
    9.34048843383789,
    9.365837097167969,
    9.389573097229004,
    9.411426544189453,
    9.432451248168945,
    9.453962326049805,
    9.475825309753418,
    9.496142387390137,
    9.515544891357422,
    9.535019874572754,
    9.552567481994629,
    9.568090438842773,
    9.585650444030762,
    9.600568771362305,
    9.615628242492676,
    9.630697250366211,
    9.6441068649292,
    9.657221794128418,
    9.669744491577148,
    9.682737350463867
  ],