{
  "k": [
    10,
    20,
    30,
    40,
    50,
    60,
    70,
    80,
    90,
    100,
    110,
    120,
    130,
    140,
    150,
    160,
    170,
    180,
    190,
    200,
    210,
    220,
    230,
    240,
    250,
    260,
    270,
    280,
    290,
    300,
    310,
    320,
    330,
    340,
    350,
    360,
    370,
    380,
    390,
    400,
    410,
    420,
    430,
    440,
    450,
    460,
    470,
    480,
    490,
    500
  ],
  "mean_overlap": [
    0.9947699999999999,
    0.9928049999999999,
    0.98961,
    0.9860200000000001,
    0.9813540000000001,
    0.9751783333333333,
    0.9673285714285714,
    0.9576400000000002,
    0.9463877777777779,
    0.934001,
    0.9210472727272727,
    0.9078350000000001,
    0.8945276923076925,
    0.8808035714285714,
    0.8670933333333334,
    0.8533799999999999,
    0.8399370588235293,
    0.8266955555555556,
    0.81365,
    0.800819,
    0.7882690476190477,
    0.7760413636363636,
    0.7640256521739132,
    0.7523129166666667,
    0.7408964,
    0.729753076923077,
    0.7189659259259259,
    0.7083839285714286,
    0.6981248275862069,
    0.6881316666666667,
    0.6784874193548387,
    0.6690143749999999,
    0.6598290909090909,
    0.6509444117647059,
    0.6421914285714285,
    0.633721388888889,
    0.6254340540540541,
    0.6173857894736843,
    0.6095661538461538,
    0.6019212500000001,
    0.5945321951219512,
    0.5872683333333333,
    0.5802202325581396,
    0.5733170454545454,
    0.566582888888889,
    0.559953695652174,
    0.5534755319148937,
    0.5471735416666667,
    0.5409867346938775,
    0.5349454
  ],
  "mean_exact_dist": [
    76.23055267333984,
    82.84016418457031,
    87.31977844238281,
    90.72466278076172,
    93.48819732666016,
    95.8203125,
    97.84785461425781,
    99.63346862792969,
    101.22225952148438,
    102.65304565429688,
    103.95448303222656,
    105.14839935302734,
    106.25205993652344,
    107.27909851074219,
    108.23976135253906,
    109.14252471923828,
    109.99449920654297,
    110.79841613769531,
    111.56617736816406,
    112.27326965332031,
    112.9602279663086,
    113.65752410888672,
    114.2803726196289,
    114.91307067871094,
    115.60404205322266,
    116.17916870117188,
    116.69276428222656,
    117.27921295166016,
    117.73829650878906,
    118.26261138916016,
    118.69046020507812,
    119.27604675292969,
    119.84083557128906,
    120.4202651977539,
    121.04568481445312,
    121.57364654541016,
    122.27428436279297,
    122.9622573852539,
    123.7402572631836,
    124.49227905273438,
    125.10330963134766,
    125.89778137207031,
    126.62239074707031,
    127.26667022705078,
    127.81622314453125,
    128.7150421142578,
    129.69285583496094,
    130.22402954101562,
    130.8990020751953,
    131.51332092285156
  ],
  "mean_ann_dist": [
    76.2723388671875,
    82.89025115966797,
    87.38292694091797,
    90.80331420898438,
    93.5865249633789,
    95.94386291503906,
    98.00503540039062,
    99.83395385742188,
    101.47745513916016,
    102.9742660522461,
    104.35318756103516,
    105.63687133789062,
    106.84349060058594,
    107.98670196533203,
    109.07763671875,
    110.12547302246094,
    111.13771057128906,
    112.11222076416016,
    3.58335284340333e+32,
    1.7046505909368208e+32,
    1.625267879345777e+32,
    1.5534176460375223e+32,
    116.62213134765625,
    1.5760180596791096e+33,
    4.15442889720738e+32,
    6.688360239639117e+32,
    1.4231963734818932e+33,
    1.383445654592925e+33,
    1.3506970340511646e+33,
    1.319760912469423e+33,
    1.5294645507892583e+33,
    2.09235712459236e+33,
    2.880653047036019e+33,
    2.637687507285635e+33,
    1.9410451062730522e+33,
    3.86875852677803e+33,
    2.632240880597789e+33,
    3.8080976079429877e+33,
    3.385928796560681e+33,
    4.1660427090571885e+33,
    4.389371115449399e+33,
    4.6182798460536977e+33,
    4.87302871806802e+33,
    4.650844477757119e+33,
    4.558647964876311e+33,
    4.185869866211393e+33,
    3.6313730017547247e+33,
    3.8045880479316137e+33,
    4.835332515416751e+33,
    5.999274069883828e+33
  ],
  "mean_barycenter_shift": [
    0.0002993683738168329,
    0.00036789392470382154,
    0.0005206442438066006,
    0.0006896908744238317,
    0.0008781471406109631,
    0.0011305438820272684,
    0.001469578011892736,
    0.0018427022732794285,
    0.002205976052209735,
    0.00253074849024415,
    0.0028194489423185587,
    0.003078604117035866,
    0.0033163323532789946,
    0.0035427010152488947,
    0.003763587214052677,
    0.003993476741015911,
    0.0042246244847774506,
    0.004449718166142702,
    0.0046696895733475685,
    0.00489384401589632,
    0.005128407385200262,
    0.005369913298636675,
    0.005624799523502588,
    0.005887893028557301,
    0.006162129342556,
    0.006451473105698824,
    0.006755727343261242,
    0.007062082644551992,
    0.0073708235286176205,
    0.007688701618462801,
    0.00800917949527502,
    0.008338605053722858,
    0.008681337349116802,
    0.009039295837283134,
    0.009417969733476639,
    0.009818480350077152,
    0.010236331261694431,
    0.01067613810300827,
    0.011138099245727062,
    0.011624868959188461,
    0.012134423479437828,
    0.012668285518884659,
    0.013228428550064564,
    0.013812464661896229,
    0.014416799880564213,
    0.015045213513076305,
    0.015693558380007744,
    0.016361968591809273,
    0.0170480627566576,
    0.017747357487678528
  ],
  "mean_lid_diff": [
    0.018752098083496094,
    -0.019121170043945312,
    -0.054828643798828125,
    -0.07557201385498047,
    -0.11561298370361328,
    -0.1640939712524414,
    -0.21607303619384766,
    -0.27878570556640625,
    -0.3532428741455078,
    -0.43216896057128906,
    -0.5245065689086914,
    -0.6277017593383789,
    -0.7300243377685547,
    -0.8391399383544922,
    -0.9539284706115723,
    -1.0753898620605469,
    -1.1997265815734863,
    -1.3259716033935547,
    -1.4548230171203613,
    -1.5914549827575684,
    -1.7303009033203125,
    -1.8718409538269043,
    -2.0212740898132324,
    -2.176921844482422,
    -2.3327484130859375,
    -2.4919142723083496,
    -2.653621196746826,
    -2.822734832763672,
    -3.003861427307129,
    -3.1838431358337402,
    -3.376389980316162,
    -3.5815773010253906,
    -3.792544364929199,
    -4.00671911239624,
    -4.212584972381592,
    -4.426758766174316,
    -4.65169095993042,
    -4.878952503204346,
    -5.105532169342041,
    -5.341944694519043,
    -5.5788655281066895,
    -5.806514739990234,
    -6.035733461380005,
    -6.264721393585205,
    -6.48926305770874,
    -6.704495191574097,
    -6.91651725769043,
    -7.118020057678223,
    -7.313758373260498,
    -7.50619649887085
  ],
  "mean_lid_exact": [
    11.154120445251465,
    9.683333396911621,
    9.1826753616333,
    8.93273639678955,
    8.808282852172852,
    8.738120079040527,
    8.704999923706055,
    8.698766708374023,
    8.716221809387207,
    8.732121467590332,
    8.759812355041504,
    8.787388801574707,
    8.812731742858887,
    8.838180541992188,
    8.866822242736816,
    8.896510124206543,
    8.92664909362793,
    8.955453872680664,
    8.985785484313965,
    9.016339302062988,
    9.043621063232422,
    9.071015357971191,
    9.098702430725098,
    9.125324249267578,
    9.152386665344238,
    9.177995681762695,
    9.20157527923584,
    9.224810600280762,
    9.249224662780762,
    9.27139663696289,
    9.293716430664062,
    9.315092086791992,
    9.335183143615723,
    9.35702133178711,
    9.374190330505371,
    9.39153003692627,
    9.41021728515625,
    9.427849769592285,
    9.443242073059082,
    9.459537506103516,
    9.477015495300293,
    9.493210792541504,
    9.508453369140625,
    9.52141284942627,
    9.534733772277832,
    9.549681663513184,
    9.563396453857422,
    9.575711250305176,
    9.587447166442871,
    9.598664283752441
  ],