{
  "k": [
    10,
    20,
    30,
    40,
    50,
    60,
    70,
    80,
    90,
    100,
    110,
    120,
    130,
    140,
    150,
    160,
    170,
    180,
    190,
    200,
    210,
    220,
    230,
    240,
    250,
    260,
    270,
    280,
    290,
    300,
    310,
    320,
    330,
    340,
    350,
    360,
    370,
    380,
    390,
    400,
    410,
    420,
    430,
    440,
    450,
    460,
    470,
    480,
    490,
    500
  ],
  "mean_overlap": [
    0.99474,
    0.993125,
    0.9907033333333333,
    0.9874424999999999,
    0.983002,
    0.9769816666666665,
    0.968984285714286,
    0.9592575000000001,
    0.9480655555555557,
    0.9358650000000002,
    0.9228227272727272,
    0.9095099999999998,
    0.8959315384615385,
    0.8821878571428572,
    0.8684026666666667,
    0.85445375,
    0.8409505882352943,
    0.8275033333333333,
    0.8145031578947368,
    0.8016854999999999,
    0.7891842857142858,
    0.7768413636363636,
    0.7649517391304348,
    0.7532995833333332,
    0.7419308000000001,
    0.7308388461538462,
    0.7201181481481481,
    0.7097589285714286,
    0.6995293103448277,
    0.6896533333333332,
    0.680082258064516,
    0.6707668750000001,
    0.661578787878788,
    0.652749705882353,
    0.6441142857142856,
    0.635758888888889,
    0.6275135135135135,
    0.6195181578947369,
    0.611785641025641,
    0.60420225,
    0.5968668292682926,
    0.5896457142857143,
    0.5826720930232557,
    0.5758075,
    0.5691275555555556,
    0.5625928260869566,
    0.5561470212765958,
    0.5499564583333333,
    0.543845306122449,
    0.5379010000000001
  ],
  "mean_exact_dist": [
    75.81864166259766,
    82.44774627685547,
    86.98003387451172,
    90.44184112548828,
    93.24794006347656,
    95.61129760742188,
    97.65985107421875,
    99.45526885986328,
    101.05122375488281,
    102.48777770996094,
    103.79525756835938,
    104.99588775634766,
    106.1061782836914,
    107.13945007324219,
    108.10616302490234,
    109.01884460449219,
    109.88395690917969,
    110.6950454711914,
    111.4709243774414,
    112.20986938476562,
    112.88330078125,
    113.54800415039062,
    114.18841552734375,
    114.85338592529297,
    115.41999053955078,
    115.99335479736328,
    116.55279541015625,
    117.09666442871094,
    117.60918426513672,
    118.10917663574219,
    118.58470916748047,
    119.18109130859375,
    119.85542297363281,
    120.5826416015625,
    121.25553131103516,
    122.0800552368164,
    123.01448822021484,
    123.93427276611328,
    124.68586730957031,
    125.40644073486328,
    126.34071350097656,
    127.20465850830078,
    128.14476013183594,
    128.98593139648438,
    129.82920837402344,
    130.5286102294922,
    131.05099487304688,
    131.89295959472656,
    132.61618041992188,
    133.56582641601562
  ],
  "mean_ann_dist": [
    75.85835266113281,
    82.49622344970703,
    87.03914642333984,
    90.51492309570312,
    93.33944702148438,
    95.72657775878906,
    97.80719757080078,
    99.64488983154297,
    101.29450225830078,
    102.79713439941406,
    104.18309020996094,
    105.47432708740234,
    106.68828582763672,
    107.83875274658203,
    2.2685489136505894e+32,
    109.99137115478516,
    111.0119857788086,
    111.99710083007812,
    5.3798730923649614e+32,
    1.704821387976616e+32,
    1.625593999174876e+32,
    3.108396257093331e+32,
    8.93500863999783e+32,
    2.8678057053083155e+32,
    5.5324840192704894e+32,
    2.671248680720681e+32,
    7.752542241297877e+32,
    1.1306230172797307e+33,
    8.554167218887027e+32,
    1.3137853758997924e+33,
    2.461965632529193e+33,
    2.5376299204128595e+33,
    1.7047703229499954e+33,
    1.914279604683663e+33,
    2.4641906750073034e+33,
    2.905988727880034e+33,
    3.824509288528804e+33,
    3.653622188595791e+33,
    5.097706788588061e+33,
    4.471825349706041e+33,
    3.7331205315236294e+33,
    3.808928884679368e+33,
    5.323863269000019e+33,
    4.450668025979624e+33,
    4.61749653949384e+33,
    3.9460539554059603e+33,
    4.8364708012828736e+33,
    4.43458254259416e+33,
    6.247680356106871e+33,
    5.926788347793531e+33
  ],
  "mean_barycenter_shift": [
    0.0002914672950282693,
    0.00034840701846405864,
    0.00046225180267356336,
    0.000619439990259707,
    0.0008077542297542095,
    0.00106246885843575,
    0.0014219055883586407,
    0.001797129400074482,
    0.002160174772143364,
    0.0024873283691704273,
    0.00279239472001791,
    0.0030666766688227654,
    0.003314004046842456,
    0.0035554333589971066,
    0.0037873031105846167,
    0.004026787355542183,
    0.004255999345332384,
    0.004491697531193495,
    0.004724322352558374,
    0.004963490180671215,
    0.005211553070694208,
    0.005470477044582367,
    0.0057308366522192955,
    0.005989579949527979,
    0.0062536862678825855,
    0.006516268011182547,
    0.006781356874853373,
    0.007041662000119686,
    0.007311372552067041,
    0.007580009289085865,
    0.007851134985685349,
    0.008129262365400791,
    0.008421160280704498,
    0.008723766542971134,
    0.0090382294729352,
    0.009374305605888367,
    0.009730556048452854,
    0.01010082010179758,
    0.010492841713130474,
    0.010912216268479824,
    0.011354509741067886,
    0.011826124973595142,
    0.012318747118115425,
    0.012830360792577267,
    0.013364773243665695,
    0.013921873643994331,
    0.014499032869935036,
    0.01509045995771885,
    0.01569852977991104,
    0.0163168516010046
  ],
  "mean_lid_diff": [
    0.008783340454101562,
    -0.012887001037597656,
    -0.0446319580078125,
    -0.07000541687011719,
    -0.1103525161743164,
    -0.14763545989990234,
    -0.2022838592529297,
    -0.2585172653198242,
    -0.3367643356323242,
    -0.42400455474853516,
    -0.5042228698730469,
    -0.595829963684082,
    -0.6966495513916016,
    -0.8080739974975586,
    -0.9193134307861328,
    -1.0372519493103027,
    -1.157081127166748,
    -1.276127815246582,
    -1.4030990600585938,
    -1.5379557609558105,
    -1.6725645065307617,
    -1.8100409507751465,
    -1.9456682205200195,
    -2.0889501571655273,
    -2.239175796508789,
    -2.3865675926208496,
    -2.5420427322387695,
    -2.7049503326416016,
    -2.869504928588867,
    -3.0451579093933105,
    -3.22723388671875,
    -3.4123497009277344,
    -3.601016044616699,
    -3.800869941711426,
    -4.005128383636475,
    -4.2136454582214355,
    -4.438964366912842,
    -4.672947883605957,
    -4.905810356140137,
    -5.132174968719482,
    -5.360590934753418,
    -5.585222005844116,
    -5.818215847015381,
    -6.0416765213012695,
    -6.266019582748413,
    -6.479482412338257,
    -6.690515518188477,
    -6.893727540969849,
    -7.094039678573608,
    -7.286538600921631
  ],
  "mean_lid_exact": [
    11.100669860839844,
    9.601051330566406,
    9.09062385559082,
    8.830921173095703,
    8.719403266906738,
    8.661224365234375,
    8.636129379272461,
    8.632508277893066,
    8.643606185913086,
    8.665428161621094,
    8.681184768676758,
    8.70518684387207,
    8.731841087341309,
    8.763144493103027,
    8.791651725769043,
    8.822086334228516,
    8.855108261108398,
    8.884162902832031,
    8.911463737487793,
    8.945486068725586,
    8.974410057067871,
    9.006318092346191,
    9.029471397399902,
    9.056347846984863,
    9.082695960998535,
    9.107673645019531,
    9.133155822753906,
    9.156044960021973,
    9.181163787841797,
    9.20467472076416,
    9.226963996887207,
    9.248579978942871,
    9.270329475402832,
    9.29169750213623,
    9.310914039611816,
    9.329453468322754,
    9.34935188293457,
    9.367764472961426,
    9.385721206665039,
    9.403462409973145,
    9.419387817382812,
    9.436360359191895,
    9.451903343200684,
    9.46611213684082,
    9.482134819030762,
    9.496445655822754,
    9.512073516845703,
    9.52554702758789,
    9.538841247558594,
    9.552358627319336
  ],