{
  "k": [
    10,
    20,
    30,
    40,
    50,
    60,
    70,
    80,
    90,
    100,
    110,
    120,
    130,
    140,
    150,
    160,
    170,
    180,
    190,
    200,
    210,
    220,
    230,
    240,
    250,
    260,
    270,
    280,
    290,
    300,
    310,
    320,
    330,
    340,
    350,
    360,
    370,
    380,
    390,
    400,
    410,
    420,
    430,
    440,
    450,
    460,
    470,
    480,
    490,
    500
  ],
  "mean_overlap": [
    0.9966,
    0.9951700000000001,
    0.9932966666666667,
    0.99031,
    0.9868380000000001,
    0.9818283333333333,
    0.9752314285714286,
    0.9667400000000002,
    0.9570855555555556,
    0.9461220000000001,
    0.9343836363636363,
    0.9220533333333333,
    0.9094976923076924,
    0.8967692857142856,
    0.8840126666666667,
    0.87108125,
    0.8583882352941178,
    0.8459155555555555,
    0.8334736842105264,
    0.8212415000000001,
    0.809302380952381,
    0.7974909090909091,
    0.7860695652173912,
    0.7749570833333334,
    0.7640667999999999,
    0.7535326923076924,
    0.7433148148148149,
    0.7332414285714286,
    0.7235627586206896,
    0.7140673333333333,
    0.7048922580645162,
    0.6958859375,
    0.6871433333333334,
    0.6786211764705882,
    0.6703085714285714,
    0.6622191666666668,
    0.6542981081081082,
    0.6466028947368422,
    0.6391294871794871,
    0.6317974999999999,
    0.6246868292682926,
    0.6177616666666667,
    0.6110276744186047,
    0.6044115909090909,
    0.5978691111111111,
    0.5914889130434783,
    0.585301914893617,
    0.5791627083333333,
    0.5731534693877551,
    0.5672872
  ],
  "mean_exact_dist": [
    75.85939025878906,
    82.40481567382812,
    86.89728546142578,
    90.30349731445312,
    93.06490325927734,
    95.3984146118164,
    97.40972137451172,
    99.17232513427734,
    100.74213409423828,
    102.15910339355469,
    103.45179748535156,
    104.64131164550781,
    105.74299621582031,
    106.76930236816406,
    107.72979736328125,
    108.63308715820312,
    109.48551177978516,
    110.31688690185547,
    111.06034851074219,
    111.81785583496094,
    112.50965881347656,
    113.1572494506836,
    113.79438781738281,
    114.40705108642578,
    114.9862060546875,
    115.564697265625,
    116.11664581298828,
    116.71373748779297,
    117.29069519042969,
    117.8166732788086,
    118.38717651367188,
    118.90054321289062,
    119.40020751953125,
    119.92362976074219,
    120.48441314697266,
    120.92771911621094,
    121.40269470214844,
    121.88939666748047,
    122.34070587158203,
    122.8093490600586,
    123.30835723876953,
    123.87805938720703,
    124.4906997680664,
    125.19895935058594,
    125.79188537597656,
    126.25900268554688,
    126.95516204833984,
    127.52821350097656,
    128.0515899658203,
    128.75198364257812
  ],
  "mean_ann_dist": [
    75.88501739501953,
    82.43592071533203,
    86.9358901977539,
    90.35303497314453,
    93.12823486328125,
    95.48027801513672,
    97.51676177978516,
    99.3136978149414,
    100.92819213867188,
    102.40147399902344,
    103.76215362548828,
    105.0307846069336,
    106.22260284423828,
    107.3503646850586,
    108.42379760742188,
    109.4521255493164,
    110.44441223144531,
    111.39940643310547,
    112.2979507446289,
    3.4161466034346274e+32,
    3.256415200165635e+32,
    1.5556049313444346e+32,
    115.7078628540039,
    1.427263045196572e+32,
    117.29733276367188,
    1.318402563418504e+32,
    6.354264981836779e+32,
    4.920218992365579e+32,
    120.41852569580078,
    1.2731652362469835e+33,
    7.89782533688336e+32,
    5.509753119011636e+32,
    9.691341260112151e+32,
    1.6859641568431915e+33,
    1.4543533126181424e+33,
    1.5364576740711814e+33,
    1.0123082133363222e+33,
    2.205121701740885e+33,
    1.393323178166383e+33,
    1.0897594676666973e+33,
    1.6828802934628267e+33,
    3.173739065156951e+33,
    2.7952466352706913e+33,
    2.125752568804647e+33,
    2.5650711825211936e+33,
    1.977091134851954e+33,
    3.59517594449103e+33,
    2.3814741522048378e+33,
    2.9828589241044693e+33,
    3.062030760346946e+33
  ],
  "mean_barycenter_shift": [
    0.00018825485312845558,
    0.00025204531266354024,
    0.00035092770121991634,
    0.0004983094404451549,
    0.0006540470058098435,
    0.0008856835193000734,
    0.0012050550431013107,
    0.0015719812363386154,
    0.0019025407964363694,
    0.0022262083366513252,
    0.0025141786318272352,
    0.0027633793652057648,
    0.002990025794133544,
    0.003213645191863179,
    0.0034131461288779974,
    0.0036123592872172594,
    0.0038153575733304024,
    0.004005665425211191,
    0.00420524924993515,
    0.004415762145072222,
    0.004635132383555174,
    0.004859568551182747,
    0.00508149852976203,
    0.005311276763677597,
    0.005546229891479015,
    0.0057734353467822075,
    0.005999804008752108,
    0.006219061557203531,
    0.006439079064875841,
    0.006664009299129248,
    0.006894754245877266,
    0.007134160492569208,
    0.007381591014564037,
    0.00764106772840023,
    0.007915137335658073,
    0.008207307197153568,
    0.008513160049915314,
    0.008841938339173794,
    0.00919102318584919,
    0.009561683051288128,
    0.009954185225069523,
    0.010372037068009377,
    0.010816346853971481,
    0.011293401941657066,
    0.011805316433310509,
    0.012346435338258743,
    0.012921380810439587,
    0.013526077382266521,
    0.014160829596221447,
    0.014824369922280312
  ],
  "mean_lid_diff": [
    0.011228561401367188,
    -0.00926971435546875,
    -0.03350639343261719,
    -0.06203174591064453,
    -0.08139991760253906,
    -0.12134456634521484,
    -0.16340923309326172,
    -0.22153377532958984,
    -0.28577613830566406,
    -0.3594789505004883,
    -0.4443349838256836,
    -0.5176687240600586,
    -0.6070852279663086,
    -0.6990785598754883,
    -0.79840087890625,
    -0.8966474533081055,
    -1.0037918090820312,
    -1.1126956939697266,
    -1.2265005111694336,
    -1.340280532836914,
    -1.4563565254211426,
    -1.572087287902832,
    -1.6889052391052246,
    -1.811429500579834,
    -1.9307279586791992,
    -2.050985336303711,
    -2.177628993988037,
    -2.3113579750061035,
    -2.4424896240234375,
    -2.5860495567321777,
    -2.734309673309326,
    -2.8851776123046875,
    -3.035444736480713,
    -3.1944580078125,
    -3.3633646965026855,
    -3.532327651977539,
    -3.7070212364196777,
    -3.889279365539551,
    -4.069842338562012,
    -4.255381107330322,
    -4.449496746063232,
    -4.647180080413818,
    -4.84791374206543,
    -5.055180549621582,
    -5.260859966278076,
    -5.461137771606445,
    -5.664313077926636,
    -5.868576765060425,
    -6.066274166107178,
    -6.266892671585083
  ],
  "mean_lid_exact": [
    11.081929206848145,
    9.589584350585938,
    9.098677635192871,
    8.87187385559082,
    8.75511360168457,
    8.706165313720703,
    8.695828437805176,
    8.705862998962402,
    8.718581199645996,
    8.733996391296387,
    8.756845474243164,
    8.775971412658691,
    8.805023193359375,
    8.835185050964355,
    8.86732006072998,
    8.897375106811523,
    8.93073558807373,
    8.961284637451172,
    8.996330261230469,
    9.0286226272583,
    9.059356689453125,
    9.089195251464844,
    9.117877006530762,
    9.1492919921875,
    9.176535606384277,
    9.201735496520996,
    9.228631973266602,
    9.255193710327148,
    9.279930114746094,
    9.304330825805664,
    9.32701301574707,
    9.348457336425781,
    9.369470596313477,
    9.390238761901855,
    9.409079551696777,
    9.426918983459473,
    9.444540977478027,
    9.462788581848145,
    9.47822380065918,
    9.494006156921387,
    9.510287284851074,
    9.525247573852539,
    9.540115356445312,
    9.554123878479004,
    9.56879997253418,
    9.581286430358887,
    9.593689918518066,
    9.606345176696777,
    9.617822647094727,
    9.62902545928955
  ],