{
  "k": [
    10,
    20,
    30,
    40,
    50,
    60,
    70,
    80,
    90,
    100,
    110,
    120,
    130,
    140,
    150,
    160,
    170,
    180,
    190,
    200,
    210,
    220,
    230,
    240,
    250,
    260,
    270,
    280,
    290,
    300,
    310,
    320,
    330,
    340,
    350,
    360,
    370,
    380,
    390,
    400,
    410,
    420,
    430,
    440,
    450,
    460,
    470,
    480,
    490,
    500
  ],
  "mean_overlap": [
    0.9979100000000001,
    0.99726,
    0.9967033333333335,
    0.995865,
    0.9949960000000001,
    0.9939133333333333,
    0.9926214285714287,
    0.99109625,
    0.9894333333333334,
    0.9873980000000001,
    0.985099090909091,
    0.9824324999999999,
    0.979206153846154,
    0.9755157142857144,
    0.971398,
    0.9668056250000001,
    0.961844705882353,
    0.9564361111111112,
    0.9506831578947369,
    0.94463,
    0.9383152380952382,
    0.9317240909090909,
    0.92505,
    0.9182308333333332,
    0.9112568000000001,
    0.9043188461538463,
    0.8972003703703704,
    0.8900528571428571,
    0.882914827586207,
    0.8758363333333333,
    0.8686851612903227,
    0.8615334374999999,
    0.8544436363636363,
    0.8473761764705883,
    0.8403991428571429,
    0.8334202777777778,
    0.8265127027027027,
    0.8197518421052631,
    0.8129982051282052,
    0.8063322500000001,
    0.7997626829268294,
    0.7932630952380954,
    0.7868562790697673,
    0.7805438636363636,
    0.7741762222222222,
    0.7679617391304348,
    0.7618731914893617,
    0.7557897916666667,
    0.7497757142857143,
    0.7438644
  ],
  "mean_exact_dist": [
    75.85939025878906,
    82.40481567382812,
    86.89728546142578,
    90.30349731445312,
    93.06490325927734,
    95.3984146118164,
    97.40972137451172,
    99.17232513427734,
    100.74213409423828,
    102.15910339355469,
    103.45179748535156,
    104.64131164550781,
    105.74299621582031,
    106.76930236816406,
    107.72979736328125,
    108.63308715820312,
    109.48551177978516,
    110.29273986816406,
    111.0593490600586,
    111.78921508789062,
    112.48590087890625,
    113.15241241455078,
    113.79154968261719,
    114.40534973144531,
    114.99592590332031,
    115.565185546875,
    116.11468505859375,
    116.64573669433594,
    117.15953826904297,
    117.65721130371094,
    118.13973999023438,
    118.60808563232422,
    119.06302642822266,
    119.49189758300781,
    119.9221420288086,
    120.32310485839844,
    120.7236328125,
    121.10638427734375,
    121.4932861328125,
    121.85621643066406,
    122.26728820800781,
    122.74866485595703,
    123.210693359375,
    123.5848388671875,
    123.9276351928711,
    124.2527084350586,
    124.62512969970703,
    124.93348693847656,
    125.28213500976562,
    125.64493560791016
  ],
  "mean_ann_dist": [
    75.87693786621094,
    82.42462158203125,
    86.91969299316406,
    90.32898712158203,
    93.09417724609375,
    95.4317855834961,
    97.44801330566406,
    99.21631622314453,
    100.79267120361328,
    102.21726989746094,
    103.5186996459961,
    104.71839904785156,
    105.83198547363281,
    106.87200164794922,
    107.8487777709961,
    108.7708511352539,
    109.64502716064453,
    110.47721099853516,
    111.27204895019531,
    112.0340347290039,
    112.7669906616211,
    113.47384643554688,
    114.15748596191406,
    114.82037353515625,
    115.46436309814453,
    116.09114074707031,
    116.70203399658203,
    117.2984619140625,
    117.88147735595703,
    118.45188903808594,
    119.01080322265625,
    119.55915069580078,
    120.097900390625,
    120.61363983154297,
    121.13577270507812,
    121.63035583496094,
    122.12960052490234,
    122.61144256591797,
    2.62201387107699e+32,
    2.56005381154197e+32,
    8.342114279857638e+31,
    2.451919942538523e+32,
    8.008847764883161e+31,
    1.5701329314179731e+32,
    1.5405581570231831e+32,
    6.049840438782275e+32,
    1.4886501706071603e+32,
    2.1991155648409083e+32,
    4.3362710701467965e+32,
    5.000999995916622e+32
  ],
  "mean_barycenter_shift": [
    0.00011922798148589209,
    0.00014121978892944753,
    0.00016575535119045526,
    0.00020694303384516388,
    0.0002461782132741064,
    0.00029681320302188396,
    0.0003563005302567035,
    0.000428449478931725,
    0.0004973565228283405,
    0.0005777885671705008,
    0.0006579238106496632,
    0.0007589338929392397,
    0.0008646414498798549,
    0.0009898070711642504,
    0.0011194782564416528,
    0.0012542232871055603,
    0.0013931837165728211,
    0.001525477273389697,
    0.0016568161081522703,
    0.0017872060416266322,
    0.0019105320097878575,
    0.002045068657025695,
    0.0021692446898669004,
    0.0022930423729121685,
    0.002422494115307927,
    0.0025471874978393316,
    0.002677983371540904,
    0.0028122197836637497,
    0.0029416889883577824,
    0.0030713495798408985,
    0.0032034399919211864,
    0.003335013287141919,
    0.003463221015408635,
    0.003587012179195881,
    0.003708423348143697,
    0.003828634973615408,
    0.003944333642721176,
    0.004057250916957855,
    0.00416871951892972,
    0.0042809126898646355,
    0.004393594339489937,
    0.004507002886384726,
    0.004622901324182749,
    0.004747277125716209,
    0.004879320040345192,
    0.0050177201628685,
    0.005160125438123941,
    0.005310111679136753,
    0.00546511635184288,
    0.005629055202007294
  ],
  "mean_lid_diff": [
    0.003907203674316406,
    -0.0007076263427734375,
    -0.006884574890136719,
    -0.01767253875732422,
    -0.01958751678466797,
    -0.027441978454589844,
    -0.037845611572265625,
    -0.05185222625732422,
    -0.06659793853759766,
    -0.07943344116210938,
    -0.09996223449707031,
    -0.1158437728881836,
    -0.1368274688720703,
    -0.15987110137939453,
    -0.18931198120117188,
    -0.21719074249267578,
    -0.2548179626464844,
    -0.28879451751708984,
    -0.3300304412841797,
    -0.3758573532104492,
    -0.41902923583984375,
    -0.4660196304321289,
    -0.5136833190917969,
    -0.5704622268676758,
    -0.6267032623291016,
    -0.6819038391113281,
    -0.743922233581543,
    -0.807612419128418,
    -0.8699836730957031,
    -0.9363899230957031,
    -1.003866195678711,
    -1.0715045928955078,
    -1.1419973373413086,
    -1.2130985260009766,
    -1.2844600677490234,
    -1.3579483032226562,
    -1.433274269104004,
    -1.5135245323181152,
    -1.592782974243164,
    -1.6764473915100098,
    -1.7637667655944824,
    -1.8519420623779297,
    -1.9449090957641602,
    -2.0389246940612793,
    -2.138237476348877,
    -2.2390990257263184,
    -2.342655658721924,
    -2.4505934715270996,
    -2.560429573059082,
    -2.675201892852783
  ],
  "mean_lid_exact": [
    11.081929206848145,
    9.589584350585938,
    9.098677635192871,
    8.87187385559082,
    8.75511360168457,
    8.706165313720703,
    8.695828437805176,
    8.705862998962402,
    8.718581199645996,
    8.733996391296387,
    8.756845474243164,
    8.775971412658691,
    8.805023193359375,
    8.835185050964355,
    8.86732006072998,
    8.897375106811523,
    8.93073558807373,
    8.961284637451172,
    8.996330261230469,
    9.0286226272583,
    9.059356689453125,
    9.089195251464844,
    9.117877006530762,
    9.1492919921875,
    9.176535606384277,
    9.201735496520996,
    9.228631973266602,
    9.255193710327148,
    9.279930114746094,
    9.304330825805664,
    9.32701301574707,
    9.348457336425781,
    9.369470596313477,
    9.390238761901855,
    9.409079551696777,
    9.426918983459473,
    9.444540977478027,
    9.462788581848145,
    9.47822380065918,
    9.494006156921387,
    9.510287284851074,
    9.525247573852539,
    9.540115356445312,
    9.554123878479004,
    9.56879997253418,
    9.581286430358887,
    9.593689918518066,
    9.606345176696777,
    9.617822647094727,
    9.62902545928955
  ],