{
  "k": [
    10,
    20,
    30,
    40,
    50,
    60,
    70,
    80,
    90,
    100,
    110,
    120,
    130,
    140,
    150,
    160,
    170,
    180,
    190,
    200,
    210,
    220,
    230,
    240,
    250,
    260,
    270,
    280,
    290,
    300,
    310,
    320,
    330,
    340,
    350,
    360,
    370,
    380,
    390,
    400,
    410,
    420,
    430,
    440,
    450,
    460,
    470,
    480,
    490,
    500
  ],
  "mean_overlap": [
    0.9945299999999999,
    0.992785,
    0.9906933333333334,
    0.9873299999999999,
    0.9833,
    0.9778166666666666,
    0.9702114285714286,
    0.9607775000000002,
    0.9501133333333335,
    0.9383549999999999,
    0.9253472727272727,
    0.9121816666666668,
    0.8986461538461539,
    0.8850507142857142,
    0.871078,
    0.8571675000000001,
    0.8436000000000001,
    0.830243888888889,
    0.8169447368421053,
    0.8039735,
    0.7912385714285715,
    0.7787522727272728,
    0.7666078260869565,
    0.7547295833333333,
    0.7432196,
    0.7319526923076922,
    0.7211118518518518,
    0.7104492857142857,
    0.7001603448275863,
    0.6902493333333333,
    0.6805296774193549,
    0.6710125,
    0.6617336363636364,
    0.6526652941176472,
    0.6439285714285714,
    0.6354902777777778,
    0.6271637837837838,
    0.6190473684210527,
    0.6112141025641025,
    0.60350725,
    0.5959982926829269,
    0.5886669047619048,
    0.5815174418604651,
    0.5745888636363636,
    0.5678411111111111,
    0.56116,
    0.5546840425531916,
    0.5483614583333333,
    0.5421532653061224,
    0.536093
  ],
  "mean_exact_dist": [
    75.52649688720703,
    82.15322875976562,
    86.68850708007812,
    90.14409637451172,
    92.94852447509766,
    95.31400299072266,
    97.36738586425781,
    99.17621612548828,
    100.787353515625,
    102.23828125,
    103.55816650390625,
    104.75820922851562,
    105.9387435913086,
    107.0505599975586,
    108.011962890625,
    108.9207992553711,
    109.78014373779297,
    110.59347534179688,
    111.3271255493164,
    112.06240844726562,
    112.84329223632812,
    113.58377075195312,
    114.29117584228516,
    114.9543685913086,
    115.59009552001953,
    116.14447021484375,
    116.71207427978516,
    117.18404388427734,
    117.6265869140625,
    118.24983978271484,
    118.77786254882812,
    119.34541320800781,
    119.79454803466797,
    120.47020721435547,
    121.25330352783203,
    121.95431518554688,
    122.78390502929688,
    123.62068939208984,
    124.48603820800781,
    125.23828125,
    126.1373291015625,
    126.85556030273438,
    127.967041015625,
    128.7874298095703,
    129.34896850585938,
    130.2806396484375,
    131.01895141601562,
    131.8170166015625,
    132.4615478515625,
    133.17935180664062
  ],
  "mean_ann_dist": [
    75.56997680664062,
    82.20223999023438,
    86.747314453125,
    90.21607208251953,
    93.03765869140625,
    95.4260482788086,
    97.51177215576172,
    99.36241149902344,
    101.02703857421875,
    102.54517364501953,
    103.94950103759766,
    105.24501037597656,
    1.3127164146758695e+33,
    2.4455058657099758e+32,
    108.81481170654297,
    109.86910247802734,
    110.8882827758789,
    1.9026343414197316e+32,
    112.7926254272461,
    1.7140960734365682e+32,
    6.539772617861267e+32,
    6.257663491439931e+32,
    5.998331688028922e+32,
    2.8867823589699047e+32,
    8.347073777140025e+32,
    9.406969411412759e+32,
    9.101552582045515e+32,
    6.322412397769704e+32,
    9.850051362848733e+32,
    1.81194003009097e+33,
    1.302117481544518e+33,
    3.027920560504477e+33,
    1.954694014176193e+33,
    3.424374262420728e+33,
    2.3966356680934806e+33,
    2.5099616510498214e+33,
    3.663615769047932e+33,
    3.236535121074751e+33,
    3.8757736234956507e+33,
    3.104330243034298e+33,
    4.5212609377498533e+33,
    4.255625930515065e+33,
    5.708129141744496e+33,
    4.855473180885904e+33,
    5.1554768079463626e+33,
    4.9686493730974915e+33,
    4.732058605579407e+33,
    5.913006361336167e+33,
    5.029843534604456e+33,
    5.106435813290072e+33
  ],
  "mean_barycenter_shift": [
    0.00028383126482367516,
    0.000356611970346421,
    0.0004557170905172825,
    0.0006207762053236365,
    0.0007983000250533223,
    0.0010437610326334834,
    0.0013921558856964111,
    0.0017640357837080956,
    0.002122532343491912,
    0.002455649198964238,
    0.0027545634657144547,
    0.003012429689988494,
    0.0032664653845131397,
    0.0035252852831035852,
    0.003795416560024023,
    0.004065978340804577,
    0.004323236644268036,
    0.004578135907649994,
    0.004841858986765146,
    0.005102391820400953,
    0.0053658196702599525,
    0.005630710627883673,
    0.00590087752789259,
    0.006174233742058277,
    0.006449495907872915,
    0.006722812540829182,
    0.006997537333518267,
    0.007274143397808075,
    0.007555610034614801,
    0.007837658748030663,
    0.008135453797876835,
    0.008444183506071568,
    0.008767137303948402,
    0.009107444435358047,
    0.009467698633670807,
    0.009855649434030056,
    0.010270562022924423,
    0.01071203500032425,
    0.011183451861143112,
    0.011682471260428429,
    0.012212570756673813,
    0.01277103554457426,
    0.01335813570767641,
    0.013969824649393559,
    0.01460982020944357,
    0.015272241085767746,
    0.0159582681953907,
    0.016660677269101143,
    0.017380228266119957,
    0.01811247132718563
  ],
  "mean_lid_diff": [
    0.06647109985351562,
    0.03580188751220703,
    -0.00653076171875,
    -0.042176246643066406,
    -0.0802145004272461,
    -0.1321430206298828,
    -0.18132591247558594,
    -0.24338626861572266,
    -0.3067970275878906,
    -0.38843822479248047,
    -0.4754362106323242,
    -0.5760698318481445,
    -0.6816601753234863,
    -0.7877182960510254,
    -0.8988914489746094,
    -1.019266128540039,
    -1.139801025390625,
    -1.2669901847839355,
    -1.3908905982971191,
    -1.5233120918273926,
    -1.6537675857543945,
    -1.7926697731018066,
    -1.9353728294372559,
    -2.0828356742858887,
    -2.2294769287109375,
    -2.384678840637207,
    -2.5437169075012207,
    -2.7126283645629883,
    -2.8869919776916504,
    -3.073531150817871,
    -3.2578248977661133,
    -3.4522809982299805,
    -3.651742458343506,
    -3.857308864593506,
    -4.068619728088379,
    -4.283485412597656,
    -4.503391742706299,
    -4.731616497039795,
    -4.963615894317627,
    -5.190280437469482,
    -5.4240734577178955,
    -5.65589451789856,
    -5.891563653945923,
    -6.1204423904418945,
    -6.338902473449707,
    -6.556224584579468,
    -6.76084041595459,
    -6.958763599395752,
    -7.148197174072266,
    -7.330816030502319
  ],
  "mean_lid_exact": [
    11.1322603225708,
    9.571598052978516,
    9.055542945861816,
    8.813246726989746,
    8.693671226501465,
    8.619119644165039,
    8.584683418273926,
    8.579543113708496,
    8.584785461425781,
    8.60038948059082,
    8.622541427612305,
    8.65090560913086,
    8.676087379455566,
    8.69764232635498,
    8.727734565734863,
    8.756537437438965,
    8.786578178405762,
    8.814403533935547,
    8.840578079223633,
    8.87097454071045,
    8.89892864227295,
    8.92751407623291,
    8.955955505371094,
    8.981940269470215,
    9.005810737609863,
    9.032186508178711,
    9.056473731994629,
    9.080923080444336,
    9.10561752319336,
    9.12928581237793,
    9.152432441711426,
    9.17615795135498,
    9.199926376342773,
    9.220527648925781,
    9.240633964538574,
    9.261253356933594,
    9.280330657958984,
    9.301103591918945,
    9.319037437438965,
    9.337491989135742,
    9.354876518249512,
    9.37236213684082,
    9.388570785522461,
    9.404877662658691,
    9.42121696472168,
    9.43504810333252,
    9.44980239868164,
    9.462868690490723,
    9.47581672668457,
    9.488152503967285
  ],