{
  "k": [
    10,
    20,
    30,
    40,
    50,
    60,
    70,
    80,
    90,
    100,
    110,
    120,
    130,
    140,
    150,
    160,
    170,
    180,
    190,
    200,
    210,
    220,
    230,
    240,
    250,
    260,
    270,
    280,
    290,
    300,
    310,
    320,
    330,
    340,
    350,
    360,
    370,
    380,
    390,
    400,
    410,
    420,
    430,
    440,
    450,
    460,
    470,
    480,
    490,
    500
  ],
  "mean_overlap": [
    0.99569,
    0.9937600000000001,
    0.9918133333333333,
    0.9889325000000001,
    0.985136,
    0.98001,
    0.9730185714285715,
    0.9644087499999999,
    0.9540444444444445,
    0.942992,
    0.9308281818181818,
    0.9182608333333333,
    0.905593076923077,
    0.8924550000000001,
    0.8791446666666667,
    0.8661175000000001,
    0.8531676470588236,
    0.8402905555555555,
    0.827471052631579,
    0.814874,
    0.8024180952380954,
    0.790265,
    0.7784221739130435,
    0.7669683333333333,
    0.7556492,
    0.744765,
    0.7341211111111111,
    0.7238542857142858,
    0.7137427586206897,
    0.703976,
    0.6944525806451612,
    0.6851746875000001,
    0.6762560606060606,
    0.6675552941176471,
    0.6590717142857142,
    0.6508055555555555,
    0.6427305405405405,
    0.6348278947368421,
    0.6271038461538461,
    0.6196689999999999,
    0.612480243902439,
    0.6052904761904762,
    0.5983883720930233,
    0.5916227272727272,
    0.5850215555555556,
    0.5785215217391304,
    0.5721810638297872,
    0.5659877083333333,
    0.5599404081632653,
    0.5540712000000001
  ],
  "mean_exact_dist": [
    75.78614807128906,
    82.3373031616211,
    86.83411407470703,
    90.26297760009766,
    93.044189453125,
    95.3900146484375,
    97.4149169921875,
    99.19258880615234,
    100.7761001586914,
    102.20269775390625,
    103.5004653930664,
    104.69139862060547,
    105.79177856445312,
    106.81476593017578,
    107.77132415771484,
    108.66919708251953,
    109.52363586425781,
    110.30654907226562,
    111.0658187866211,
    111.78877258300781,
    112.46778869628906,
    113.14234161376953,
    113.7715072631836,
    114.3654556274414,
    115.00519561767578,
    115.59098052978516,
    116.14646911621094,
    116.80318450927734,
    117.32648468017578,
    117.81442260742188,
    118.3428955078125,
    118.86239624023438,
    119.35050201416016,
    119.88522338867188,
    120.39253234863281,
    121.02215576171875,
    121.56130981445312,
    122.11065673828125,
    122.7138900756836,
    123.23246002197266,
    124.09477996826172,
    124.66209411621094,
    125.36984252929688,
    126.18753051757812,
    126.83322143554688,
    127.4195785522461,
    128.3253936767578,
    129.06719970703125,
    129.758056640625,
    130.7227325439453
  ],
  "mean_ann_dist": [
    75.82677459716797,
    82.3837890625,
    86.88811492919922,
    90.32791900634766,
    93.12350463867188,
    95.48817443847656,
    97.5394287109375,
    99.35334777832031,
    100.98394012451172,
    102.46855163574219,
    103.83613586425781,
    105.10821533203125,
    106.30208587646484,
    107.43162536621094,
    108.50765991210938,
    109.52135467529297,
    2.0076839988721776e+32,
    111.419189453125,
    112.34361267089844,
    1.7067026699800674e+32,
    114.1070785522461,
    114.9591064453125,
    115.78414154052734,
    2.8556760206327613e+32,
    2.7455962646300628e+32,
    1.3226662997131864e+32,
    3.831102557178038e+32,
    7.442094733095988e+32,
    7.219364561227762e+32,
    7.020474019666075e+32,
    1.3701080886096643e+33,
    2.675456129429202e+33,
    2.1916230488100122e+33,
    1.6215658970295464e+33,
    1.1782072659947919e+33,
    1.1707595866046937e+33,
    2.1142115633033992e+33,
    2.3190768677221926e+33,
    1.7944374148455337e+33,
    2.5441673270178207e+33,
    2.77756235232449e+33,
    2.4826152460969976e+33,
    3.3973110362518905e+33,
    2.789528899714242e+33,
    3.4006129318216744e+33,
    4.272641106870033e+33,
    4.313119270274586e+33,
    4.1918837789222413e+33,
    4.091791684470871e+33,
    4.402790385475252e+33
  ],
  "mean_barycenter_shift": [
    0.00021549136727117002,
    0.0003114987048320472,
    0.000400143297156319,
    0.0005460723186843097,
    0.0007121537928469479,
    0.0009453865932300687,
    0.0012699444778263569,
    0.0016255142400041223,
    0.0019920673221349716,
    0.002312347060069442,
    0.002588552189990878,
    0.0028478819876909256,
    0.0030718508642166853,
    0.003302885452285409,
    0.003527042455971241,
    0.0037341415882110596,
    0.003940897528082132,
    0.004152090288698673,
    0.004380747210234404,
    0.004618921782821417,
    0.0048697046004235744,
    0.005123443435877562,
    0.005376135930418968,
    0.005632534623146057,
    0.005887714214622974,
    0.006142784375697374,
    0.006398458033800125,
    0.006650329567492008,
    0.006903411820530891,
    0.0071615600027143955,
    0.007418855093419552,
    0.007679997477680445,
    0.007940765470266342,
    0.008202234283089638,
    0.008471452631056309,
    0.00874971505254507,
    0.009045273996889591,
    0.009358009323477745,
    0.009686427190899849,
    0.010027115233242512,
    0.010388611815869808,
    0.010770981200039387,
    0.011169006116688251,
    0.011587993241846561,
    0.012027864344418049,
    0.012488131411373615,
    0.012965420261025429,
    0.013461381196975708,
    0.013976016081869602,
    0.014506776817142963
  ],
  "mean_lid_diff": [
    0.02126026153564453,
    -0.0062160491943359375,
    -0.027563095092773438,
    -0.04622364044189453,
    -0.07750797271728516,
    -0.11543464660644531,
    -0.16156578063964844,
    -0.22072887420654297,
    -0.28252506256103516,
    -0.3642158508300781,
    -0.44481468200683594,
    -0.5304965972900391,
    -0.6281404495239258,
    -0.7298622131347656,
    -0.8284626007080078,
    -0.9456181526184082,
    -1.061903476715088,
    -1.1807141304016113,
    -1.2971882820129395,
    -1.4176063537597656,
    -1.543382167816162,
    -1.669644832611084,
    -1.794370174407959,
    -1.9213743209838867,
    -2.0530295372009277,
    -2.187467098236084,
    -2.323594570159912,
    -2.471895694732666,
    -2.621194362640381,
    -2.775448799133301,
    -2.9356942176818848,
    -3.1008315086364746,
    -3.2749886512756348,
    -3.458498954772949,
    -3.6505141258239746,
    -3.841965675354004,
    -4.037545680999756,
    -4.240148067474365,
    -4.440438747406006,
    -4.651107311248779,
    -4.859775066375732,
    -5.072488784790039,
    -5.285665512084961,
    -5.494868755340576,
    -5.7043373584747314,
    -5.914200067520142,
    -6.133126974105835,
    -6.337691307067871,
    -6.5431647300720215,
    -6.746486663818359
  ],
  "mean_lid_exact": [
    11.165740966796875,
    9.66163158416748,
    9.131246566772461,
    8.9019193649292,
    8.77934741973877,
    8.720380783081055,
    8.699626922607422,
    8.697901725769043,
    8.704957962036133,
    8.724650382995605,
    8.747381210327148,
    8.77137279510498,
    8.804749488830566,
    8.83398723602295,
    8.861617088317871,
    8.896223068237305,
    8.926353454589844,
    8.95809555053711,
    8.985929489135742,
    9.01602840423584,
    9.045964241027832,
    9.074968338012695,
    9.101838111877441,
    9.127036094665527,
    9.152463912963867,
    9.179168701171875,
    9.20048999786377,
    9.223443984985352,
    9.248557090759277,
    9.271842002868652,
    9.29344367980957,
    9.31624698638916,
    9.337206840515137,
    9.357903480529785,
    9.379023551940918,
    9.397563934326172,
    9.415559768676758,
    9.435989379882812,
    9.453771591186523,
    9.471660614013672,
    9.488609313964844,
    9.504462242126465,
    9.519997596740723,
    9.534724235534668,
    9.54967212677002,
    9.564406394958496,
    9.577754020690918,
    9.590160369873047,
    9.604053497314453,
    9.6162748336792
  ],