{
  "alpha": 2.0,
  "k": [
    10,
    20,
    30,
    40,
    50,
    60,
    70,
    80,
    90,
    100,
    110,
    120,
    130,
    140,
    150,
    160,
    170,
    180,
    190,
    200,
    210,
    220,
    230,
    240,
    250,
    260,
    270,
    280,
    290,
    300,
    310,
    320,
    330,
    340,
    350,
    360,
    370,
    380,
    390,
    400,
    410,
    420,
    430,
    440,
    450,
    460,
    470,
    480,
    490,
    500
  ],
  "mean_overlap": [
    0.9927,
    0.9922850000000001,
    0.9943900000000001,
    0.995635,
    0.9965040000000001,
    0.9970633333333333,
    0.997482857142857,
    0.9977299999999999,
    0.9979955555555556,
    0.9982110000000001,
    0.9983818181818181,
    0.9985191666666667,
    0.9986369230769231,
    0.9987207142857143,
    0.9988319999999999,
    0.9989206250000001,
    0.9989864705882353,
    0.9990599999999998,
    0.9991121052631579,
    0.9991705,
    0.9992095238095239,
    0.9992400000000001,
    0.9992713043478261,
    0.9993058333333334,
    0.9993484,
    0.9993884615384615,
    0.9994114814814815,
    0.9994353571428571,
    0.9994568965517241,
    0.9994806666666667,
    0.9994996774193549,
    0.9995240625,
    0.9995366666666666,
    0.9995649999999999,
    0.9995851428571428,
    0.9996036111111111,
    0.9996181081081082,
    0.9996268421052631,
    0.9996374358974359,
    0.9996522499999999,
    0.9996641463414635,
    0.9996757142857142,
    0.9996860465116278,
    0.9996963636363636,
    0.9997075555555556,
    0.9997158695652173,
    0.9997287234042553,
    0.9997370833333334,
    0.9997448979591838,
    0.9997540000000001
  ],
  "mean_exact_dist": [
    76.3860092163086,
    83.12767028808594,
    87.7303466796875,
    91.22197723388672,
    94.04851531982422,
    96.42997741699219,
    98.47911071777344,
    100.27063751220703,
    101.86175537109375,
    103.29212188720703,
    104.59063720703125,
    105.77973937988281,
    106.87802124023438,
    107.89898681640625,
    108.85322570800781,
    109.74933624267578,
    110.59451293945312,
    111.39443969726562,
    112.15373992919922,
    112.87692260742188,
    113.56747436523438,
    114.22858428955078,
    114.86280059814453,
    115.47232818603516,
    116.05916595458984,
    116.6248779296875,
    117.17093658447266,
    117.69877624511719,
    118.20953369140625,
    118.70436096191406,
    119.1842269897461,
    119.65006256103516,
    120.10272216796875,
    120.54293823242188,
    120.97132873535156,
    121.38851165771484,
    121.79499053955078,
    122.1912841796875,
    122.57788848876953,
    122.95525360107422,
    123.32379913330078,
    123.68392181396484,
    124.03596496582031,
    124.38028717041016,
    124.71717834472656,
    125.04698944091797,
    125.3699722290039,
    125.6864242553711,
    125.99659729003906,
    126.30072784423828
  ],
  "mean_ann_dist": [
    76.46072387695312,
    83.18951416015625,
    87.77017211914062,
    91.25267028808594,
    94.07237243652344,
    96.45022583007812,
    98.49630737304688,
    100.28617858886719,
    101.87557220458984,
    103.30442810058594,
    104.60157775878906,
    105.78959655761719,
    106.88702392578125,
    107.90731048583984,
    108.86087799072266,
    109.75642395019531,
    110.60112762451172,
    111.40074920654297,
    112.1597900390625,
    112.88267517089844,
    113.57295989990234,
    114.23382568359375,
    114.86782836914062,
    115.47712707519531,
    116.06377410888672,
    116.62932586669922,
    117.17516326904297,
    117.7029037475586,
    118.21358489990234,
    118.708251953125,
    119.18793487548828,
    119.6536636352539,
    120.10620880126953,
    120.54622650146484,
    120.97447204589844,
    121.39156341552734,
    121.79793548583984,
    122.19417572021484,
    122.5806884765625,
    122.95792388916016,
    123.32638549804688,
    123.68640899658203,
    124.03837585449219,
    124.38261413574219,
    124.71943664550781,
    125.04920196533203,
    125.37211608886719,
    125.68851470947266,
    125.99859619140625,
    126.30268859863281
  ],
  "mean_barycenter_shift": [
    0.000393312715459615,
    0.0003916867426596582,
    0.0002809141587931663,
    0.0002143554447684437,
    0.00017058390949387103,
    0.0001437169121345505,
    0.00012037961278110743,
    0.00010649473551893607,
    9.394258086103946e-05,
    8.336368773598224e-05,
    7.589811139041558e-05,
    6.912989192642272e-05,
    6.227535050129518e-05,
    5.873379632248543e-05,
    5.348582271835767e-05,
    4.915666795568541e-05,
    4.644419823307544e-05,
    4.261741923983209e-05,
    4.017456012661569e-05,
    3.728203955688514e-05,
    3.540079342201352e-05,
    3.4297292586416006e-05,
    3.27004017890431e-05,
    3.1163486710283905e-05,
    2.9440558137139305e-05,
    2.716524977586232e-05,
    2.6239531507599168e-05,
    2.4911556465667672e-05,
    2.3621532818651758e-05,
    2.281229171785526e-05,
    2.1763578843092546e-05,
    2.063700776488986e-05,
    2.0134413716732524e-05,
    1.886742393253371e-05,
    1.7828386262408458e-05,
    1.714722384349443e-05,
    1.634210639167577e-05,
    1.5922414604574442e-05,
    1.55062043631915e-05,
    1.4925286450306885e-05,
    1.4417548300116323e-05,
    1.4023927178641316e-05,
    1.3582384781329893e-05,
    1.3164320989744738e-05,
    1.2637868167075794e-05,
    1.2347347364993766e-05,
    1.162713215308031e-05,
    1.1352372894180007e-05,
    1.092327875085175e-05,
    1.0657047823769972e-05
  ],
  "mean_lid_diff": [
    0.07508373260498047,
    0.022452354431152344,
    -0.0050506591796875,
    -0.0038166046142578125,
    -0.003742218017578125,
    -0.005282402038574219,
    -0.0025548934936523438,
    -0.0015869140625,
    -0.0019578933715820312,
    -0.0010309219360351562,
    -0.00315093994140625,
    -0.004302978515625,
    -0.0033969879150390625,
    -0.004254341125488281,
    -0.0021066665649414062,
    -0.0028486251831054688,
    -0.004164695739746094,
    -0.0030775070190429688,
    -0.0027561187744140625,
    -0.0024042129516601562,
    -0.0036134719848632812,
    -0.0023775100708007812,
    -0.0024023056030273438,
    -0.0026273727416992188,
    -0.001758575439453125,
    -0.0019741058349609375,
    -0.0026035308837890625,
    -0.0025014877319335938,
    -0.0017042160034179688,
    -0.0010166168212890625,
    -0.00156402587890625,
    -0.0011053085327148438,
    -0.00140380859375,
    -0.001209259033203125,
    -0.0016078948974609375,
    -0.0010223388671875,
    -0.0007658004760742188,
    -0.0014829635620117188,
    -0.0010423660278320312,
    -0.0013608932495117188,
    -0.0012340545654296875,
    -0.0006723403930664062,
    -0.0013113021850585938,
    -0.0005435943603515625,
    -0.0013589859008789062,
    -0.0011301040649414062,
    -0.0008249282836914062,
    -0.0005855560302734375,
    -0.001186370849609375,
    -0.0010271072387695312
  ],