{
  "k": [
    10,
    20,
    30,
    40,
    50,
    60,
    70,
    80,
    90,
    100,
    110,
    120,
    130,
    140,
    150,
    160,
    170,
    180,
    190,
    200,
    210,
    220,
    230,
    240,
    250,
    260,
    270,
    280,
    290,
    300,
    310,
    320,
    330,
    340,
    350,
    360,
    370,
    380,
    390,
    400,
    410,
    420,
    430,
    440,
    450,
    460,
    470,
    480,
    490,
    500
  ],
  "mean_overlap": [
    0.9959800000000001,
    0.9945350000000001,
    0.9925966666666667,
    0.9897775,
    0.9862059999999999,
    0.9808549999999999,
    0.9737685714285715,
    0.9647550000000001,
    0.9542022222222222,
    0.9424890000000001,
    0.9301072727272727,
    0.9171099999999999,
    0.903843076923077,
    0.890515,
    0.8769779999999999,
    0.8635750000000002,
    0.8501735294117648,
    0.8371016666666666,
    0.8240226315789474,
    0.8112305000000001,
    0.7988357142857143,
    0.7867713636363637,
    0.7749752173913044,
    0.76340875,
    0.752192,
    0.7411819230769232,
    0.7304814814814816,
    0.72011,
    0.7101103448275863,
    0.7003739999999999,
    0.6908216129032259,
    0.6815378125,
    0.6725118181818183,
    0.6637032352941176,
    0.6552111428571429,
    0.6469636111111111,
    0.6389797297297297,
    0.6311010526315789,
    0.6235053846153846,
    0.61603775,
    0.6087434146341464,
    0.6016549999999999,
    0.5947518604651163,
    0.5879793181818183,
    0.5814204444444444,
    0.5749543478260869,
    0.5686429787234043,
    0.5624745833333333,
    0.5564732653061225,
    0.5505776
  ],
  "mean_exact_dist": [
    75.69612884521484,
    82.34547424316406,
    86.8810806274414,
    90.33885955810547,
    93.14575958251953,
    95.51370239257812,
    97.55909729003906,
    99.3550796508789,
    100.95387268066406,
    102.3952407836914,
    103.70793914794922,
    104.91339874267578,
    106.02783966064453,
    107.06401062011719,
    108.03276062011719,
    108.9428482055664,
    109.80127716064453,
    110.62478637695312,
    111.3944320678711,
    112.13082885742188,
    112.81997680664062,
    113.49139404296875,
    114.14171600341797,
    114.80506896972656,
    115.4402084350586,
    116.04791259765625,
    116.58785247802734,
    117.10955810546875,
    117.6441879272461,
    118.20071411132812,
    118.77201843261719,
    119.25970458984375,
    119.73043060302734,
    120.10570526123047,
    120.57111358642578,
    121.01480102539062,
    121.4211654663086,
    121.917236328125,
    122.46751403808594,
    123.1246109008789,
    123.78959655761719,
    124.49061584472656,
    125.23204803466797,
    126.13624572753906,
    127.0489730834961,
    127.83167266845703,
    128.68807983398438,
    129.28460693359375,
    129.90431213378906,
    130.3443145751953
  ],
  "mean_ann_dist": [
    75.72607421875,
    82.38043975830078,
    86.92469024658203,
    90.39418029785156,
    93.2155990600586,
    95.60282135009766,
    97.67475128173828,
    99.50727844238281,
    101.15338897705078,
    102.65457916259766,
    104.03878784179688,
    105.32777404785156,
    106.53919982910156,
    107.68761444091797,
    108.78451538085938,
    109.83883666992188,
    110.85994720458984,
    3.7903909647048266e+32,
    1.7965289532275326e+32,
    113.64429473876953,
    1.6296813290139604e+32,
    115.38541412353516,
    2.9801359976168086e+32,
    4.293025182299411e+32,
    6.898081209119503e+32,
    7.99253935557656e+32,
    1.2887871691161749e+32,
    7.489486946362455e+32,
    8.490502283804153e+32,
    9.462143625251184e+32,
    8.075454258270321e+32,
    1.2388483004179535e+33,
    7.724034803330708e+32,
    8.65302446814921e+32,
    9.581819157411524e+32,
    1.7882136712980264e+33,
    2.1894707353092097e+33,
    2.391273376070811e+33,
    3.538363471753116e+33,
    3.350060102892407e+33,
    3.802780655474257e+33,
    3.205312106888905e+33,
    3.1636715177874625e+33,
    3.785566789742984e+33,
    2.9730467018680836e+33,
    4.440802881806559e+33,
    2.404932806464286e+33,
    3.4623762362617006e+33,
    3.9675758524739465e+33,
    4.637804326868297e+33
  ],
  "mean_barycenter_shift": [
    0.00020581916032824665,
    0.00027867263997904956,
    0.00037162212538532913,
    0.0005082648131065071,
    0.0006717262440361083,
    0.0009083837503567338,
    0.001244810177013278,
    0.0016244270373135805,
    0.0019929958507418633,
    0.00233383453451097,
    0.002618162427097559,
    0.0028877933509647846,
    0.003137163585051894,
    0.003373321145772934,
    0.0036002574488520622,
    0.0038215438835322857,
    0.004051594063639641,
    0.004276937805116177,
    0.004509737715125084,
    0.004748121835291386,
    0.004991835914552212,
    0.005235395859926939,
    0.005478173028677702,
    0.0057215504348278046,
    0.005968544166535139,
    0.006213940214365721,
    0.006459204014390707,
    0.006706381216645241,
    0.006957859266549349,
    0.007209788542240858,
    0.007464032154530287,
    0.007719045039266348,
    0.007973363623023033,
    0.00822636391967535,
    0.00848228670656681,
    0.008741703815758228,
    0.00899866595864296,
    0.009267128072679043,
    0.009541920386254787,
    0.009827841073274612,
    0.010130535811185837,
    0.010449331253767014,
    0.010786473751068115,
    0.011143110692501068,
    0.01152148935943842,
    0.011917654424905777,
    0.012330994009971619,
    0.012761328369379044,
    0.013206775300204754,
    0.013666801154613495
  ],
  "mean_lid_diff": [
    0.042819976806640625,
    0.0032367706298828125,
    -0.021941184997558594,
    -0.061600685119628906,
    -0.0872182846069336,
    -0.12314319610595703,
    -0.1734619140625,
    -0.2355670928955078,
    -0.2997875213623047,
    -0.37769508361816406,
    -0.45829296112060547,
    -0.5499095916748047,
    -0.649104118347168,
    -0.7501258850097656,
    -0.8594608306884766,
    -0.968940258026123,
    -1.0845685005187988,
    -1.20204496383667,
    -1.3241095542907715,
    -1.4485235214233398,
    -1.572822093963623,
    -1.6988115310668945,
    -1.8249993324279785,
    -1.9574456214904785,
    -2.0934219360351562,
    -2.2392454147338867,
    -2.3837332725524902,
    -2.532538890838623,
    -2.684901714324951,
    -2.843151569366455,
    -3.003711223602295,
    -3.1683478355407715,
    -3.3374013900756836,
    -3.509891986846924,
    -3.692457675933838,
    -3.8838882446289062,
    -4.081506252288818,
    -4.283616542816162,
    -4.491983413696289,
    -4.704387664794922,
    -4.91956090927124,
    -5.137241363525391,
    -5.361507892608643,
    -5.5799689292907715,
    -5.79317307472229,
    -6.006272792816162,
    -6.210952281951904,
    -6.418506860733032,
    -6.6259565353393555,
    -6.8252856731414795
  ],
  "mean_lid_exact": [
    11.124796867370605,
    9.626130104064941,
    9.115925788879395,
    8.861918449401855,
    8.733222961425781,
    8.665934562683105,
    8.648362159729004,
    8.643661499023438,
    8.655089378356934,
    8.674294471740723,
    8.7006196975708,
    8.731932640075684,
    8.768892288208008,
    8.798320770263672,
    8.83162784576416,
    8.864445686340332,
    8.895475387573242,
    8.926457405090332,
    8.960068702697754,
    8.990849494934082,
    9.022812843322754,
    9.05300521850586,
    9.08296012878418,
    9.112180709838867,
    9.138404846191406,
    9.168631553649902,
    9.195655822753906,
    9.221932411193848,
    9.24867057800293,
    9.274788856506348,
    9.300225257873535,
    9.323192596435547,
    9.345857620239258,
    9.366439819335938,
    9.388978958129883,
    9.409563064575195,
    9.431259155273438,
    9.449609756469727,
    9.46894645690918,
    9.48786449432373,
    9.504781723022461,
    9.521956443786621,
    9.538912773132324,
    9.554821968078613,
    9.569385528564453,
    9.585665702819824,
    9.600347518920898,
    9.614912986755371,
    9.628747940063477,
    9.642245292663574
  ],