{
  "k": [
    10,
    20,
    30,
    40,
    50,
    60,
    70,
    80,
    90,
    100,
    110,
    120,
    130,
    140,
    150,
    160,
    170,
    180,
    190,
    200,
    210,
    220,
    230,
    240,
    250,
    260,
    270,
    280,
    290,
    300,
    310,
    320,
    330,
    340,
    350,
    360,
    370,
    380,
    390,
    400,
    410,
    420,
    430,
    440,
    450,
    460,
    470,
    480,
    490,
    500
  ],
  "mean_overlap": [
    0.9963300000000002,
    0.9949399999999999,
    0.9927866666666667,
    0.9897725,
    0.9860300000000001,
    0.980915,
    0.9737242857142857,
    0.9649225,
    0.9547066666666667,
    0.9436370000000001,
    0.9314663636363637,
    0.9189558333333332,
    0.9061538461538463,
    0.8930892857142857,
    0.8800726666666667,
    0.8670518750000001,
    0.8540711764705884,
    0.841301111111111,
    0.8286747368421051,
    0.8163590000000001,
    0.8042680952380954,
    0.792439090909091,
    0.7808704347826086,
    0.7696012499999999,
    0.7585780000000001,
    0.7478219230769231,
    0.7375066666666666,
    0.7273714285714286,
    0.7174051724137931,
    0.7078383333333333,
    0.6984874193548388,
    0.6893453125,
    0.6804290909090909,
    0.6717788235294118,
    0.6633222857142859,
    0.6551352777777778,
    0.6471156756756756,
    0.6393102631578946,
    0.6317076923076924,
    0.62429425,
    0.6170187804878048,
    0.6099080952380953,
    0.6029862790697674,
    0.5962322727272727,
    0.5897008888888889,
    0.5832680434782608,
    0.5769027659574468,
    0.5707358333333333,
    0.564680612244898,
    0.5587762
  ],
  "mean_exact_dist": [
    75.47096252441406,
    82.0308837890625,
    86.59142303466797,
    90.08599090576172,
    92.91300964355469,
    95.28070068359375,
    97.31420135498047,
    99.09494018554688,
    100.67951202392578,
    102.10798645019531,
    103.408203125,
    104.60122680664062,
    105.70417785644531,
    106.7301254272461,
    107.6897964477539,
    108.59181213378906,
    109.39871978759766,
    110.17803192138672,
    110.91731262207031,
    111.63811492919922,
    112.3451919555664,
    113.03267669677734,
    113.6843032836914,
    114.35074615478516,
    114.9350814819336,
    115.4755859375,
    116.05662536621094,
    116.54881286621094,
    116.97370147705078,
    117.40840911865234,
    117.89595794677734,
    118.34494018554688,
    118.8544921875,
    119.32601928710938,
    119.78929138183594,
    120.30725860595703,
    120.85820770263672,
    121.51776123046875,
    121.98605346679688,
    122.45667266845703,
    122.96253204345703,
    123.48931121826172,
    124.15721130371094,
    124.7643051147461,
    125.51557922363281,
    126.38057708740234,
    127.1614761352539,
    127.84231567382812,
    128.6527099609375,
    129.20323181152344
  ],
  "mean_ann_dist": [
    75.50267791748047,
    82.06627655029297,
    86.63509368896484,
    90.14137268066406,
    92.9833984375,
    95.37092590332031,
    97.43163299560547,
    99.24817657470703,
    100.87905883789062,
    102.3643569946289,
    103.73231506347656,
    105.00532531738281,
    106.2004623413086,
    107.33097839355469,
    108.40830993652344,
    109.44141387939453,
    4.006927954670265e+32,
    111.30255889892578,
    1.795268382096904e+32,
    113.07779693603516,
    113.96437072753906,
    1.5534176460375223e+32,
    115.66069793701172,
    2.858554618080362e+32,
    6.87230884492663e+32,
    1.3244062824668413e+32,
    1.2784590740540432e+32,
    2.473126048839613e+32,
    7.193546547995941e+32,
    2.329344922692419e+32,
    1.0213134534095988e+33,
    1.7734122412183108e+33,
    1.1967445669993135e+33,
    1.608018035982112e+33,
    1.3727662553590198e+33,
    1.4588471897032533e+33,
    1.75492128559401e+33,
    1.9493718004622955e+33,
    3.1661108786348743e+33,
    2.659095204384997e+33,
    2.3584147336080592e+33,
    2.2737993655278347e+33,
    2.6131100647156825e+33,
    4.041812950234822e+33,
    3.14850056260602e+33,
    3.030818578136444e+33,
    3.444908902307384e+33,
    3.896470743012463e+33,
    2.812048576453892e+33,
    3.935367438016829e+33
  ],
  "mean_barycenter_shift": [
    0.0002057675301330164,
    0.0002690771652851254,
    0.0003743796260096133,
    0.0005290394183248281,
    0.0006977379089221358,
    0.0009352279594168067,
    0.0012633264996111393,
    0.0016189499292522669,
    0.001967150019481778,
    0.002280524931848049,
    0.0025651126634329557,
    0.0028085934463888407,
    0.0030449340119957924,
    0.0032780165784060955,
    0.0034994957968592644,
    0.003717114683240652,
    0.003929663449525833,
    0.004137987270951271,
    0.004353801719844341,
    0.004570838995277882,
    0.004792384337633848,
    0.005016582552343607,
    0.0052396333776414394,
    0.005458493251353502,
    0.005685607902705669,
    0.005913748871535063,
    0.006136847659945488,
    0.00635872408747673,
    0.006582401227205992,
    0.0067977989092469215,
    0.007013893220573664,
    0.0072290184907615185,
    0.007445622235536575,
    0.0076568895019590855,
    0.007868933491408825,
    0.008083331398665905,
    0.008302872069180012,
    0.0085262730717659,
    0.008755344897508621,
    0.008993412367999554,
    0.009241905063390732,
    0.00949776079505682,
    0.009764399379491806,
    0.01003752276301384,
    0.01032045017927885,
    0.010613620281219482,
    0.010920492932200432,
    0.011238960549235344,
    0.011569064110517502,
    0.011911973357200623
  ],
  "mean_lid_diff": [
    0.030343055725097656,
    -0.0022115707397460938,
    -0.03309345245361328,
    -0.059513092041015625,
    -0.07847213745117188,
    -0.1186380386352539,
    -0.1702556610107422,
    -0.2187366485595703,
    -0.2862539291381836,
    -0.3628721237182617,
    -0.4422121047973633,
    -0.5317840576171875,
    -0.6201772689819336,
    -0.7151403427124023,
    -0.8219442367553711,
    -0.9254341125488281,
    -1.0379142761230469,
    -1.151646614074707,
    -1.2700395584106445,
    -1.385378360748291,
    -1.505122184753418,
    -1.6327390670776367,
    -1.7618088722229004,
    -1.890620231628418,
    -2.0212526321411133,
    -2.154026508331299,
    -2.2901363372802734,
    -2.4317612648010254,
    -2.5823044776916504,
    -2.7331690788269043,
    -2.8913612365722656,
    -3.0575270652770996,
    -3.228579044342041,
    -3.404102325439453,
    -3.5807852745056152,
    -3.761892795562744,
    -3.948586940765381,
    -4.139022350311279,
    -4.337810516357422,
    -4.539405345916748,
    -4.739811897277832,
    -4.947635650634766,
    -5.160462379455566,
    -5.380209922790527,
    -5.600367069244385,
    -5.824114084243774,
    -6.030534267425537,
    -6.238711357116699,
    -6.443739175796509,
    -6.652592897415161
  ],
  "mean_lid_exact": [
    11.113395690917969,
    9.595657348632812,
    9.03540325164795,
    8.787346839904785,
    8.6644868850708,
    8.605956077575684,
    8.583338737487793,
    8.578909873962402,
    8.590932846069336,
    8.614339828491211,
    8.641937255859375,
    8.669146537780762,
    8.702982902526855,
    8.735636711120605,
    8.7714262008667,
    8.8040771484375,
    8.838804244995117,
    8.873269081115723,
    8.907807350158691,
    8.939550399780273,
    8.972356796264648,
    9.0046968460083,
    9.039222717285156,
    9.06828498840332,
    9.094979286193848,
    9.123551368713379,
    9.150249481201172,
    9.17654037475586,
    9.202851295471191,
    9.227692604064941,
    9.251763343811035,
    9.275958061218262,
    9.297104835510254,
    9.318540573120117,
    9.3385591506958,
    9.360579490661621,
    9.380472183227539,
    9.40024185180664,
    9.419011116027832,
    9.4362154006958,
    9.453031539916992,
    9.46866226196289,
    9.483881950378418,
    9.499428749084473,
    9.514997482299805,
    9.53073787689209,
    9.545132637023926,
    9.55838680267334,
    9.570035934448242,
    9.583001136779785
  ],