{
  "k": [
    10,
    20,
    30,
    40,
    50,
    60,
    70,
    80,
    90,
    100,
    110,
    120,
    130,
    140,
    150,
    160,
    170,
    180,
    190,
    200,
    210,
    220,
    230,
    240,
    250,
    260,
    270,
    280,
    290,
    300,
    310,
    320,
    330,
    340,
    350,
    360,
    370,
    380,
    390,
    400,
    410,
    420,
    430,
    440,
    450,
    460,
    470,
    480,
    490,
    500
  ],
  "mean_overlap": [
    0.99731,
    0.996475,
    0.99541,
    0.9935075000000001,
    0.990952,
    0.9867799999999999,
    0.9809128571428574,
    0.9733262500000001,
    0.964618888888889,
    0.954458,
    0.94355,
    0.9321491666666665,
    0.9203569230769232,
    0.9081092857142857,
    0.8957506666666666,
    0.8830899999999999,
    0.8704264705882353,
    0.8579,
    0.8453389473684211,
    0.8330215,
    0.82085,
    0.8087863636363636,
    0.796918695652174,
    0.7853341666666667,
    0.7740584,
    0.7628638461538462,
    0.751981111111111,
    0.7413457142857144,
    0.7310058620689655,
    0.7209296666666667,
    0.711118064516129,
    0.701375625,
    0.6919827272727272,
    0.6828382352941177,
    0.6739128571428571,
    0.6652452777777776,
    0.656742972972973,
    0.648403947368421,
    0.6402807692307693,
    0.63236775,
    0.6246524390243904,
    0.617074761904762,
    0.6097039534883721,
    0.6025513636363635,
    0.595506,
    0.588616304347826,
    0.5819012765957446,
    0.5752933333333333,
    0.5689155102040817,
    0.5626106
  ],
  "mean_exact_dist": [
    75.47096252441406,
    82.0308837890625,
    86.59142303466797,
    90.08599090576172,
    92.91300964355469,
    95.28070068359375,
    97.31420135498047,
    99.09494018554688,
    100.67951202392578,
    102.10798645019531,
    103.408203125,
    104.60122680664062,
    105.70417785644531,
    106.7301254272461,
    107.6897964477539,
    108.59181213378906,
    109.44214630126953,
    110.25005340576172,
    111.0196762084961,
    111.74149322509766,
    112.4301986694336,
    113.09589385986328,
    113.72914123535156,
    114.34769439697266,
    114.94164276123047,
    115.53559112548828,
    116.15109252929688,
    116.82685852050781,
    117.38327026367188,
    118.04867553710938,
    118.68305206298828,
    119.31542205810547,
    119.88756561279297,
    120.46587371826172,
    121.08348083496094,
    121.65593719482422,
    122.23532104492188,
    122.86753845214844,
    123.55988311767578,
    124.26408386230469,
    124.93929290771484,
    125.7115707397461,
    126.44361877441406,
    127.31578826904297,
    128.0567169189453,
    128.82460021972656,
    129.63197326660156,
    130.55282592773438,
    131.40939331054688,
    132.177978515625
  ],
  "mean_ann_dist": [
    75.49647521972656,
    82.05691528320312,
    86.62104034423828,
    90.12152862548828,
    92.95693969726562,
    95.33740234375,
    97.38967895507812,
    99.19723510742188,
    100.81797790527344,
    102.29322814941406,
    103.6512222290039,
    104.91371154785156,
    106.0981216430664,
    107.21873474121094,
    108.287109375,
    109.31210327148438,
    110.29063415527344,
    111.24592590332031,
    112.17153930664062,
    1.7032853751872463e+32,
    113.94676208496094,
    1.5495271293218713e+32,
    1.4845359542578478e+32,
    1.4239661594153845e+32,
    5.473527124899523e+32,
    5.277863738277748e+32,
    3.827611953123515e+32,
    4.948769758234122e+32,
    7.200904554104443e+32,
    3.508427296238107e+32,
    6.846979818010327e+32,
    8.928483148565747e+32,
    1.2027085752523282e+33,
    9.642943994276289e+32,
    1.2636003699046975e+33,
    1.2410005365475036e+33,
    1.3219666121344197e+33,
    1.104910615807511e+33,
    1.5920060552864803e+33,
    1.3802158690304294e+33,
    1.6644176557169246e+33,
    2.5361301560552653e+33,
    1.8453277371780115e+33,
    1.8462131737911104e+33,
    1.5595421609537556e+33,
    1.6577446946776616e+33,
    1.1735864226844019e+33,
    1.2803528708575793e+33,
    2.2785214878076888e+33,
    1.7920076480334263e+33
  ],
  "mean_barycenter_shift": [
    0.00017195405962411314,
    0.00022489695402327925,
    0.00029990915209054947,
    0.0004303175082895905,
    0.0006041182205080986,
    0.0008635919657535851,
    0.001193346455693245,
    0.0015302079264074564,
    0.001862805336713791,
    0.0022085916716605425,
    0.0025346099864691496,
    0.0028410693630576134,
    0.003134835744276643,
    0.003430004930123687,
    0.0037044850178062916,
    0.003971409518271685,
    0.004234043415635824,
    0.004486041609197855,
    0.004756348207592964,
    0.005028538405895233,
    0.00530388206243515,
    0.005576433148235083,
    0.005848131608217955,
    0.0061086686328053474,
    0.006372470408678055,
    0.0066320342011749744,
    0.006883209105581045,
    0.007125458680093288,
    0.007364869583398104,
    0.007601602002978325,
    0.007837764918804169,
    0.008070905692875385,
    0.008301054127514362,
    0.008529339917004108,
    0.008762895129621029,
    0.008994853124022484,
    0.009229438379406929,
    0.009465263225138187,
    0.009701372124254704,
    0.009940160438418388,
    0.01018247939646244,
    0.010424605570733547,
    0.01067181397229433,
    0.010922293178737164,
    0.01117192953824997,
    0.01142684742808342,
    0.011686546728014946,
    0.011950302869081497,
    0.012217206880450249,
    0.012488612905144691
  ],
  "mean_lid_diff": [
    0.033512115478515625,
    0.007168769836425781,
    -0.005522727966308594,
    -0.028865814208984375,
    -0.03917884826660156,
    -0.06756401062011719,
    -0.10008621215820312,
    -0.14081096649169922,
    -0.1918478012084961,
    -0.25554943084716797,
    -0.31862735748291016,
    -0.3947010040283203,
    -0.4760761260986328,
    -0.5649166107177734,
    -0.6613492965698242,
    -0.7617683410644531,
    -0.8653488159179688,
    -0.9788799285888672,
    -1.0978450775146484,
    -1.2174372673034668,
    -1.3454489707946777,
    -1.4752063751220703,
    -1.6123204231262207,
    -1.7473373413085938,
    -1.8855767250061035,
    -2.0300183296203613,
    -2.179251194000244,
    -2.3317174911499023,
    -2.4839224815368652,
    -2.641672134399414,
    -2.7995996475219727,
    -2.9629874229431152,
    -3.122793197631836,
    -3.2828621864318848,
    -3.4413886070251465,
    -3.601841926574707,
    -3.7611145973205566,
    -3.92287540435791,
    -4.085474491119385,
    -4.244051456451416,
    -4.403848171234131,
    -4.564042568206787,
    -4.719575881958008,
    -4.878389835357666,
    -5.037364959716797,
    -5.191355228424072,
    -5.342722415924072,
    -5.49137020111084,
    -5.636580467224121,
    -5.777015924453735
  ],
  "mean_lid_exact": [
    11.113395690917969,
    9.595657348632812,
    9.03540325164795,
    8.787346839904785,
    8.6644868850708,
    8.605956077575684,
    8.583338737487793,
    8.578909873962402,
    8.590932846069336,
    8.614339828491211,
    8.641937255859375,
    8.669146537780762,
    8.702982902526855,
    8.735636711120605,
    8.7714262008667,
    8.8040771484375,
    8.838804244995117,
    8.873269081115723,
    8.907807350158691,
    8.939550399780273,
    8.972356796264648,
    9.0046968460083,
    9.039222717285156,
    9.06828498840332,
    9.094979286193848,
    9.123551368713379,
    9.150249481201172,
    9.17654037475586,
    9.202851295471191,
    9.227692604064941,
    9.251763343811035,
    9.275958061218262,
    9.297104835510254,
    9.318540573120117,
    9.3385591506958,
    9.360579490661621,
    9.380472183227539,
    9.40024185180664,
    9.419011116027832,
    9.4362154006958,
    9.453031539916992,
    9.46866226196289,
    9.483881950378418,
    9.499428749084473,
    9.514997482299805,
    9.53073787689209,
    9.545132637023926,
    9.55838680267334,
    9.570035934448242,
    9.583001136779785
  ],