{
  "k": [
    10,
    20,
    30,
    40,
    50,
    60,
    70,
    80,
    90,
    100,
    110,
    120,
    130,
    140,
    150,
    160,
    170,
    180,
    190,
    200,
    210,
    220,
    230,
    240,
    250,
    260,
    270,
    280,
    290,
    300,
    310,
    320,
    330,
    340,
    350,
    360,
    370,
    380,
    390,
    400,
    410,
    420,
    430,
    440,
    450,
    460,
    470,
    480,
    490,
    500
  ],
  "mean_overlap": [
    0.9953799999999999,
    0.99403,
    0.9920100000000001,
    0.9894524999999997,
    0.9859100000000001,
    0.9809183333333332,
    0.9738057142857144,
    0.9648825000000001,
    0.954518888888889,
    0.9431630000000001,
    0.9308981818181817,
    0.9179375,
    0.9047623076923079,
    0.891372142857143,
    0.8779,
    0.864440625,
    0.8513541176470589,
    0.8383427777777777,
    0.8255747368421053,
    0.813136,
    0.8007652380952383,
    0.7888540909090909,
    0.777266956521739,
    0.7659379166666666,
    0.7548219999999999,
    0.7440549999999999,
    0.7336211111111111,
    0.7234778571428572,
    0.7134775862068966,
    0.7039256666666667,
    0.69452,
    0.6854053125,
    0.6764642424242424,
    0.667810294117647,
    0.6594240000000001,
    0.6512594444444445,
    0.6432724324324325,
    0.6354689473684211,
    0.6278774358974357,
    0.6204532500000001,
    0.6131868292682926,
    0.6060669047619047,
    0.5990846511627907,
    0.5922684090909092,
    0.5856082222222222,
    0.5791471739130435,
    0.5727934042553192,
    0.5665610416666667,
    0.5604846938775511,
    0.5545458000000001
  ],
  "mean_exact_dist": [
    75.89010620117188,
    82.56514739990234,
    87.1490478515625,
    90.63002014160156,
    93.45024108886719,
    95.82070922851562,
    97.86407470703125,
    99.65943908691406,
    101.2561264038086,
    102.69176483154297,
    103.99600982666016,
    105.19202423095703,
    106.2964096069336,
    107.3230972290039,
    108.28295135498047,
    109.18447875976562,
    110.0301742553711,
    110.84685516357422,
    111.72335815429688,
    112.41393280029297,
    113.10728454589844,
    113.76681518554688,
    114.39283752441406,
    115.00071716308594,
    115.58137512207031,
    116.15055847167969,
    116.71074676513672,
    117.19380187988281,
    117.64960479736328,
    118.09526062011719,
    118.54678344726562,
    118.97601318359375,
    119.31985473632812,
    119.73198699951172,
    120.22329711914062,
    120.73863983154297,
    121.22042083740234,
    121.8097152709961,
    122.4418716430664,
    123.07681274414062,
    123.66178131103516,
    124.2586669921875,
    124.9763412475586,
    125.63587188720703,
    126.38461303710938,
    127.14268493652344,
    127.93167877197266,
    128.97274780273438,
    129.662841796875,
    130.45236206054688
  ],
  "mean_ann_dist": [
    75.93399047851562,
    82.61018371582031,
    87.20055389404297,
    90.6917724609375,
    93.52526092529297,
    95.91441345214844,
    97.98480987548828,
    99.81663513183594,
    101.46007537841797,
    102.95346069335938,
    104.32733154296875,
    105.60459899902344,
    106.8031234741211,
    107.93792724609375,
    109.020751953125,
    110.0597152709961,
    111.05154418945312,
    7.57470673866686e+32,
    1.8030401309779114e+32,
    113.89564514160156,
    114.77003479003906,
    1.559526106418871e+32,
    1.4932261966195656e+32,
    117.24994659423828,
    1.3776613023881115e+32,
    118.79991149902344,
    3.845128417823141e+32,
    3.718770330588233e+32,
    1.3219235937180545e+33,
    8.181268730553288e+32,
    1.0276879935281415e+33,
    1.115709089398945e+33,
    9.843474032677505e+32,
    1.3994616585936845e+33,
    1.3777040886907194e+33,
    1.3636636822501544e+33,
    3.526865484668233e+33,
    2.1790358292330634e+33,
    2.07224524122912e+33,
    2.178371364916977e+33,
    2.819076362056915e+33,
    3.3740597369490227e+33,
    2.7875912140677506e+33,
    4.5851915657136584e+33,
    3.247342647102722e+33,
    4.034130294351017e+33,
    3.5671130817404697e+33,
    5.299657208441852e+33,
    4.5119513191694174e+33,
    2.4276980595592294e+33
  ],
  "mean_barycenter_shift": [
    0.00023972771305125207,
    0.0002974338422063738,
    0.0004009821859654039,
    0.0005240539321675897,
    0.000686605169903487,
    0.0009315168135799468,
    0.001275193877518177,
    0.001653802813962102,
    0.0020089400932192802,
    0.002325698034837842,
    0.0026108799502253532,
    0.002865853486582637,
    0.0031144293025135994,
    0.0033566562924534082,
    0.0035882308147847652,
    0.003816404612734914,
    0.004039682447910309,
    0.0042705656960606575,
    0.004509816877543926,
    0.004752814304083586,
    0.005009690299630165,
    0.005253847688436508,
    0.005498555023223162,
    0.0057314359582960606,
    0.00596872391179204,
    0.006198027636855841,
    0.006430783774703741,
    0.006659474223852158,
    0.0068840463645756245,
    0.007110347971320152,
    0.007334214635193348,
    0.007559346035122871,
    0.007781504187732935,
    0.008009440265595913,
    0.008237665519118309,
    0.008474966511130333,
    0.008722318336367607,
    0.008982951752841473,
    0.009253847412765026,
    0.009541520848870277,
    0.009844849817454815,
    0.010167463682591915,
    0.010508205741643906,
    0.010864411480724812,
    0.01124031562358141,
    0.011637267656624317,
    0.012055470608174801,
    0.012495581991970539,
    0.012957751750946045,
    0.013439463451504707
  ],
  "mean_lid_diff": [
    0.07158088684082031,
    0.02611827850341797,
    -0.003231048583984375,
    -0.028228759765625,
    -0.06103992462158203,
    -0.10070037841796875,
    -0.1542186737060547,
    -0.21376991271972656,
    -0.27934932708740234,
    -0.35245609283447266,
    -0.44251155853271484,
    -0.5297422409057617,
    -0.6258468627929688,
    -0.7331275939941406,
    -0.8393878936767578,
    -0.9508490562438965,
    -1.0643234252929688,
    -1.1826362609863281,
    -1.3079404830932617,
    -1.4350285530090332,
    -1.5564117431640625,
    -1.6819186210632324,
    -1.807607650756836,
    -1.9379315376281738,
    -2.0687785148620605,
    -2.2037582397460938,
    -2.342207431793213,
    -2.4822311401367188,
    -2.635776996612549,
    -2.791378974914551,
    -2.953573703765869,
    -3.118654251098633,
    -3.289386749267578,
    -3.466810703277588,
    -3.648995876312256,
    -3.838912010192871,
    -4.030316352844238,
    -4.230978965759277,
    -4.432161808013916,
    -4.640926361083984,
    -4.854313850402832,
    -5.073358535766602,
    -5.2931623458862305,
    -5.5196213722229,
    -5.743609189987183,
    -5.967298984527588,
    -6.184830188751221,
    -6.406501531600952,
    -6.624504804611206,
    -6.830218315124512
  ],
  "mean_lid_exact": [
    11.061834335327148,
    9.550772666931152,
    9.0415620803833,
    8.81636905670166,
    8.708287239074707,
    8.652386665344238,
    8.63994026184082,
    8.640348434448242,
    8.661006927490234,
    8.687592506408691,
    8.711564064025879,
    8.737932205200195,
    8.767627716064453,
    8.803351402282715,
    8.84007453918457,
    8.87357234954834,
    8.906007766723633,
    8.940397262573242,
    8.974642753601074,
    9.008699417114258,
    9.041085243225098,
    9.072198867797852,
    9.10181999206543,
    9.132325172424316,
    9.160469055175781,
    9.188543319702148,
    9.216824531555176,
    9.242679595947266,
    9.270220756530762,
    9.29708194732666,
    9.319391250610352,
    9.341930389404297,
    9.36507511138916,
    9.386877059936523,
    9.409955978393555,
    9.432276725769043,
    9.452231407165527,
    9.470431327819824,
    9.49049186706543,
    9.509919166564941,
    9.528460502624512,
    9.547853469848633,
    9.564826965332031,
    9.581415176391602,
    9.597633361816406,
    9.612220764160156,
    9.62761116027832,
    9.642087936401367,
    9.656451225280762,
    9.66994571685791
  ],