{
  "k": [
    10,
    20,
    30,
    40,
    50,
    60,
    70,
    80,
    90,
    100,
    110,
    120,
    130,
    140,
    150,
    160,
    170,
    180,
    190,
    200,
    210,
    220,
    230,
    240,
    250,
    260,
    270,
    280,
    290,
    300,
    310,
    320,
    330,
    340,
    350,
    360,
    370,
    380,
    390,
    400,
    410,
    420,
    430,
    440,
    450,
    460,
    470,
    480,
    490,
    500
  ],
  "mean_overlap": [
    0.9947800000000001,
    0.99298,
    0.9903700000000001,
    0.987135,
    0.9828279999999999,
    0.9768916666666666,
    0.9691485714285715,
    0.95925375,
    0.947898888888889,
    0.9354630000000002,
    0.9223081818181817,
    0.9086883333333333,
    0.8947738461538464,
    0.8809349999999998,
    0.8668553333333333,
    0.85291625,
    0.8391182352941178,
    0.8256066666666666,
    0.8121494736842104,
    0.799105,
    0.7862914285714286,
    0.7739013636363636,
    0.7617634782608695,
    0.7499399999999999,
    0.7383808,
    0.7271488461538461,
    0.7162681481481481,
    0.7056682142857142,
    0.6954041379310345,
    0.6854666666666667,
    0.6757212903225805,
    0.6662346875,
    0.6570115151515151,
    0.6480482352941177,
    0.6393371428571428,
    0.6308908333333334,
    0.6227267567567567,
    0.6146842105263158,
    0.6068374358974358,
    0.5992332499999999,
    0.5917770731707316,
    0.5845433333333333,
    0.5775165116279071,
    0.5705918181818181,
    0.5638955555555556,
    0.5573289130434783,
    0.5508776595744681,
    0.5445822916666666,
    0.5384342857142856,
    0.532433
  ],
  "mean_exact_dist": [
    75.69612884521484,
    82.34547424316406,
    86.8810806274414,
    90.33885955810547,
    93.14575958251953,
    95.51370239257812,
    97.55909729003906,
    99.3550796508789,
    100.95387268066406,
    102.3952407836914,
    103.70793914794922,
    104.91339874267578,
    106.02783966064453,
    107.06401062011719,
    108.03446960449219,
    108.95674133300781,
    109.83450317382812,
    110.64209747314453,
    111.41119384765625,
    112.14105224609375,
    112.82933807373047,
    113.56074523925781,
    114.28919219970703,
    114.94454956054688,
    115.57266998291016,
    116.11811065673828,
    116.70309448242188,
    117.21577453613281,
    117.74502563476562,
    118.30523681640625,
    118.84614562988281,
    119.39759826660156,
    119.95902252197266,
    120.54828643798828,
    121.09857177734375,
    121.65229034423828,
    122.28298950195312,
    122.97784423828125,
    123.48381042480469,
    124.40177917480469,
    125.28437042236328,
    126.33456420898438,
    127.21971893310547,
    128.1813201904297,
    129.01734924316406,
    130.08334350585938,
    131.0011749267578,
    131.8972625732422,
    132.66053771972656,
    133.29803466796875
  ],
  "mean_ann_dist": [
    75.737060546875,
    82.3931655883789,
    86.94068908691406,
    90.4131851196289,
    93.2383041381836,
    95.6295394897461,
    97.70633697509766,
    99.5447769165039,
    101.1979751586914,
    102.70735931396484,
    104.10159301757812,
    105.40283966064453,
    106.6281509399414,
    107.793701171875,
    4.537551609696829e+32,
    109.95169830322266,
    4.021821920767917e+32,
    111.95294189453125,
    112.91117858886719,
    8.555826832252194e+32,
    1.632801324769222e+32,
    3.1228306379513985e+32,
    7.487289602792723e+32,
    1.441923156683678e+33,
    8.369313369945787e+32,
    4.051527065723094e+32,
    1.3085920626924853e+33,
    1.655540542437714e+33,
    1.1183401762099411e+33,
    1.090182688417628e+33,
    5.9430700446752224e+32,
    1.6379528188145768e+33,
    2.7800277099127267e+33,
    2.0656974668763297e+33,
    2.1648269082046507e+33,
    2.9663181882695577e+33,
    3.772468455672315e+33,
    3.1081059601541185e+33,
    3.954891299861409e+33,
    4.030095847762986e+33,
    3.041026631700391e+33,
    3.864606475886267e+33,
    4.987527030241564e+33,
    5.314337320397718e+33,
    4.4277868707485027e+33,
    4.7678824239212573e+33,
    4.4109546000343393e+33,
    4.79432977492055e+33,
    5.547560891008946e+33,
    7.296849394681703e+33
  ],
  "mean_barycenter_shift": [
    0.0002727170067373663,
    0.0003587568353395909,
    0.0004829125537071377,
    0.0006335611105896533,
    0.0008225294295698404,
    0.0010746741900220513,
    0.0014208630891516805,
    0.0018110382370650768,
    0.002188766375184059,
    0.0025318560656160116,
    0.002829945646226406,
    0.0031096222810447216,
    0.0033665550872683525,
    0.003619482507929206,
    0.0038688969798386097,
    0.004099222831428051,
    0.004343608394265175,
    0.004588809795677662,
    0.004844718147069216,
    0.005101293791085482,
    0.005363538395613432,
    0.005624673329293728,
    0.005888503976166248,
    0.0061579979956150055,
    0.006428549997508526,
    0.006703956052660942,
    0.006984359584748745,
    0.007267209701240063,
    0.007559541147202253,
    0.00785517692565918,
    0.008155051618814468,
    0.008456510491669178,
    0.008763180114328861,
    0.009073246270418167,
    0.009397274814546108,
    0.009732687845826149,
    0.010075071826577187,
    0.01043932605534792,
    0.01081826351583004,
    0.011214670725166798,
    0.01162868831306696,
    0.0120628597214818,
    0.012514428235590458,
    0.012984356842935085,
    0.013478021137416363,
    0.013990087434649467,
    0.014517288655042648,
    0.01505797728896141,
    0.015612528659403324,
    0.016178395599126816
  ],
  "mean_lid_diff": [
    0.05909252166748047,
    0.0030803680419921875,
    -0.031830787658691406,
    -0.0674448013305664,
    -0.10255718231201172,
    -0.14082813262939453,
    -0.19473743438720703,
    -0.2584505081176758,
    -0.3304176330566406,
    -0.41211414337158203,
    -0.5025959014892578,
    -0.6006813049316406,
    -0.7101974487304688,
    -0.8212480545043945,
    -0.9372482299804688,
    -1.0586938858032227,
    -1.1835761070251465,
    -1.307901382446289,
    -1.4418201446533203,
    -1.5763301849365234,
    -1.717573642730713,
    -1.8553886413574219,
    -2.0015835762023926,
    -2.158419609069824,
    -2.3168416023254395,
    -2.481869697570801,
    -2.649092674255371,
    -2.8229503631591797,
    -3.0002551078796387,
    -3.177255630493164,
    -3.367497444152832,
    -3.564037799835205,
    -3.772223472595215,
    -3.9741716384887695,
    -4.187809467315674,
    -4.411428451538086,
    -4.636529445648193,
    -4.861110687255859,
    -5.094865798950195,
    -5.330060005187988,
    -5.568038702011108,
    -5.800408124923706,
    -6.027968645095825,
    -6.263461351394653,
    -6.490653991699219,
    -6.713158369064331,
    -6.93427586555481,
    -7.141540050506592,
    -7.341745853424072,
    -7.537879943847656
  ],
  "mean_lid_exact": [
    11.124796867370605,
    9.626130104064941,
    9.115925788879395,
    8.861918449401855,
    8.733222961425781,
    8.665934562683105,
    8.648362159729004,
    8.643661499023438,
    8.655089378356934,
    8.674294471740723,
    8.7006196975708,
    8.731932640075684,
    8.768892288208008,
    8.798320770263672,
    8.83162784576416,
    8.864445686340332,
    8.895475387573242,
    8.926457405090332,
    8.960068702697754,
    8.990849494934082,
    9.022812843322754,
    9.05300521850586,
    9.08296012878418,
    9.112180709838867,
    9.138404846191406,
    9.168631553649902,
    9.195655822753906,
    9.221932411193848,
    9.24867057800293,
    9.274788856506348,
    9.300225257873535,
    9.323192596435547,
    9.345857620239258,
    9.366439819335938,
    9.388978958129883,
    9.409563064575195,
    9.431259155273438,
    9.449609756469727,
    9.46894645690918,
    9.48786449432373,
    9.504781723022461,
    9.521956443786621,
    9.538912773132324,
    9.554821968078613,
    9.569385528564453,
    9.585665702819824,
    9.600347518920898,
    9.614912986755371,
    9.628747940063477,
    9.642245292663574
  ],