{
  "alpha": 2.0,
  "k": [
    10,
    20,
    30,
    40,
    50,
    60,
    70,
    80,
    90,
    100,
    110,
    120,
    130,
    140,
    150,
    160,
    170,
    180,
    190,
    200,
    210,
    220,
    230,
    240,
    250,
    260,
    270,
    280,
    290,
    300,
    310,
    320,
    330,
    340,
    350,
    360,
    370,
    380,
    390,
    400,
    410,
    420,
    430,
    440,
    450,
    460,
    470,
    480,
    490,
    500
  ],
  "mean_overlap": [
    0.9879100000000001,
    0.99345,
    0.9951933333333335,
    0.99631,
    0.996884,
    0.9973299999999999,
    0.9977071428571428,
    0.9979737499999999,
    0.9982488888888889,
    0.9984209999999999,
    0.9985472727272728,
    0.9986866666666667,
    0.998766153846154,
    0.9988564285714286,
    0.9989180000000001,
    0.9990174999999999,
    0.9990964705882354,
    0.9991583333333334,
    0.9992226315789474,
    0.9992805,
    0.9993357142857143,
    0.9993613636363636,
    0.999393043478261,
    0.9994137500000001,
    0.9994460000000001,
    0.999473076923077,
    0.9994903703703705,
    0.9995121428571428,
    0.9995372413793102,
    0.9995536666666667,
    0.9995625806451613,
    0.9995796875,
    0.9996,
    0.9996149999999999,
    0.9996277142857143,
    0.9996441666666666,
    0.9996602702702703,
    0.9996736842105264,
    0.9996835897435896,
    0.9996955,
    0.9997012195121951,
    0.99971,
    0.9997195348837211,
    0.9997254545454545,
    0.9997328888888889,
    0.9997452173913043,
    0.999754255319149,
    0.9997679166666666,
    0.9997787755102041,
    0.9997885999999998
  ],
  "mean_exact_dist": [
    75.9557113647461,
    82.60398864746094,
    87.15373229980469,
    90.62386322021484,
    93.44083404541016,
    95.81050872802734,
    97.85332489013672,
    99.64713287353516,
    101.24351501464844,
    102.68009185791016,
    103.98558807373047,
    105.18211364746094,
    106.28713989257812,
    107.31396484375,
    108.27308654785156,
    109.17352294921875,
    110.02257537841797,
    110.826171875,
    111.58940124511719,
    112.3165512084961,
    113.01083374023438,
    113.67537689208984,
    114.31266021728516,
    114.92487335205078,
    115.5140151977539,
    116.08186340332031,
    116.62979125976562,
    117.15926361083984,
    117.67154693603516,
    118.16777801513672,
    118.64891052246094,
    119.11585998535156,
    119.56941223144531,
    120.01029968261719,
    120.43914031982422,
    120.85665130615234,
    121.26329803466797,
    121.65958404541016,
    122.04607391357422,
    122.42313385009766,
    122.79119873046875,
    123.15068817138672,
    123.50201416015625,
    123.84548950195312,
    124.18146514892578,
    124.51020050048828,
    124.83207702636719,
    125.14732360839844,
    125.45621490478516,
    125.75900268554688
  ],
  "mean_ann_dist": [
    76.05004119873047,
    82.64376068115234,
    87.1823959350586,
    90.64544677734375,
    93.45875549316406,
    95.8259048461914,
    97.8664779663086,
    99.65884399414062,
    101.2540054321289,
    102.689453125,
    103.99420166015625,
    105.18994903564453,
    106.29446411132812,
    107.3207778930664,
    108.2795639038086,
    109.17951202392578,
    110.02792358398438,
    110.8311767578125,
    111.59407806396484,
    112.32093811035156,
    113.01487731933594,
    113.6792984008789,
    114.31641387939453,
    114.92845153808594,
    115.51742553710938,
    116.08507537841797,
    116.63288879394531,
    117.16221618652344,
    117.67434692382812,
    118.17048645019531,
    118.65156555175781,
    119.11842346191406,
    119.5718765258789,
    120.0126724243164,
    120.44147491455078,
    120.85888671875,
    121.26544952392578,
    121.66171264648438,
    122.04812622070312,
    122.42512512207031,
    122.79315185546875,
    123.15257263183594,
    123.50382232666016,
    123.84727478027344,
    124.18317413330078,
    124.5118637084961,
    124.83368682861328,
    125.14887237548828,
    125.45768737792969,
    125.7603988647461
  ],
  "mean_barycenter_shift": [
    0.0006785056320950389,
    0.0003411168581806123,
    0.0002455491339787841,
    0.00018863964942283928,
    0.00015491359226871282,
    0.00013397331349551678,
    0.00011332385474815965,
    9.779603715287521e-05,
    8.358235936611891e-05,
    7.588901644339785e-05,
    6.977837620070204e-05,
    6.311787001322955e-05,
    5.915138899581507e-05,
    5.3490315622184426e-05,
    5.120273999636993e-05,
    4.622622509486973e-05,
    4.256242391420528e-05,
    3.9478312828578055e-05,
    3.6554556572809815e-05,
    3.3852847991511226e-05,
    3.175298115820624e-05,
    3.036313137272373e-05,
    2.889214374590665e-05,
    2.8124126401962712e-05,
    2.6328765670768917e-05,
    2.506520104361698e-05,
    2.402455356786959e-05,
    2.287603638251312e-05,
    2.186196797993034e-05,
    2.0819508790737018e-05,
    2.056590346910525e-05,
    1.9725102902157232e-05,
    1.8742051906883717e-05,
    1.8039962014881894e-05,
    1.7330596165265888e-05,
    1.676567626418546e-05,
    1.593678825884126e-05,
    1.5146516489039641e-05,
    1.448487182642566e-05,
    1.4004239346832037e-05,
    1.3834217497787904e-05,
    1.3361167475522961e-05,
    1.2899471585114952e-05,
    1.2446297660062555e-05,
    1.2109288036299404e-05,
    1.1720999282260891e-05,
    1.1231421012780629e-05,
    1.0553106221777853e-05,
    1.0105820365424734e-05,
    9.667501217336394e-06
  ],
  "mean_lid_diff": [
    0.017600059509277344,
    -0.023726463317871094,
    -0.017154693603515625,
    -0.01873779296875,
    -0.01822948455810547,
    -0.012271881103515625,
    -0.013392448425292969,
    -0.009482383728027344,
    -0.008870124816894531,
    -0.006009101867675781,
    -0.008562088012695312,
    -0.00630950927734375,
    -0.00600433349609375,
    -0.0065975189208984375,
    -0.0064945220947265625,
    -0.004886627197265625,
    -0.0044269561767578125,
    -0.0048198699951171875,
    -0.003734588623046875,
    -0.0023336410522460938,
    -0.0040187835693359375,
    -0.002956390380859375,
    -0.0037384033203125,
    -0.0030231475830078125,
    -0.00327301025390625,
    -0.0028076171875,
    -0.0026063919067382812,
    -0.002902984619140625,
    -0.0023431777954101562,
    -0.00281524658203125,
    -0.0026397705078125,
    -0.0025148391723632812,
    -0.002315521240234375,
    -0.0020351409912109375,
    -0.0018939971923828125,
    -0.0021047592163085938,
    -0.0022974014282226562,
    -0.0021991729736328125,
    -0.0018281936645507812,
    -0.0017518997192382812,
    -0.00160980224609375,
    -0.00165557861328125,
    -0.0017595291137695312,
    -0.00191497802734375,
    -0.0015630722045898438,
    -0.0015659332275390625,
    -0.00153350830078125,
    -0.0015497207641601562,
    -0.00144195556640625,
    -0.0012311935424804688
  ],
  "mean_lid_exact": [
    11.066308975219727,
    9.623932838439941,
    9.074748039245605,
    8.835159301757812,
    8.727450370788574,
    8.665196418762207,
    8.650708198547363,
    8.646918296813965,
    8.665413856506348,
    8.684715270996094,
    8.716498374938965,
    8.746047973632812,
    8.781673431396484,
    8.812849044799805,
    8.848405838012695,
    8.879361152648926,
    8.915395736694336,
    8.949546813964844,
    8.980382919311523,
    9.010878562927246,
    9.044816017150879,
    9.074440002441406,
    9.106545448303223,
    9.135231971740723,
    9.162604331970215,
    9.19001579284668,
    9.218523979187012,
    9.2449951171875,
    9.270258903503418,
    9.295412063598633,
    9.319156646728516,
    9.34331226348877,
    9.364402770996094,
    9.3862943649292,
    9.40832233428955,
    9.428116798400879,
    9.449488639831543,
    9.46756362915039,
    9.48579216003418,
    9.504362106323242,
    9.523361206054688,
    9.540604591369629,
    9.557212829589844,
    9.573655128479004,
    9.588706016540527,
    9.603253364562988,
    9.617293357849121,
    9.630261421203613,
    9.642951011657715,
    9.654679298400879
  ],