{
  "k": [
    10,
    20,
    30,
    40,
    50,
    60,
    70,
    80,
    90,
    100,
    110,
    120,
    130,
    140,
    150,
    160,
    170,
    180,
    190,
    200,
    210,
    220,
    230,
    240,
    250,
    260,
    270,
    280,
    290,
    300,
    310,
    320,
    330,
    340,
    350,
    360,
    370,
    380,
    390,
    400,
    410,
    420,
    430,
    440,
    450,
    460,
    470,
    480,
    490,
    500
  ],
  "mean_overlap": [
    0.9973799999999999,
    0.99654,
    0.9951200000000001,
    0.9931075,
    0.990224,
    0.9860349999999999,
    0.9800728571428572,
    0.97209375,
    0.9627222222222223,
    0.952636,
    0.9415136363636364,
    0.9299091666666667,
    0.9179753846153846,
    0.9057414285714285,
    0.8932040000000001,
    0.88064125,
    0.8680111764705883,
    0.8552577777777779,
    0.8427168421052633,
    0.8300844999999999,
    0.8176738095238096,
    0.8056595454545455,
    0.793704347826087,
    0.7819829166666666,
    0.7705216,
    0.7592838461538463,
    0.748381111111111,
    0.7376246428571429,
    0.7271596551724139,
    0.7169206666666667,
    0.7068796774193549,
    0.6971209374999998,
    0.6875663636363635,
    0.6783844117647059,
    0.669308,
    0.6604208333333333,
    0.6517913513513512,
    0.6433305263157894,
    0.6351502564102564,
    0.6271285,
    0.6193448780487805,
    0.6117495238095239,
    0.604362558139535,
    0.5970675,
    0.5900024444444444,
    0.5830658695652176,
    0.576317659574468,
    0.569726875,
    0.5632948979591837,
    0.55699
  ],
  "mean_exact_dist": [
    76.23055267333984,
    82.84016418457031,
    87.31977844238281,
    90.72466278076172,
    93.48819732666016,
    95.8203125,
    97.84785461425781,
    99.63346862792969,
    101.22225952148438,
    102.65304565429688,
    103.95448303222656,
    105.14839935302734,
    106.25205993652344,
    107.2828598022461,
    108.37806701660156,
    109.2821044921875,
    110.11695098876953,
    110.91645050048828,
    111.67902374267578,
    112.4049072265625,
    113.09833526611328,
    113.7693099975586,
    114.42086029052734,
    115.05218505859375,
    115.64932250976562,
    116.25875854492188,
    116.87175750732422,
    117.47948455810547,
    118.07198333740234,
    118.70186614990234,
    119.309326171875,
    119.92139434814453,
    120.45109558105469,
    120.99057006835938,
    121.49994659423828,
    122.11219024658203,
    122.76708221435547,
    123.44183349609375,
    124.10211944580078,
    124.69718933105469,
    125.42408752441406,
    126.07295989990234,
    126.78314208984375,
    127.63607788085938,
    128.4680938720703,
    129.25668334960938,
    130.0279541015625,
    130.86900329589844,
    131.75167846679688,
    132.50161743164062
  ],
  "mean_ann_dist": [
    76.25540924072266,
    82.865234375,
    87.34900665283203,
    90.76042938232422,
    93.53349304199219,
    95.87918090820312,
    97.92755889892578,
    99.7452621459961,
    101.38017272949219,
    102.87274932861328,
    104.25431060791016,
    105.54566192626953,
    106.76407623291016,
    107.91644287109375,
    6.842597510271256e+32,
    110.00304412841797,
    2.014351273124385e+32,
    111.91328430175781,
    112.84283447265625,
    113.7520751953125,
    1.6311577659389394e+32,
    1.5577983096374778e+32,
    116.42828369140625,
    4.295626403806959e+32,
    2.7586731668638014e+32,
    2.6614706952635068e+32,
    1.2856318727269807e+32,
    4.986333501301188e+32,
    7.261809656612235e+32,
    8.252699418245104e+32,
    1.2644815510989113e+33,
    6.738797785402226e+32,
    1.427437246571475e+33,
    4.3014095180717334e+32,
    1.1613190558651034e+33,
    1.866606379028278e+33,
    1.944575866007599e+33,
    1.1108919552210757e+33,
    1.4962595946005164e+33,
    8.90066586217048e+32,
    1.4748670622666355e+33,
    1.6636468832999645e+33,
    1.561048733981566e+33,
    1.464344107705195e+33,
    1.959530955394691e+33,
    2.5600094004430606e+33,
    2.772448112537192e+33,
    1.5971198308462633e+33,
    1.810831300043285e+33,
    1.824570268084284e+33
  ],
  "mean_barycenter_shift": [
    0.00017842030501924455,
    0.0002307600516360253,
    0.00032661581644788384,
    0.0004617578524630517,
    0.0006421655416488647,
    0.0008779522613622248,
    0.0012206886895000935,
    0.0015777942026033998,
    0.0019453727873042226,
    0.0022878979798406363,
    0.0026215934194624424,
    0.002947465982288122,
    0.0032694924157112837,
    0.0035695675760507584,
    0.003859200980514288,
    0.004146015737205744,
    0.004434864968061447,
    0.0047190235927701,
    0.004994912538677454,
    0.005277531687170267,
    0.0055498117581009865,
    0.005821621511131525,
    0.006106154061853886,
    0.006388370413333178,
    0.006666452623903751,
    0.0069464026018977165,
    0.007234974764287472,
    0.0075275176204741,
    0.007823677733540535,
    0.008114862255752087,
    0.008411337621510029,
    0.008705041371285915,
    0.009006911888718605,
    0.009306269697844982,
    0.009611361660063267,
    0.009927615523338318,
    0.010245846584439278,
    0.010568494908511639,
    0.010896333493292332,
    0.011230655945837498,
    0.011570988222956657,
    0.011915675364434719,
    0.012269490398466587,
    0.01263618003576994,
    0.01300890650600195,
    0.013390201143920422,
    0.013781710527837276,
    0.014183929190039635,
    0.014595817774534225,
    0.015015740878880024
  ],
  "mean_lid_diff": [
    0.039856910705566406,
    0.0022077560424804688,
    -0.018120765686035156,
    -0.028685569763183594,
    -0.05146217346191406,
    -0.08072376251220703,
    -0.11193180084228516,
    -0.1521310806274414,
    -0.2097949981689453,
    -0.2669563293457031,
    -0.33863258361816406,
    -0.4180154800415039,
    -0.507847785949707,
    -0.5969867706298828,
    -0.7003345489501953,
    -0.8072147369384766,
    -0.9153947830200195,
    -1.0310711860656738,
    -1.1489181518554688,
    -1.27634859085083,
    -1.405064582824707,
    -1.535323143005371,
    -1.6712260246276855,
    -1.8117523193359375,
    -1.9586114883422852,
    -2.105687141418457,
    -2.252440929412842,
    -2.402963638305664,
    -2.556492805480957,
    -2.7118029594421387,
    -2.8672804832458496,
    -3.0238780975341797,
    -3.1819987297058105,
    -3.340850353240967,
    -3.4976606369018555,
    -3.6542611122131348,
    -3.81711483001709,
    -3.9753661155700684,
    -4.1342387199401855,
    -4.295335292816162,
    -4.459910869598389,
    -4.623208522796631,
    -4.783543586730957,
    -4.94290018081665,
    -5.103613376617432,
    -5.265254497528076,
    -5.421225547790527,
    -5.571887016296387,
    -5.720998048782349,
    -5.863139390945435
  ],
  "mean_lid_exact": [
    11.154120445251465,
    9.683333396911621,
    9.1826753616333,
    8.93273639678955,
    8.808282852172852,
    8.738120079040527,
    8.704999923706055,
    8.698766708374023,
    8.716221809387207,
    8.732121467590332,
    8.759812355041504,
    8.787388801574707,
    8.812731742858887,
    8.838180541992188,
    8.866822242736816,
    8.896510124206543,
    8.92664909362793,
    8.955453872680664,
    8.985785484313965,
    9.016339302062988,
    9.043621063232422,
    9.071015357971191,
    9.098702430725098,
    9.125324249267578,
    9.152386665344238,
    9.177995681762695,
    9.20157527923584,
    9.224810600280762,
    9.249224662780762,
    9.27139663696289,
    9.293716430664062,
    9.315092086791992,
    9.335183143615723,
    9.35702133178711,
    9.374190330505371,
    9.39153003692627,
    9.41021728515625,
    9.427849769592285,
    9.443242073059082,
    9.459537506103516,
    9.477015495300293,
    9.493210792541504,
    9.508453369140625,
    9.52141284942627,
    9.534733772277832,
    9.549681663513184,
    9.563396453857422,
    9.575711250305176,
    9.587447166442871,
    9.598664283752441
  ],