{
  "alpha": 4.0,
  "k": [
    10,
    20,
    30,
    40,
    50,
    60,
    70,
    80,
    90,
    100,
    110,
    120,
    130,
    140,
    150,
    160,
    170,
    180,
    190,
    200,
    210,
    220,
    230,
    240,
    250,
    260,
    270,
    280,
    290,
    300,
    310,
    320,
    330,
    340,
    350,
    360,
    370,
    380,
    390,
    400,
    410,
    420,
    430,
    440,
    450,
    460,
    470,
    480,
    490,
    500
  ],
  "mean_overlap": [
    0.9950900000000001,
    0.997525,
    0.99835,
    0.998735,
    0.998984,
    0.9991566666666668,
    0.9993314285714286,
    0.99941875,
    0.9994822222222223,
    0.999556,
    0.9996045454545454,
    0.9996308333333335,
    0.9996523076923076,
    0.9997014285714285,
    0.9997273333333333,
    0.999751875,
    0.9997805882352941,
    0.9997994444444445,
    0.9998026315789473,
    0.9998145,
    0.9998280952380952,
    0.9998431818181818,
    0.9998517391304347,
    0.9998625,
    0.9998708000000001,
    0.9998780769230768,
    0.9998855555555556,
    0.9998939285714284,
    0.9999010344827588,
    0.9999076666666668,
    0.9999135483870969,
    0.9999184375000001,
    0.9999239393939395,
    0.9999285294117648,
    0.9999342857142858,
    0.9999355555555556,
    0.9999429729729729,
    0.9999452631578947,
    0.9999464102564103,
    0.9999485,
    0.9999490243902439,
    0.9999492857142858,
    0.9999523255813955,
    0.9999549999999999,
    0.9999584444444445,
    0.9999591304347825,
    0.9999610638297872,
    0.9999625,
    0.9999640816326532,
    0.9999666000000001
  ],
  "mean_exact_dist": [
    75.60044860839844,
    82.18077850341797,
    86.70101165771484,
    90.14476013183594,
    92.9232406616211,
    95.2616958618164,
    97.28853607177734,
    99.07029724121094,
    100.6590347290039,
    102.09153747558594,
    103.39513397216797,
    104.59120178222656,
    105.69660186767578,
    106.72432708740234,
    107.6849365234375,
    108.5870361328125,
    109.43766021728516,
    110.24243927001953,
    111.00650024414062,
    111.73397827148438,
    112.42847442626953,
    113.09310150146484,
    113.73051452636719,
    114.34326171875,
    114.9333267211914,
    115.50242614746094,
    116.0521240234375,
    116.58361053466797,
    117.09795379638672,
    117.59612274169922,
    118.07923889160156,
    118.54826354980469,
    119.00392150878906,
    119.44701385498047,
    119.8781509399414,
    120.29798889160156,
    120.70709991455078,
    121.10597229003906,
    121.49506378173828,
    121.87483978271484,
    122.24569702148438,
    122.60804748535156,
    122.96226501464844,
    123.30870056152344,
    123.64771270751953,
    123.97956085205078,
    124.30449676513672,
    124.62287139892578,
    124.93489837646484,
    125.24083709716797
  ],
  "mean_ann_dist": [
    75.6409912109375,
    82.1960220336914,
    86.71126556396484,
    90.15228271484375,
    92.92948150634766,
    95.26719665527344,
    97.29286193847656,
    99.0740966796875,
    100.66252136230469,
    102.09455871582031,
    103.39778900146484,
    104.5934829711914,
    105.69873809814453,
    106.72628784179688,
    107.68666076660156,
    108.58861541748047,
    109.43902587890625,
    110.24369812011719,
    111.00769805908203,
    111.7350845336914,
    112.42952728271484,
    113.09403991699219,
    113.7314224243164,
    114.34412384033203,
    114.93412780761719,
    115.50322723388672,
    116.05286407470703,
    116.5843276977539,
    117.0986099243164,
    117.59677124023438,
    118.079833984375,
    118.54879760742188,
    119.00444030761719,
    119.4474868774414,
    119.87858581542969,
    120.29842376708984,
    120.70751190185547,
    121.10636138916016,
    121.49543762207031,
    121.87517547607422,
    122.24602508544922,
    122.60836029052734,
    122.96256256103516,
    123.30901336669922,
    123.64800262451172,
    123.9798355102539,
    124.30477142333984,
    124.62313842773438,
    124.93515014648438,
    125.24107360839844
  ],
  "mean_barycenter_shift": [
    0.00026967571466229856,
    0.00013168029545340687,
    8.565049938624725e-05,
    6.428495544241741e-05,
    5.151336154085584e-05,
    4.29752362833824e-05,
    3.437243867665529e-05,
    2.947571010736283e-05,
    2.578464955149684e-05,
    2.157796552637592e-05,
    1.8661377907847054e-05,
    1.7541029592393897e-05,
    1.662332215346396e-05,
    1.4068789823795669e-05,
    1.2851114661316387e-05,
    1.1777021427405998e-05,
    1.0523786841076799e-05,
    9.67544565355638e-06,
    9.663407581683714e-06,
    9.016132025863044e-06,
    8.539076588931493e-06,
    7.800817002134863e-06,
    7.362705673585879e-06,
    6.845317784609506e-06,
    6.495492016256321e-06,
    6.14518057773239e-06,
    5.774248165835161e-06,
    5.338344180927379e-06,
    5.047104423283599e-06,
    4.718312993645668e-06,
    4.394440111354925e-06,
    4.117175194551237e-06,
    3.776358880713815e-06,
    3.5181149087293306e-06,
    3.2416326121165184e-06,
    3.1721244795335224e-06,
    2.7906962714041583e-06,
    2.745108758972492e-06,
    2.703912969082012e-06,
    2.661524604263832e-06,
    2.6517293463257374e-06,
    2.6190180051344214e-06,
    2.500266646165983e-06,
    2.30265368372784e-06,
    2.1518342236959143e-06,
    2.1554931208811468e-06,
    1.995537786569912e-06,
    1.9401381905481685e-06,
    1.837906665969058e-06,
    1.7434928167858743e-06
  ],
  "mean_lid_diff": [
    0.018731117248535156,
    -0.0037374496459960938,
    -0.0018224716186523438,
    -0.004215240478515625,
    -0.0036687850952148438,
    -0.0020236968994140625,
    -0.0021734237670898438,
    -0.0028047561645507812,
    -0.0027475357055664062,
    -0.0011415481567382812,
    -0.0019216537475585938,
    -0.0028162002563476562,
    -0.0023365020751953125,
    -0.0018892288208007812,
    -0.001705169677734375,
    -0.001583099365234375,
    -0.0019140243530273438,
    -0.0011749267578125,
    -0.0018939971923828125,
    -0.001712799072265625,
    -0.0014514923095703125,
    -0.000980377197265625,
    -0.00148773193359375,
    -0.0012798309326171875,
    -0.0014982223510742188,
    -0.0013761520385742188,
    -0.001079559326171875,
    -0.0009317398071289062,
    -0.0009698867797851562,
    -0.0008831024169921875,
    -0.0008230209350585938,
    -0.0009174346923828125,
    -0.0011739730834960938,
    -0.0008974075317382812,
    -0.0008831024169921875,
    -0.0009069442749023438,
    -0.000759124755859375,
    -0.0007114410400390625,
    -0.00077056884765625,
    -0.0008602142333984375,
    -0.0008955001831054688,
    -0.0010156631469726562,
    -0.000728607177734375,
    -0.00087738037109375,
    -0.0007801055908203125,
    -0.0005693435668945312,
    -0.0008020401000976562,
    -0.000751495361328125,
    -0.0006999969482421875,
    -0.0006647109985351562
  ],
  "mean_lid_exact": [
    11.12682819366455,
    9.592001914978027,
    9.081597328186035,
    8.849260330200195,
    8.733487129211426,
    8.664432525634766,
    8.63707447052002,
    8.643159866333008,
    8.655350685119629,
    8.673441886901855,
    8.69958782196045,
    8.724100112915039,
    8.755117416381836,
    8.787567138671875,
    8.8177490234375,
    8.850823402404785,
    8.88420581817627,
    8.915345191955566,
    8.948029518127441,
    8.979625701904297,
    9.008522987365723,
    9.038714408874512,
    9.069071769714355,
    9.096099853515625,
    9.1241455078125,
    9.149534225463867,
    9.174396514892578,
    9.200657844543457,
    9.226593971252441,
    9.25322151184082,
    9.277111053466797,
    9.298871040344238,
    9.32158088684082,
    9.342672348022461,
    9.362958908081055,
    9.383233070373535,
    9.40025520324707,
    9.419355392456055,
    9.438645362854004,
    9.455509185791016,
    9.473003387451172,
    9.488834381103516,
    9.50333309173584,
    9.518378257751465,
    9.52998161315918,
    9.54333782196045,
    9.556131362915039,
    9.567658424377441,
    9.5786714553833,
    9.590386390686035
  ],