{
  "k": [
    10,
    20,
    30,
    40,
    50,
    60,
    70,
    80,
    90,
    100,
    110,
    120,
    130,
    140,
    150,
    160,
    170,
    180,
    190,
    200,
    210,
    220,
    230,
    240,
    250,
    260,
    270,
    280,
    290,
    300,
    310,
    320,
    330,
    340,
    350,
    360,
    370,
    380,
    390,
    400,
    410,
    420,
    430,
    440,
    450,
    460,
    470,
    480,
    490,
    500
  ],
  "mean_overlap": [
    0.9959600000000001,
    0.9947400000000002,
    0.9924633333333334,
    0.989505,
    0.9858600000000001,
    0.9806266666666666,
    0.9732700000000001,
    0.9642212500000001,
    0.9537455555555556,
    0.942227,
    0.9298563636363635,
    0.9172183333333335,
    0.9042146153846156,
    0.8911450000000001,
    0.8780646666666666,
    0.864921875,
    0.8518876470588238,
    0.8389977777777778,
    0.8260926315789473,
    0.8134775,
    0.8011866666666667,
    0.7891481818181818,
    0.7772513043478261,
    0.7658495833333332,
    0.7547351999999999,
    0.7439488461538462,
    0.7334481481481482,
    0.7232346428571429,
    0.7131896551724137,
    0.703513,
    0.6940725806451612,
    0.68495625,
    0.6761445454545455,
    0.6674802941176471,
    0.6590785714285714,
    0.6509072222222223,
    0.6429329729729729,
    0.6351928947368422,
    0.6276084615384614,
    0.6202315,
    0.613070487804878,
    0.6060645238095238,
    0.5992016279069767,
    0.5925486363636364,
    0.5859957777777778,
    0.5796306521739132,
    0.5734223404255319,
    0.5673214583333334,
    0.5613481632653061,
    0.5555008
  ],
  "mean_exact_dist": [
    76.3860092163086,
    83.12767028808594,
    87.7303466796875,
    91.22197723388672,
    94.04851531982422,
    96.42997741699219,
    98.47911071777344,
    100.27063751220703,
    101.86175537109375,
    103.29212188720703,
    104.59063720703125,
    105.77973937988281,
    106.87802124023438,
    107.89898681640625,
    108.85322570800781,
    109.74933624267578,
    110.59451293945312,
    111.38578033447266,
    112.14916229248047,
    112.9359130859375,
    113.61493682861328,
    114.25676727294922,
    114.89717864990234,
    115.55908966064453,
    116.20557403564453,
    116.8098373413086,
    117.36125946044922,
    117.9191665649414,
    118.3736572265625,
    118.79533386230469,
    119.16341400146484,
    119.59037780761719,
    119.99271392822266,
    120.43230438232422,
    120.88578033447266,
    121.32490539550781,
    121.84031677246094,
    122.35895538330078,
    122.88701629638672,
    123.31883239746094,
    124.0745849609375,
    124.78288269042969,
    125.44334411621094,
    126.25177764892578,
    127.00521087646484,
    127.66360473632812,
    128.1539306640625,
    128.789794921875,
    129.4920196533203,
    130.2689971923828
  ],
  "mean_ann_dist": [
    76.4339599609375,
    83.17132568359375,
    87.77909088134766,
    91.28070068359375,
    94.12076568603516,
    96.52124786376953,
    98.59725952148438,
    100.42633819580078,
    102.06494903564453,
    103.55326080322266,
    104.9203872680664,
    106.189453125,
    107.3787841796875,
    108.50221252441406,
    109.57174682617188,
    110.59784698486328,
    111.58802795410156,
    112.53791809082031,
    1.2550523939334319e+33,
    1.709102726231232e+32,
    1.6290259945056637e+32,
    116.06980895996094,
    2.9792357830944908e+32,
    117.76829528808594,
    2.749200991281957e+32,
    1.3240043388103358e+32,
    6.385817365444327e+32,
    6.178414438687504e+32,
    8.386472766315331e+32,
    1.1640748651350576e+32,
    1.1328018691201254e+33,
    5.528084302999617e+32,
    8.64522002991404e+32,
    7.401809843080068e+32,
    7.264005452756917e+32,
    2.144302017095804e+33,
    6.047224129880498e+32,
    1.393278302839959e+33,
    1.575476925139437e+33,
    1.668435699599435e+33,
    1.9609140439035825e+33,
    3.2419631786620074e+33,
    3.172952663746995e+33,
    2.3055720250911235e+33,
    3.353586375094311e+33,
    2.1690349758831916e+33,
    2.1040541105385577e+33,
    3.657007026148207e+33,
    4.103943303896496e+33,
    3.2112929047037023e+33
  ],
  "mean_barycenter_shift": [
    0.00021188346727285534,
    0.0002642192703206092,
    0.00037703561247326434,
    0.0005249102832749486,
    0.0006969132227823138,
    0.0009348426829092205,
    0.0012936849379912019,
    0.0016485207015648484,
    0.0019967646803706884,
    0.002312846016138792,
    0.002584905130788684,
    0.002819889225065708,
    0.00304757640697062,
    0.003265152685344219,
    0.0034731272608041763,
    0.003678256645798683,
    0.003890331368893385,
    0.004111675079911947,
    0.004336280282586813,
    0.004564426839351654,
    0.004807522054761648,
    0.005053772125393152,
    0.005306214094161987,
    0.0055549489334225655,
    0.005803377367556095,
    0.006059123668819666,
    0.006313542369753122,
    0.006567221134901047,
    0.006819897331297398,
    0.007071046624332666,
    0.007319231983274221,
    0.007567528635263443,
    0.007816160097718239,
    0.008069545030593872,
    0.008332094177603722,
    0.008595889434218407,
    0.008872129954397678,
    0.009159469045698643,
    0.00945765059441328,
    0.009766221977770329,
    0.010093167424201965,
    0.010440613143146038,
    0.010807495564222336,
    0.011196419596672058,
    0.01161342952400446,
    0.012053930200636387,
    0.012522876262664795,
    0.013017602264881134,
    0.013533364981412888,
    0.014074564911425114
  ],
  "mean_lid_diff": [
    0.0686655044555664,
    0.02138519287109375,
    -0.020664215087890625,
    -0.047057151794433594,
    -0.07653045654296875,
    -0.12366676330566406,
    -0.1607036590576172,
    -0.22900962829589844,
    -0.2891559600830078,
    -0.3704500198364258,
    -0.45069313049316406,
    -0.5471506118774414,
    -0.6298379898071289,
    -0.7325248718261719,
    -0.838505744934082,
    -0.9534010887145996,
    -1.0673298835754395,
    -1.1841092109680176,
    -1.3152289390563965,
    -1.4395275115966797,
    -1.5617833137512207,
    -1.6833882331848145,
    -1.805100440979004,
    -1.9298839569091797,
    -2.0611605644226074,
    -2.1953606605529785,
    -2.331418514251709,
    -2.4655656814575195,
    -2.610382556915283,
    -2.755734920501709,
    -2.9100842475891113,
    -3.062126636505127,
    -3.2183918952941895,
    -3.379056453704834,
    -3.542336940765381,
    -3.712935447692871,
    -3.8872599601745605,
    -4.067027568817139,
    -4.249383926391602,
    -4.443922519683838,
    -4.640176773071289,
    -4.846560955047607,
    -5.0552167892456055,
    -5.261869430541992,
    -5.473403453826904,
    -5.6795501708984375,
    -5.8897387981414795,
    -6.1021764278411865,
    -6.315939426422119,
    -6.520473480224609
  ],
  "mean_lid_exact": [
    10.996475219726562,
    9.567937850952148,
    9.092788696289062,
    8.86896800994873,
    8.756924629211426,
    8.703058242797852,
    8.683945655822754,
    8.690606117248535,
    8.695237159729004,
    8.72542667388916,
    8.754201889038086,
    8.788507461547852,
    8.818124771118164,
    8.854358673095703,
    8.888816833496094,
    8.924312591552734,
    8.95751953125,
    8.991827964782715,
    9.029470443725586,
    9.06154727935791,
    9.091219902038574,
    9.119490623474121,
    9.149149894714355,
    9.176682472229004,
    9.205205917358398,
    9.235150337219238,
    9.261761665344238,
    9.286431312561035,
    9.312701225280762,
    9.336847305297852,
    9.361105918884277,
    9.382407188415527,
    9.403413772583008,
    9.423199653625488,
    9.443562507629395,
    9.462357521057129,
    9.483094215393066,
    9.501259803771973,
    9.518342018127441,
    9.535828590393066,
    9.55195426940918,
    9.568601608276367,
    9.583741188049316,
    9.599356651306152,
    9.61565113067627,
    9.629172325134277,
    9.641616821289062,
    9.65477180480957,
    9.667396545410156,
    9.67839241027832
  ],