{
  "k": [
    10,
    20,
    30,
    40,
    50,
    60,
    70,
    80,
    90,
    100,
    110,
    120,
    130,
    140,
    150,
    160,
    170,
    180,
    190,
    200,
    210,
    220,
    230,
    240,
    250,
    260,
    270,
    280,
    290,
    300,
    310,
    320,
    330,
    340,
    350,
    360,
    370,
    380,
    390,
    400,
    410,
    420,
    430,
    440,
    450,
    460,
    470,
    480,
    490,
    500
  ],
  "mean_overlap": [
    0.99761,
    0.9971449999999998,
    0.9967033333333335,
    0.9959225,
    0.995088,
    0.9941616666666667,
    0.9930357142857144,
    0.9916712500000001,
    0.9900722222222222,
    0.988276,
    0.9860572727272727,
    0.9833883333333333,
    0.9802784615384615,
    0.9767292857142856,
    0.9726786666666667,
    0.96813375,
    0.9633311764705884,
    0.9580172222222222,
    0.9522605263157893,
    0.946264,
    0.9399680952380953,
    0.9333804545454545,
    0.9266234782608695,
    0.91962375,
    0.9126404,
    0.9054969230769231,
    0.8983485185185185,
    0.8910725,
    0.8837906896551725,
    0.8765860000000001,
    0.8693135483870968,
    0.862103125,
    0.8548742424242424,
    0.8477276470588234,
    0.8405325714285715,
    0.8334641666666667,
    0.8264262162162161,
    0.8194502631578947,
    0.8126217948717951,
    0.8058145,
    0.7991180487804879,
    0.7924680952380954,
    0.7858841860465116,
    0.7793481818181818,
    0.7729662222222222,
    0.7666234782608695,
    0.7603685106382978,
    0.7542262499999999,
    0.7481381632653061,
    0.7421165999999999
  ],
  "mean_exact_dist": [
    75.52649688720703,
    82.15322875976562,
    86.68850708007812,
    90.14409637451172,
    92.94852447509766,
    95.31400299072266,
    97.36738586425781,
    99.17621612548828,
    100.787353515625,
    102.23828125,
    103.55816650390625,
    104.76885223388672,
    105.88812255859375,
    106.9296646118164,
    107.90399932861328,
    108.81951141357422,
    109.68341064453125,
    110.501708984375,
    111.27925109863281,
    112.02013397216797,
    112.72769927978516,
    113.4051284790039,
    114.05493927001953,
    114.67939758300781,
    115.28050994873047,
    115.86003875732422,
    116.41944885253906,
    116.96005249023438,
    117.48300170898438,
    117.98932647705078,
    118.4800033569336,
    118.95597839355469,
    119.41809844970703,
    119.86707305908203,
    120.302978515625,
    120.7110595703125,
    121.1309585571289,
    121.56185150146484,
    121.99073791503906,
    122.41234588623047,
    122.82215881347656,
    123.22718048095703,
    123.580322265625,
    123.99290466308594,
    124.31782531738281,
    124.61450958251953,
    124.92374420166016,
    125.20150756835938,
    125.43391418457031,
    125.73762512207031
  ],
  "mean_ann_dist": [
    75.54634094238281,
    82.17469024658203,
    86.71224975585938,
    90.17056274414062,
    92.97822570800781,
    95.34754180908203,
    97.40542602539062,
    99.21927642822266,
    100.83631134033203,
    102.29423522949219,
    103.62222290039062,
    104.8425064086914,
    105.9732894897461,
    107.02835083007812,
    108.01860046386719,
    108.9526138305664,
    109.83815002441406,
    110.68142700195312,
    111.48756408691406,
    112.26116180419922,
    113.00607299804688,
    113.72522735595703,
    114.42117309570312,
    115.09611511230469,
    115.75172424316406,
    116.38964080810547,
    117.01112365722656,
    117.61740112304688,
    118.20952606201172,
    118.7886962890625,
    119.356201171875,
    119.91284942626953,
    120.45967864990234,
    120.99758911132812,
    9.723324601595875e+31,
    1.8917816692659527e+32,
    1.841573916122636e+32,
    2.692902573145356e+32,
    2.631503455190637e+32,
    124.102783203125,
    1.6766806897460856e+32,
    1.6397411392582032e+32,
    2.4070392001267562e+32,
    3.9325180869026566e+32,
    3.088351880147858e+32,
    6.064720091198223e+32,
    2.980364436239683e+32,
    5.12702848161607e+32,
    2.8824480214073568e+32,
    1.4179907775882589e+32
  ],
  "mean_barycenter_shift": [
    0.00012953460100106895,
    0.00014550321793649346,
    0.00016262975987046957,
    0.00020307245722506195,
    0.0002423781406832859,
    0.0002856090432032943,
    0.0003321510157547891,
    0.00039170324453152716,
    0.00045931190834380686,
    0.0005326212267391384,
    0.0006154865259304643,
    0.0007227241294458508,
    0.0008394697215408087,
    0.0009547881199978292,
    0.001086197909899056,
    0.0012211413122713566,
    0.0013451742706820369,
    0.0014719604514539242,
    0.0016010832041501999,
    0.001725367153994739,
    0.0018485354958102107,
    0.0019704631995409727,
    0.0020984632428735495,
    0.002224695635959506,
    0.0023540963884443045,
    0.002484849188476801,
    0.0026152171194553375,
    0.0027499855495989323,
    0.0028826347552239895,
    0.0030094317626208067,
    0.0031315702944993973,
    0.003252151422202587,
    0.0033749721478670835,
    0.0034925327636301517,
    0.0036090256180614233,
    0.0037214295007288456,
    0.0038322440814226866,
    0.003947344142943621,
    0.004056418314576149,
    0.004168188665062189,
    0.004283631220459938,
    0.004402997903525829,
    0.004525540862232447,
    0.004649655893445015,
    0.004777828697115183,
    0.004909178242087364,
    0.005040707997977734,
    0.005175588186830282,
    0.005314219743013382,
    0.005456849467009306
  ],
  "mean_lid_diff": [
    0.026165008544921875,
    0.01923847198486328,
    0.004235267639160156,
    -0.004765510559082031,
    -0.014024734497070312,
    -0.02340984344482422,
    -0.03540802001953125,
    -0.047980308532714844,
    -0.061492919921875,
    -0.07169246673583984,
    -0.08756160736083984,
    -0.10938072204589844,
    -0.13135337829589844,
    -0.15457725524902344,
    -0.18127155303955078,
    -0.21007919311523438,
    -0.24709606170654297,
    -0.2825889587402344,
    -0.31836700439453125,
    -0.3622760772705078,
    -0.4083976745605469,
    -0.4565610885620117,
    -0.5097036361694336,
    -0.5664539337158203,
    -0.6177806854248047,
    -0.6775093078613281,
    -0.7362394332885742,
    -0.7966890335083008,
    -0.8606424331665039,
    -0.9245014190673828,
    -0.9910593032836914,
    -1.0611486434936523,
    -1.1318187713623047,
    -1.202284812927246,
    -1.277358055114746,
    -1.3537321090698242,
    -1.43125581741333,
    -1.5144944190979004,
    -1.5984702110290527,
    -1.6842951774597168,
    -1.7736239433288574,
    -1.8631653785705566,
    -1.9554667472839355,
    -2.048762798309326,
    -2.1470108032226562,
    -2.246547222137451,
    -2.347043037414551,
    -2.450252056121826,
    -2.5562267303466797,
    -2.663425922393799
  ],
  "mean_lid_exact": [
    11.1322603225708,
    9.571598052978516,
    9.055542945861816,
    8.813246726989746,
    8.693671226501465,
    8.619119644165039,
    8.584683418273926,
    8.579543113708496,
    8.584785461425781,
    8.60038948059082,
    8.622541427612305,
    8.65090560913086,
    8.676087379455566,
    8.69764232635498,
    8.727734565734863,
    8.756537437438965,
    8.786578178405762,
    8.814403533935547,
    8.840578079223633,
    8.87097454071045,
    8.89892864227295,
    8.92751407623291,
    8.955955505371094,
    8.981940269470215,
    9.005810737609863,
    9.032186508178711,
    9.056473731994629,
    9.080923080444336,
    9.10561752319336,
    9.12928581237793,
    9.152432441711426,
    9.17615795135498,
    9.199926376342773,
    9.220527648925781,
    9.240633964538574,
    9.261253356933594,
    9.280330657958984,
    9.301103591918945,
    9.319037437438965,
    9.337491989135742,
    9.354876518249512,
    9.37236213684082,
    9.388570785522461,
    9.404877662658691,
    9.42121696472168,
    9.43504810333252,
    9.44980239868164,
    9.462868690490723,
    9.47581672668457,
    9.488152503967285
  ],