{
  "alpha": 2.0,
  "k": [
    10,
    20,
    30,
    40,
    50,
    60,
    70,
    80,
    90,
    100,
    110,
    120,
    130,
    140,
    150,
    160,
    170,
    180,
    190,
    200,
    210,
    220,
    230,
    240,
    250,
    260,
    270,
    280,
    290,
    300,
    310,
    320,
    330,
    340,
    350,
    360,
    370,
    380,
    390,
    400,
    410,
    420,
    430,
    440,
    450,
    460,
    470,
    480,
    490,
    500
  ],
  "mean_overlap": [
    0.99318,
    0.992765,
    0.9948066666666667,
    0.99603,
    0.9967880000000001,
    0.9973299999999999,
    0.99774,
    0.9980337499999999,
    0.99826,
    0.998433,
    0.9985590909090908,
    0.9986725000000001,
    0.9987915384615385,
    0.9988950000000001,
    0.9989686666666666,
    0.9990462500000001,
    0.9991117647058824,
    0.9991811111111111,
    0.9992142105263158,
    0.9992625,
    0.9993157142857142,
    0.99936,
    0.9993921739130436,
    0.9994308333333333,
    0.9994608,
    0.9994961538461538,
    0.9995222222222223,
    0.9995403571428573,
    0.9995606896551722,
    0.999584,
    0.999603870967742,
    0.9996184375000001,
    0.9996348484848486,
    0.9996482352941175,
    0.9996594285714285,
    0.9996747222222222,
    0.9996872972972974,
    0.999702894736842,
    0.9997179487179486,
    0.99972625,
    0.9997326829268294,
    0.9997449999999999,
    0.9997516279069769,
    0.9997595454545455,
    0.9997648888888889,
    0.999770652173913,
    0.9997782978723404,
    0.9997885416666666,
    0.9997948979591837,
    0.9997995999999999
  ],
  "mean_exact_dist": [
    75.78614807128906,
    82.3373031616211,
    86.83411407470703,
    90.26297760009766,
    93.044189453125,
    95.3900146484375,
    97.4149169921875,
    99.19258880615234,
    100.7761001586914,
    102.20269775390625,
    103.5004653930664,
    104.69139862060547,
    105.79177856445312,
    106.81476593017578,
    107.77132415771484,
    108.6694107055664,
    109.5162124633789,
    110.31737518310547,
    111.07806396484375,
    111.80221557617188,
    112.4933853149414,
    113.15472412109375,
    113.78898620605469,
    114.39867401123047,
    114.98584747314453,
    115.55220031738281,
    116.09915924072266,
    116.62812805175781,
    117.14012145996094,
    117.63629913330078,
    118.11762237548828,
    118.5849380493164,
    119.03900146484375,
    119.48057556152344,
    119.91024780273438,
    120.32859802246094,
    120.73616027832031,
    121.13345336914062,
    121.52093505859375,
    121.89913940429688,
    122.26848602294922,
    122.62934112548828,
    122.98204803466797,
    123.32697296142578,
    123.66441345214844,
    123.9946517944336,
    124.31803894042969,
    124.63480377197266,
    124.94517517089844,
    125.24939727783203
  ],
  "mean_ann_dist": [
    75.8377456665039,
    82.38349914550781,
    86.86695098876953,
    90.28831481933594,
    93.06431579589844,
    95.40665435791016,
    97.42906188964844,
    99.20421600341797,
    100.78577423095703,
    102.2114486694336,
    103.50840759277344,
    104.69867706298828,
    105.79853820800781,
    106.82097625732422,
    107.7771224975586,
    108.67467498779297,
    109.52118682861328,
    110.32203674316406,
    111.0824966430664,
    111.80636596679688,
    112.49723815917969,
    113.15837860107422,
    113.79247283935547,
    114.4020004272461,
    114.9890365600586,
    115.5551986694336,
    116.10205078125,
    116.63093566894531,
    117.142822265625,
    117.63890075683594,
    118.12010192871094,
    118.58724975585938,
    119.0412368774414,
    119.48273468017578,
    119.91232299804688,
    120.3305892944336,
    120.73809814453125,
    121.13529968261719,
    121.5227279663086,
    121.90082550048828,
    122.27014923095703,
    122.63092803955078,
    122.98359680175781,
    123.32846069335938,
    123.66584777832031,
    123.99604797363281,
    124.31937408447266,
    124.6360855102539,
    124.94640350341797,
    125.25060272216797
  ],
  "mean_barycenter_shift": [
    0.00036247726529836655,
    0.0003667800920084119,
    0.0002508352627046406,
    0.0001872024586191401,
    0.00014857022324576974,
    0.00012138754391344264,
    0.00010303320595994592,
    8.676308061694726e-05,
    7.688826008234173e-05,
    7.014454604359344e-05,
    6.396635581040755e-05,
    5.883841004106216e-05,
    5.429453813121654e-05,
    4.9877915444085374e-05,
    4.5780299842590466e-05,
    4.2012674384750426e-05,
    3.962791379308328e-05,
    3.691436359076761e-05,
    3.5205812309868634e-05,
    3.279439624748193e-05,
    3.0376804716070183e-05,
    2.8269749236642383e-05,
    2.6986288503394462e-05,
    2.542752554290928e-05,
    2.442380355205387e-05,
    2.3032551325741224e-05,
    2.1741441742051393e-05,
    2.0968782337149605e-05,
    1.9915347365895286e-05,
    1.894630077003967e-05,
    1.8173346688854508e-05,
    1.7458847651141696e-05,
    1.6768875866546296e-05,
    1.5962938050506637e-05,
    1.5532445104327053e-05,
    1.4820453543507028e-05,
    1.4287499652709812e-05,
    1.3422709344013128e-05,
    1.2778042218997143e-05,
    1.2386530215735547e-05,
    1.1995178283541463e-05,
    1.1443577932368498e-05,
    1.1137874025735073e-05,
    1.0701673090807162e-05,
    1.0389477210992482e-05,
    9.991835213440936e-06,
    9.781363587535452e-06,
    9.333361958852038e-06,
    9.001490980153903e-06,
    8.886609066394158e-06
  ],
  "mean_lid_diff": [
    0.04135608673095703,
    -0.014786720275878906,
    -0.011023521423339844,
    -0.011224746704101562,
    -0.01016998291015625,
    -0.009233474731445312,
    -0.008135795593261719,
    -0.010461807250976562,
    -0.008342742919921875,
    -0.006806373596191406,
    -0.00909423828125,
    -0.007081031799316406,
    -0.006549835205078125,
    -0.006117820739746094,
    -0.0054492950439453125,
    -0.006083488464355469,
    -0.0050907135009765625,
    -0.0052394866943359375,
    -0.005513191223144531,
    -0.005631446838378906,
    -0.0038175582885742188,
    -0.00428009033203125,
    -0.004477500915527344,
    -0.00409698486328125,
    -0.002475738525390625,
    -0.0034389495849609375,
    -0.0028600692749023438,
    -0.0029706954956054688,
    -0.0027828216552734375,
    -0.00305938720703125,
    -0.0026531219482421875,
    -0.0021371841430664062,
    -0.0020666122436523438,
    -0.0020132064819335938,
    -0.00220489501953125,
    -0.0020837783813476562,
    -0.0022020339965820312,
    -0.0016918182373046875,
    -0.0016012191772460938,
    -0.0019474029541015625,
    -0.0020093917846679688,
    -0.0019168853759765625,
    -0.0020961761474609375,
    -0.0013456344604492188,
    -0.001659393310546875,
    -0.001708984375,
    -0.0020198822021484375,
    -0.0016117095947265625,
    -0.0017614364624023438,
    -0.0016117095947265625
  ],
  "mean_lid_exact": [
    11.165740966796875,
    9.66163158416748,
    9.131246566772461,
    8.9019193649292,
    8.77934741973877,
    8.720380783081055,
    8.699626922607422,
    8.697901725769043,
    8.704957962036133,
    8.724650382995605,
    8.747381210327148,
    8.77137279510498,
    8.804749488830566,
    8.83398723602295,
    8.861617088317871,
    8.896223068237305,
    8.926353454589844,
    8.95809555053711,
    8.985929489135742,
    9.01602840423584,
    9.045964241027832,
    9.074968338012695,
    9.101838111877441,
    9.127036094665527,
    9.152463912963867,
    9.179168701171875,
    9.20048999786377,
    9.223443984985352,
    9.248557090759277,
    9.271842002868652,
    9.29344367980957,
    9.31624698638916,
    9.337206840515137,
    9.357903480529785,
    9.379023551940918,
    9.397563934326172,
    9.415559768676758,
    9.435989379882812,
    9.453771591186523,
    9.471660614013672,
    9.488609313964844,
    9.504462242126465,
    9.519997596740723,
    9.534724235534668,
    9.54967212677002,
    9.564406394958496,
    9.577754020690918,
    9.590160369873047,
    9.604053497314453,
    9.6162748336792
  ],