{
  "alpha": 1.0,
  "k": [
    10,
    20,
    30,
    40,
    50,
    60,
    70,
    80,
    90,
    100,
    110,
    120,
    130,
    140,
    150,
    160,
    170,
    180,
    190,
    200,
    210,
    220,
    230,
    240,
    250,
    260,
    270,
    280,
    290,
    300,
    310,
    320,
    330,
    340,
    350,
    360,
    370,
    380,
    390,
    400,
    410,
    420,
    430,
    440,
    450,
    460,
    470,
    480,
    490,
    500
  ],
  "mean_overlap": [
    0.9640700000000001,
    0.9772549999999999,
    0.9823066666666668,
    0.984785,
    0.98641,
    0.9876216666666665,
    0.9889899999999999,
    0.9898112499999999,
    0.9906322222222221,
    0.9911479999999999,
    0.9916954545454544,
    0.9923875,
    0.9928761538461538,
    0.9932864285714286,
    0.9936533333333335,
    0.9940175000000001,
    0.9942235294117647,
    0.9945111111111111,
    0.9947289473684212,
    0.994964,
    0.9951561904761904,
    0.9953918181818182,
    0.9955791304347827,
    0.9957233333333334,
    0.9958884,
    0.996016923076923,
    0.9961914814814816,
    0.996342142857143,
    0.9964799999999999,
    0.9965733333333333,
    0.9966958064516128,
    0.9968046875,
    0.9969221212121211,
    0.9970020588235293,
    0.9970765714285713,
    0.9971455555555554,
    0.997205945945946,
    0.9972826315789473,
    0.9973453846153847,
    0.9974192500000001,
    0.9975073170731706,
    0.997572380952381,
    0.9976311627906976,
    0.9976777272727273,
    0.9977328888888889,
    0.9977847826086957,
    0.9978168085106383,
    0.9978620833333335,
    0.9979026530612244,
    0.9979387999999999
  ],
  "mean_exact_dist": [
    76.3860092163086,
    83.12767028808594,
    87.7303466796875,
    91.22197723388672,
    94.04851531982422,
    96.42997741699219,
    98.47911071777344,
    100.27063751220703,
    101.86175537109375,
    103.29212188720703,
    104.59063720703125,
    105.77973937988281,
    106.87802124023438,
    107.89898681640625,
    108.85322570800781,
    109.74933624267578,
    110.59451293945312,
    111.39443969726562,
    112.15373992919922,
    112.87692260742188,
    113.56747436523438,
    114.22858428955078,
    114.86280059814453,
    115.47232818603516,
    116.05916595458984,
    116.6248779296875,
    117.17093658447266,
    117.69877624511719,
    118.20953369140625,
    118.70436096191406,
    119.1842269897461,
    119.65006256103516,
    120.10272216796875,
    120.54293823242188,
    120.97132873535156,
    121.38851165771484,
    121.79499053955078,
    122.1912841796875,
    122.57788848876953,
    122.95525360107422,
    123.32379913330078,
    123.68392181396484,
    124.03596496582031,
    124.38028717041016,
    124.71717834472656,
    125.04698944091797,
    125.3699722290039,
    125.6864242553711,
    125.99659729003906,
    126.30072784423828
  ],
  "mean_ann_dist": [
    76.67818450927734,
    83.2745361328125,
    87.82918548583984,
    91.30352783203125,
    94.11811065673828,
    96.49250030517578,
    98.53396606445312,
    100.3204116821289,
    101.90730285644531,
    103.33390045166016,
    104.62914276123047,
    105.81535339355469,
    106.91110229492188,
    107.92986297607422,
    108.88224029541016,
    109.77666473388672,
    110.62057495117188,
    111.41903686523438,
    112.17729949951172,
    112.89942169189453,
    113.58906555175781,
    114.24917602539062,
    114.88255310058594,
    115.4913101196289,
    116.0775146484375,
    116.64244842529297,
    117.18773651123047,
    117.71495056152344,
    118.22515869140625,
    118.71935272216797,
    119.19872283935547,
    119.66412353515625,
    120.11634063720703,
    120.5560531616211,
    120.98410034179688,
    121.40098571777344,
    121.80713653564453,
    122.2031021118164,
    122.58944702148438,
    122.96637725830078,
    123.33464813232422,
    123.69447326660156,
    124.04627227783203,
    124.3904037475586,
    124.7270736694336,
    125.0566635131836,
    125.37947845458984,
    125.69578552246094,
    126.00577545166016,
    126.30973815917969
  ],
  "mean_barycenter_shift": [
    0.0021016327664256096,
    0.0012229896383360028,
    0.0008964958251453936,
    0.0007564877741970122,
    0.0006583337089978158,
    0.0005943611031398177,
    0.0005228939116932452,
    0.0004752665408886969,
    0.0004307143099140376,
    0.0004063259984832257,
    0.00037973999860696495,
    0.0003439390566200018,
    0.00031892326660454273,
    0.000301059044431895,
    0.0002863206318579614,
    0.00026916502974927425,
    0.0002579076390247792,
    0.0002443105331622064,
    0.00023498556402046233,
    0.0002227319055236876,
    0.00021402678976301104,
    0.00020299806783441454,
    0.00019361503655090928,
    0.00018892409570980817,
    0.00018101258319802582,
    0.00017561450658831745,
    0.00016733612574171275,
    0.0001606354198884219,
    0.00015449099009856582,
    0.00014960794942453504,
    0.0001440462510799989,
    0.00013943838712293655,
    0.00013414188288152218,
    0.0001311511150561273,
    0.00012756850628647953,
    0.00012440203863661736,
    0.00012124776549171656,
    0.00011779511260101572,
    0.00011485667346278206,
    0.00011220574378967285,
    0.0001082521048374474,
    0.00010580244270386174,
    0.00010322601883672178,
    0.00010135596676263958,
    9.91253400570713e-05,
    9.663806849857792e-05,
    9.537774894852191e-05,
    9.246452827937901e-05,
    9.045265323948115e-05,
    8.902908302843571e-05
  ],
  "mean_lid_diff": [
    0.049633026123046875,
    -0.07871437072753906,
    -0.09175777435302734,
    -0.08281707763671875,
    -0.07311630249023438,
    -0.07344245910644531,
    -0.060817718505859375,
    -0.05796623229980469,
    -0.054886817932128906,
    -0.052890777587890625,
    -0.052634239196777344,
    -0.05103874206542969,
    -0.04302978515625,
    -0.041350364685058594,
    -0.03941917419433594,
    -0.03751564025878906,
    -0.036972999572753906,
    -0.03505420684814453,
    -0.03550148010253906,
    -0.03542613983154297,
    -0.034938812255859375,
    -0.03169536590576172,
    -0.03193855285644531,
    -0.03072643280029297,
    -0.0282440185546875,
    -0.029562950134277344,
    -0.029809951782226562,
    -0.027253150939941406,
    -0.02652740478515625,
    -0.025359153747558594,
    -0.02566242218017578,
    -0.024512290954589844,
    -0.02368450164794922,
    -0.02340221405029297,
    -0.023828506469726562,
    -0.02252674102783203,
    -0.022599220275878906,
    -0.022937774658203125,
    -0.021581649780273438,
    -0.021860122680664062,
    -0.01980113983154297,
    -0.0190887451171875,
    -0.020025253295898438,
    -0.018464088439941406,
    -0.020155906677246094,
    -0.019127845764160156,
    -0.018419265747070312,
    -0.018808364868164062,
    -0.018049240112304688,
    -0.017919540405273438
  ],
  "mean_lid_exact": [
    10.996475219726562,
    9.567937850952148,
    9.092788696289062,
    8.86896800994873,
    8.756924629211426,
    8.703058242797852,
    8.683945655822754,
    8.690606117248535,
    8.695237159729004,
    8.72542667388916,
    8.754201889038086,
    8.788507461547852,
    8.818124771118164,
    8.854358673095703,
    8.888816833496094,
    8.924312591552734,
    8.95751953125,
    8.991827964782715,
    9.029470443725586,
    9.06154727935791,
    9.091219902038574,
    9.119490623474121,
    9.149149894714355,
    9.176682472229004,
    9.205205917358398,
    9.235150337219238,
    9.261761665344238,
    9.286431312561035,
    9.312701225280762,
    9.336847305297852,
    9.361105918884277,
    9.382407188415527,
    9.403413772583008,
    9.423199653625488,
    9.443562507629395,
    9.462357521057129,
    9.483094215393066,
    9.501259803771973,
    9.518342018127441,
    9.535828590393066,
    9.55195426940918,
    9.568601608276367,
    9.583741188049316,
    9.599356651306152,
    9.61565113067627,
    9.629172325134277,
    9.641616821289062,
    9.65477180480957,
    9.667396545410156,
    9.67839241027832
  ],