{
  "k": [
    10,
    20,
    30,
    40,
    50,
    60,
    70,
    80,
    90,
    100,
    110,
    120,
    130,
    140,
    150,
    160,
    170,
    180,
    190,
    200,
    210,
    220,
    230,
    240,
    250,
    260,
    270,
    280,
    290,
    300,
    310,
    320,
    330,
    340,
    350,
    360,
    370,
    380,
    390,
    400,
    410,
    420,
    430,
    440,
    450,
    460,
    470,
    480,
    490,
    500
  ],
  "mean_overlap": [
    0.99541,
    0.9941049999999999,
    0.9919233333333334,
    0.98905,
    0.984966,
    0.9792883333333331,
    0.9715228571428571,
    0.9620962500000001,
    0.9513211111111112,
    0.9396909999999999,
    0.9272963636363636,
    0.9141983333333333,
    0.9009230769230772,
    0.8874199999999999,
    0.8739626666666667,
    0.8605893749999999,
    0.8472052941176471,
    0.8340794444444444,
    0.8211942105263159,
    0.80845,
    0.7960476190476191,
    0.7837754545454545,
    0.7718830434782609,
    0.7604158333333333,
    0.7492675999999999,
    0.7383111538461539,
    0.7277259259259259,
    0.7174974999999999,
    0.7074224137931034,
    0.6977496666666667,
    0.6883135483870968,
    0.6790849999999999,
    0.6701660606060607,
    0.661405588235294,
    0.6529882857142858,
    0.6447594444444444,
    0.6367172972972973,
    0.6289218421052631,
    0.621219487179487,
    0.61379275,
    0.6065656097560975,
    0.5995102380952381,
    0.59256,
    0.5858329545454545,
    0.5792157777777778,
    0.5727254347826087,
    0.5664389361702129,
    0.5602968750000001,
    0.5542781632653061,
    0.5483843999999999
  ],
  "mean_exact_dist": [
    75.8409194946289,
    82.43536376953125,
    86.94657135009766,
    90.38887786865234,
    93.17985534667969,
    95.53202056884766,
    97.55919647216797,
    99.33556365966797,
    100.91705322265625,
    102.34223175048828,
    103.63912963867188,
    104.82966613769531,
    105.93107604980469,
    106.95616149902344,
    107.91584014892578,
    108.82388305664062,
    109.67073059082031,
    110.4769515991211,
    111.24687194824219,
    111.97895050048828,
    112.67599487304688,
    113.33236694335938,
    113.97225952148438,
    114.56309509277344,
    115.11295318603516,
    115.74317932128906,
    116.3753890991211,
    116.93860626220703,
    117.42760467529297,
    117.9111099243164,
    118.34565734863281,
    118.89179992675781,
    119.36328887939453,
    119.86030578613281,
    120.53781127929688,
    121.10234832763672,
    121.664306640625,
    122.37088775634766,
    122.9695053100586,
    123.65022277832031,
    124.37106323242188,
    125.14555358886719,
    125.89543151855469,
    126.81639099121094,
    127.9125747680664,
    128.8854522705078,
    129.63473510742188,
    130.3799591064453,
    131.0737762451172,
    131.79824829101562
  ],
  "mean_ann_dist": [
    75.87449645996094,
    82.47528839111328,
    86.99636840820312,
    90.44943237304688,
    93.255859375,
    95.62922668457031,
    97.68605041503906,
    99.50274658203125,
    101.13529968261719,
    102.62191009521484,
    103.99140167236328,
    105.26622772216797,
    106.4640884399414,
    107.59907531738281,
    108.68262481689453,
    109.71694946289062,
    110.71058654785156,
    111.67630004882812,
    112.61784362792969,
    113.53346252441406,
    114.42083740234375,
    115.27897644042969,
    116.120849609375,
    2.847360351846993e+32,
    4.108863032355121e+32,
    5.279992995145319e+32,
    6.378061284241942e+32,
    8.65770233407266e+32,
    8.412240488233056e+32,
    9.350985894273651e+32,
    1.4822795377368666e+33,
    1.1174677379672547e+33,
    2.0860321794466412e+33,
    2.597029842575385e+33,
    1.9328731545887196e+33,
    1.9160042099008924e+33,
    2.115670475639697e+33,
    2.3292217863441363e+33,
    3.7114924810972745e+33,
    2.88302463066628e+33,
    3.346600679452624e+33,
    2.838579488405837e+33,
    3.203416201718739e+33,
    4.046698171114852e+33,
    3.12520129312663e+33,
    3.461769026672431e+33,
    2.830548042915963e+33,
    4.320367718689612e+33,
    3.2738723211146274e+33,
    4.0784937325688674e+33
  ],
  "mean_barycenter_shift": [
    0.0002456759102642536,
    0.0002943697036243975,
    0.00040701322723180056,
    0.0005510954651981592,
    0.0007400165777653456,
    0.0010023836512118578,
    0.0013549997238442302,
    0.0017305430956184864,
    0.0020709261298179626,
    0.00239140004850924,
    0.0026810909621417522,
    0.0029403583612293005,
    0.0031809837091714144,
    0.0034234283957630396,
    0.003659681649878621,
    0.0038836714811623096,
    0.004105410072952509,
    0.004337473306804895,
    0.004570223391056061,
    0.004810589365661144,
    0.00505281426012516,
    0.005290747620165348,
    0.0055305734276771545,
    0.005767998285591602,
    0.006005830131471157,
    0.006240110378712416,
    0.006477723829448223,
    0.0067126075737178326,
    0.00695934658870101,
    0.0072019570507109165,
    0.007449130993336439,
    0.007699722424149513,
    0.00795719400048256,
    0.008219470269978046,
    0.008492182940244675,
    0.008776991628110409,
    0.009079433046281338,
    0.009398198686540127,
    0.009738482534885406,
    0.010093705728650093,
    0.010466465726494789,
    0.010861234739422798,
    0.011281835846602917,
    0.011719423346221447,
    0.012180565856397152,
    0.012660574167966843,
    0.013160821981728077,
    0.013678280636668205,
    0.014217900112271309,
    0.014773426577448845
  ],
  "mean_lid_diff": [
    0.045726776123046875,
    0.014482498168945312,
    -0.022687911987304688,
    -0.0498809814453125,
    -0.0865011215209961,
    -0.12995052337646484,
    -0.18696308135986328,
    -0.2504606246948242,
    -0.31211280822753906,
    -0.3899564743041992,
    -0.4763803482055664,
    -0.5724058151245117,
    -0.6741714477539062,
    -0.7783327102661133,
    -0.8802680969238281,
    -0.9894165992736816,
    -1.1024069786071777,
    -1.2238669395446777,
    -1.3457083702087402,
    -1.466538429260254,
    -1.5936427116394043,
    -1.7173070907592773,
    -1.8453092575073242,
    -1.9765815734863281,
    -2.1137595176696777,
    -2.2538933753967285,
    -2.396550178527832,
    -2.549623966217041,
    -2.7076473236083984,
    -2.863236904144287,
    -3.02913761138916,
    -3.2030420303344727,
    -3.383800983428955,
    -3.56833553314209,
    -3.757596969604492,
    -3.948452949523926,
    -4.146120548248291,
    -4.350345134735107,
    -4.559497833251953,
    -4.767950534820557,
    -4.97882080078125,
    -5.188978672027588,
    -5.396778583526611,
    -5.607883930206299,
    -5.825792074203491,
    -6.041885852813721,
    -6.249314308166504,
    -6.453062295913696,
    -6.650036334991455,
    -6.8502585887908936
  ],
  "mean_lid_exact": [
    11.189666748046875,
    9.678772926330566,
    9.151755332946777,
    8.92019271850586,
    8.789591789245605,
    8.731404304504395,
    8.700028419494629,
    8.693490028381348,
    8.686240196228027,
    8.70059871673584,
    8.721681594848633,
    8.746597290039062,
    8.774813652038574,
    8.803258895874023,
    8.826647758483887,
    8.854053497314453,
    8.882424354553223,
    8.914691925048828,
    8.945989608764648,
    8.977972030639648,
    9.0093355178833,
    9.038050651550293,
    9.0651273727417,
    9.092148780822754,
    9.120648384094238,
    9.149796485900879,
    9.176254272460938,
    9.204669952392578,
    9.231734275817871,
    9.256725311279297,
    9.279006958007812,
    9.30236530303955,
    9.324355125427246,
    9.344680786132812,
    9.365589141845703,
    9.386211395263672,
    9.406376838684082,
    9.42652702331543,
    9.444517135620117,
    9.461812019348145,
    9.477593421936035,
    9.495132446289062,
    9.511894226074219,
    9.5261812210083,
    9.540984153747559,
    9.555222511291504,
    9.569696426391602,
    9.582456588745117,
    9.59473705291748,
    9.607583999633789
  ],