{
  "k": [
    10,
    20,
    30,
    40,
    50,
    60,
    70,
    80,
    90,
    100,
    110,
    120,
    130,
    140,
    150,
    160,
    170,
    180,
    190,
    200,
    210,
    220,
    230,
    240,
    250,
    260,
    270,
    280,
    290,
    300,
    310,
    320,
    330,
    340,
    350,
    360,
    370,
    380,
    390,
    400,
    410,
    420,
    430,
    440,
    450,
    460,
    470,
    480,
    490,
    500
  ],
  "mean_overlap": [
    0.9912,
    0.9885200000000001,
    0.9847433333333334,
    0.97993,
    0.9739199999999999,
    0.9663266666666667,
    0.9567700000000001,
    0.9450925000000001,
    0.9319155555555557,
    0.918024,
    0.9035981818181819,
    0.888905,
    0.8740084615384618,
    0.8592585714285713,
    0.8444953333333333,
    0.8297924999999999,
    0.8152170588235295,
    0.8009466666666667,
    0.7867289473684211,
    0.772983,
    0.7593647619047619,
    0.7461804545454546,
    0.7333786956521738,
    0.7208320833333334,
    0.7086,
    0.6968980769230768,
    0.6854092592592593,
    0.6743471428571429,
    0.6636720689655172,
    0.6532756666666666,
    0.6431016129032258,
    0.6332612500000001,
    0.6237387878787879,
    0.6144394117647058,
    0.6055394285714285,
    0.5967600000000001,
    0.5882643243243243,
    0.5800197368421054,
    0.5719441025641026,
    0.56411725,
    0.5564753658536585,
    0.5490869047619048,
    0.5418362790697674,
    0.5348361363636364,
    0.5280037777777777,
    0.5213941304347827,
    0.5149068085106383,
    0.5085695833333334,
    0.5023826530612245,
    0.4963196000000001
  ],
  "mean_exact_dist": [
    75.09825134277344,
    81.74637603759766,
    86.27167510986328,
    89.72003936767578,
    92.51799011230469,
    94.88604736328125,
    96.93656158447266,
    98.73690795898438,
    100.3368911743164,
    101.77715301513672,
    103.0865707397461,
    104.28713989257812,
    105.39643859863281,
    106.427978515625,
    107.46115112304688,
    108.36766815185547,
    109.16091918945312,
    109.95146179199219,
    110.66082000732422,
    111.36165618896484,
    112.07280731201172,
    112.69488525390625,
    113.20787811279297,
    113.91622161865234,
    114.63650512695312,
    115.38721466064453,
    116.19874572753906,
    117.05831146240234,
    117.70929718017578,
    118.50243377685547,
    119.15579223632812,
    119.90894317626953,
    120.77811431884766,
    121.63191986083984,
    122.5517578125,
    123.48519897460938,
    124.41673278808594,
    125.29512023925781,
    126.40782928466797,
    127.14863586425781,
    128.0808563232422,
    128.7438201904297,
    129.19769287109375,
    129.75094604492188,
    130.70968627929688,
    131.2339630126953,
    131.92892456054688,
    132.60069274902344,
    133.30221557617188,
    133.31163024902344
  ],
  "mean_ann_dist": [
    75.17925262451172,
    81.83384704589844,
    86.37491607666016,
    89.84410095214844,
    92.66836547851562,
    95.07013702392578,
    97.16529083251953,
    99.02275085449219,
    100.69564056396484,
    102.22344970703125,
    103.63487243652344,
    104.9532241821289,
    106.19652557373047,
    107.38232421875,
    4.558523087674848e+32,
    2.140248227694659e+32,
    110.58464050292969,
    3.808334905574268e+32,
    1.8057670807706997e+32,
    5.158398655924086e+32,
    9.865401045623347e+32,
    1.5776601871412217e+33,
    4.5583501629256105e+32,
    1.174683624415471e+33,
    2.1405892801754823e+33,
    3.0640758372918456e+33,
    3.1483668650817773e+33,
    2.300155882676745e+33,
    2.276601752291767e+33,
    4.2646904369677226e+33,
    3.4681988872364794e+33,
    4.2754410177538866e+33,
    4.998410999066961e+33,
    4.264120984549651e+33,
    6.02480410731401e+33,
    3.741200566160045e+33,
    7.252079293160947e+33,
    6.614951787992038e+33,
    7.422945348113292e+33,
    6.607753166663594e+33,
    6.762084675481224e+33,
    5.25370301727352e+33,
    6.33083340751569e+33,
    6.50771956487908e+33,
    5.830591741160782e+33,
    7.545926644406039e+33,
    7.184173330245987e+33,
    6.732120955800341e+33,
    7.037301029135071e+33,
    8.560562726614985e+33
  ],
  "mean_barycenter_shift": [
    0.0004798689915332943,
    0.0005988706834614277,
    0.0007773514953441918,
    0.0009804455330595374,
    0.0012125825742259622,
    0.0015034249518066645,
    0.0018806783482432365,
    0.002284427173435688,
    0.0026698678266257048,
    0.003029170213267207,
    0.003324432298541069,
    0.00360276410356164,
    0.003871419932693243,
    0.00411928491666913,
    0.004365413449704647,
    0.004616453777998686,
    0.004881400149315596,
    0.005153822246938944,
    0.005442261230200529,
    0.005739203188568354,
    0.006051743868738413,
    0.0063664913177490234,
    0.0066870832815766335,
    0.007017773576080799,
    0.007354528643190861,
    0.007702545262873173,
    0.008068189024925232,
    0.008449830114841461,
    0.008854011073708534,
    0.009285861626267433,
    0.009740740992128849,
    0.010226830840110779,
    0.010733509436249733,
    0.011263526976108551,
    0.011819259263575077,
    0.012405415996909142,
    0.013018605299293995,
    0.013657333329319954,
    0.014319716952741146,
    0.015000445768237114,
    0.015699978917837143,
    0.01641843281686306,
    0.017150968313217163,
    0.01789231225848198,
    0.01864170841872692,
    0.01939418539404869,
    0.020151101052761078,
    0.02091388963162899,
    0.0216778926551342,
    0.022442486137151718
  ],
  "mean_lid_diff": [
    0.07888984680175781,
    0.018436431884765625,
    -0.0268707275390625,
    -0.06969356536865234,
    -0.11785316467285156,
    -0.17083740234375,
    -0.24967098236083984,
    -0.3231182098388672,
    -0.4137420654296875,
    -0.5044145584106445,
    -0.6164226531982422,
    -0.7317905426025391,
    -0.8478217124938965,
    -0.9753751754760742,
    -1.1219801902770996,
    -1.2612614631652832,
    -1.408987045288086,
    -1.5631561279296875,
    -1.7184844017028809,
    -1.8841767311096191,
    -2.061002731323242,
    -2.243229866027832,
    -2.432943344116211,
    -2.624199867248535,
    -2.8292336463928223,
    -3.042755603790283,
    -3.2690443992614746,
    -3.49951171875,
    -3.739499092102051,
    -3.986024856567383,
    -4.237098693847656,
    -4.487685203552246,
    -4.751583576202393,
    -5.0160675048828125,
    -5.281497001647949,
    -5.544281244277954,
    -5.810384273529053,
    -6.073820352554321,
    -6.3372251987457275,
    -6.5838847160339355,
    -6.817408323287964,
    -7.0457422733306885,
    -7.261319637298584,
    -7.468055486679077,
    -7.668025493621826,
    -7.867035269737244,
    -8.049668908119202,
    -8.220172047615051,
    -8.373106360435486,
    -8.51990008354187
  ],
  "mean_lid_exact": [
    11.0145902633667,
    9.54666805267334,
    9.051956176757812,
    8.82036304473877,
    8.698417663574219,
    8.635246276855469,
    8.620504379272461,
    8.61766242980957,
    8.628670692443848,
    8.648420333862305,
    8.673349380493164,
    8.704195022583008,
    8.727757453918457,
    8.758145332336426,
    8.793351173400879,
    8.821867942810059,
    8.853266716003418,
    8.887017250061035,
    8.91703987121582,
    8.948386192321777,
    8.979559898376465,
    9.010269165039062,
    9.039985656738281,
    9.068266868591309,
    9.095918655395508,
    9.123649597167969,
    9.150409698486328,
    9.176047325134277,
    9.202269554138184,
    9.225462913513184,
    9.24923324584961,
    9.270979881286621,
    9.292171478271484,
    9.312414169311523,
    9.332186698913574,
    9.351858139038086,
    9.370054244995117,
    9.387842178344727,
    9.407402038574219,
    9.422758102416992,
    9.43834114074707,
    9.455111503601074,
    9.470062255859375,
    9.484347343444824,
    9.499384880065918,
    9.513423919677734,
    9.525367736816406,
    9.53796672821045,
    9.548824310302734,
    9.560578346252441
  ],