{
  "alpha": 2.0,
  "k": [
    10,
    20,
    30,
    40,
    50,
    60,
    70,
    80,
    90,
    100,
    110,
    120,
    130,
    140,
    150,
    160,
    170,
    180,
    190,
    200,
    210,
    220,
    230,
    240,
    250,
    260,
    270,
    280,
    290,
    300,
    310,
    320,
    330,
    340,
    350,
    360,
    370,
    380,
    390,
    400,
    410,
    420,
    430,
    440,
    450,
    460,
    470,
    480,
    490,
    500
  ],
  "mean_overlap": [
    0.9931900000000001,
    0.992935,
    0.9951266666666666,
    0.9960724999999998,
    0.9968160000000001,
    0.9973033333333333,
    0.9976157142857143,
    0.9979162500000001,
    0.9981611111111113,
    0.99836,
    0.9984954545454546,
    0.9986141666666667,
    0.998733846153846,
    0.9988078571428572,
    0.9989,
    0.998968125,
    0.9990229411764705,
    0.9990666666666667,
    0.9991231578947368,
    0.999159,
    0.999195238095238,
    0.999244090909091,
    0.9992800000000001,
    0.9993183333333334,
    0.9993540000000001,
    0.9993811538461538,
    0.9994007407407409,
    0.9994292857142857,
    0.9994555172413792,
    0.999476,
    0.9994964516129032,
    0.9995184375,
    0.9995384848484847,
    0.9995470588235293,
    0.9995588571428572,
    0.9995730555555555,
    0.9995813513513513,
    0.9995949999999999,
    0.999612564102564,
    0.999633,
    0.9996441463414634,
    0.9996511904761904,
    0.9996632558139534,
    0.9996738636363636,
    0.9996864444444443,
    0.9996939130434783,
    0.9997014893617022,
    0.9997087500000001,
    0.9997175510204083,
    0.9997219999999999
  ],
  "mean_exact_dist": [
    75.09825134277344,
    81.74637603759766,
    86.27167510986328,
    89.72003936767578,
    92.51799011230469,
    94.88604736328125,
    96.93656158447266,
    98.73690795898438,
    100.3368911743164,
    101.77715301513672,
    103.0865707397461,
    104.28713989257812,
    105.39643859863281,
    106.427978515625,
    107.39188385009766,
    108.29706573486328,
    109.15045928955078,
    109.95767211914062,
    110.72367858886719,
    111.45279693603516,
    112.14859008789062,
    112.81407165527344,
    113.45189666748047,
    114.06441497802734,
    114.6535873413086,
    115.22127532958984,
    115.76892852783203,
    116.29806518554688,
    116.80979919433594,
    117.30529022216797,
    117.78559875488281,
    118.25152587890625,
    118.70388793945312,
    119.14350128173828,
    119.57107543945312,
    119.98711395263672,
    120.39228820800781,
    120.7870864868164,
    121.17195129394531,
    121.54743957519531,
    121.91402435302734,
    122.27210235595703,
    122.62202453613281,
    122.96417236328125,
    123.29883575439453,
    123.62637329101562,
    123.94703674316406,
    124.26112365722656,
    124.56892395019531,
    124.87067413330078
  ],
  "mean_ann_dist": [
    75.15904998779297,
    81.7955551147461,
    86.3011245727539,
    89.74320983886719,
    92.5369644165039,
    94.90234375,
    96.95065307617188,
    98.74943542480469,
    100.3479995727539,
    101.78702545166016,
    103.09561920166016,
    104.29569244384766,
    105.40422821044922,
    106.43509674072266,
    107.39859771728516,
    108.30337524414062,
    109.1563491821289,
    109.96330261230469,
    110.72891235351562,
    111.4578628540039,
    112.15343475341797,
    112.81863403320312,
    113.4562759399414,
    114.06857299804688,
    114.65756225585938,
    115.22503662109375,
    115.77255249023438,
    116.30157470703125,
    116.81316375732422,
    117.3084716796875,
    117.78863525390625,
    118.25444793701172,
    118.70670318603516,
    119.14628601074219,
    119.57382202148438,
    119.98977661132812,
    120.3948745727539,
    120.78959655761719,
    121.17440032958984,
    121.54975128173828,
    121.91627502441406,
    122.27428436279297,
    122.62415313720703,
    122.96623992919922,
    123.30082702636719,
    123.62832641601562,
    123.94891357421875,
    124.26294708251953,
    124.5707015991211,
    124.8724136352539
  ],
  "mean_barycenter_shift": [
    0.00036291006836108863,
    0.00036278454354032874,
    0.00024984858464449644,
    0.00019307972979731858,
    0.0001547669235151261,
    0.0001305468613281846,
    0.00011393499153200537,
    9.82059573289007e-05,
    8.54495883686468e-05,
    7.696540706092492e-05,
    6.977821612963453e-05,
    6.319934618659317e-05,
    5.79113548155874e-05,
    5.523496292880736e-05,
    5.104619776830077e-05,
    4.820375397684984e-05,
    4.600140528054908e-05,
    4.4071883166907355e-05,
    4.127889405936003e-05,
    3.963040217058733e-05,
    3.7863050238229334e-05,
    3.559566175681539e-05,
    3.372970604686998e-05,
    3.1715884688310325e-05,
    3.0159488233039156e-05,
    2.8839775040978566e-05,
    2.8013058908982202e-05,
    2.664032217580825e-05,
    2.5640905732871033e-05,
    2.4908704290282913e-05,
    2.4107464923872612e-05,
    2.289673466293607e-05,
    2.203881012974307e-05,
    2.1644666048814543e-05,
    2.1098177967360243e-05,
    2.0589728592312895e-05,
    2.017352198890876e-05,
    1.9601739040808752e-05,
    1.8661306967260316e-05,
    1.7906961147673428e-05,
    1.732430246192962e-05,
    1.711355071165599e-05,
    1.6578156646573916e-05,
    1.60488962137606e-05,
    1.5373814676422626e-05,
    1.5005755813035648e-05,
    1.4635498700954486e-05,
    1.4377388652064838e-05,
    1.3989193575980607e-05,
    1.389943190588383e-05
  ],
  "mean_lid_diff": [
    0.03280353546142578,
    0.0032863616943359375,
    -0.014619827270507812,
    -0.005828857421875,
    -0.010220527648925781,
    -0.005988121032714844,
    -0.006497383117675781,
    -0.008136749267578125,
    -0.005915641784667969,
    -0.0040721893310546875,
    -0.006796836853027344,
    -0.005801200866699219,
    -0.004826545715332031,
    -0.0052471160888671875,
    -0.006852149963378906,
    -0.00469970703125,
    -0.004830360412597656,
    -0.004303932189941406,
    -0.004897117614746094,
    -0.0038623809814453125,
    -0.0035457611083984375,
    -0.003467559814453125,
    -0.0032806396484375,
    -0.003513336181640625,
    -0.003108978271484375,
    -0.0034246444702148438,
    -0.0029611587524414062,
    -0.0024976730346679688,
    -0.0029191970825195312,
    -0.0026865005493164062,
    -0.0025873184204101562,
    -0.0024204254150390625,
    -0.0025529861450195312,
    -0.0027189254760742188,
    -0.0024280548095703125,
    -0.0021314620971679688,
    -0.0022993087768554688,
    -0.0022640228271484375,
    -0.0021915435791015625,
    -0.0021200180053710938,
    -0.0017538070678710938,
    -0.002178192138671875,
    -0.001941680908203125,
    -0.0015707015991210938,
    -0.001918792724609375,
    -0.0017766952514648438,
    -0.0016698837280273438,
    -0.0014524459838867188,
    -0.001934051513671875,
    -0.0019550323486328125
  ],
  "mean_lid_exact": [
    11.0145902633667,
    9.54666805267334,
    9.051956176757812,
    8.82036304473877,
    8.698417663574219,
    8.635246276855469,
    8.620504379272461,
    8.61766242980957,
    8.628670692443848,
    8.648420333862305,
    8.673349380493164,
    8.704195022583008,
    8.727757453918457,
    8.758145332336426,
    8.793351173400879,
    8.821867942810059,
    8.853266716003418,
    8.887017250061035,
    8.91703987121582,
    8.948386192321777,
    8.979559898376465,
    9.010269165039062,
    9.039985656738281,
    9.068266868591309,
    9.095918655395508,
    9.123649597167969,
    9.150409698486328,
    9.176047325134277,
    9.202269554138184,
    9.225462913513184,
    9.24923324584961,
    9.270979881286621,
    9.292171478271484,
    9.312414169311523,
    9.332186698913574,
    9.351858139038086,
    9.370054244995117,
    9.387842178344727,
    9.407402038574219,
    9.422758102416992,
    9.43834114074707,
    9.455111503601074,
    9.470062255859375,
    9.484347343444824,
    9.499384880065918,
    9.513423919677734,
    9.525367736816406,
    9.53796672821045,
    9.548824310302734,
    9.560578346252441
  ],