{
  "k": [
    10,
    20,
    30,
    40,
    50,
    60,
    70,
    80,
    90,
    100,
    110,
    120,
    130,
    140,
    150,
    160,
    170,
    180,
    190,
    200,
    210,
    220,
    230,
    240,
    250,
    260,
    270,
    280,
    290,
    300,
    310,
    320,
    330,
    340,
    350,
    360,
    370,
    380,
    390,
    400,
    410,
    420,
    430,
    440,
    450,
    460,
    470,
    480,
    490,
    500
  ],
  "mean_overlap": [
    0.9962799999999999,
    0.994705,
    0.9928166666666668,
    0.9902199999999999,
    0.9867440000000001,
    0.981825,
    0.9749700000000001,
    0.9663625,
    0.9566022222222222,
    0.945773,
    0.9340972727272727,
    0.9218691666666665,
    0.908883076923077,
    0.8961085714285715,
    0.8830393333333334,
    0.8699206250000001,
    0.8570623529411765,
    0.8443188888888888,
    0.8318352631578946,
    0.8194560000000002,
    0.807572380952381,
    0.7955295454545455,
    0.784,
    0.77275625,
    0.7617987999999999,
    0.7512015384615385,
    0.7407955555555557,
    0.7307135714285714,
    0.72091,
    0.7113423333333333,
    0.7019487096774194,
    0.6928603124999999,
    0.6840127272727272,
    0.6754473529411764,
    0.6670865714285714,
    0.6589755555555555,
    0.6510505405405406,
    0.6433186842105263,
    0.6357917948717948,
    0.6283885,
    0.6212390243902438,
    0.6142583333333332,
    0.6074209302325582,
    0.6007168181818182,
    0.5941486666666668,
    0.587780652173913,
    0.5815863829787234,
    0.575469375,
    0.5694967346938776,
    0.5636681999999998
  ],
  "mean_exact_dist": [
    75.55923461914062,
    82.13717651367188,
    86.73735046386719,
    90.23989868164062,
    93.05348205566406,
    95.4113998413086,
    97.44730377197266,
    99.23202514648438,
    100.82064819335938,
    102.2510986328125,
    103.55319213867188,
    104.74845123291016,
    105.85348510742188,
    106.880859375,
    107.84087371826172,
    108.74237823486328,
    109.59239959716797,
    110.39675903320312,
    111.1522445678711,
    111.93173217773438,
    112.62644958496094,
    113.2822494506836,
    113.89888000488281,
    114.51075744628906,
    115.09489440917969,
    115.66704559326172,
    116.23169708251953,
    116.7713623046875,
    117.23626708984375,
    117.62911224365234,
    118.06526947021484,
    118.44743347167969,
    118.7828140258789,
    119.17842102050781,
    119.5440902709961,
    119.9360580444336,
    120.33711242675781,
    120.78133392333984,
    121.25889587402344,
    121.77044677734375,
    122.21755981445312,
    122.76557922363281,
    123.35025024414062,
    123.86526489257812,
    124.40554809570312,
    124.86438751220703,
    125.67765808105469,
    126.2425537109375,
    126.83806610107422,
    127.71513366699219
  ],
  "mean_ann_dist": [
    75.59183502197266,
    82.1739273071289,
    86.7814712524414,
    90.29399108886719,
    93.12081909179688,
    95.49653625488281,
    97.557373046875,
    99.37674713134766,
    101.00938415527344,
    102.49394989013672,
    103.8609390258789,
    105.13191223144531,
    106.3239517211914,
    107.45101165771484,
    108.52487182617188,
    109.55448913574219,
    110.54707336425781,
    111.5094223022461,
    8.980843369952372e+32,
    5.135562143905631e+32,
    1.6313219864222758e+32,
    1.5576414394231247e+32,
    115.7876968383789,
    116.59136962890625,
    117.376220703125,
    2.6410618997189693e+32,
    3.820649700971322e+32,
    4.9192232243464785e+32,
    120.3460464477539,
    4.619321804710514e+32,
    3.369543576943205e+32,
    1.2032924187233561e+33,
    7.489220015541484e+32,
    5.235016312380507e+32,
    6.149495385657273e+32,
    1.3090415896692508e+33,
    1.6853071201673408e+33,
    1.9603325215701282e+33,
    1.265648851184705e+33,
    2.228500663610304e+33,
    2.605375724835237e+33,
    2.1267525148713797e+33,
    2.4331394250019082e+33,
    2.2575818867856815e+33,
    2.973196492612837e+33,
    3.019364228437946e+33,
    2.4696020204040297e+33,
    3.1516963048174353e+33,
    3.443216328788671e+33,
    3.8914827731091724e+33
  ],
  "mean_barycenter_shift": [
    0.0001896309549920261,
    0.00026262926985509694,
    0.00035422295331954956,
    0.0004888062248937786,
    0.0006480730371549726,
    0.0008764350786805153,
    0.001212161616422236,
    0.0015925208572298288,
    0.001928658690303564,
    0.0022307236213237047,
    0.002500236965715885,
    0.002742171986028552,
    0.002970985369756818,
    0.0031859474256634712,
    0.0033913550432771444,
    0.003603456076234579,
    0.0038085156120359898,
    0.004025501664727926,
    0.004246586933732033,
    0.004463339224457741,
    0.00469217449426651,
    0.004934503231197596,
    0.005166660062968731,
    0.005402994807809591,
    0.005635231267660856,
    0.005864637903869152,
    0.0060956100933253765,
    0.006321064196527004,
    0.006544833537191153,
    0.006769132800400257,
    0.006998558063060045,
    0.007225824054330587,
    0.007458167150616646,
    0.007690540514886379,
    0.007932877168059349,
    0.008181482553482056,
    0.008440753445029259,
    0.008715317584574223,
    0.009004953317344189,
    0.009315268136560917,
    0.00964517891407013,
    0.010000387206673622,
    0.010383947752416134,
    0.010795267298817635,
    0.011237109079957008,
    0.01170587632805109,
    0.012204020284116268,
    0.012735750526189804,
    0.013298933394253254,
    0.013891573995351791
  ],
  "mean_lid_diff": [
    0.018863677978515625,
    0.002483367919921875,
    -0.02053070068359375,
    -0.04138946533203125,
    -0.06725597381591797,
    -0.1039133071899414,
    -0.1553354263305664,
    -0.20818424224853516,
    -0.2671518325805664,
    -0.33576297760009766,
    -0.41401195526123047,
    -0.5016307830810547,
    -0.5912370681762695,
    -0.6898660659790039,
    -0.7891721725463867,
    -0.8925895690917969,
    -1.004598617553711,
    -1.1155962944030762,
    -1.235581398010254,
    -1.3518152236938477,
    -1.4724493026733398,
    -1.589369297027588,
    -1.7082080841064453,
    -1.8271799087524414,
    -1.951035499572754,
    -2.07285737991333,
    -2.2009081840515137,
    -2.330829620361328,
    -2.4653725624084473,
    -2.609304428100586,
    -2.759115695953369,
    -2.9101481437683105,
    -3.0682291984558105,
    -3.223328113555908,
    -3.381326198577881,
    -3.549473285675049,
    -3.721222400665283,
    -3.8986902236938477,
    -4.081695556640625,
    -4.269837856292725,
    -4.458914279937744,
    -4.650710582733154,
    -4.854217529296875,
    -5.056029796600342,
    -5.26017427444458,
    -5.467784404754639,
    -5.673434257507324,
    -5.879873275756836,
    -6.082433462142944,
    -6.287337779998779
  ],
  "mean_lid_exact": [
    11.095666885375977,
    9.605415344238281,
    9.058934211730957,
    8.837571144104004,
    8.726156234741211,
    8.661084175109863,
    8.639104843139648,
    8.631937026977539,
    8.646387100219727,
    8.667332649230957,
    8.692510604858398,
    8.725726127624512,
    8.760945320129395,
    8.798789024353027,
    8.834794044494629,
    8.871407508850098,
    8.909622192382812,
    8.94542121887207,
    8.982343673706055,
    9.016335487365723,
    9.0516939163208,
    9.083623886108398,
    9.116090774536133,
    9.146827697753906,
    9.176966667175293,
    9.204686164855957,
    9.23068618774414,
    9.258277893066406,
    9.285614013671875,
    9.312666893005371,
    9.34048843383789,
    9.365837097167969,
    9.389573097229004,
    9.411426544189453,
    9.432451248168945,
    9.453962326049805,
    9.475825309753418,
    9.496142387390137,
    9.515544891357422,
    9.535019874572754,
    9.552567481994629,
    9.568090438842773,
    9.585650444030762,
    9.600568771362305,
    9.615628242492676,
    9.630697250366211,
    9.6441068649292,
    9.657221794128418,
    9.669744491577148,
    9.682737350463867
  ],