{
  "k": [
    10,
    20,
    30,
    40,
    50,
    60,
    70,
    80,
    90,
    100,
    110,
    120,
    130,
    140,
    150,
    160,
    170,
    180,
    190,
    200,
    210,
    220,
    230,
    240,
    250,
    260,
    270,
    280,
    290,
    300,
    310,
    320,
    330,
    340,
    350,
    360,
    370,
    380,
    390,
    400,
    410,
    420,
    430,
    440,
    450,
    460,
    470,
    480,
    490,
    500
  ],
  "mean_overlap": [
    0.9817899999999999,
    0.971985,
    0.9525466666666668,
    0.92399,
    0.892382,
    0.86057,
    0.8292328571428574,
    0.7996012499999999,
    0.7718633333333335,
    0.745983,
    0.7214554545454546,
    0.6984616666666666,
    0.6769184615384615,
    0.6565828571428571,
    0.6374566666666668,
    0.619355625,
    0.6024494117647058,
    0.5866544444444444,
    0.5715863157894737,
    0.5573329999999999,
    0.5437433333333335,
    0.5308904545454545,
    0.5186539130434783,
    0.5070287499999999,
    0.49592600000000003,
    0.4854,
    0.4753366666666667,
    0.46572749999999996,
    0.4564965517241379,
    0.44768933333333333,
    0.43924580645161293,
    0.43112124999999996,
    0.42333424242424245,
    0.4158052941176471,
    0.40860314285714283,
    0.40167416666666667,
    0.39497054054054054,
    0.38855,
    0.38228179487179487,
    0.37628225000000004,
    0.37048243902439026,
    0.3648688095238095,
    0.35937023255813955,
    0.3540709090909091,
    0.3489637777777778,
    0.3439463043478261,
    0.339141914893617,
    0.3344639583333333,
    0.329875306122449,
    0.325462
  ],
  "mean_exact_dist": [
    75.8409194946289,
    82.43536376953125,
    86.94657135009766,
    90.38887786865234,
    93.17985534667969,
    95.53202056884766,
    97.56942749023438,
    99.33419799804688,
    100.9117202758789,
    102.32592010498047,
    103.66817474365234,
    104.7590103149414,
    105.75787353515625,
    106.60303497314453,
    107.53346252441406,
    108.33769989013672,
    109.34029388427734,
    110.25577545166016,
    111.12732696533203,
    112.27092742919922,
    113.76107788085938,
    115.14984130859375,
    116.54522705078125,
    117.8718490600586,
    119.23479461669922,
    120.78618621826172,
    122.38098907470703,
    124.35621643066406,
    126.44796752929688,
    128.61013793945312,
    131.013916015625,
    133.26406860351562,
    135.81455993652344,
    137.335693359375,
    140.45547485351562,
    143.97100830078125,
    145.97862243652344,
    148.8853302001953,
    153.07080078125,
    152.8074188232422,
    152.9857635498047,
    153.4279022216797,
    154.13754272460938,
    156.7410888671875,
    159.62066650390625,
    161.50143432617188,
    165.32850646972656,
    166.03431701660156,
    169.7481689453125,
    176.98614501953125
  ],
  "mean_ann_dist": [
    75.99330139160156,
    82.62806701660156,
    87.22769165039062,
    90.8342514038086,
    93.86685943603516,
    96.5197982788086,
    98.8965835571289,
    101.04409790039062,
    103.05044555664062,
    3.415117952633234e+32,
    1.245235374679394e+33,
    1.4344831370475728e+33,
    2.93627585939618e+33,
    2.760036216218307e+33,
    3.8038969679046826e+33,
    5.252398228472113e+33,
    7.77214656924501e+33,
    7.428982162714867e+33,
    1.0483667296353704e+34,
    1.464629886163264e+34,
    1.470577073905995e+34,
    1.7319616759128988e+34,
    1.4265040564213608e+34,
    1.686613085011785e+34,
    1.2985623343911971e+34,
    1.984476066156311e+34,
    1.7040946552765534e+34,
    1.6433996930904305e+34,
    1.9508872866583886e+34,
    1.66886882387068e+34,
    2.4204017957101862e+34,
    2.387834564332682e+34,
    2.9902637243464568e+34,
    2.887010859489781e+34,
    1.3714916103975696e+34,
    1.521494909455846e+34,
    2.5354641133656288e+34,
    1.1554579513778543e+34,
    2.555494478377282e+34,
    1.7723039135011386e+34,
    2.405672289946753e+34,
    7.865981186282803e+33,
    2.6378474491387104e+34,
    166.93418884277344,
    1.2603049116231178e+34,
    171.74386596679688,
    175.8951873779297,
    2.2153798609279223e+34,
    180.48912048339844,
    187.6167755126953
  ],
  "mean_barycenter_shift": [
    0.000998921226710081,
    0.0014520237455144525,
    0.0026296372525393963,
    0.004040877800434828,
    0.005056373775005341,
    0.005736252758651972,
    0.006313502322882414,
    0.006796845234930515,
    0.007234933320432901,
    0.00769015634432435,
    0.00814874842762947,
    0.00862886942923069,
    0.009151817299425602,
    0.009706907905638218,
    0.010297726839780807,
    0.010934055782854557,
    0.011609986424446106,
    0.01234809122979641,
    0.013154326938092709,
    0.014035927131772041,
    0.015002877451479435,
    0.01605738140642643,
    0.017193108797073364,
    0.0184057354927063,
    0.019681274890899658,
    0.021006926894187927,
    0.02237701043486595,
    0.023782016709446907,
    0.025207314640283585,
    0.02663358673453331,
    0.028059661388397217,
    0.02947336435317993,
    0.030869007110595703,
    0.032236553728580475,
    0.03356567770242691,
    0.034853968769311905,
    0.036098867654800415,
    0.037295710295438766,
    0.038445066660642624,
    0.039543814957141876,
    0.04059264436364174,
    0.041593968868255615,
    0.04255089536309242,
    0.04346054419875145,
    0.04432883486151695,
    0.04515412077307701,
    0.04594016447663307,
    0.04668936878442764,
    0.04740327596664429,
    0.048083461821079254
  ],
  "mean_lid_diff": [
    0.035556793212890625,
    -0.07986736297607422,
    -0.25096893310546875,
    -0.4947853088378906,
    -0.7116022109985352,
    -0.9476814270019531,
    -1.1780848503112793,
    -1.4304323196411133,
    -1.659475326538086,
    -1.9111642837524414,
    -2.1705641746520996,
    -2.435123920440674,
    -2.710906505584717,
    -2.9997949600219727,
    -3.28605318069458,
    -3.601902961730957,
    -3.9298696517944336,
    -4.280788421630859,
    -4.655762195587158,
    -5.039217233657837,
    -5.430088758468628,
    -5.809105634689331,
    -6.176443576812744,
    -6.527003526687622,
    -6.8637919425964355,
    -7.190917134284973,
    -7.488128066062927,
    -7.768846154212952,
    -8.024898290634155,
    -8.244374513626099,
    -8.439138412475586,
    -8.614165723323822,
    -8.760762810707092,
    -8.884406566619873,
    -8.988927185535431,
    -9.072387039661407,
    -9.142937690019608,
    -9.204238325357437,
    -9.25664147734642,
    -9.298454910516739,
    -9.33841247856617,
    -9.368946850299835,
    -9.394022606313229,
    -9.416598118841648,
    -9.436400316655636,
    -9.456002995371819,
    -9.473228082060814,
    -9.489039719104767,
    -9.50274133682251,
    -9.51755153387785
  ],
  "mean_lid_exact": [
    11.189666748046875,
    9.678772926330566,
    9.151755332946777,
    8.92019271850586,
    8.789591789245605,
    8.731404304504395,
    8.700028419494629,
    8.693490028381348,
    8.686240196228027,
    8.70059871673584,
    8.721681594848633,
    8.746597290039062,
    8.774813652038574,
    8.803258895874023,
    8.826647758483887,
    8.854053497314453,
    8.882424354553223,
    8.914691925048828,
    8.945989608764648,
    8.977972030639648,
    9.0093355178833,
    9.038050651550293,
    9.0651273727417,
    9.092148780822754,
    9.120648384094238,
    9.149796485900879,
    9.176254272460938,
    9.204669952392578,
    9.231734275817871,
    9.256725311279297,
    9.279006958007812,
    9.30236530303955,
    9.324355125427246,
    9.344680786132812,
    9.365589141845703,
    9.386211395263672,
    9.406376838684082,
    9.42652702331543,
    9.444517135620117,
    9.461812019348145,
    9.477593421936035,
    9.495132446289062,
    9.511894226074219,
    9.5261812210083,
    9.540984153747559,
    9.555222511291504,
    9.569696426391602,
    9.582456588745117,
    9.59473705291748,
    9.607583999633789
  ],