{
  "k": [
    10,
    20,
    30,
    40,
    50,
    60,
    70,
    80,
    90,
    100,
    110,
    120,
    130,
    140,
    150,
    160,
    170,
    180,
    190,
    200,
    210,
    220,
    230,
    240,
    250,
    260,
    270,
    280,
    290,
    300,
    310,
    320,
    330,
    340,
    350,
    360,
    370,
    380,
    390,
    400,
    410,
    420,
    430,
    440,
    450,
    460,
    470,
    480,
    490,
    500
  ],
  "mean_overlap": [
    0.9957600000000001,
    0.99475,
    0.9930066666666667,
    0.9906,
    0.987016,
    0.982075,
    0.9751685714285715,
    0.9663112500000001,
    0.956237777777778,
    0.944952,
    0.9325636363636364,
    0.9200591666666665,
    0.9072876923076925,
    0.8941542857142858,
    0.8810026666666667,
    0.86793375,
    0.8549747058823531,
    0.8421649999999999,
    0.8296563157894737,
    0.8173325,
    0.8051680952380953,
    0.7933609090909091,
    0.7818186956521739,
    0.7704416666666666,
    0.7594608,
    0.7487411538461538,
    0.7383592592592593,
    0.7283832142857143,
    0.7186224137931035,
    0.7090646666666668,
    0.6997667741935484,
    0.690831875,
    0.682050909090909,
    0.6735394117647059,
    0.6651925714285714,
    0.6570327777777778,
    0.6491027027027029,
    0.641433947368421,
    0.6339151282051282,
    0.6265432500000001,
    0.6193965853658537,
    0.6123597619047619,
    0.6055279069767443,
    0.598844090909091,
    0.5923473333333333,
    0.5860121739130435,
    0.5797851063829786,
    0.57371875,
    0.5677871428571428,
    0.5619386000000001
  ],
  "mean_exact_dist": [
    76.34443664550781,
    83.01134490966797,
    87.59410095214844,
    91.07886505126953,
    93.90230560302734,
    96.2839584350586,
    98.33944702148438,
    100.14348602294922,
    101.7494888305664,
    103.19564819335938,
    104.51126098632812,
    105.71849822998047,
    106.83380889892578,
    107.87294006347656,
    108.84481048583984,
    109.75382995605469,
    110.61091613769531,
    111.42266082763672,
    112.1917495727539,
    112.92566680908203,
    113.60546112060547,
    114.27228546142578,
    114.88650512695312,
    115.49767303466797,
    116.08580017089844,
    116.66861724853516,
    117.1707534790039,
    117.64671325683594,
    118.10941314697266,
    118.59432983398438,
    119.15489959716797,
    119.5966796875,
    120.0683364868164,
    120.56353759765625,
    120.97685241699219,
    121.41223907470703,
    121.95883178710938,
    122.44105529785156,
    122.92549896240234,
    123.34014129638672,
    123.83641052246094,
    124.42538452148438,
    125.17558288574219,
    125.92530059814453,
    126.70462799072266,
    127.4732437133789,
    128.40333557128906,
    129.20437622070312,
    130.112548828125,
    131.02662658691406
  ],
  "mean_ann_dist": [
    76.37664794921875,
    83.0477294921875,
    87.63711547851562,
    91.13107299804688,
    93.9672622680664,
    96.36653900146484,
    98.44770812988281,
    100.28728485107422,
    101.9390869140625,
    103.44241333007812,
    104.82735443115234,
    106.11577606201172,
    107.32646179199219,
    108.4695816040039,
    109.54805755615234,
    110.58690643310547,
    111.58513641357422,
    112.55203247070312,
    1.7956283518489525e+32,
    114.36827850341797,
    115.22325134277344,
    3.1037181977417502e+32,
    2.9705620788379853e+32,
    1.42496792370655e+32,
    1.369345440174212e+32,
    1.3191999708891217e+32,
    1.2725211205702928e+32,
    4.917730346030353e+32,
    8.33371717782866e+32,
    6.936752134809204e+32,
    1.4687016566434796e+33,
    7.736904737464129e+32,
    1.6238718698377253e+33,
    8.491508883798597e+32,
    9.376465021419718e+32,
    1.22969914981511e+33,
    1.5159592439306745e+33,
    9.003819537081508e+32,
    1.788152083781072e+33,
    1.8759761924431242e+33,
    1.3814525711296755e+33,
    1.6837815138114265e+33,
    2.4794906854378413e+33,
    3.2031850164164027e+33,
    3.35493944355725e+33,
    3.614049268844965e+33,
    2.5322236815187953e+33,
    3.343460954027986e+33,
    3.991750964531131e+33,
    3.7872909307326987e+33
  ],
  "mean_barycenter_shift": [
    0.0002192084793932736,
    0.0002647106011863798,
    0.0003411075158510357,
    0.00045865264837630093,
    0.0006281122914515436,
    0.0008631304954178631,
    0.0012096507707610726,
    0.0015912007074803114,
    0.001949767698533833,
    0.0022586965933442116,
    0.0025568376295268536,
    0.002808266319334507,
    0.0030349879525601864,
    0.003259725868701935,
    0.003473870921880007,
    0.003678626148030162,
    0.0038818917237222195,
    0.004088049754500389,
    0.004298191983252764,
    0.004509412217885256,
    0.004722255747765303,
    0.004937246907502413,
    0.005155796185135841,
    0.005367699079215527,
    0.005584969650954008,
    0.005792360752820969,
    0.005999961402267218,
    0.0062006134539842606,
    0.0064026061445474625,
    0.006599849089980125,
    0.006797183770686388,
    0.006991335190832615,
    0.007189445663243532,
    0.007393484469503164,
    0.0075968122109770775,
    0.007810728624463081,
    0.008029786869883537,
    0.008255052380263805,
    0.008487007580697536,
    0.008728617802262306,
    0.008978934958577156,
    0.009238903410732746,
    0.009509168565273285,
    0.009791026823222637,
    0.01008641067892313,
    0.010397094301879406,
    0.01072089932858944,
    0.011063160374760628,
    0.011422301642596722,
    0.011796664446592331
  ],
  "mean_lid_diff": [
    0.043206214904785156,
    0.005932807922363281,
    -0.01471710205078125,
    -0.03890228271484375,
    -0.07294273376464844,
    -0.11705970764160156,
    -0.16060733795166016,
    -0.21782970428466797,
    -0.2857084274291992,
    -0.3565540313720703,
    -0.43601417541503906,
    -0.5242595672607422,
    -0.6198415756225586,
    -0.7221517562866211,
    -0.831517219543457,
    -0.9371762275695801,
    -1.0429058074951172,
    -1.156996250152588,
    -1.270674228668213,
    -1.3870058059692383,
    -1.5029606819152832,
    -1.6210293769836426,
    -1.7430524826049805,
    -1.868032455444336,
    -1.9934325218200684,
    -2.1259427070617676,
    -2.258150577545166,
    -2.3900585174560547,
    -2.5286684036254883,
    -2.672581195831299,
    -2.8262228965759277,
    -2.9791183471679688,
    -3.13535213470459,
    -3.294025421142578,
    -3.4539427757263184,
    -3.6190857887268066,
    -3.788318157196045,
    -3.966309070587158,
    -4.147783279418945,
    -4.332508087158203,
    -4.520164966583252,
    -4.71410608291626,
    -4.904674530029297,
    -5.106966972351074,
    -5.312735557556152,
    -5.515202045440674,
    -5.717711448669434,
    -5.9220130443573,
    -6.128780126571655,
    -6.3340373039245605
  ],
  "mean_lid_exact": [
    11.08183479309082,
    9.5997953414917,
    9.085956573486328,
    8.832717895507812,
    8.721407890319824,
    8.671453475952148,
    8.652294158935547,
    8.652742385864258,
    8.674560546875,
    8.694835662841797,
    8.722476959228516,
    8.753727912902832,
    8.79063892364502,
    8.826568603515625,
    8.86155891418457,
    8.893763542175293,
    8.923263549804688,
    8.95948314666748,
    8.99084758758545,
    9.022686958312988,
    9.052871704101562,
    9.081148147583008,
    9.11239242553711,
    9.141478538513184,
    9.170536994934082,
    9.201550483703613,
    9.229066848754883,
    9.254679679870605,
    9.280529975891113,
    9.305414199829102,
    9.327940940856934,
    9.348550796508789,
    9.371424674987793,
    9.39285659790039,
    9.41197395324707,
    9.432727813720703,
    9.452157974243164,
    9.4718656539917,
    9.490175247192383,
    9.507261276245117,
    9.522390365600586,
    9.539767265319824,
    9.554984092712402,
    9.570291519165039,
    9.584482192993164,
    9.597248077392578,
    9.610724449157715,
    9.62332820892334,
    9.635839462280273,
    9.646746635437012
  ],