{
  "k": [
    10,
    20,
    30,
    40,
    50,
    60,
    70,
    80,
    90,
    100,
    110,
    120,
    130,
    140,
    150,
    160,
    170,
    180,
    190,
    200,
    210,
    220,
    230,
    240,
    250,
    260,
    270,
    280,
    290,
    300,
    310,
    320,
    330,
    340,
    350,
    360,
    370,
    380,
    390,
    400,
    410,
    420,
    430,
    440,
    450,
    460,
    470,
    480,
    490,
    500
  ],
  "mean_overlap": [
    0.98718,
    0.98009,
    0.9683966666666667,
    0.9492924999999999,
    0.925682,
    0.8996816666666666,
    0.8733600000000002,
    0.8472274999999999,
    0.8222144444444445,
    0.7982189999999999,
    0.7755436363636363,
    0.7539625,
    0.7332846153846154,
    0.7137264285714285,
    0.69503,
    0.67705,
    0.6601629411764706,
    0.6441761111111112,
    0.6289294736842106,
    0.6143664999999999,
    0.6006457142857142,
    0.5874327272727272,
    0.5748078260869566,
    0.56277625,
    0.5512136,
    0.5402026923076922,
    0.5296418518518518,
    0.5194942857142857,
    0.5097282758620689,
    0.5003310000000001,
    0.4913441935483871,
    0.4826734375,
    0.47429757575757575,
    0.46634911764705883,
    0.4585891428571429,
    0.4511175,
    0.4438808108108108,
    0.43690210526315787,
    0.43018897435897435,
    0.42367375,
    0.41731390243902444,
    0.41116547619047616,
    0.40521372093023256,
    0.39945295454545454,
    0.3938353333333333,
    0.38840565217391304,
    0.383146170212766,
    0.37797020833333334,
    0.37296775510204083,
    0.36815879999999995
  ],
  "mean_exact_dist": [
    75.55923461914062,
    82.13717651367188,
    86.73735046386719,
    90.23989868164062,
    93.05348205566406,
    95.4113998413086,
    97.44730377197266,
    99.23202514648438,
    100.83045196533203,
    102.28324127197266,
    103.59217834472656,
    104.77815246582031,
    105.8489761352539,
    106.86962127685547,
    107.82740783691406,
    108.65086364746094,
    109.34257507324219,
    110.0825424194336,
    110.69721221923828,
    111.25579071044922,
    112.0141372680664,
    112.98381042480469,
    113.89409637451172,
    114.98308563232422,
    115.97528839111328,
    117.02849578857422,
    117.98717498779297,
    119.29149627685547,
    120.3470458984375,
    121.67062377929688,
    122.47186279296875,
    123.9407958984375,
    124.97200012207031,
    125.8715591430664,
    127.10740661621094,
    129.2558135986328,
    131.0662384033203,
    133.39317321777344,
    134.53106689453125,
    137.11322021484375,
    138.92259216308594,
    141.48043823242188,
    143.6301727294922,
    146.737548828125,
    150.24195861816406,
    152.7200164794922,
    157.56405639648438,
    161.2141876220703,
    165.41436767578125,
    170.9204559326172
  ],
  "mean_ann_dist": [
    75.66488647460938,
    82.27076721191406,
    86.92137145996094,
    90.51187896728516,
    93.46041107177734,
    96.00328826904297,
    98.26408386230469,
    100.3114013671875,
    3.784699535374212e+32,
    103.95476531982422,
    3.1037181977417502e+32,
    107.16316223144531,
    1.84613564779615e+33,
    1.2310515219367768e+33,
    9.24240772085298e+32,
    1.7427141136091218e+33,
    1.6570040970491592e+33,
    2.585853100930697e+33,
    4.0349915911333497e+33,
    5.44361663664033e+33,
    7.209959002294281e+33,
    9.777803789473494e+33,
    9.875679042799514e+33,
    1.0120630857342932e+34,
    1.120675673888057e+34,
    1.2927724888274594e+34,
    1.3962812358902554e+34,
    1.2661711380872794e+34,
    1.2367068034182442e+34,
    1.534258318848886e+34,
    9.439913626480726e+33,
    1.8468249328100242e+34,
    1.3034309049776987e+34,
    1.9433601160435178e+34,
    2.214869086867713e+34,
    2.175440201440458e+34,
    1.670980501989693e+34,
    1.4213965634072772e+34,
    2.0270639269758145e+34,
    1.2873229529805212e+34,
    1.8212221045055318e+34,
    2.0372435079188582e+34,
    1.1723766303067598e+34,
    2.3578323447165774e+34,
    1.4376102354838096e+34,
    2.0837865871638785e+34,
    1.2701842921066348e+34,
    1.0502542168132688e+34,
    175.4509735107422,
    2.2940383234361075e+34
  ],
  "mean_barycenter_shift": [
    0.0007194870267994702,
    0.001052324427291751,
    0.0016411365941166878,
    0.0027085759211331606,
    0.003695097751915455,
    0.004434097092598677,
    0.00495810154825449,
    0.005357819143682718,
    0.005741312634199858,
    0.006102388724684715,
    0.006466610822826624,
    0.00682873697951436,
    0.0072034867480397224,
    0.007599714677780867,
    0.008024163544178009,
    0.008483749814331532,
    0.008979684673249722,
    0.009515652433037758,
    0.010102358646690845,
    0.010738114826381207,
    0.011451209895312786,
    0.012247876264154911,
    0.013143159449100494,
    0.014144469983875751,
    0.015253707766532898,
    0.01646270789206028,
    0.0177689827978611,
    0.019159996882081032,
    0.02063148468732834,
    0.022173486649990082,
    0.023769956082105637,
    0.025407517328858376,
    0.0270676389336586,
    0.028738342225551605,
    0.030414266511797905,
    0.03208480775356293,
    0.03374411165714264,
    0.03538566455245018,
    0.03699921444058418,
    0.03857741132378578,
    0.040117762982845306,
    0.04161505773663521,
    0.043066345155239105,
    0.04446949064731598,
    0.04582367464900017,
    0.047127384692430496,
    0.0483817383646965,
    0.04958684742450714,
    0.05074400454759598,
    0.05185385048389435
  ],
  "mean_lid_diff": [
    0.03829765319824219,
    -0.0640268325805664,
    -0.1518106460571289,
    -0.29299354553222656,
    -0.4624662399291992,
    -0.637639045715332,
    -0.8258776664733887,
    -1.001793384552002,
    -1.1996588706970215,
    -1.3994951248168945,
    -1.6073246002197266,
    -1.8305940628051758,
    -2.0492587089538574,
    -2.285027027130127,
    -2.5230355262756348,
    -2.770528793334961,
    -3.033742904663086,
    -3.3103322982788086,
    -3.602782726287842,
    -3.910952091217041,
    -4.2314581871032715,
    -4.566236972808838,
    -4.911150932312012,
    -5.258010625839233,
    -5.599487781524658,
    -5.942583322525024,
    -6.273926734924316,
    -6.607886075973511,
    -6.921267509460449,
    -7.217104196548462,
    -7.491476774215698,
    -7.747860789299011,
    -7.982665061950684,
    -8.19797396659851,
    -8.395586013793945,
    -8.577884078025818,
    -8.73282265663147,
    -8.865104973316193,
    -8.984666168689728,
    -9.08778765797615,
    -9.175917446613312,
    -9.249181032180786,
    -9.313628047704697,
    -9.36511218547821,
    -9.409520700573921,
    -9.448959678411484,
    -9.481692150235176,
    -9.51125781238079,
    -9.536224991083145,
    -9.560780294239521
  ],
  "mean_lid_exact": [
    11.095666885375977,
    9.605415344238281,
    9.058934211730957,
    8.837571144104004,
    8.726156234741211,
    8.661084175109863,
    8.639104843139648,
    8.631937026977539,
    8.646387100219727,
    8.667332649230957,
    8.692510604858398,
    8.725726127624512,
    8.760945320129395,
    8.798789024353027,
    8.834794044494629,
    8.871407508850098,
    8.909622192382812,
    8.94542121887207,
    8.982343673706055,
    9.016335487365723,
    9.0516939163208,
    9.083623886108398,
    9.116090774536133,
    9.146827697753906,
    9.176966667175293,
    9.204686164855957,
    9.23068618774414,
    9.258277893066406,
    9.285614013671875,
    9.312666893005371,
    9.34048843383789,
    9.365837097167969,
    9.389573097229004,
    9.411426544189453,
    9.432451248168945,
    9.453962326049805,
    9.475825309753418,
    9.496142387390137,
    9.515544891357422,
    9.535019874572754,
    9.552567481994629,
    9.568090438842773,
    9.585650444030762,
    9.600568771362305,
    9.615628242492676,
    9.630697250366211,
    9.6441068649292,
    9.657221794128418,
    9.669744491577148,
    9.682737350463867
  ],