{
  "k": [
    10,
    20,
    30,
    40,
    50,
    60,
    70,
    80,
    90,
    100,
    110,
    120,
    130,
    140,
    150,
    160,
    170,
    180,
    190,
    200,
    210,
    220,
    230,
    240,
    250,
    260,
    270,
    280,
    290,
    300,
    310,
    320,
    330,
    340,
    350,
    360,
    370,
    380,
    390,
    400,
    410,
    420,
    430,
    440,
    450,
    460,
    470,
    480,
    490,
    500
  ],
  "mean_overlap": [
    0.99524,
    0.9939,
    0.99161,
    0.9885424999999999,
    0.98474,
    0.9793066666666665,
    0.971927142857143,
    0.9626900000000002,
    0.9520266666666668,
    0.940267,
    0.9277763636363636,
    0.9150841666666667,
    0.9019669230769232,
    0.8888342857142856,
    0.8756826666666667,
    0.862344375,
    0.8491264705882353,
    0.8361105555555556,
    0.8231605263157895,
    0.8104365,
    0.7979304761904763,
    0.7858659090909091,
    0.7739647826086955,
    0.7623729166666667,
    0.751214,
    0.740288076923077,
    0.7296111111111111,
    0.7192974999999999,
    0.7091762068965518,
    0.6994523333333333,
    0.689918064516129,
    0.6805959375,
    0.67164,
    0.6628794117647058,
    0.6544094285714286,
    0.6461525,
    0.6380689189189188,
    0.6302494736842106,
    0.622556923076923,
    0.6150902500000001,
    0.6078434146341463,
    0.6007247619047619,
    0.5937506976744187,
    0.5870211363636363,
    0.5803957777777777,
    0.5739763043478261,
    0.5676646808510639,
    0.561516875,
    0.5554959183673469,
    0.5496363999999999
  ],
  "mean_exact_dist": [
    76.3860092163086,
    83.12767028808594,
    87.7303466796875,
    91.22197723388672,
    94.04851531982422,
    96.42997741699219,
    98.47911071777344,
    100.27063751220703,
    101.86175537109375,
    103.29212188720703,
    104.59063720703125,
    105.77973937988281,
    106.87802124023438,
    107.89898681640625,
    108.85322570800781,
    109.74079895019531,
    110.60163116455078,
    111.4515609741211,
    112.19161224365234,
    112.8736801147461,
    113.56281280517578,
    114.2221908569336,
    114.83991241455078,
    115.45043182373047,
    116.1004409790039,
    116.76052856445312,
    117.34115600585938,
    117.79611206054688,
    118.25092315673828,
    118.68753814697266,
    119.09879302978516,
    119.5655746459961,
    120.0374755859375,
    120.55976104736328,
    120.97602844238281,
    121.52921295166016,
    122.09344482421875,
    122.84503173828125,
    123.59412384033203,
    124.31852722167969,
    125.09555053710938,
    125.8766860961914,
    126.51764678955078,
    127.19068908691406,
    127.85603332519531,
    128.57064819335938,
    129.1416778564453,
    129.85292053222656,
    130.7708740234375,
    131.64219665527344
  ],
  "mean_ann_dist": [
    76.43384552001953,
    83.17581176757812,
    87.78563690185547,
    91.28839874267578,
    94.1297607421875,
    96.53179931640625,
    98.60964965820312,
    100.44083404541016,
    102.08213806152344,
    103.57371520996094,
    104.94435119628906,
    106.21720886230469,
    107.41085052490234,
    108.53958892822266,
    109.61711120605469,
    110.64286804199219,
    8.021081610607334e+32,
    3.799532765038687e+32,
    3.602815968814732e+32,
    114.36151123046875,
    115.24067687988281,
    116.10311126708984,
    1.4902180990381677e+32,
    117.75318145751953,
    4.128805085819222e+32,
    9.283996316472772e+32,
    8.982929298918567e+32,
    8.710001432169844e+32,
    7.249844966132542e+32,
    1.0583113031362062e+33,
    1.2632908848948761e+33,
    8.983166828663605e+32,
    1.1028434880556618e+33,
    1.0839710147855037e+33,
    1.8166629260833487e+33,
    1.8978379040518942e+33,
    2.30155893296877e+33,
    1.6691145549684782e+33,
    2.5084394490290152e+33,
    2.516881271641912e+33,
    2.85208572371945e+33,
    3.6379644134938997e+33,
    2.3865379459355347e+33,
    3.5283445135301694e+33,
    3.374310419806978e+33,
    3.925597615226789e+33,
    3.4499089421260576e+33,
    3.1972178359420374e+33,
    3.576366683534128e+33,
    4.2777587509924387e+33
  ],
  "mean_barycenter_shift": [
    0.00024860227131284773,
    0.00029740118770860136,
    0.0004073551681358367,
    0.0005612882087007165,
    0.0007285660831257701,
    0.0009820634732022882,
    0.0013412738917395473,
    0.0017043390544131398,
    0.00205450551584363,
    0.002369306981563568,
    0.002635842887684703,
    0.0028743769507855177,
    0.0031034722924232483,
    0.003323599696159363,
    0.0035335998982191086,
    0.0037555552553385496,
    0.00398336723446846,
    0.0042179906740784645,
    0.004455486312508583,
    0.0047095781192183495,
    0.004966473672538996,
    0.005226961337029934,
    0.005488360766321421,
    0.005751435179263353,
    0.006010427139699459,
    0.006275886669754982,
    0.0065455068834125996,
    0.00681501068174839,
    0.007084614597260952,
    0.007357192225754261,
    0.00763189559802413,
    0.007912464439868927,
    0.00820343941450119,
    0.008499235846102238,
    0.008812016807496548,
    0.009129323065280914,
    0.009464796632528305,
    0.009813801385462284,
    0.010180944576859474,
    0.010568429715931416,
    0.01098469365388155,
    0.011422832496464252,
    0.011887780390679836,
    0.012378591112792492,
    0.012900574132800102,
    0.013444961979985237,
    0.01401856355369091,
    0.014615950174629688,
    0.015235122293233871,
    0.015877744182944298
  ],
  "mean_lid_diff": [
    0.03679466247558594,
    0.011949539184570312,
    -0.021674156188964844,
    -0.05216789245605469,
    -0.0822906494140625,
    -0.12664413452148438,
    -0.17069435119628906,
    -0.24052810668945312,
    -0.30019378662109375,
    -0.38598060607910156,
    -0.46651458740234375,
    -0.5581541061401367,
    -0.6489267349243164,
    -0.7540140151977539,
    -0.8665962219238281,
    -0.9824929237365723,
    -1.104349136352539,
    -1.2305655479431152,
    -1.3589234352111816,
    -1.4871764183044434,
    -1.610095500946045,
    -1.732841968536377,
    -1.8636984825134277,
    -1.994065284729004,
    -2.1303834915161133,
    -2.2757644653320312,
    -2.426055431365967,
    -2.577536106109619,
    -2.7336301803588867,
    -2.8936381340026855,
    -3.062328338623047,
    -3.22886323928833,
    -3.40498685836792,
    -3.5804853439331055,
    -3.767308235168457,
    -3.9529495239257812,
    -4.151124000549316,
    -4.3536858558654785,
    -4.560314178466797,
    -4.771835803985596,
    -4.985024929046631,
    -5.205809593200684,
    -5.421910762786865,
    -5.642466068267822,
    -5.862548351287842,
    -6.080432176589966,
    -6.2967753410339355,
    -6.512032747268677,
    -6.726961374282837,
    -6.939703941345215
  ],
  "mean_lid_exact": [
    10.996475219726562,
    9.567937850952148,
    9.092788696289062,
    8.86896800994873,
    8.756924629211426,
    8.703058242797852,
    8.683945655822754,
    8.690606117248535,
    8.695237159729004,
    8.72542667388916,
    8.754201889038086,
    8.788507461547852,
    8.818124771118164,
    8.854358673095703,
    8.888816833496094,
    8.924312591552734,
    8.95751953125,
    8.991827964782715,
    9.029470443725586,
    9.06154727935791,
    9.091219902038574,
    9.119490623474121,
    9.149149894714355,
    9.176682472229004,
    9.205205917358398,
    9.235150337219238,
    9.261761665344238,
    9.286431312561035,
    9.312701225280762,
    9.336847305297852,
    9.361105918884277,
    9.382407188415527,
    9.403413772583008,
    9.423199653625488,
    9.443562507629395,
    9.462357521057129,
    9.483094215393066,
    9.501259803771973,
    9.518342018127441,
    9.535828590393066,
    9.55195426940918,
    9.568601608276367,
    9.583741188049316,
    9.599356651306152,
    9.61565113067627,
    9.629172325134277,
    9.641616821289062,
    9.65477180480957,
    9.667396545410156,
    9.67839241027832
  ],