{
  "k": [
    10,
    20,
    30,
    40,
    50,
    60,
    70,
    80,
    90,
    100,
    110,
    120,
    130,
    140,
    150,
    160,
    170,
    180,
    190,
    200,
    210,
    220,
    230,
    240,
    250,
    260,
    270,
    280,
    290,
    300,
    310,
    320,
    330,
    340,
    350,
    360,
    370,
    380,
    390,
    400,
    410,
    420,
    430,
    440,
    450,
    460,
    470,
    480,
    490,
    500
  ],
  "mean_overlap": [
    0.9978799999999999,
    0.9975700000000001,
    0.99705,
    0.99634,
    0.995548,
    0.9946516666666666,
    0.9935357142857143,
    0.9922387500000001,
    0.9906644444444446,
    0.988798,
    0.9864954545454546,
    0.9837408333333333,
    0.98056,
    0.9769292857142856,
    0.9727613333333333,
    0.9679200000000001,
    0.9627941176470589,
    0.9573077777777776,
    0.9514963157894737,
    0.9454075000000001,
    0.9390409523809525,
    0.9323681818181818,
    0.9255182608695651,
    0.9187091666666667,
    0.9116724,
    0.9045,
    0.8973266666666666,
    0.8901517857142857,
    0.8829037931034481,
    0.8757173333333335,
    0.8684825806451613,
    0.8612346874999999,
    0.8539951515151515,
    0.8469405882352942,
    0.8399042857142857,
    0.832856111111111,
    0.8259356756756757,
    0.8189936842105263,
    0.8122020512820515,
    0.8054585000000001,
    0.7987526829268293,
    0.7921185714285714,
    0.785596976744186,
    0.7791704545454546,
    0.7728860000000001,
    0.766541304347826,
    0.760318085106383,
    0.7542004166666667,
    0.748158163265306,
    0.7421868
  ],
  "mean_exact_dist": [
    75.69612884521484,
    82.34547424316406,
    86.8810806274414,
    90.33885955810547,
    93.14575958251953,
    95.51370239257812,
    97.55909729003906,
    99.3550796508789,
    100.95387268066406,
    102.3952407836914,
    103.70793914794922,
    104.91339874267578,
    106.02783966064453,
    107.06401062011719,
    108.03276062011719,
    108.9428482055664,
    109.80127716064453,
    110.61405181884766,
    111.38577270507812,
    112.12065124511719,
    112.82203674316406,
    113.49285125732422,
    114.13592529296875,
    114.75344848632812,
    115.34739685058594,
    115.91958618164062,
    116.47151184082031,
    117.00467681884766,
    117.520263671875,
    118.0193862915039,
    118.50308990478516,
    118.97222137451172,
    119.42777252197266,
    119.87052154541016,
    120.28352355957031,
    120.68563079833984,
    121.06962585449219,
    121.45576477050781,
    121.86255645751953,
    122.2518081665039,
    122.64421081542969,
    123.02320098876953,
    123.39659881591797,
    123.69641876220703,
    124.0370864868164,
    124.34485626220703,
    124.68035888671875,
    124.99256896972656,
    125.35829162597656,
    125.68797302246094
  ],
  "mean_ann_dist": [
    75.71562957763672,
    82.3642349243164,
    86.90178680419922,
    90.36245727539062,
    93.1727523803711,
    95.54447174072266,
    97.59408569335938,
    99.39492797851562,
    100.99938201904297,
    102.44746398925781,
    103.76799011230469,
    104.98291015625,
    106.10871124267578,
    107.15851593017578,
    108.14344024658203,
    109.07291412353516,
    109.95406341552734,
    110.79295349121094,
    111.59449768066406,
    112.36298370361328,
    113.10206604003906,
    113.8150634765625,
    114.50450897216797,
    115.17267608642578,
    115.82152557373047,
    116.4526138305664,
    117.06739044189453,
    117.66729736328125,
    118.25350189208984,
    118.8271713256836,
    119.3895492553711,
    119.94151306152344,
    120.4841537475586,
    121.01876068115234,
    121.52348327636719,
    122.0208740234375,
    1.844343806960537e+32,
    1.8015890331381116e+32,
    123.44654846191406,
    1.7198138089930176e+32,
    2.5226655077898467e+32,
    8.227011001861145e+31,
    8.053676668555783e+31,
    1.5774992549361146e+32,
    1.5471774610988683e+32,
    7.591013020264019e+31,
    5.2102756938391266e+32,
    2.927310968431059e+32,
    5.766092589233935e+32,
    2.8404201505017492e+32
  ],
  "mean_barycenter_shift": [
    0.00011255345452809706,
    0.00012701944797299802,
    0.00015003661974333227,
    0.00018154304416384548,
    0.00021896502585150301,
    0.0002535012608859688,
    0.00030011372291482985,
    0.0003577817406039685,
    0.0004256065294612199,
    0.0005061554256826639,
    0.0005989118362776935,
    0.0007076812908053398,
    0.0008281455957330763,
    0.000956610485445708,
    0.0010957220802083611,
    0.0012458385899662971,
    0.001381587004289031,
    0.0015168724348768592,
    0.0016420639585703611,
    0.001771759008988738,
    0.0019037567544728518,
    0.0020374534651637077,
    0.002165230456739664,
    0.0022977455519139767,
    0.0024292052257806063,
    0.002565445378422737,
    0.0027015293017029762,
    0.0028387238271534443,
    0.0029764086939394474,
    0.0031124751549214125,
    0.0032530524767935276,
    0.0033901710994541645,
    0.003521527862176299,
    0.003647862933576107,
    0.0037785496097058058,
    0.0039055997040122747,
    0.004027598071843386,
    0.004151714500039816,
    0.0042704027146101,
    0.004389096982777119,
    0.0045094857923686504,
    0.004630287177860737,
    0.004748390521854162,
    0.004868857096880674,
    0.004989808425307274,
    0.005113725084811449,
    0.0052376389503479,
    0.005361566320061684,
    0.005488107912242413,
    0.005616683512926102
  ],
  "mean_lid_diff": [
    0.06348991394042969,
    0.027930259704589844,
    0.01541900634765625,
    -0.0020723342895507812,
    -0.015473365783691406,
    -0.023046493530273438,
    -0.034758567810058594,
    -0.046111106872558594,
    -0.054938316345214844,
    -0.06806755065917969,
    -0.08689689636230469,
    -0.10611629486083984,
    -0.13138866424560547,
    -0.15413379669189453,
    -0.18432044982910156,
    -0.21458053588867188,
    -0.24803638458251953,
    -0.28279590606689453,
    -0.32203102111816406,
    -0.3646068572998047,
    -0.41147804260253906,
    -0.46128273010253906,
    -0.5137910842895508,
    -0.5675334930419922,
    -0.6197338104248047,
    -0.678431510925293,
    -0.735072135925293,
    -0.7975749969482422,
    -0.8632240295410156,
    -0.9294681549072266,
    -0.9993801116943359,
    -1.067305564880371,
    -1.1397924423217773,
    -1.2129297256469727,
    -1.289306640625,
    -1.3651933670043945,
    -1.4471449851989746,
    -1.5303215980529785,
    -1.615621566772461,
    -1.702601432800293,
    -1.7899465560913086,
    -1.8782672882080078,
    -1.9698681831359863,
    -2.0649290084838867,
    -2.162738800048828,
    -2.263915538787842,
    -2.364147663116455,
    -2.469510078430176,
    -2.580702781677246,
    -2.6925997734069824
  ],
  "mean_lid_exact": [
    11.124796867370605,
    9.626130104064941,
    9.115925788879395,
    8.861918449401855,
    8.733222961425781,
    8.665934562683105,
    8.648362159729004,
    8.643661499023438,
    8.655089378356934,
    8.674294471740723,
    8.7006196975708,
    8.731932640075684,
    8.768892288208008,
    8.798320770263672,
    8.83162784576416,
    8.864445686340332,
    8.895475387573242,
    8.926457405090332,
    8.960068702697754,
    8.990849494934082,
    9.022812843322754,
    9.05300521850586,
    9.08296012878418,
    9.112180709838867,
    9.138404846191406,
    9.168631553649902,
    9.195655822753906,
    9.221932411193848,
    9.24867057800293,
    9.274788856506348,
    9.300225257873535,
    9.323192596435547,
    9.345857620239258,
    9.366439819335938,
    9.388978958129883,
    9.409563064575195,
    9.431259155273438,
    9.449609756469727,
    9.46894645690918,
    9.48786449432373,
    9.504781723022461,
    9.521956443786621,
    9.538912773132324,
    9.554821968078613,
    9.569385528564453,
    9.585665702819824,
    9.600347518920898,
    9.614912986755371,
    9.628747940063477,
    9.642245292663574
  ],