{
  "k": [
    10,
    20,
    30,
    40,
    50,
    60,
    70,
    80,
    90,
    100,
    110,
    120,
    130,
    140,
    150,
    160,
    170,
    180,
    190,
    200,
    210,
    220,
    230,
    240,
    250,
    260,
    270,
    280,
    290,
    300,
    310,
    320,
    330,
    340,
    350,
    360,
    370,
    380,
    390,
    400,
    410,
    420,
    430,
    440,
    450,
    460,
    470,
    480,
    490,
    500
  ],
  "mean_overlap": [
    0.9957,
    0.9940200000000001,
    0.9917366666666667,
    0.9888,
    0.9849600000000001,
    0.9797966666666668,
    0.972627142857143,
    0.96352625,
    0.953068888888889,
    0.941277,
    0.928990909090909,
    0.9162716666666667,
    0.9029930769230772,
    0.8897028571428571,
    0.87655,
    0.863303125,
    0.8500964705882353,
    0.8372038888888889,
    0.8244494736842105,
    0.8118989999999999,
    0.7997647619047621,
    0.7876027272727273,
    0.7758747826086957,
    0.7645141666666666,
    0.7534411999999999,
    0.7425665384615385,
    0.7320792592592592,
    0.7218382142857143,
    0.7118768965517241,
    0.7022873333333333,
    0.6928345161290322,
    0.683675625,
    0.6747133333333333,
    0.6660470588235294,
    0.6575685714285715,
    0.6493572222222221,
    0.6413540540540541,
    0.6335668421052632,
    0.6260279487179486,
    0.6186262499999999,
    0.6114024390243902,
    0.6042871428571429,
    0.5974248837209303,
    0.5907036363636364,
    0.584048,
    0.5775606521739131,
    0.5712253191489363,
    0.5649977083333333,
    0.559023469387755,
    0.5531106
  ],
  "mean_exact_dist": [
    75.7557601928711,
    82.41719055175781,
    86.97356414794922,
    90.43769073486328,
    93.24092102050781,
    95.60710906982422,
    97.65213775634766,
    99.44281005859375,
    101.0350341796875,
    102.46932220458984,
    103.77336883544922,
    104.96978759765625,
    106.0745849609375,
    107.10177612304688,
    108.06242370605469,
    108.96514129638672,
    109.83674621582031,
    110.71702575683594,
    111.45596313476562,
    112.15788269042969,
    112.85343933105469,
    113.5694580078125,
    114.28539276123047,
    114.89994049072266,
    115.5329360961914,
    116.07374572753906,
    116.6226577758789,
    117.15203094482422,
    117.65007781982422,
    118.1423110961914,
    118.59436798095703,
    119.03884887695312,
    119.54759216308594,
    119.98047637939453,
    120.4320297241211,
    120.95335388183594,
    121.475341796875,
    121.93505859375,
    122.46544647216797,
    123.08660888671875,
    123.78463745117188,
    124.58197784423828,
    125.29092407226562,
    126.10905456542969,
    127.00926971435547,
    128.0702667236328,
    128.93057250976562,
    129.702880859375,
    130.5242919921875,
    131.19424438476562
  ],
  "mean_ann_dist": [
    75.786376953125,
    82.45547485351562,
    87.02240753173828,
    90.49933624267578,
    93.31808471679688,
    95.70420837402344,
    97.77703094482422,
    99.6059799194336,
    101.24813842773438,
    102.74386596679688,
    104.12187957763672,
    105.40499877929688,
    106.6102523803711,
    107.75223541259766,
    108.84516143798828,
    109.89828491210938,
    4.010138861647161e+32,
    7.604414978472136e+32,
    112.79124450683594,
    113.65924072265625,
    114.54328918457031,
    1.5603126819141451e+32,
    2.9918877237241185e+32,
    117.13860321044922,
    117.97322082519531,
    118.73075866699219,
    119.50353240966797,
    6.191634864594547e+32,
    8.402774115495146e+32,
    6.997375605958058e+32,
    1.0224761885914976e+33,
    1.7750774253136545e+33,
    1.3065042768162305e+33,
    1.5042003609825125e+33,
    1.16778636411534e+33,
    2.1002749890836293e+33,
    2.3925671781543692e+33,
    2.0740704290745413e+33,
    1.764341699807962e+33,
    2.0792029284774185e+33,
    2.830828436334861e+33,
    2.438752709367543e+33,
    4.193317313487734e+33,
    3.7307814438193996e+33,
    3.7200413855235695e+33,
    3.702192147067133e+33,
    4.289693730911189e+33,
    3.45875649958683e+33,
    3.444837720755125e+33,
    5.1708597603595325e+33
  ],
  "mean_barycenter_shift": [
    0.00022818140860181302,
    0.00030913157388567924,
    0.00041606268496252596,
    0.0005561122670769691,
    0.0007250026683323085,
    0.0009672513697296381,
    0.0013055651215836406,
    0.001687346026301384,
    0.0020391270518302917,
    0.00236235442571342,
    0.0026411551516503096,
    0.002899971092119813,
    0.0031345824245363474,
    0.0033661711495369673,
    0.0035873730666935444,
    0.0038006047252565622,
    0.004028847441077232,
    0.004253203049302101,
    0.004481784999370575,
    0.004714277572929859,
    0.004946818575263023,
    0.00518698338419199,
    0.005430855322629213,
    0.005675085354596376,
    0.0059190914034843445,
    0.0061666290275752544,
    0.006406812928617001,
    0.006642389576882124,
    0.006876590196043253,
    0.0071116178296506405,
    0.007345451973378658,
    0.007581122685223818,
    0.007814954034984112,
    0.00805401336401701,
    0.00829414650797844,
    0.008541532792150974,
    0.00880057830363512,
    0.009068556129932404,
    0.009348807856440544,
    0.00964726135134697,
    0.00995810516178608,
    0.010285771451890469,
    0.01063452661037445,
    0.011001952923834324,
    0.011389493942260742,
    0.011794653721153736,
    0.012219589203596115,
    0.012664557434618473,
    0.013130642473697662,
    0.013615293428301811
  ],
  "mean_lid_diff": [
    0.009403228759765625,
    -0.010843276977539062,
    -0.030526161193847656,
    -0.061367034912109375,
    -0.08798885345458984,
    -0.12210750579833984,
    -0.17977523803710938,
    -0.2440347671508789,
    -0.31090831756591797,
    -0.3856544494628906,
    -0.46454429626464844,
    -0.5530538558959961,
    -0.6528863906860352,
    -0.7537603378295898,
    -0.8578166961669922,
    -0.9705891609191895,
    -1.0871100425720215,
    -1.207932949066162,
    -1.3305349349975586,
    -1.4555888175964355,
    -1.57932710647583,
    -1.7032098770141602,
    -1.8294715881347656,
    -1.9592905044555664,
    -2.0922365188598633,
    -2.2297983169555664,
    -2.3691978454589844,
    -2.512427806854248,
    -2.6620397567749023,
    -2.813748836517334,
    -2.9746737480163574,
    -3.1420950889587402,
    -3.3159379959106445,
    -3.499978542327881,
    -3.6855998039245605,
    -3.8727993965148926,
    -4.05941915512085,
    -4.257627964019775,
    -4.462037086486816,
    -4.662160873413086,
    -4.872268199920654,
    -5.083074569702148,
    -5.300045490264893,
    -5.515109062194824,
    -5.734311103820801,
    -5.943457365036011,
    -6.153484344482422,
    -6.361562252044678,
    -6.561794281005859,
    -6.760180234909058
  ],
  "mean_lid_exact": [
    11.115702629089355,
    9.605427742004395,
    9.081850051879883,
    8.856971740722656,
    8.720921516418457,
    8.666452407836914,
    8.658982276916504,
    8.665559768676758,
    8.673294067382812,
    8.69461727142334,
    8.715091705322266,
    8.741226196289062,
    8.777280807495117,
    8.808843612670898,
    8.840350151062012,
    8.873489379882812,
    8.903651237487793,
    8.933878898620605,
    8.96602725982666,
    8.999189376831055,
    9.030266761779785,
    9.061098098754883,
    9.089119911193848,
    9.116296768188477,
    9.144036293029785,
    9.172903060913086,
    9.19870662689209,
    9.223526954650879,
    9.247552871704102,
    9.270556449890137,
    9.293367385864258,
    9.315584182739258,
    9.336917877197266,
    9.355523109436035,
    9.3740816116333,
    9.392428398132324,
    9.408401489257812,
    9.424128532409668,
    9.441798210144043,
    9.456331253051758,
    9.47164249420166,
    9.486541748046875,
    9.501248359680176,
    9.514861106872559,
    9.528167724609375,
    9.540663719177246,
    9.553434371948242,
    9.564435005187988,
    9.577505111694336,
    9.587993621826172
  ],