{
  "alpha": 0.5,
  "k": [
    10,
    20,
    30,
    40,
    50,
    60,
    70,
    80,
    90,
    100,
    110,
    120,
    130,
    140,
    150,
    160,
    170,
    180,
    190,
    200,
    210,
    220,
    230,
    240,
    250,
    260,
    270,
    280,
    290,
    300,
    310,
    320,
    330,
    340,
    350,
    360,
    370,
    380,
    390,
    400,
    410,
    420,
    430,
    440,
    450,
    460,
    470,
    480,
    490,
    500
  ],
  "mean_overlap": [
    0.99329,
    0.9898949999999999,
    0.9843,
    0.9759875,
    0.9632200000000001,
    0.9471783333333332,
    0.9415385714285716,
    0.94298375,
    0.9442244444444444,
    0.9453,
    0.9461445454545454,
    0.9471299999999999,
    0.9482061538461541,
    0.9492757142857142,
    0.95014,
    0.9509206250000001,
    0.951828823529412,
    0.9526027777777777,
    0.9532594736842106,
    0.9540605,
    0.9547847619047619,
    0.9554113636363636,
    0.95604,
    0.9565908333333333,
    0.9570216,
    0.957516923076923,
    0.9579233333333333,
    0.9585135714285714,
    0.9589996551724138,
    0.9593209999999999,
    0.9597190322580645,
    0.9602228125,
    0.9606260606060607,
    0.9609155882352941,
    0.9611677142857142,
    0.96145,
    0.9617018918918918,
    0.9619342105263157,
    0.9622189743589744,
    0.962477,
    0.9627241463414633,
    0.9629164285714283,
    0.9631099999999998,
    0.9633568181818182,
    0.963482,
    0.9635191304347825,
    0.9636548936170213,
    0.9638085416666666,
    0.9637861224489795,
    0.9639131999999999
  ],
  "mean_exact_dist": [
    75.60044860839844,
    82.18077850341797,
    86.70101165771484,
    90.14476013183594,
    92.9232406616211,
    95.2616958618164,
    97.28853607177734,
    99.07029724121094,
    100.6590347290039,
    102.09153747558594,
    103.39513397216797,
    104.59120178222656,
    105.69660186767578,
    106.72432708740234,
    107.6849365234375,
    108.5870361328125,
    109.43766021728516,
    110.24243927001953,
    111.00650024414062,
    111.73397827148438,
    112.42847442626953,
    113.09310150146484,
    113.73051452636719,
    114.34326171875,
    114.9333267211914,
    115.50242614746094,
    116.0521240234375,
    116.58361053466797,
    117.09795379638672,
    117.59612274169922,
    118.07923889160156,
    118.54826354980469,
    119.00392150878906,
    119.44701385498047,
    119.8781509399414,
    120.29798889160156,
    120.70709991455078,
    121.10597229003906,
    121.49506378173828,
    121.87483978271484,
    122.24569702148438,
    122.60804748535156,
    122.96226501464844,
    123.30870056152344,
    123.64771270751953,
    123.97956085205078,
    124.30449676513672,
    124.62287139892578,
    124.93489837646484,
    125.24083709716797
  ],
  "mean_ann_dist": [
    75.65756225585938,
    82.24960327148438,
    86.79072570800781,
    90.26678466796875,
    93.09671020507812,
    95.51380920410156,
    97.56526184082031,
    99.33489990234375,
    100.90870666503906,
    102.33135223388672,
    103.62862396240234,
    104.81733703613281,
    105.91547393798828,
    106.9337387084961,
    107.8883285522461,
    108.7860107421875,
    109.63081359863281,
    110.43150329589844,
    111.19176483154297,
    111.91556549072266,
    112.6078109741211,
    113.2702865600586,
    113.90557861328125,
    114.51750183105469,
    115.10653686523438,
    115.67500305175781,
    116.22327423095703,
    116.75174713134766,
    117.26388549804688,
    117.76069641113281,
    118.2421646118164,
    118.70907592773438,
    119.1624526977539,
    119.60416412353516,
    120.03389739990234,
    120.45272827148438,
    120.86051177978516,
    121.25822448730469,
    121.64566040039062,
    122.02376556396484,
    122.39346313476562,
    122.75469970703125,
    123.10791015625,
    123.4529037475586,
    123.7911376953125,
    124.12229919433594,
    124.4464340209961,
    124.76409912109375,
    125.07606506347656,
    125.38155364990234
  ],
  "mean_barycenter_shift": [
    0.0003652928280644119,
    0.0005396510823629797,
    0.0008289171964861453,
    0.0012507513165473938,
    0.001945646246895194,
    0.002646942622959614,
    0.0027467829640954733,
    0.0025664465501904488,
    0.002400822937488556,
    0.0022730014752596617,
    0.0021628697868436575,
    0.0020596811082214117,
    0.0019730606582015753,
    0.0018858989933505654,
    0.0018218857003375888,
    0.0017648071516305208,
    0.001703227637335658,
    0.00165201211348176,
    0.0016050849808380008,
    0.0015570444520562887,
    0.00151392025873065,
    0.0014754992444068193,
    0.001441537868231535,
    0.001412892364896834,
    0.0013834309065714478,
    0.001355616026557982,
    0.00133051339071244,
    0.0013005222426727414,
    0.001282061217352748,
    0.0012609073892235756,
    0.0012408518232405186,
    0.0012218058109283447,
    0.0012046926422044635,
    0.0011878192890435457,
    0.0011731183622032404,
    0.0011599930003285408,
    0.0011445594718679786,
    0.0011297557502985,
    0.0011157887056469917,
    0.001100004999898374,
    0.0010850467951968312,
    0.001071120030246675,
    0.001057890709489584,
    0.001045313780196011,
    0.0010355926351621747,
    0.0010294299572706223,
    0.001020475523546338,
    0.0010115831391885877,
    0.00100733304861933,
    0.0010014954023063183
  ],
  "mean_lid_diff": [
    0.017408370971679688,
    -0.032764434814453125,
    -0.07528018951416016,
    -0.15553665161132812,
    -0.2447366714477539,
    -0.3499488830566406,
    -0.37833499908447266,
    -0.3661489486694336,
    -0.35960960388183594,
    -0.3519296646118164,
    -0.34630775451660156,
    -0.33872127532958984,
    -0.33687877655029297,
    -0.332916259765625,
    -0.32630443572998047,
    -0.3243875503540039,
    -0.31868839263916016,
    -0.3155984878540039,
    -0.3141288757324219,
    -0.31004905700683594,
    -0.30661773681640625,
    -0.30204010009765625,
    -0.30017948150634766,
    -0.2987060546875,
    -0.2978334426879883,
    -0.2929105758666992,
    -0.2874622344970703,
    -0.2823305130004883,
    -0.27852725982666016,
    -0.28052425384521484,
    -0.28079891204833984,
    -0.27843475341796875,
    -0.27601051330566406,
    -0.27428340911865234,
    -0.2725048065185547,
    -0.27202320098876953,
    -0.26802730560302734,
    -0.26856517791748047,
    -0.2671928405761719,
    -0.26486968994140625,
    -0.2641782760620117,
    -0.26394081115722656,
    -0.2630586624145508,
    -0.26390552520751953,
    -0.2615518569946289,
    -0.26081180572509766,
    -0.26074981689453125,
    -0.25933170318603516,
    -0.2586078643798828,
    -0.258148193359375
  ],
  "mean_lid_exact": [
    11.12682819366455,
    9.592001914978027,
    9.081597328186035,
    8.849260330200195,
    8.733487129211426,
    8.664432525634766,
    8.63707447052002,
    8.643159866333008,
    8.655350685119629,
    8.673441886901855,
    8.69958782196045,
    8.724100112915039,
    8.755117416381836,
    8.787567138671875,
    8.8177490234375,
    8.850823402404785,
    8.88420581817627,
    8.915345191955566,
    8.948029518127441,
    8.979625701904297,
    9.008522987365723,
    9.038714408874512,
    9.069071769714355,
    9.096099853515625,
    9.1241455078125,
    9.149534225463867,
    9.174396514892578,
    9.200657844543457,
    9.226593971252441,
    9.25322151184082,
    9.277111053466797,
    9.298871040344238,
    9.32158088684082,
    9.342672348022461,
    9.362958908081055,
    9.383233070373535,
    9.40025520324707,
    9.419355392456055,
    9.438645362854004,
    9.455509185791016,
    9.473003387451172,
    9.488834381103516,
    9.50333309173584,
    9.518378257751465,
    9.52998161315918,
    9.54333782196045,
    9.556131362915039,
    9.567658424377441,
    9.5786714553833,
    9.590386390686035
  ],