{
  "alpha": 4.0,
  "k": [
    10,
    20,
    30,
    40,
    50,
    60,
    70,
    80,
    90,
    100,
    110,
    120,
    130,
    140,
    150,
    160,
    170,
    180,
    190,
    200,
    210,
    220,
    230,
    240,
    250,
    260,
    270,
    280,
    290,
    300,
    310,
    320,
    330,
    340,
    350,
    360,
    370,
    380,
    390,
    400,
    410,
    420,
    430,
    440,
    450,
    460,
    470,
    480,
    490,
    500
  ],
  "mean_overlap": [
    0.99531,
    0.99769,
    0.9984733333333333,
    0.9988950000000001,
    0.9990939999999998,
    0.99925,
    0.9993514285714286,
    0.9994962500000002,
    0.9995533333333333,
    0.999574,
    0.9996163636363637,
    0.9996516666666666,
    0.9996823076923076,
    0.9997092857142857,
    0.9997253333333332,
    0.99974375,
    0.999775294117647,
    0.9997972222222222,
    0.9998042105263157,
    0.9998154999999999,
    0.9998299999999999,
    0.9998449999999999,
    0.9998573913043478,
    0.9998616666666666,
    0.9998748,
    0.9998842307692308,
    0.9998914814814814,
    0.9998960714285715,
    0.9999010344827586,
    0.9999043333333335,
    0.999907741935484,
    0.9999128125000001,
    0.9999166666666668,
    0.9999226470588235,
    0.9999237142857142,
    0.9999277777777777,
    0.9999297297297297,
    0.9999331578947367,
    0.9999371794871795,
    0.9999382499999999,
    0.9999412195121952,
    0.9999430952380951,
    0.9999441860465117,
    0.9999481818181819,
    0.99995,
    0.9999536956521738,
    0.9999542553191489,
    0.9999566666666667,
    0.9999587755102042,
    0.9999614
  ],
  "mean_exact_dist": [
    75.95116424560547,
    82.59332275390625,
    87.18022155761719,
    90.65479278564453,
    93.44728088378906,
    95.78517150878906,
    97.80452728271484,
    99.58450317382812,
    101.16380310058594,
    102.58338928222656,
    103.87206268310547,
    105.05241394042969,
    106.14189910888672,
    107.15387725830078,
    108.0989990234375,
    108.98574829101562,
    109.82127380371094,
    110.61136627197266,
    111.36115264892578,
    112.07485961914062,
    112.75628662109375,
    113.40828704833984,
    114.0333251953125,
    114.6338119506836,
    115.21177673339844,
    115.76887512207031,
    116.30668640136719,
    116.82669067382812,
    117.3301010131836,
    117.81800079345703,
    118.29135131835938,
    118.75105285644531,
    119.19789123535156,
    119.63252258300781,
    120.0556869506836,
    120.46806335449219,
    120.87014770507812,
    121.26245880126953,
    121.64544677734375,
    122.01952362060547,
    122.38506317138672,
    122.74243927001953,
    123.09200286865234,
    123.43403625488281,
    123.76883697509766,
    124.09672546386719,
    124.41796112060547,
    124.73277282714844,
    125.04139709472656,
    125.34412384033203
  ],
  "mean_ann_dist": [
    75.9832763671875,
    82.60880279541016,
    87.19109344482422,
    90.66267395019531,
    93.45341491699219,
    95.79015350341797,
    97.80882263183594,
    99.5880126953125,
    101.16693878173828,
    102.58633422851562,
    103.87482452392578,
    105.05503845214844,
    106.14424896240234,
    107.15597534179688,
    108.10099792480469,
    108.9876480102539,
    109.82301330566406,
    110.6129150390625,
    111.36264038085938,
    112.07627868652344,
    112.75761413574219,
    113.40953826904297,
    114.03448486328125,
    114.63494110107422,
    115.21281433105469,
    115.76982879638672,
    116.30760955810547,
    116.82755279541016,
    117.33094787597656,
    117.81884002685547,
    118.29215240478516,
    118.75180053710938,
    119.19860076904297,
    119.6332015991211,
    120.05635070800781,
    120.46869659423828,
    120.87076568603516,
    121.26307678222656,
    121.64603424072266,
    122.02010345458984,
    122.3855972290039,
    122.74295043945312,
    123.09249114990234,
    123.43450927734375,
    123.76930236816406,
    124.09717559814453,
    124.41838836669922,
    124.73318481445312,
    125.04178619384766,
    125.34449005126953
  ],
  "mean_barycenter_shift": [
    0.000255408143857494,
    0.00012629761477001011,
    8.033317135414109e-05,
    5.68176074011717e-05,
    4.4848806282971054e-05,
    3.805434607784264e-05,
    3.2942105463007465e-05,
    2.6022949896287173e-05,
    2.3240050722961314e-05,
    2.1698742784792557e-05,
    1.925055948959198e-05,
    1.762892134138383e-05,
    1.6204981875489466e-05,
    1.5159515896812081e-05,
    1.440569121768931e-05,
    1.3607920664071571e-05,
    1.1752129466913175e-05,
    1.046999568643514e-05,
    1.0109116374223959e-05,
    9.544928616378456e-06,
    8.855734449753072e-06,
    7.962475137901492e-06,
    7.407247267110506e-06,
    7.319928499782691e-06,
    6.5654680838633794e-06,
    6.065548404876608e-06,
    5.622217031486798e-06,
    5.37863479621592e-06,
    5.087923909741221e-06,
    5.011271696275799e-06,
    4.805471689905971e-06,
    4.58335125586018e-06,
    4.329845523898257e-06,
    3.956061391363619e-06,
    3.856692273984663e-06,
    3.6362189348437823e-06,
    3.570640728867147e-06,
    3.3634473766142037e-06,
    3.1957267765392317e-06,
    3.1100214528123615e-06,
    2.9345583243411966e-06,
    2.8330046006885823e-06,
    2.8007839318888728e-06,
    2.6068232727993745e-06,
    2.4763642159086885e-06,
    2.3095501546777086e-06,
    2.310288437001873e-06,
    2.1530393041757634e-06,
    2.106680085489643e-06,
    1.9274800706625683e-06
  ],
  "mean_lid_diff": [
    0.036815643310546875,
    0.005757331848144531,
    0.0024929046630859375,
    0.0019769668579101562,
    0.0017023086547851562,
    0.001255035400390625,
    -0.0004520416259765625,
    -0.0016469955444335938,
    0.00038242340087890625,
    0.0005865097045898438,
    0.0001049041748046875,
    -0.0007333755493164062,
    0.00034999847412109375,
    -0.00030231475830078125,
    0.00026416778564453125,
    3.910064697265625e-05,
    0.00018787384033203125,
    0.0001201629638671875,
    9.72747802734375e-05,
    0.0002231597900390625,
    0.00022602081298828125,
    0.0001316070556640625,
    -7.2479248046875e-05,
    0.0004329681396484375,
    -8.487701416015625e-05,
    9.441375732421875e-05,
    9.918212890625e-05,
    -0.0002841949462890625,
    -7.152557373046875e-05,
    0.00029468536376953125,
    0.000133514404296875,
    0.00019741058349609375,
    -9.822845458984375e-05,
    -0.0001087188720703125,
    -0.00034999847412109375,
    -0.0001201629638671875,
    -0.0002193450927734375,
    -4.38690185546875e-05,
    -0.0001468658447265625,
    -2.193450927734375e-05,
    -0.000102996826171875,
    5.245208740234375e-05,
    -7.62939453125e-06,
    0.0001468658447265625,
    -2.6702880859375e-05,
    -9.059906005859375e-05,
    -4.76837158203125e-05,
    9.918212890625e-05,
    -9.822845458984375e-05,
    -8.20159912109375e-05
  ],
  "mean_lid_exact": [
    11.215530395507812,
    9.685288429260254,
    9.175368309020996,
    8.95274829864502,
    8.840815544128418,
    8.782301902770996,
    8.756525039672852,
    8.763001441955566,
    8.769522666931152,
    8.791918754577637,
    8.819289207458496,
    8.848411560058594,
    8.879229545593262,
    8.906359672546387,
    8.94189739227295,
    8.973405838012695,
    9.005372047424316,
    9.034052848815918,
    9.06356430053711,
    9.090584754943848,
    9.11793327331543,
    9.147500991821289,
    9.173173904418945,
    9.199345588684082,
    9.224433898925781,
    9.250016212463379,
    9.273743629455566,
    9.29492473602295,
    9.317167282104492,
    9.337475776672363,
    9.358124732971191,
    9.377521514892578,
    9.395228385925293,
    9.415226936340332,
    9.430817604064941,
    9.447370529174805,
    9.46279239654541,
    9.478126525878906,
    9.491830825805664,
    9.50578784942627,
    9.52057933807373,
    9.53508472442627,
    9.548869132995605,
    9.562216758728027,
    9.575439453125,
    9.587347984313965,
    9.598531723022461,
    9.610487937927246,
    9.620942115783691,
    9.630768775939941
  ],