{
  "alpha": 1.0,
  "k": [
    10,
    20,
    30,
    40,
    50,
    60,
    70,
    80,
    90,
    100,
    110,
    120,
    130,
    140,
    150,
    160,
    170,
    180,
    190,
    200,
    210,
    220,
    230,
    240,
    250,
    260,
    270,
    280,
    290,
    300,
    310,
    320,
    330,
    340,
    350,
    360,
    370,
    380,
    390,
    400,
    410,
    420,
    430,
    440,
    450,
    460,
    470,
    480,
    490,
    500
  ],
  "mean_overlap": [
    0.99269,
    0.9897099999999999,
    0.9846066666666667,
    0.9854375,
    0.987108,
    0.98834,
    0.9894385714285714,
    0.990195,
    0.9908388888888888,
    0.9913620000000001,
    0.991750909090909,
    0.9921758333333334,
    0.9925623076923077,
    0.9928828571428571,
    0.9931553333333333,
    0.993406875,
    0.9936617647058823,
    0.9939294444444444,
    0.9941142105263158,
    0.9943095000000001,
    0.9944657142857143,
    0.9946536363636364,
    0.9947926086956522,
    0.9949770833333333,
    0.9951548000000001,
    0.9953042307692307,
    0.9954022222222222,
    0.9955132142857143,
    0.9956199999999998,
    0.9957243333333334,
    0.995826129032258,
    0.9959134374999999,
    0.9960069696969697,
    0.9961064705882352,
    0.9962125714285713,
    0.9963038888888889,
    0.9963800000000002,
    0.9964594736842106,
    0.9965366666666666,
    0.9966215,
    0.9966882926829268,
    0.9967423809523811,
    0.9968227906976744,
    0.9968836363636364,
    0.9969522222222222,
    0.9969902173913046,
    0.9970370212765958,
    0.9971068750000001,
    0.9971514285714286,
    0.9972075999999999
  ],
  "mean_exact_dist": [
    75.52649688720703,
    82.15322875976562,
    86.68850708007812,
    90.14409637451172,
    92.94852447509766,
    95.31400299072266,
    97.36738586425781,
    99.17621612548828,
    100.787353515625,
    102.23828125,
    103.55816650390625,
    104.76885223388672,
    105.88812255859375,
    106.9296646118164,
    107.90399932861328,
    108.81951141357422,
    109.68341064453125,
    110.501708984375,
    111.27925109863281,
    112.02013397216797,
    112.72769927978516,
    113.4051284790039,
    114.05493927001953,
    114.67939758300781,
    115.28050994873047,
    115.86003875732422,
    116.41944885253906,
    116.96005249023438,
    117.48300170898438,
    117.98932647705078,
    118.4800033569336,
    118.95597839355469,
    119.41809844970703,
    119.86707305908203,
    120.30364990234375,
    120.72850036621094,
    121.14217376708984,
    121.54522705078125,
    121.93814086914062,
    122.3214340209961,
    122.69554901123047,
    123.0608901977539,
    123.4178237915039,
    123.7667465209961,
    124.10798645019531,
    124.44184875488281,
    124.7686996459961,
    125.08877563476562,
    125.40235900878906,
    125.70968627929688
  ],
  "mean_ann_dist": [
    75.58316802978516,
    82.22084045410156,
    86.77653503417969,
    90.22035217285156,
    93.01329040527344,
    95.37078094482422,
    97.41747283935547,
    99.22077178955078,
    100.82837677001953,
    102.27625274658203,
    103.59320068359375,
    104.80155181884766,
    105.91877746582031,
    106.95861053466797,
    107.9312973022461,
    108.84552764892578,
    109.70808410644531,
    110.52513885498047,
    111.3017349243164,
    112.04177856445312,
    112.74862670898438,
    113.42520141601562,
    114.07444763183594,
    114.69817352294922,
    115.29852294921875,
    115.87726593017578,
    116.43606567382812,
    116.9760971069336,
    117.49864959716797,
    118.00450897216797,
    118.49486541748047,
    118.97039031982422,
    119.4322509765625,
    119.88092803955078,
    120.31717681884766,
    120.7416763305664,
    121.15509796142578,
    121.55780029296875,
    121.95042419433594,
    122.33346557617188,
    122.70733642578125,
    123.07242584228516,
    123.42908477783203,
    123.77778625488281,
    124.11878967285156,
    124.45246124267578,
    124.7790756225586,
    125.098876953125,
    125.41227722167969,
    125.71945190429688
  ],
  "mean_barycenter_shift": [
    0.0003898717404808849,
    0.0005317723844200373,
    0.0008040814427658916,
    0.0007323845056816936,
    0.0006331601180136204,
    0.0005712404381483793,
    0.0005063616554252803,
    0.0004688748449552804,
    0.00043787804315797985,
    0.0004140022210776806,
    0.00039473388460464776,
    0.00037645697011612356,
    0.000356480450136587,
    0.0003418760315980762,
    0.0003316165821161121,
    0.0003190498100593686,
    0.00030566653003916144,
    0.00029321122565306723,
    0.00028393298271112144,
    0.00027297786436975,
    0.0002663217601366341,
    0.00025732279755175114,
    0.00024867281899787486,
    0.00024054145615082234,
    0.0002309028641320765,
    0.00022571404406335205,
    0.00022067515237722546,
    0.00021621520863845944,
    0.0002122251462424174,
    0.00020683016919065267,
    0.00020110979676246643,
    0.000197033048607409,
    0.00019173957116436213,
    0.00018676659965422004,
    0.00018249139247927815,
    0.000178000089363195,
    0.00017477577785030007,
    0.00017107432358898222,
    0.00016768576460890472,
    0.00016366713680326939,
    0.00016103497182484716,
    0.00015753282059449703,
    0.00015425565652549267,
    0.00015123603225219995,
    0.00014844269026070833,
    0.00014658566215075552,
    0.00014498987002298236,
    0.00014249133528210223,
    0.00013970278087072074,
    0.0001375212741550058
  ],
  "mean_lid_diff": [
    0.06284141540527344,
    0.008139610290527344,
    -0.050418853759765625,
    -0.07026290893554688,
    -0.06390094757080078,
    -0.06802749633789062,
    -0.06163787841796875,
    -0.057374000549316406,
    -0.05511474609375,
    -0.051239013671875,
    -0.04972553253173828,
    -0.047438621520996094,
    -0.04621410369873047,
    -0.04511833190917969,
    -0.0449981689453125,
    -0.04079246520996094,
    -0.043560028076171875,
    -0.04221630096435547,
    -0.04021167755126953,
    -0.038979530334472656,
    -0.037720680236816406,
    -0.036803245544433594,
    -0.03774261474609375,
    -0.03572273254394531,
    -0.0342864990234375,
    -0.033730506896972656,
    -0.03221321105957031,
    -0.03153228759765625,
    -0.03200244903564453,
    -0.03077220916748047,
    -0.02988910675048828,
    -0.0294036865234375,
    -0.029343605041503906,
    -0.02922821044921875,
    -0.028966903686523438,
    -0.0280303955078125,
    -0.027373313903808594,
    -0.027634620666503906,
    -0.02678394317626953,
    -0.026352882385253906,
    -0.02557849884033203,
    -0.025197982788085938,
    -0.024336814880371094,
    -0.02431964874267578,
    -0.024686813354492188,
    -0.023839950561523438,
    -0.02403545379638672,
    -0.02337646484375,
    -0.023273468017578125,
    -0.023546218872070312
  ],
  "mean_lid_exact": [
    11.1322603225708,
    9.571598052978516,
    9.055542945861816,
    8.813246726989746,
    8.693671226501465,
    8.619119644165039,
    8.584683418273926,
    8.579543113708496,
    8.584785461425781,
    8.60038948059082,
    8.622541427612305,
    8.65090560913086,
    8.676087379455566,
    8.69764232635498,
    8.727734565734863,
    8.756537437438965,
    8.786578178405762,
    8.814403533935547,
    8.840578079223633,
    8.87097454071045,
    8.89892864227295,
    8.92751407623291,
    8.955955505371094,
    8.981940269470215,
    9.005810737609863,
    9.032186508178711,
    9.056473731994629,
    9.080923080444336,
    9.10561752319336,
    9.12928581237793,
    9.152432441711426,
    9.17615795135498,
    9.199926376342773,
    9.220527648925781,
    9.240633964538574,
    9.261253356933594,
    9.280330657958984,
    9.301103591918945,
    9.319037437438965,
    9.337491989135742,
    9.354876518249512,
    9.37236213684082,
    9.388570785522461,
    9.404877662658691,
    9.42121696472168,
    9.43504810333252,
    9.44980239868164,
    9.462868690490723,
    9.47581672668457,
    9.488152503967285
  ],