{
  "alpha": 4.0,
  "k": [
    10,
    20,
    30,
    40,
    50,
    60,
    70,
    80,
    90,
    100,
    110,
    120,
    130,
    140,
    150,
    160,
    170,
    180,
    190,
    200,
    210,
    220,
    230,
    240,
    250,
    260,
    270,
    280,
    290,
    300,
    310,
    320,
    330,
    340,
    350,
    360,
    370,
    380,
    390,
    400,
    410,
    420,
    430,
    440,
    450,
    460,
    470,
    480,
    490,
    500
  ],
  "mean_overlap": [
    0.9951800000000001,
    0.99723,
    0.9982833333333334,
    0.9987425000000001,
    0.999058,
    0.9992466666666667,
    0.99936,
    0.99943375,
    0.9994800000000001,
    0.999546,
    0.9996109090909091,
    0.9996458333333333,
    0.999693846153846,
    0.9997135714285714,
    0.999732,
    0.9997637500000001,
    0.9997817647058824,
    0.9998005555555556,
    0.9998126315789474,
    0.9998254999999999,
    0.9998380952380952,
    0.9998536363636366,
    0.9998639130434783,
    0.9998770833333334,
    0.9998848,
    0.9998923076923076,
    0.9998985185185184,
    0.9999028571428573,
    0.9999096551724138,
    0.9999146666666667,
    0.9999216129032258,
    0.9999253124999999,
    0.9999293939393942,
    0.9999335294117649,
    0.9999402857142857,
    0.9999436111111111,
    0.9999437837837837,
    0.9999502631578947,
    0.9999523076923077,
    0.9999552500000002,
    0.9999580487804879,
    0.9999604761904762,
    0.999960465116279,
    0.9999634090909091,
    0.9999651111111112,
    0.9999654347826088,
    0.9999682978723403,
    0.9999689583333333,
    0.9999712244897959,
    0.9999712
  ],
  "mean_exact_dist": [
    75.78614807128906,
    82.3373031616211,
    86.83411407470703,
    90.26297760009766,
    93.044189453125,
    95.3900146484375,
    97.4149169921875,
    99.19258880615234,
    100.7761001586914,
    102.20269775390625,
    103.5004653930664,
    104.69139862060547,
    105.79177856445312,
    106.81476593017578,
    107.77132415771484,
    108.6694107055664,
    109.5162124633789,
    110.31737518310547,
    111.07806396484375,
    111.80221557617188,
    112.4933853149414,
    113.15472412109375,
    113.78898620605469,
    114.39867401123047,
    114.98584747314453,
    115.55220031738281,
    116.09915924072266,
    116.62812805175781,
    117.14012145996094,
    117.63629913330078,
    118.11762237548828,
    118.5849380493164,
    119.03900146484375,
    119.48057556152344,
    119.91024780273438,
    120.32859802246094,
    120.73616027832031,
    121.13345336914062,
    121.52093505859375,
    121.89913940429688,
    122.26848602294922,
    122.62934112548828,
    122.98204803466797,
    123.32697296142578,
    123.66441345214844,
    123.9946517944336,
    124.31803894042969,
    124.63480377197266,
    124.94517517089844,
    125.24939727783203
  ],
  "mean_ann_dist": [
    75.82333374023438,
    82.3576889038086,
    86.84747314453125,
    90.27201080322266,
    93.0507583618164,
    95.39550018310547,
    97.41937255859375,
    99.19634246826172,
    100.77947235107422,
    102.20560455322266,
    103.50302124023438,
    104.69374084472656,
    105.79387664794922,
    106.81676483154297,
    107.77316284179688,
    108.67102813720703,
    109.51773834228516,
    110.31877136230469,
    111.07938385009766,
    111.80339813232422,
    112.49452209472656,
    113.15577697753906,
    113.78997802734375,
    114.39957427978516,
    114.9866714477539,
    115.5530014038086,
    116.09988403320312,
    116.62881469726562,
    117.14076232910156,
    117.63690948486328,
    118.11822509765625,
    118.58550262451172,
    119.0395278930664,
    119.48106384277344,
    119.91071319580078,
    120.32904815673828,
    120.736572265625,
    121.13382720947266,
    121.52130126953125,
    121.89947509765625,
    122.26881408691406,
    122.62964630126953,
    122.98235321044922,
    123.3272476196289,
    123.6646728515625,
    123.99490356445312,
    124.3182601928711,
    124.635009765625,
    124.94537353515625,
    125.24960327148438
  ],
  "mean_barycenter_shift": [
    0.0002526760508771986,
    0.0001313889370067045,
    8.169958891812712e-05,
    5.79595762246754e-05,
    4.4612610508920625e-05,
    3.550176552380435e-05,
    3.0323937608045526e-05,
    2.6550078473519534e-05,
    2.40675472014118e-05,
    2.0906381905660965e-05,
    1.8074573745252565e-05,
    1.651918501011096e-05,
    1.4552624634234235e-05,
    1.3794439837511163e-05,
    1.3094397218083031e-05,
    1.1444052688602824e-05,
    1.0681739695428405e-05,
    9.747640433488414e-06,
    9.342231351183727e-06,
    8.532791980542243e-06,
    7.94494008005131e-06,
    7.164992439356865e-06,
    6.732115707563935e-06,
    6.178330750117311e-06,
    5.754227004217682e-06,
    5.442975179903442e-06,
    5.174713805899955e-06,
    4.950586117047351e-06,
    4.627213456842583e-06,
    4.391525635583093e-06,
    4.01118768422748e-06,
    3.834750714304391e-06,
    3.5766233850154094e-06,
    3.3961155168071855e-06,
    3.1062234029377578e-06,
    2.9660534437425667e-06,
    2.9874931897211354e-06,
    2.6121449536731234e-06,
    2.5465690214332426e-06,
    2.3800882900104625e-06,
    2.2391268430510536e-06,
    2.0965310341125587e-06,
    2.062289013338159e-06,
    1.9146307295159204e-06,
    1.7917679997481173e-06,
    1.8634967773323297e-06,
    1.7073044773496804e-06,
    1.665804916228808e-06,
    1.4943201449568733e-06,
    1.5625895457560546e-06
  ],
  "mean_lid_diff": [
    0.03823280334472656,
    0.0032453536987304688,
    -0.0016031265258789062,
    0.0009365081787109375,
    -0.0024957656860351562,
    -0.0010967254638671875,
    -0.000640869140625,
    -0.0018053054809570312,
    -0.0020351409912109375,
    -0.0014753341674804688,
    -0.001613616943359375,
    -0.0006771087646484375,
    -0.0008077621459960938,
    -0.0010290145874023438,
    -0.0005159378051757812,
    -0.0008087158203125,
    -0.00064849853515625,
    -0.0006227493286132812,
    -0.000873565673828125,
    -0.0010976791381835938,
    -0.0009765625,
    -0.0005159378051757812,
    -0.0006885528564453125,
    -0.00012874603271484375,
    -0.000316619873046875,
    -0.0004892349243164062,
    -0.0004911422729492188,
    -0.0004911422729492188,
    -0.0003528594970703125,
    -0.0005064010620117188,
    -0.00027179718017578125,
    -0.0004405975341796875,
    -0.0003833770751953125,
    -0.00030517578125,
    -0.00026798248291015625,
    -0.000213623046875,
    -0.000301361083984375,
    -0.0001163482666015625,
    -4.9591064453125e-05,
    -0.00016021728515625,
    -0.00014019012451171875,
    -0.00011920928955078125,
    -0.00015354156494140625,
    -0.0001239776611328125,
    -0.0001850128173828125,
    -0.000278472900390625,
    -0.000213623046875,
    -0.00014591217041015625,
    -0.00011730194091796875,
    -0.00017833709716796875
  ],
  "mean_lid_exact": [
    11.165740966796875,
    9.66163158416748,
    9.131246566772461,
    8.9019193649292,
    8.77934741973877,
    8.720380783081055,
    8.699626922607422,
    8.697901725769043,
    8.704957962036133,
    8.724650382995605,
    8.747381210327148,
    8.77137279510498,
    8.804749488830566,
    8.83398723602295,
    8.861617088317871,
    8.896223068237305,
    8.926353454589844,
    8.95809555053711,
    8.985929489135742,
    9.01602840423584,
    9.045964241027832,
    9.074968338012695,
    9.101838111877441,
    9.127036094665527,
    9.152463912963867,
    9.179168701171875,
    9.20048999786377,
    9.223443984985352,
    9.248557090759277,
    9.271842002868652,
    9.29344367980957,
    9.31624698638916,
    9.337206840515137,
    9.357903480529785,
    9.379023551940918,
    9.397563934326172,
    9.415559768676758,
    9.435989379882812,
    9.453771591186523,
    9.471660614013672,
    9.488609313964844,
    9.504462242126465,
    9.519997596740723,
    9.534724235534668,
    9.54967212677002,
    9.564406394958496,
    9.577754020690918,
    9.590160369873047,
    9.604053497314453,
    9.6162748336792
  ],