{
  "alpha": 0.25,
  "k": [
    10,
    20,
    30,
    40,
    50,
    60,
    70,
    80,
    90,
    100,
    110,
    120,
    130,
    140,
    150,
    160,
    170,
    180,
    190,
    200,
    210,
    220,
    230,
    240,
    250,
    260,
    270,
    280,
    290,
    300,
    310,
    320,
    330,
    340,
    350,
    360,
    370,
    380,
    390,
    400,
    410,
    420,
    430,
    440,
    450,
    460,
    470,
    480,
    490,
    500
  ],
  "mean_overlap": [
    0.73674,
    0.80706,
    0.7993166666666668,
    0.81528,
    0.806434,
    0.815355,
    0.8087257142857144,
    0.8144825000000001,
    0.8095000000000001,
    0.814923,
    0.8101845454545453,
    0.8145541666666667,
    0.8110207692307693,
    0.8152242857142857,
    0.8120726666666668,
    0.8154724999999999,
    0.8128505882352942,
    0.8159988888888889,
    0.813821052631579,
    0.8169055000000001,
    0.8148104761904762,
    0.8176145454545455,
    0.8154569565217391,
    0.8179145833333334,
    0.8163740000000002,
    0.8188846153846154,
    0.8174418518518519,
    0.8199042857142856,
    0.8186120689655172,
    0.8211216666666665,
    0.8198745161290323,
    0.8221359375,
    0.8208921212121211,
    0.8230035294117648,
    0.8217568571428572,
    0.8236375,
    0.8225451351351352,
    0.8243302631578948,
    0.8233784615384616,
    0.82512775,
    0.8241143902439025,
    0.8257126190476191,
    0.8247639534883722,
    0.826099090909091,
    0.8251066666666668,
    0.8263882608695654,
    0.8254785106382978,
    0.8268479166666666,
    0.8258426530612245,
    0.8271606
  ],
  "mean_exact_dist": [
    75.52649688720703,
    82.15322875976562,
    86.6644287109375,
    90.10321044921875,
    92.90403747558594,
    95.26921844482422,
    97.33531188964844,
    99.15229034423828,
    100.77362823486328,
    102.25875091552734,
    103.59967803955078,
    104.80806732177734,
    105.93558502197266,
    107.03817749023438,
    108.01410675048828,
    108.91719055175781,
    109.7740707397461,
    110.58043670654297,
    111.35062408447266,
    112.0931396484375,
    112.80441284179688,
    113.48202514648438,
    114.12146759033203,
    114.73965454101562,
    115.32827758789062,
    115.85681915283203,
    116.39645385742188,
    116.93453979492188,
    117.44158172607422,
    117.94982147216797,
    118.43997192382812,
    118.93418884277344,
    119.40963745117188,
    119.85821533203125,
    120.29443359375,
    120.7124252319336,
    121.13337707519531,
    121.5284194946289,
    121.9209213256836,
    122.30826568603516,
    122.67774200439453,
    123.04273986816406,
    123.3993911743164,
    123.75469970703125,
    124.08895111083984,
    124.42253875732422,
    124.74911499023438,
    125.06890869140625,
    125.3796157836914,
    125.6893310546875
  ],
  "mean_ann_dist": [
    78.78312683105469,
    3.4028235832468283e+33,
    88.46314239501953,
    91.65190887451172,
    94.56747436523438,
    96.81196594238281,
    98.95925903320312,
    100.68401336669922,
    102.35445404052734,
    3.408618380570723e+32,
    6.202457942244262e+32,
    8.53009005883545e+32,
    2.6272774373815266e+32,
    4.8885520993043964e+32,
    2.2833910410090965e+32,
    110.37174224853516,
    111.2744369506836,
    1.9032090163973436e+32,
    112.8488998413086,
    113.55287170410156,
    114.30159759521484,
    1.5567008951354645e+32,
    115.61990356445312,
    1.4258277117494599e+32,
    1.3686570294554907e+32,
    1.314430323317447e+32,
    1.2657476542740904e+32,
    1.2191954993811571e+32,
    118.92774200439453,
    1.1365476242224325e+32,
    1.0993339860727271e+32,
    120.3832778930664,
    1.0315712760316879e+32,
    121.2887191772461,
    121.74128723144531,
    9.455123924944042e+31,
    1.8397319000298055e+32,
    122.93620300292969,
    123.34182739257812,
    123.70653533935547,
    124.09077453613281,
    124.43467712402344,
    124.80671691894531,
    125.14645385742188,
    125.49571990966797,
    125.81427001953125,
    126.15476989746094,
    7.0913431854931955e+31,
    126.7844009399414,
    127.07920837402344
  ],
  "mean_barycenter_shift": [
    0.020527048036456108,
    0.012239424511790276,
    0.010569142177700996,
    0.008647950366139412,
    0.008165634237229824,
    0.007285579107701778,
    0.007001135963946581,
    0.006396261043846607,
    0.006184108555316925,
    0.005772038362920284,
    0.00567727442830801,
    0.005384858697652817,
    0.005320854019373655,
    0.005102451890707016,
    0.0050913263112306595,
    0.00493079237639904,
    0.004922786727547646,
    0.0047807274386286736,
    0.0047773271799087524,
    0.00465208338573575,
    0.004663094878196716,
    0.004555658902972937,
    0.004566069692373276,
    0.004460334312170744,
    0.004440491087734699,
    0.004324317444115877,
    0.004304920323193073,
    0.004193412605673075,
    0.004182769451290369,
    0.00408843532204628,
    0.0040773674845695496,
    0.003994845785200596,
    0.003988256677985191,
    0.003909241408109665,
    0.0039026879239827394,
    0.0038304782938212156,
    0.0038182681892067194,
    0.0037553394213318825,
    0.003743518376722932,
    0.0036800738889724016,
    0.0036671406123787165,
    0.0036106971092522144,
    0.003600505879148841,
    0.003554799361154437,
    0.003548748092725873,
    0.0035057528875768185,
    0.0034993565641343594,
    0.0034537194296717644,
    0.0034531604032963514,
    0.003410477889701724
  ],
  "mean_lid_diff": [
    -1.1640243530273438,
    -1.3419160842895508,
    -1.416304111480713,
    -1.307023525238037,
    -1.3683977127075195,
    -1.2935118675231934,
    -1.3402538299560547,
    -1.288954734802246,
    -1.3342432975769043,
    -1.3086142539978027,
    -1.3489999771118164,
    -1.3279523849487305,
    -1.3667516708374023,
    -1.332810401916504,
    -1.3681135177612305,
    -1.3503079414367676,
    -1.3851494789123535,
    -1.3650221824645996,
    -1.3877997398376465,
    -1.3662347793579102,
    -1.3920116424560547,
    -1.3772273063659668,
    -1.4025039672851562,
    -1.385953426361084,
    -1.40440034866333,
    -1.3863987922668457,
    -1.4064674377441406,
    -1.3882818222045898,
    -1.4054455757141113,
    -1.3889446258544922,
    -1.4072556495666504,
    -1.3928189277648926,
    -1.4126367568969727,
    -1.398911952972412,
    -1.4174480438232422,
    -1.4067368507385254,
    -1.4245805740356445,
    -1.4155230522155762,
    -1.4319267272949219,
    -1.4225664138793945,
    -1.438352108001709,
    -1.4289512634277344,
    -1.4446730613708496,
    -1.438544750213623,
    -1.4548983573913574,
    -1.4471559524536133,
    -1.4634618759155273,
    -1.4526901245117188,
    -1.4682512283325195,
    -1.4587974548339844
  ],
  "mean_lid_exact": [
    11.1322603225708,
    9.571598052978516,
    9.055542945861816,
    8.813246726989746,
    8.693671226501465,
    8.619119644165039,
    8.584683418273926,
    8.579543113708496,
    8.584785461425781,
    8.60038948059082,
    8.622541427612305,
    8.65090560913086,
    8.676087379455566,
    8.69764232635498,
    8.727734565734863,
    8.756537437438965,
    8.786578178405762,
    8.814403533935547,
    8.840578079223633,
    8.87097454071045,
    8.89892864227295,
    8.92751407623291,
    8.955955505371094,
    8.981940269470215,
    9.005810737609863,
    9.032186508178711,
    9.056473731994629,
    9.080923080444336,
    9.10561752319336,
    9.12928581237793,
    9.152432441711426,
    9.17615795135498,
    9.199926376342773,
    9.220527648925781,
    9.240633964538574,
    9.261253356933594,
    9.280330657958984,
    9.301103591918945,
    9.319037437438965,
    9.337491989135742,
    9.354876518249512,
    9.37236213684082,
    9.388570785522461,
    9.404877662658691,
    9.42121696472168,
    9.43504810333252,
    9.44980239868164,
    9.462868690490723,
    9.47581672668457,
    9.488152503967285
  ],