{
  "k": [
    10,
    20,
    30,
    40,
    50,
    60,
    70,
    80,
    90,
    100,
    110,
    120,
    130,
    140,
    150,
    160,
    170,
    180,
    190,
    200,
    210,
    220,
    230,
    240,
    250,
    260,
    270,
    280,
    290,
    300,
    310,
    320,
    330,
    340,
    350,
    360,
    370,
    380,
    390,
    400,
    410,
    420,
    430,
    440,
    450,
    460,
    470,
    480,
    490,
    500
  ],
  "mean_overlap": [
    0.9946299999999999,
    0.9925700000000001,
    0.9900266666666666,
    0.9863025,
    0.98185,
    0.9760616666666667,
    0.9683142857142859,
    0.958635,
    0.947768888888889,
    0.935684,
    0.9230745454545455,
    0.9098341666666667,
    0.8964600000000003,
    0.8830357142857143,
    0.8695586666666668,
    0.8560143749999999,
    0.8428570588235296,
    0.8296944444444443,
    0.8167315789473684,
    0.8040984999999999,
    0.7918342857142858,
    0.7797395454545455,
    0.7679843478260869,
    0.7564833333333334,
    0.7452964,
    0.7344857692307692,
    0.7239381481481482,
    0.7136160714285714,
    0.7036127586206896,
    0.6938693333333333,
    0.6844270967741936,
    0.675115,
    0.666079393939394,
    0.6572576470588235,
    0.6486168571428571,
    0.6402461111111112,
    0.6320502702702703,
    0.6241328947368422,
    0.6163866666666666,
    0.6087782500000001,
    0.6013890243902439,
    0.594245,
    0.5872160465116278,
    0.5803856818181818,
    0.5736513333333333,
    0.5670789130434783,
    0.5606855319148936,
    0.554359375,
    0.5482346938775511,
    0.5422394
  ],
  "mean_exact_dist": [
    75.85939025878906,
    82.40481567382812,
    86.89728546142578,
    90.30349731445312,
    93.06490325927734,
    95.3984146118164,
    97.40972137451172,
    99.17232513427734,
    100.74213409423828,
    102.15910339355469,
    103.45179748535156,
    104.64131164550781,
    105.74299621582031,
    106.76930236816406,
    107.72724151611328,
    108.6167984008789,
    109.48054504394531,
    110.30371856689453,
    111.06000518798828,
    111.79015350341797,
    112.48108673095703,
    113.16136932373047,
    113.7962646484375,
    114.45231628417969,
    115.14986419677734,
    115.73943328857422,
    116.31383514404297,
    116.8157958984375,
    117.41889953613281,
    118.00621795654297,
    118.58004760742188,
    119.22858428955078,
    119.90538787841797,
    120.56844329833984,
    121.28839874267578,
    122.07079315185547,
    122.755859375,
    123.54692077636719,
    124.31532287597656,
    125.05425262451172,
    125.94469451904297,
    126.84514617919922,
    127.69332122802734,
    128.45555114746094,
    129.25424194335938,
    129.76535034179688,
    130.55628967285156,
    130.85215759277344,
    131.35317993164062,
    131.7188262939453
  ],
  "mean_ann_dist": [
    75.91145324707031,
    82.461181640625,
    86.96334838867188,
    90.38399505615234,
    93.16363525390625,
    95.52044677734375,
    97.56360626220703,
    99.36882781982422,
    100.9937744140625,
    102.478759765625,
    103.85218811035156,
    105.134765625,
    106.3425521850586,
    107.48967742919922,
    6.809051656344196e+32,
    109.58460998535156,
    8.035571698767169e+32,
    111.56635284423828,
    112.49760437011719,
    113.41311645507812,
    1.630993545455603e+32,
    115.17932891845703,
    5.968085718019082e+32,
    1.4331780774467824e+32,
    6.909286113900084e+32,
    5.3365065053637454e+32,
    7.747776945859153e+32,
    7.51108822633546e+32,
    1.339900339998537e+33,
    2.022940255859452e+33,
    2.5649568278100646e+33,
    1.383561556729103e+33,
    2.852286579490824e+33,
    2.8371425495052363e+33,
    3.3938862751332075e+33,
    2.2664637970825443e+33,
    3.304519693182206e+33,
    3.327641937235978e+33,
    3.39273870471679e+33,
    2.725481905386744e+33,
    4.109894700635361e+33,
    2.476906330863328e+33,
    3.293087316919405e+33,
    3.397126583186037e+33,
    4.4736531681740456e+33,
    4.0846503178692434e+33,
    5.867138825970585e+33,
    4.8986157007400095e+33,
    4.1795826782368723e+33,
    5.403987700102726e+33
  ],
  "mean_barycenter_shift": [
    0.00028181966627016664,
    0.00037780762067995965,
    0.0005036820657551289,
    0.0006751895998604596,
    0.0008608904900029302,
    0.0010997750796377659,
    0.001443036482669413,
    0.0018069181824102998,
    0.002161470241844654,
    0.002488993341103196,
    0.0027921986766159534,
    0.003049466758966446,
    0.003286000108346343,
    0.003515255404636264,
    0.0037422915920615196,
    0.003966514021158218,
    0.004195231478661299,
    0.004421626683324575,
    0.004652673378586769,
    0.004883239045739174,
    0.005125121679157019,
    0.005370715633034706,
    0.005624761804938316,
    0.005881563760340214,
    0.006150136701762676,
    0.006418462377041578,
    0.006697793025523424,
    0.006984509062021971,
    0.0072798156179487705,
    0.00758829340338707,
    0.007915216498076916,
    0.008262448012828827,
    0.008636835031211376,
    0.009037765674293041,
    0.00948379747569561,
    0.009972146712243557,
    0.010497048497200012,
    0.01106572151184082,
    0.011676725931465626,
    0.01233450137078762,
    0.013032322749495506,
    0.013769806362688541,
    0.014545517042279243,
    0.015355987474322319,
    0.016200970858335495,
    0.01707804948091507,
    0.017986880615353584,
    0.018921002745628357,
    0.019877782091498375,
    0.020851848646998405
  ],
  "mean_lid_diff": [
    0.02850341796875,
    -0.006924629211425781,
    -0.0371246337890625,
    -0.06538963317871094,
    -0.093109130859375,
    -0.13918209075927734,
    -0.18902111053466797,
    -0.26111888885498047,
    -0.3375988006591797,
    -0.4207296371459961,
    -0.510075569152832,
    -0.5942420959472656,
    -0.6943321228027344,
    -0.7991237640380859,
    -0.912421703338623,
    -1.0274643898010254,
    -1.1466889381408691,
    -1.2663516998291016,
    -1.391481876373291,
    -1.5182991027832031,
    -1.6502113342285156,
    -1.7811365127563477,
    -1.9177489280700684,
    -2.0610527992248535,
    -2.209627628326416,
    -2.3595833778381348,
    -2.5184273719787598,
    -2.678018569946289,
    -2.8485827445983887,
    -3.0276966094970703,
    -3.2167344093322754,
    -3.4150376319885254,
    -3.6201438903808594,
    -3.834178924560547,
    -4.046458721160889,
    -4.267918586730957,
    -4.4935479164123535,
    -4.720492362976074,
    -4.959024906158447,
    -5.18054723739624,
    -5.412429332733154,
    -5.6405088901519775,
    -5.868469953536987,
    -6.095468044281006,
    -6.324943780899048,
    -6.544433355331421,
    -6.759415149688721,
    -6.965430498123169,
    -7.168367147445679,
    -7.365719556808472
  ],
  "mean_lid_exact": [
    11.081929206848145,
    9.589584350585938,
    9.098677635192871,
    8.87187385559082,
    8.75511360168457,
    8.706165313720703,
    8.695828437805176,
    8.705862998962402,
    8.718581199645996,
    8.733996391296387,
    8.756845474243164,
    8.775971412658691,
    8.805023193359375,
    8.835185050964355,
    8.86732006072998,
    8.897375106811523,
    8.93073558807373,
    8.961284637451172,
    8.996330261230469,
    9.0286226272583,
    9.059356689453125,
    9.089195251464844,
    9.117877006530762,
    9.1492919921875,
    9.176535606384277,
    9.201735496520996,
    9.228631973266602,
    9.255193710327148,
    9.279930114746094,
    9.304330825805664,
    9.32701301574707,
    9.348457336425781,
    9.369470596313477,
    9.390238761901855,
    9.409079551696777,
    9.426918983459473,
    9.444540977478027,
    9.462788581848145,
    9.47822380065918,
    9.494006156921387,
    9.510287284851074,
    9.525247573852539,
    9.540115356445312,
    9.554123878479004,
    9.56879997253418,
    9.581286430358887,
    9.593689918518066,
    9.606345176696777,
    9.617822647094727,
    9.62902545928955
  ],