{
  "k": [
    10,
    20,
    30,
    40,
    50,
    60,
    70,
    80,
    90,
    100,
    110,
    120,
    130,
    140,
    150,
    160,
    170,
    180,
    190,
    200,
    210,
    220,
    230,
    240,
    250,
    260,
    270,
    280,
    290,
    300,
    310,
    320,
    330,
    340,
    350,
    360,
    370,
    380,
    390,
    400,
    410,
    420,
    430,
    440,
    450,
    460,
    470,
    480,
    490,
    500
  ],
  "mean_overlap": [
    0.99715,
    0.9963199999999999,
    0.9951233333333334,
    0.993145,
    0.9905380000000001,
    0.9866466666666666,
    0.9810914285714287,
    0.9737175000000001,
    0.9651577777777779,
    0.9553290000000001,
    0.9445827272727273,
    0.93299,
    0.9211323076923078,
    0.9089071428571428,
    0.8963793333333333,
    0.8836731249999998,
    0.8709729411764707,
    0.8583172222222223,
    0.8456605263157895,
    0.8330790000000001,
    0.820797619047619,
    0.8084195454545454,
    0.7964369565217392,
    0.78464875,
    0.7731684000000001,
    0.7617803846153846,
    0.7506955555555556,
    0.7398078571428572,
    0.7291934482758622,
    0.7188983333333333,
    0.7087754838709677,
    0.6989315625,
    0.6893372727272727,
    0.6800505882352941,
    0.6710437142857143,
    0.6621430555555555,
    0.6534816216216216,
    0.645025,
    0.6368399999999999,
    0.6288375,
    0.6210675609756098,
    0.6134173809523809,
    0.6060162790697675,
    0.5987329545454545,
    0.5916377777777778,
    0.5847732608695652,
    0.5779723404255319,
    0.5713524999999999,
    0.5648971428571429,
    0.5586005999999999
  ],
  "mean_exact_dist": [
    75.0479965209961,
    81.63771057128906,
    86.21043395996094,
    89.6812973022461,
    92.4952621459961,
    94.86554718017578,
    96.91755676269531,
    98.7227783203125,
    100.33082580566406,
    101.78022766113281,
    103.09896850585938,
    104.30917358398438,
    105.4281005859375,
    106.4689712524414,
    107.44200134277344,
    108.44593811035156,
    109.33179473876953,
    110.140869140625,
    110.90800476074219,
    111.64954376220703,
    112.34972381591797,
    113.00547790527344,
    113.65025329589844,
    114.31121063232422,
    114.99783325195312,
    115.65596008300781,
    116.28450012207031,
    116.94258880615234,
    117.56863403320312,
    118.22137451171875,
    118.85411071777344,
    119.50458526611328,
    120.11882781982422,
    120.68551635742188,
    121.29794311523438,
    121.81776428222656,
    122.35440826416016,
    122.96055603027344,
    123.57730102539062,
    124.25483703613281,
    124.92290496826172,
    125.57264709472656,
    126.3648681640625,
    127.05914306640625,
    127.71529388427734,
    128.45191955566406,
    129.2478485107422,
    130.0107879638672,
    130.84671020507812,
    131.64248657226562
  ],
  "mean_ann_dist": [
    75.0758285522461,
    81.66569519042969,
    86.24181365966797,
    89.71875,
    92.54116821289062,
    94.92391204833984,
    96.99424743652344,
    98.82711791992188,
    100.47356414794922,
    101.97283935546875,
    103.35493469238281,
    104.64427185058594,
    105.85945892333984,
    107.01593780517578,
    108.12772369384766,
    1.067545794230508e+33,
    110.16600799560547,
    111.11007690429688,
    112.03579711914062,
    112.95654296875,
    1.6311577659389394e+32,
    114.73416137695312,
    115.61148071289062,
    4.293891740326911e+32,
    4.135076412686989e+32,
    1.3296537942364934e+32,
    2.569953076437368e+32,
    1.2461998073412497e+32,
    8.464253312696156e+32,
    7.061997623433804e+32,
    3.4435375742288655e+32,
    1.345769723209799e+33,
    6.58326454629146e+32,
    9.662597839824993e+32,
    6.3296562812808346e+32,
    1.4495785778866187e+33,
    1.3256309146507044e+33,
    1.0062703155372126e+33,
    1.4943802468783763e+33,
    1.780133172434096e+33,
    1.870381012950564e+33,
    1.9586512442542738e+33,
    1.4690981069410608e+33,
    1.2739226234372688e+33,
    1.4681264787527267e+33,
    2.2505446618898588e+33,
    2.0652138965484839e+33,
    1.484756191527962e+33,
    1.895234361406772e+33,
    2.009047164283562e+33
  ],
  "mean_barycenter_shift": [
    0.00018766545690596104,
    0.00023286680516321212,
    0.0003167694667354226,
    0.00045441833208315074,
    0.0006247429409995675,
    0.0008627197239547968,
    0.001168810180388391,
    0.001508529530838132,
    0.001833655871450901,
    0.0021686989348381758,
    0.0025008495431393385,
    0.0028176733758300543,
    0.003120021428912878,
    0.0033980628941208124,
    0.0036839779932051897,
    0.003960324451327324,
    0.004241038113832474,
    0.004529730416834354,
    0.004818801302462816,
    0.00510915694758296,
    0.005405187141150236,
    0.0057079908438026905,
    0.006011682096868753,
    0.006314887199550867,
    0.006613428704440594,
    0.00691234739497304,
    0.007218698970973492,
    0.00752444751560688,
    0.007824511267244816,
    0.008126383647322655,
    0.008427051827311516,
    0.008726591244339943,
    0.00902543030679226,
    0.009326167404651642,
    0.009627124294638634,
    0.009934760630130768,
    0.010244890116155148,
    0.01055858563631773,
    0.010875504463911057,
    0.011191211640834808,
    0.011510884389281273,
    0.011835064738988876,
    0.012163717299699783,
    0.012499695643782616,
    0.012841642834246159,
    0.013190162368118763,
    0.01354772038757801,
    0.01391170360147953,
    0.014285878278315067,
    0.014666897244751453
  ],
  "mean_lid_diff": [
    0.0359954833984375,
    0.009449005126953125,
    -0.003200531005859375,
    -0.029413223266601562,
    -0.040699005126953125,
    -0.0670318603515625,
    -0.10200309753417969,
    -0.14110183715820312,
    -0.18787574768066406,
    -0.24805641174316406,
    -0.3182535171508789,
    -0.39460182189941406,
    -0.4681272506713867,
    -0.559931755065918,
    -0.6496219635009766,
    -0.755528450012207,
    -0.8602538108825684,
    -0.9759163856506348,
    -1.090186595916748,
    -1.2174315452575684,
    -1.3423995971679688,
    -1.4750032424926758,
    -1.609452724456787,
    -1.7484869956970215,
    -1.889951229095459,
    -2.0368924140930176,
    -2.1850223541259766,
    -2.332059860229492,
    -2.483119010925293,
    -2.636284828186035,
    -2.790579319000244,
    -2.948910713195801,
    -3.107625961303711,
    -3.2633328437805176,
    -3.423555374145508,
    -3.582874298095703,
    -3.7434306144714355,
    -3.902589797973633,
    -4.063750743865967,
    -4.224854946136475,
    -4.388615608215332,
    -4.545710563659668,
    -4.704272747039795,
    -4.860049247741699,
    -5.011295795440674,
    -5.162499904632568,
    -5.314897537231445,
    -5.464105129241943,
    -5.610386610031128,
    -5.750982999801636
  ],
  "mean_lid_exact": [
    11.007865905761719,
    9.531454086303711,
    9.001206398010254,
    8.760645866394043,
    8.63895034790039,
    8.584587097167969,
    8.554620742797852,
    8.553760528564453,
    8.56108570098877,
    8.583976745605469,
    8.610902786254883,
    8.637629508972168,
    8.66049575805664,
    8.694307327270508,
    8.72366714477539,
    8.757959365844727,
    8.789752960205078,
    8.823960304260254,
    8.85480785369873,
    8.887386322021484,
    8.916894912719727,
    8.950489044189453,
    8.97860336303711,
    9.00782299041748,
    9.03617000579834,
    9.063539505004883,
    9.09067153930664,
    9.115396499633789,
    9.139023780822754,
    9.162960052490234,
    9.184759140014648,
    9.20861530303955,
    9.23033618927002,
    9.250452995300293,
    9.271903991699219,
    9.29271411895752,
    9.311972618103027,
    9.329826354980469,
    9.348104476928711,
    9.36662769317627,
    9.384439468383789,
    9.399636268615723,
    9.414512634277344,
    9.428892135620117,
    9.444042205810547,
    9.458183288574219,
    9.472654342651367,
    9.487302780151367,
    9.4993314743042,
    9.511168479919434
  ],