{
  "k": [
    10,
    20,
    30,
    40,
    50,
    60,
    70,
    80,
    90,
    100,
    110,
    120,
    130,
    140,
    150,
    160,
    170,
    180,
    190,
    200,
    210,
    220,
    230,
    240,
    250,
    260,
    270,
    280,
    290,
    300,
    310,
    320,
    330,
    340,
    350,
    360,
    370,
    380,
    390,
    400,
    410,
    420,
    430,
    440,
    450,
    460,
    470,
    480,
    490,
    500
  ],
  "mean_overlap": [
    0.9977300000000001,
    0.997225,
    0.9967266666666666,
    0.9959,
    0.9950140000000002,
    0.9939849999999999,
    0.9927985714285714,
    0.99125625,
    0.9896300000000001,
    0.987584,
    0.9852945454545454,
    0.9826016666666666,
    0.9794630769230771,
    0.97582,
    0.9717353333333333,
    0.9672375000000002,
    0.9622923529411767,
    0.9570049999999999,
    0.9513273684210526,
    0.945306,
    0.9390914285714287,
    0.9325640909090908,
    0.9259495652173914,
    0.9191941666666665,
    0.9122564000000001,
    0.9053015384615385,
    0.8982507407407407,
    0.891157142857143,
    0.8840224137931034,
    0.8769426666666666,
    0.8697967741935485,
    0.8626121875000001,
    0.8554906060606061,
    0.8484155882352942,
    0.8413802857142857,
    0.8344058333333333,
    0.8274827027027026,
    0.8207252631578947,
    0.8139107692307693,
    0.80720925,
    0.8005914634146342,
    0.7940190476190475,
    0.78756,
    0.7811779545454546,
    0.7747915555555556,
    0.7685121739130435,
    0.7623793617021276,
    0.7562477083333333,
    0.7501918367346938,
    0.744233
  ],
  "mean_exact_dist": [
    75.85939025878906,
    82.40481567382812,
    86.89728546142578,
    90.30349731445312,
    93.06490325927734,
    95.3984146118164,
    97.40972137451172,
    99.17232513427734,
    100.74213409423828,
    102.15910339355469,
    103.45179748535156,
    104.64131164550781,
    105.74299621582031,
    106.76930236816406,
    107.72979736328125,
    108.63308715820312,
    109.48551177978516,
    110.29273986816406,
    111.0593490600586,
    111.78921508789062,
    112.48590087890625,
    113.15241241455078,
    113.79154968261719,
    114.40534973144531,
    114.99592590332031,
    115.565185546875,
    116.11468505859375,
    116.64573669433594,
    117.15953826904297,
    117.65721130371094,
    118.13973999023438,
    118.60808563232422,
    119.06302642822266,
    119.49189758300781,
    119.9221420288086,
    120.33308410644531,
    120.73914337158203,
    121.13197326660156,
    121.50447082519531,
    121.88755798339844,
    122.34587097167969,
    122.81473541259766,
    123.22605895996094,
    123.61097717285156,
    123.92681884765625,
    124.26841735839844,
    124.60763549804688,
    124.93375396728516,
    125.31779479980469,
    125.68072509765625
  ],
  "mean_ann_dist": [
    75.87823486328125,
    82.42552947998047,
    86.9202880859375,
    90.32931518554688,
    93.09439086914062,
    95.43197631835938,
    97.44799041748047,
    99.21603393554688,
    100.79212188720703,
    102.21648406982422,
    103.51763916015625,
    104.71710205078125,
    105.83043670654297,
    106.87028503417969,
    107.84683990478516,
    108.76856231689453,
    109.64234924316406,
    110.47403717041016,
    111.26834869384766,
    112.02980041503906,
    112.76203918457031,
    113.46804809570312,
    114.15071105957031,
    114.81255340576172,
    115.45545196533203,
    116.08114624023438,
    116.69094848632812,
    117.28620147705078,
    117.86799621582031,
    118.43732452392578,
    118.99530029296875,
    119.5427474975586,
    120.08072662353516,
    120.59600067138672,
    9.723324601595875e+31,
    121.62284851074219,
    122.12841796875,
    8.963762311975938e+31,
    2.62201387107699e+32,
    2.561081495202708e+32,
    5.0103046627369004e+32,
    1.6354381370528997e+32,
    3.2045120494528904e+32,
    3.1440959332606165e+32,
    3.0833148181848846e+32,
    2.271941836498887e+32,
    4.466409516776672e+32,
    3.6720272621298664e+32,
    2.8950653384015107e+32,
    2.1446365317057947e+32
  ],
  "mean_barycenter_shift": [
    0.0001300640869885683,
    0.0001442488719476387,
    0.00016176901408471167,
    0.0002038582315435633,
    0.0002455151698086411,
    0.00029537733644247055,
    0.0003506027569528669,
    0.0004198730457574129,
    0.000491194543428719,
    0.0005700652836821973,
    0.0006513635162264109,
    0.0007536511402577162,
    0.0008619378204457462,
    0.0009865699103102088,
    0.00111354177352041,
    0.0012387013994157314,
    0.0013784540351480246,
    0.0015110732056200504,
    0.0016439687460660934,
    0.0017757245805114508,
    0.0018965465715155005,
    0.0020293837878853083,
    0.0021509353537112474,
    0.0022731940262019634,
    0.0024013954680413008,
    0.0025272006168961525,
    0.002655948046594858,
    0.002787109464406967,
    0.002917136996984482,
    0.0030465833842754364,
    0.0031775706447660923,
    0.003309674561023712,
    0.0034381207078695297,
    0.003560839919373393,
    0.0036885105073451996,
    0.0038093780167400837,
    0.003924799617379904,
    0.004036536905914545,
    0.004147965461015701,
    0.004262992180883884,
    0.0043770004995167255,
    0.004495189990848303,
    0.004616425838321447,
    0.004743277560919523,
    0.004880849272012711,
    0.005022481549531221,
    0.005168634932488203,
    0.005322414916008711,
    0.005481592379510403,
    0.005647074431180954
  ],
  "mean_lid_diff": [
    0.020174026489257812,
    0.004042625427246094,
    -0.0018825531005859375,
    -0.01146697998046875,
    -0.018995285034179688,
    -0.02462291717529297,
    -0.03583717346191406,
    -0.04801750183105469,
    -0.06286048889160156,
    -0.07745838165283203,
    -0.09576702117919922,
    -0.111053466796875,
    -0.13312911987304688,
    -0.1571979522705078,
    -0.1845407485961914,
    -0.21367645263671875,
    -0.2491321563720703,
    -0.2833538055419922,
    -0.3246898651123047,
    -0.36794185638427734,
    -0.4113454818725586,
    -0.4584331512451172,
    -0.5046796798706055,
    -0.5627298355102539,
    -0.6182765960693359,
    -0.6745576858520508,
    -0.7363061904907227,
    -0.7999181747436523,
    -0.8633155822753906,
    -0.9302978515625,
    -0.9994478225708008,
    -1.0669622421264648,
    -1.1394233703613281,
    -1.2122297286987305,
    -1.2845029830932617,
    -1.3585186004638672,
    -1.4345731735229492,
    -1.5150518417358398,
    -1.5973105430603027,
    -1.6821398735046387,
    -1.769744873046875,
    -1.8611397743225098,
    -1.954444408416748,
    -2.052124500274658,
    -2.1518874168395996,
    -2.251615524291992,
    -2.3574795722961426,
    -2.4682230949401855,
    -2.5777101516723633,
    -2.690916061401367
  ],
  "mean_lid_exact": [
    11.081929206848145,
    9.589584350585938,
    9.098677635192871,
    8.87187385559082,
    8.75511360168457,
    8.706165313720703,
    8.695828437805176,
    8.705862998962402,
    8.718581199645996,
    8.733996391296387,
    8.756845474243164,
    8.775971412658691,
    8.805023193359375,
    8.835185050964355,
    8.86732006072998,
    8.897375106811523,
    8.93073558807373,
    8.961284637451172,
    8.996330261230469,
    9.0286226272583,
    9.059356689453125,
    9.089195251464844,
    9.117877006530762,
    9.1492919921875,
    9.176535606384277,
    9.201735496520996,
    9.228631973266602,
    9.255193710327148,
    9.279930114746094,
    9.304330825805664,
    9.32701301574707,
    9.348457336425781,
    9.369470596313477,
    9.390238761901855,
    9.409079551696777,
    9.426918983459473,
    9.444540977478027,
    9.462788581848145,
    9.47822380065918,
    9.494006156921387,
    9.510287284851074,
    9.525247573852539,
    9.540115356445312,
    9.554123878479004,
    9.56879997253418,
    9.581286430358887,
    9.593689918518066,
    9.606345176696777,
    9.617822647094727,
    9.62902545928955
  ],