{
  "k": [
    10,
    20,
    30,
    40,
    50,
    60,
    70,
    80,
    90,
    100,
    110,
    120,
    130,
    140,
    150,
    160,
    170,
    180,
    190,
    200,
    210,
    220,
    230,
    240,
    250,
    260,
    270,
    280,
    290,
    300,
    310,
    320,
    330,
    340,
    350,
    360,
    370,
    380,
    390,
    400,
    410,
    420,
    430,
    440,
    450,
    460,
    470,
    480,
    490,
    500
  ],
  "mean_overlap": [
    0.9912,
    0.9881599999999998,
    0.9843800000000001,
    0.9793924999999999,
    0.973292,
    0.9654883333333332,
    0.9555942857142858,
    0.9439212500000002,
    0.9309311111111112,
    0.9170950000000001,
    0.9024754545454545,
    0.8873283333333333,
    0.872106153846154,
    0.8570428571428571,
    0.841922,
    0.8269424999999999,
    0.8119500000000001,
    0.7974905555555555,
    0.7831826315789473,
    0.7692565,
    0.7557161904761905,
    0.7424963636363635,
    0.7296921739130434,
    0.7173041666666666,
    0.7050704000000001,
    0.6932838461538461,
    0.6818855555555555,
    0.6708775,
    0.6601465517241378,
    0.6496916666666667,
    0.6396670967741935,
    0.629896875,
    0.6203599999999999,
    0.6111444117647059,
    0.6021431428571429,
    0.5934852777777778,
    0.5850121621621621,
    0.5768139473684212,
    0.5688125641025641,
    0.561042,
    0.5534665853658537,
    0.5460900000000001,
    0.5389058139534884,
    0.5318609090909091,
    0.5250706666666667,
    0.5184565217391304,
    0.5119512765957447,
    0.5055997916666666,
    0.49945775510204077,
    0.49344520000000003
  ],
  "mean_exact_dist": [
    75.60044860839844,
    82.18077850341797,
    86.70101165771484,
    90.14476013183594,
    92.9232406616211,
    95.2616958618164,
    97.28853607177734,
    99.07029724121094,
    100.6590347290039,
    102.09153747558594,
    103.39513397216797,
    104.59120178222656,
    105.69660186767578,
    106.72432708740234,
    107.76000213623047,
    108.68346405029297,
    109.50684356689453,
    110.36833190917969,
    111.19670104980469,
    111.98810577392578,
    112.67206573486328,
    113.34928894042969,
    113.94193267822266,
    114.59298706054688,
    115.33558654785156,
    116.10025024414062,
    116.86152648925781,
    117.59475708007812,
    118.5002670288086,
    119.5143051147461,
    120.47551727294922,
    121.47862243652344,
    122.62870025634766,
    123.49797058105469,
    124.56092834472656,
    125.5528335571289,
    126.4052734375,
    127.06040954589844,
    127.78472900390625,
    128.3529510498047,
    128.9645233154297,
    129.63844299316406,
    130.37770080566406,
    131.074951171875,
    131.857177734375,
    132.6355743408203,
    133.41943359375,
    133.64767456054688,
    133.9912567138672,
    133.612060546875
  ],
  "mean_ann_dist": [
    75.68869018554688,
    82.27670288085938,
    86.81179809570312,
    90.27640533447266,
    93.08221435546875,
    95.45563507080078,
    97.5271224975586,
    99.36710357666016,
    101.02819061279297,
    102.54739379882812,
    103.95404052734375,
    105.27067565917969,
    106.51492309570312,
    107.70222473144531,
    4.555776795068946e+32,
    2.1387416159812226e+32,
    6.045487532119138e+32,
    1.9060874204168133e+32,
    3.6210264536488824e+32,
    3.44554845308018e+32,
    8.224506107562904e+32,
    1.1040242507393827e+33,
    1.8218432409202433e+33,
    2.3576688747343898e+33,
    2.444195622235271e+33,
    2.1157100897209542e+33,
    2.2203126187054608e+33,
    2.3331451278136415e+33,
    3.5404515671143805e+33,
    4.49514318828602e+33,
    4.646574822561624e+33,
    3.720529133899048e+33,
    5.572324643554811e+33,
    4.658308018253971e+33,
    4.626249394541607e+33,
    4.8791723049979835e+33,
    5.469775547610469e+33,
    5.639831370807102e+33,
    7.615298947297533e+33,
    6.595930220318399e+33,
    8.196225831592944e+33,
    6.39430506920993e+33,
    6.235887739292639e+33,
    6.423331049311054e+33,
    7.34158235800128e+33,
    5.680840610488508e+33,
    7.147399083438975e+33,
    7.696374116350411e+33,
    7.736784812022823e+33,
    7.040324078711006e+33
  ],
  "mean_barycenter_shift": [
    0.0004989776061847806,
    0.0006219605566002429,
    0.0007963592652231455,
    0.0010000435868278146,
    0.001239051460288465,
    0.0015120703028514981,
    0.0018917941488325596,
    0.002291198819875717,
    0.002663151826709509,
    0.002995989518240094,
    0.003289701184257865,
    0.0035846533719450235,
    0.0038705470506101847,
    0.004153880290687084,
    0.00442849425598979,
    0.004705009516328573,
    0.005012216977775097,
    0.005322371143847704,
    0.005650713574141264,
    0.005986934062093496,
    0.0063342987559735775,
    0.006684944033622742,
    0.007038371171802282,
    0.0073996796272695065,
    0.007772380020469427,
    0.008153843693435192,
    0.008548600599169731,
    0.008961944840848446,
    0.00939631462097168,
    0.009856335818767548,
    0.010334612801671028,
    0.010832282714545727,
    0.011356111615896225,
    0.011899561621248722,
    0.012461081147193909,
    0.013032729737460613,
    0.013625137507915497,
    0.01423199288547039,
    0.0148546751588583,
    0.015488636679947376,
    0.01613239385187626,
    0.01678513176739216,
    0.017444930970668793,
    0.018112238496541977,
    0.018783938139677048,
    0.019463535398244858,
    0.020145926624536514,
    0.02083008550107479,
    0.021511845290660858,
    0.022193124517798424
  ],
  "mean_lid_diff": [
    0.046072959899902344,
    0.0069789886474609375,
    -0.03258514404296875,
    -0.08015823364257812,
    -0.12849903106689453,
    -0.1874408721923828,
    -0.2512340545654297,
    -0.3324165344238281,
    -0.4195823669433594,
    -0.5169868469238281,
    -0.6302013397216797,
    -0.7435760498046875,
    -0.8698687553405762,
    -1.006235122680664,
    -1.1507225036621094,
    -1.2987780570983887,
    -1.4510416984558105,
    -1.6061038970947266,
    -1.7702240943908691,
    -1.9370288848876953,
    -2.1112823486328125,
    -2.2916646003723145,
    -2.484288215637207,
    -2.690636157989502,
    -2.904139518737793,
    -3.1271347999572754,
    -3.3524818420410156,
    -3.591187000274658,
    -3.8335790634155273,
    -4.085391521453857,
    -4.338601589202881,
    -4.590243816375732,
    -4.845427989959717,
    -5.097480773925781,
    -5.353618621826172,
    -5.606582403182983,
    -5.851308345794678,
    -6.096345663070679,
    -6.34301495552063,
    -6.582056522369385,
    -6.827158212661743,
    -7.050638437271118,
    -7.269640207290649,
    -7.471277713775635,
    -7.660832047462463,
    -7.838849186897278,
    -8.007644414901733,
    -8.165640234947205,
    -8.31507670879364,
    -8.450276732444763
  ],
  "mean_lid_exact": [
    11.12682819366455,
    9.592001914978027,
    9.081597328186035,
    8.849260330200195,
    8.733487129211426,
    8.664432525634766,
    8.63707447052002,
    8.643159866333008,
    8.655350685119629,
    8.673441886901855,
    8.69958782196045,
    8.724100112915039,
    8.755117416381836,
    8.787567138671875,
    8.8177490234375,
    8.850823402404785,
    8.88420581817627,
    8.915345191955566,
    8.948029518127441,
    8.979625701904297,
    9.008522987365723,
    9.038714408874512,
    9.069071769714355,
    9.096099853515625,
    9.1241455078125,
    9.149534225463867,
    9.174396514892578,
    9.200657844543457,
    9.226593971252441,
    9.25322151184082,
    9.277111053466797,
    9.298871040344238,
    9.32158088684082,
    9.342672348022461,
    9.362958908081055,
    9.383233070373535,
    9.40025520324707,
    9.419355392456055,
    9.438645362854004,
    9.455509185791016,
    9.473003387451172,
    9.488834381103516,
    9.50333309173584,
    9.518378257751465,
    9.52998161315918,
    9.54333782196045,
    9.556131362915039,
    9.567658424377441,
    9.5786714553833,
    9.590386390686035
  ],