{
  "alpha": 0.5,
  "k": [
    10,
    20,
    30,
    40,
    50,
    60,
    70,
    80,
    90,
    100,
    110,
    120,
    130,
    140,
    150,
    160,
    170,
    180,
    190,
    200,
    210,
    220,
    230,
    240,
    250,
    260,
    270,
    280,
    290,
    300,
    310,
    320,
    330,
    340,
    350,
    360,
    370,
    380,
    390,
    400,
    410,
    420,
    430,
    440,
    450,
    460,
    470,
    480,
    490,
    500
  ],
  "mean_overlap": [
    0.99393,
    0.9909400000000002,
    0.9858233333333334,
    0.9775450000000001,
    0.964982,
    0.9491016666666666,
    0.9432142857142857,
    0.9445037500000001,
    0.9459244444444447,
    0.9474450000000001,
    0.9488636363636362,
    0.9502266666666667,
    0.9514938461538462,
    0.9524364285714286,
    0.9534819999999999,
    0.9543568749999999,
    0.955214705882353,
    0.9560438888888888,
    0.9568226315789474,
    0.9574799999999999,
    0.9580785714285716,
    0.9585986363636364,
    0.9591169565217391,
    0.9595024999999999,
    0.9598732,
    0.9602273076923077,
    0.9606155555555556,
    0.9609364285714286,
    0.961284827586207,
    0.9616663333333334,
    0.9621325806451612,
    0.9624190625000001,
    0.9627615151515152,
    0.9630973529411764,
    0.9633497142857143,
    0.9636425,
    0.9638405405405405,
    0.9641323684210525,
    0.9643869230769233,
    0.964633,
    0.9648953658536584,
    0.9651288095238094,
    0.9653116279069767,
    0.9655647727272728,
    0.9657253333333332,
    0.9658715217391304,
    0.9659759574468085,
    0.9660985416666666,
    0.9661718367346938,
    0.9662448
  ],
  "mean_exact_dist": [
    75.47096252441406,
    82.0308837890625,
    86.59142303466797,
    90.08599090576172,
    92.91300964355469,
    95.28070068359375,
    97.31420135498047,
    99.09494018554688,
    100.67951202392578,
    102.10798645019531,
    103.408203125,
    104.60122680664062,
    105.70417785644531,
    106.7301254272461,
    107.6897964477539,
    108.59181213378906,
    109.443115234375,
    110.24894714355469,
    111.01415252685547,
    111.74275970458984,
    112.43827819824219,
    113.10375213623047,
    113.74162292480469,
    114.35417175292969,
    114.94347381591797,
    115.51129913330078,
    116.05919647216797,
    116.5885238647461,
    117.10057830810547,
    117.59649658203125,
    118.0771255493164,
    118.54341125488281,
    118.99627685546875,
    119.43643951416016,
    119.86460876464844,
    120.2813720703125,
    120.68732452392578,
    121.08300018310547,
    121.46886444091797,
    121.84539794921875,
    122.21307373046875,
    122.57230377197266,
    122.9234619140625,
    123.2668228149414,
    123.60279083251953,
    123.93160247802734,
    124.2535629272461,
    124.56896209716797,
    124.87809753417969,
    125.1811752319336
  ],
  "mean_ann_dist": [
    75.51475524902344,
    82.08753967285156,
    86.66918182373047,
    90.19617462158203,
    93.0743637084961,
    95.51815032958984,
    97.57904052734375,
    99.34888458251953,
    100.92273712158203,
    102.33937072753906,
    103.62862396240234,
    104.81232452392578,
    105.90740203857422,
    106.92683410644531,
    107.88036346435547,
    108.7769775390625,
    109.62322235107422,
    110.42410278320312,
    111.18512725830078,
    111.91046142578125,
    112.60257720947266,
    113.26589965820312,
    113.90217590332031,
    114.5135726928711,
    115.10179901123047,
    115.66842651367188,
    116.21526336669922,
    116.74371337890625,
    117.2542495727539,
    117.74812316894531,
    118.22669982910156,
    118.69184875488281,
    119.14286041259766,
    119.58098602294922,
    120.00804901123047,
    120.42320251464844,
    120.82792663574219,
    121.22212219238281,
    121.6067123413086,
    121.98161315917969,
    122.34815216064453,
    122.70642852783203,
    123.05631256103516,
    123.39849090576172,
    123.73400115966797,
    124.06206512451172,
    124.3838119506836,
    124.69857788085938,
    125.0074234008789,
    125.31022644042969
  ],
  "mean_barycenter_shift": [
    0.0003403029404580593,
    0.00048543320735916495,
    0.0007481263019144535,
    0.0011858129873871803,
    0.0018727579154074192,
    0.0025689653120934963,
    0.002672979375347495,
    0.0024776773061603308,
    0.0023171554785221815,
    0.002184905344620347,
    0.0020684136543422937,
    0.001957526197656989,
    0.0018623580690473318,
    0.001795824384316802,
    0.0017258479492738843,
    0.0016712323995307088,
    0.0016209878958761692,
    0.0015678893541917205,
    0.0015207987744361162,
    0.0014771987916901708,
    0.0014446669956669211,
    0.001416265731677413,
    0.001384445931762457,
    0.0013614059425890446,
    0.0013381247408688068,
    0.001312934560701251,
    0.0012905156472697854,
    0.0012674645986407995,
    0.0012403527507558465,
    0.001221035490743816,
    0.0011945025762543082,
    0.0011782960500568151,
    0.001154993660748005,
    0.0011365428799763322,
    0.0011212545214220881,
    0.0011039834935218096,
    0.0010873912833631039,
    0.0010703332955017686,
    0.0010561550734564662,
    0.0010400841711089015,
    0.0010260058334097266,
    0.0010118094505742192,
    0.0010019277688115835,
    0.0009893366368487477,
    0.0009786513401195407,
    0.0009703303221613169,
    0.0009613075526431203,
    0.0009565539075993001,
    0.0009500538581050932,
    0.0009437964181415737
  ],
  "mean_lid_diff": [
    0.010248184204101562,
    -0.03189373016357422,
    -0.08133602142333984,
    -0.1519908905029297,
    -0.23478031158447266,
    -0.34275054931640625,
    -0.37652587890625,
    -0.35745906829833984,
    -0.34821510314941406,
    -0.34299373626708984,
    -0.33136463165283203,
    -0.3249797821044922,
    -0.32004547119140625,
    -0.31276798248291016,
    -0.3108406066894531,
    -0.30487823486328125,
    -0.298797607421875,
    -0.29668712615966797,
    -0.2924365997314453,
    -0.28742027282714844,
    -0.28487396240234375,
    -0.2816028594970703,
    -0.2810840606689453,
    -0.27762603759765625,
    -0.27437496185302734,
    -0.2737302780151367,
    -0.27041053771972656,
    -0.2677135467529297,
    -0.26517581939697266,
    -0.2611656188964844,
    -0.2592916488647461,
    -0.26000022888183594,
    -0.25754356384277344,
    -0.255523681640625,
    -0.2524576187133789,
    -0.25272655487060547,
    -0.2513113021850586,
    -0.2494516372680664,
    -0.24890518188476562,
    -0.24683380126953125,
    -0.24582958221435547,
    -0.24426555633544922,
    -0.24109935760498047,
    -0.23888587951660156,
    -0.23873138427734375,
    -0.23946571350097656,
    -0.23930740356445312,
    -0.23854637145996094,
    -0.2367258071899414,
    -0.23672103881835938
  ],
  "mean_lid_exact": [
    11.113395690917969,
    9.595657348632812,
    9.03540325164795,
    8.787346839904785,
    8.6644868850708,
    8.605956077575684,
    8.583338737487793,
    8.578909873962402,
    8.590932846069336,
    8.614339828491211,
    8.641937255859375,
    8.669146537780762,
    8.702982902526855,
    8.735636711120605,
    8.7714262008667,
    8.8040771484375,
    8.838804244995117,
    8.873269081115723,
    8.907807350158691,
    8.939550399780273,
    8.972356796264648,
    9.0046968460083,
    9.039222717285156,
    9.06828498840332,
    9.094979286193848,
    9.123551368713379,
    9.150249481201172,
    9.17654037475586,
    9.202851295471191,
    9.227692604064941,
    9.251763343811035,
    9.275958061218262,
    9.297104835510254,
    9.318540573120117,
    9.3385591506958,
    9.360579490661621,
    9.380472183227539,
    9.40024185180664,
    9.419011116027832,
    9.4362154006958,
    9.453031539916992,
    9.46866226196289,
    9.483881950378418,
    9.499428749084473,
    9.514997482299805,
    9.53073787689209,
    9.545132637023926,
    9.55838680267334,
    9.570035934448242,
    9.583001136779785
  ],