{
  "alpha": 0.25,
  "k": [
    10,
    20,
    30,
    40,
    50,
    60,
    70,
    80,
    90,
    100,
    110,
    120,
    130,
    140,
    150,
    160,
    170,
    180,
    190,
    200,
    210,
    220,
    230,
    240,
    250,
    260,
    270,
    280,
    290,
    300,
    310,
    320,
    330,
    340,
    350,
    360,
    370,
    380,
    390,
    400,
    410,
    420,
    430,
    440,
    450,
    460,
    470,
    480,
    490,
    500
  ],
  "mean_overlap": [
    0.99269,
    0.9897099999999999,
    0.9846066666666667,
    0.9764025,
    0.9633860000000001,
    0.9470699999999999,
    0.9286814285714287,
    0.9089125,
    0.888687777777778,
    0.8683270000000001,
    0.84809,
    0.8284266666666666,
    0.8096907692307692,
    0.8139828571428571,
    0.8106986666666668,
    0.81408,
    0.8113117647058825,
    0.8148377777777779,
    0.8124921052631578,
    0.815384,
    0.8133028571428573,
    0.8160990909090908,
    0.8140504347826086,
    0.8165291666666668,
    0.8149864,
    0.8174661538461538,
    0.8161548148148148,
    0.8183371428571429,
    0.8169196551724138,
    0.819248,
    0.817921935483871,
    0.8200496875000001,
    0.8186430303030303,
    0.820564705882353,
    0.8193665714285715,
    0.8211997222222223,
    0.8200586486486485,
    0.8216944736842104,
    0.8207948717948719,
    0.8223514999999999,
    0.821379024390244,
    0.8227864285714286,
    0.8217062790697673,
    0.823049090909091,
    0.8219755555555556,
    0.8231771739130436,
    0.8221529787234042,
    0.8235408333333333,
    0.8225644897959185,
    0.8238456000000001
  ],
  "mean_exact_dist": [
    75.52649688720703,
    82.15322875976562,
    86.68850708007812,
    90.14409637451172,
    92.94852447509766,
    95.31400299072266,
    97.36738586425781,
    99.17621612548828,
    100.787353515625,
    102.23973083496094,
    103.57910919189453,
    104.87342071533203,
    105.9839096069336,
    107.03285217285156,
    108.0048828125,
    108.9133529663086,
    109.77682495117188,
    110.57667541503906,
    111.34957885742188,
    112.09982299804688,
    112.80391693115234,
    113.49142456054688,
    114.132568359375,
    114.7642593383789,
    115.34696197509766,
    115.90392303466797,
    116.43663024902344,
    116.95701599121094,
    117.46806335449219,
    117.96256256103516,
    118.44828033447266,
    118.93814086914062,
    119.4147720336914,
    119.86739349365234,
    120.29582977294922,
    120.72279357910156,
    121.13337707519531,
    121.531494140625,
    121.92098999023438,
    122.31344604492188,
    122.68408966064453,
    123.04273986816406,
    123.3993911743164,
    123.75577545166016,
    124.09001159667969,
    124.42253875732422,
    124.74332427978516,
    125.06890869140625,
    125.37252044677734,
    125.6833267211914
  ],
  "mean_ann_dist": [
    75.58316802978516,
    82.22084045410156,
    86.77653503417969,
    90.26407623291016,
    93.12257385253906,
    95.57516479492188,
    97.74081420898438,
    99.68390655517578,
    101.45718383789062,
    2.0425111594255244e+33,
    6.198108517287485e+32,
    1.1411212130403854e+33,
    107.50811004638672,
    108.4957275390625,
    109.51782989501953,
    110.37897491455078,
    2.015974328572767e+32,
    112.04460906982422,
    112.85224914550781,
    113.56614685058594,
    114.30482482910156,
    114.9577407836914,
    115.63065338134766,
    116.23282623291016,
    1.3697588928045202e+32,
    2.6320326745574316e+32,
    1.2662563702589842e+32,
    118.42786407470703,
    118.9657974243164,
    119.43293762207031,
    119.94086456298828,
    120.40642547607422,
    120.90199279785156,
    121.32470703125,
    121.76976776123047,
    122.1695785522461,
    122.5956802368164,
    122.96876525878906,
    123.37165832519531,
    123.74418640136719,
    8.301229375778927e+31,
    124.46809387207031,
    7.915917153559057e+31,
    125.18122863769531,
    125.5326156616211,
    125.85164642333984,
    126.18753814697266,
    1.4182686370986391e+32,
    126.81292724609375,
    127.110595703125
  ],
  "mean_barycenter_shift": [
    0.0003898717404808849,
    0.0005317723844200373,
    0.0008040814427658916,
    0.0012332210317254066,
    0.0019622170366346836,
    0.0026942628901451826,
    0.003263915190473199,
    0.0037066619843244553,
    0.004068952053785324,
    0.004397495649755001,
    0.004728318192064762,
    0.005037762224674225,
    0.00537471380084753,
    0.005161487031728029,
    0.005156169645488262,
    0.004993300419300795,
    0.004984455648809671,
    0.004835847299546003,
    0.004836967680603266,
    0.004717244300991297,
    0.004724434111267328,
    0.004616762511432171,
    0.004622137639671564,
    0.004515455570071936,
    0.004498204216361046,
    0.0043791187927126884,
    0.004350688774138689,
    0.004243319854140282,
    0.0042332811281085014,
    0.004141881596297026,
    0.004129377659410238,
    0.004054924938827753,
    0.00405245553702116,
    0.003979452420026064,
    0.00397117342799902,
    0.003901728894561529,
    0.003893681336194277,
    0.0038314349949359894,
    0.0038203152362257242,
    0.003759864717721939,
    0.0037469512317329645,
    0.0036945987958461046,
    0.0036881081759929657,
    0.003639824688434601,
    0.0036346535198390484,
    0.0035897730849683285,
    0.0035843760706484318,
    0.003536321921274066,
    0.0035313614644110203,
    0.0034882710315287113
  ],
  "mean_lid_diff": [
    0.06284141540527344,
    0.008139610290527344,
    -0.050418853759765625,
    -0.12384796142578125,
    -0.22269630432128906,
    -0.34088706970214844,
    -0.4571647644042969,
    -0.5852260589599609,
    -0.7276525497436523,
    -0.8785748481750488,
    -1.0394625663757324,
    -1.2100000381469727,
    -1.3710250854492188,
    -1.3377609252929688,
    -1.3750643730163574,
    -1.3573837280273438,
    -1.390829086303711,
    -1.3703970909118652,
    -1.3971757888793945,
    -1.3816370964050293,
    -1.4061460494995117,
    -1.3879361152648926,
    -1.4130587577819824,
    -1.3955912590026855,
    -1.4150762557983398,
    -1.3992176055908203,
    -1.4154682159423828,
    -1.3999247550964355,
    -1.4191384315490723,
    -1.4058141708374023,
    -1.423525333404541,
    -1.412755012512207,
    -1.4315152168273926,
    -1.4173431396484375,
    -1.434980869293213,
    -1.4257149696350098,
    -1.443140983581543,
    -1.435342788696289,
    -1.4507193565368652,
    -1.441028118133545,
    -1.4586892127990723,
    -1.450723648071289,
    -1.468055248260498,
    -1.4606714248657227,
    -1.4775419235229492,
    -1.469461441040039,
    -1.4860811233520508,
    -1.4756999015808105,
    -1.4912548065185547,
    -1.4831361770629883
  ],
  "mean_lid_exact": [
    11.1322603225708,
    9.571598052978516,
    9.055542945861816,
    8.813246726989746,
    8.693671226501465,
    8.619119644165039,
    8.584683418273926,
    8.579543113708496,
    8.584785461425781,
    8.60038948059082,
    8.622541427612305,
    8.65090560913086,
    8.676087379455566,
    8.69764232635498,
    8.727734565734863,
    8.756537437438965,
    8.786578178405762,
    8.814403533935547,
    8.840578079223633,
    8.87097454071045,
    8.89892864227295,
    8.92751407623291,
    8.955955505371094,
    8.981940269470215,
    9.005810737609863,
    9.032186508178711,
    9.056473731994629,
    9.080923080444336,
    9.10561752319336,
    9.12928581237793,
    9.152432441711426,
    9.17615795135498,
    9.199926376342773,
    9.220527648925781,
    9.240633964538574,
    9.261253356933594,
    9.280330657958984,
    9.301103591918945,
    9.319037437438965,
    9.337491989135742,
    9.354876518249512,
    9.37236213684082,
    9.388570785522461,
    9.404877662658691,
    9.42121696472168,
    9.43504810333252,
    9.44980239868164,
    9.462868690490723,
    9.47581672668457,
    9.488152503967285
  ],