{
  "alpha": 0.25,
  "k": [
    10,
    20,
    30,
    40,
    50,
    60,
    70,
    80,
    90,
    100,
    110,
    120,
    130,
    140,
    150,
    160,
    170,
    180,
    190,
    200,
    210,
    220,
    230,
    240,
    250,
    260,
    270,
    280,
    290,
    300,
    310,
    320,
    330,
    340,
    350,
    360,
    370,
    380,
    390,
    400,
    410,
    420,
    430,
    440,
    450,
    460,
    470,
    480,
    490,
    500
  ],
  "mean_overlap": [
    0.9930100000000001,
    0.9893449999999999,
    0.9839533333333335,
    0.975355,
    0.9622299999999999,
    0.9455466666666665,
    0.9268757142857145,
    0.90712625,
    0.8874655555555557,
    0.867618,
    0.8481145454545455,
    0.8291566666666668,
    0.8103446153846154,
    0.8151485714285714,
    0.812716,
    0.8168175,
    0.8145335294117648,
    0.8181583333333334,
    0.8162447368421053,
    0.8194560000000002,
    0.8177595238095239,
    0.8206777272727274,
    0.8188099999999999,
    0.8214549999999999,
    0.8199056,
    0.8225615384615385,
    0.8210644444444444,
    0.8233742857142857,
    0.8220034482758621,
    0.8243860000000001,
    0.8229745161290323,
    0.8251221875000001,
    0.8239627272727273,
    0.8260708823529412,
    0.8250620000000001,
    0.8270997222222223,
    0.8261056756756756,
    0.8280181578947368,
    0.8270938461538463,
    0.8286762500000001,
    0.82778,
    0.8295019047619048,
    0.828533953488372,
    0.8300890909090909,
    0.8291237777777778,
    0.8305610869565216,
    0.8296399999999999,
    0.8310139583333334,
    0.830099387755102,
    0.8314273999999999
  ],
  "mean_exact_dist": [
    75.55923461914062,
    82.13717651367188,
    86.73735046386719,
    90.23989868164062,
    93.05348205566406,
    95.4113998413086,
    97.44730377197266,
    99.23202514648438,
    100.82064819335938,
    102.2510986328125,
    103.55319213867188,
    104.7485122680664,
    105.85257720947266,
    106.88359832763672,
    107.86042022705078,
    108.76351928710938,
    109.63025665283203,
    110.43415069580078,
    111.22008514404297,
    111.93173217773438,
    112.63500213623047,
    113.29022979736328,
    113.9133071899414,
    114.50411987304688,
    115.09467315673828,
    115.62069702148438,
    116.16268920898438,
    116.69286346435547,
    117.20751190185547,
    117.71961975097656,
    118.19831085205078,
    118.66275024414062,
    119.11373901367188,
    119.55209350585938,
    119.9785385131836,
    120.39371490478516,
    120.7981185913086,
    121.19224548339844,
    121.57664489746094,
    121.9559097290039,
    122.32225036621094,
    122.67581939697266,
    123.02555084228516,
    123.36748504638672,
    123.70659637451172,
    124.03410339355469,
    124.35478973388672,
    124.66893768310547,
    124.97682189941406,
    125.27862548828125
  ],
  "mean_ann_dist": [
    75.61731719970703,
    82.20667266845703,
    86.82860565185547,
    90.36468505859375,
    93.23200988769531,
    95.67106628417969,
    97.81462860107422,
    99.7331314086914,
    101.47803497314453,
    103.08828735351562,
    104.5933837890625,
    106.01448822021484,
    5.239828804283229e+32,
    7.298332756333776e+32,
    6.818602363747283e+32,
    2.1301729431999253e+32,
    1.807096744429771e+33,
    9.490248732705585e+32,
    3.604628777259761e+32,
    5.135562143905631e+32,
    114.02800750732422,
    114.6536636352539,
    1.4875211306057058e+32,
    2.849649573779015e+32,
    2.7337404741882005e+32,
    1.3128480812047353e+32,
    117.56714630126953,
    118.07789611816406,
    118.61811828613281,
    119.10243225097656,
    1.0977947817191938e+32,
    120.03688049316406,
    120.506103515625,
    120.9180679321289,
    121.3626480102539,
    121.75174713134766,
    122.17210388183594,
    122.54293060302734,
    122.94165802001953,
    123.30343627929688,
    123.68372344970703,
    124.01557922363281,
    124.38095092773438,
    124.70459747314453,
    125.05989837646484,
    125.36937713623047,
    125.70457458496094,
    126.00019836425781,
    126.3229751586914,
    126.60659790039062
  ],
  "mean_barycenter_shift": [
    0.00036795163759961724,
    0.0005410713492892683,
    0.0008206367492675781,
    0.0012763356789946556,
    0.0019949187990278006,
    0.002709382912144065,
    0.003268057946115732,
    0.0037155288737267256,
    0.004073817748576403,
    0.004400050733238459,
    0.00468707038089633,
    0.004969476256519556,
    0.0052490876987576485,
    0.005006970837712288,
    0.004950732924044132,
    0.004764259792864323,
    0.0047340174205601215,
    0.004590132739394903,
    0.0045893844217062,
    0.004463339224457741,
    0.004471914377063513,
    0.004373888485133648,
    0.004380502738058567,
    0.004297316540032625,
    0.004299303516745567,
    0.004201502539217472,
    0.004197894129902124,
    0.004120806232094765,
    0.004125813953578472,
    0.004052869509905577,
    0.004064484965056181,
    0.003997412044554949,
    0.003999616485089064,
    0.003931107465177774,
    0.003925267606973648,
    0.00385503307916224,
    0.0038467480335384607,
    0.0037817948032170534,
    0.003772338153794408,
    0.0037135386373847723,
    0.0036994018591940403,
    0.0036375808995217085,
    0.00362694775685668,
    0.0035688369534909725,
    0.003558454103767872,
    0.0035060502123087645,
    0.0034963972866535187,
    0.0034433556720614433,
    0.0034380729775875807,
    0.0033892113715410233
  ],
  "mean_lid_diff": [
    0.007917404174804688,
    -0.02017974853515625,
    -0.07224559783935547,
    -0.14225387573242188,
    -0.23530006408691406,
    -0.34044742584228516,
    -0.4642190933227539,
    -0.5841493606567383,
    -0.7202372550964355,
    -0.863499641418457,
    -1.013343334197998,
    -1.1709604263305664,
    -1.3354158401489258,
    -1.3155364990234375,
    -1.3496770858764648,
    -1.3252487182617188,
    -1.364448070526123,
    -1.3438382148742676,
    -1.3747200965881348,
    -1.3518152236938477,
    -1.381181240081787,
    -1.3580403327941895,
    -1.3836441040039062,
    -1.3665213584899902,
    -1.389146327972412,
    -1.3724040985107422,
    -1.38877534866333,
    -1.3707475662231445,
    -1.3894414901733398,
    -1.3730106353759766,
    -1.396531581878662,
    -1.3862357139587402,
    -1.4055886268615723,
    -1.3921222686767578,
    -1.4078741073608398,
    -1.3947134017944336,
    -1.4117803573608398,
    -1.4021797180175781,
    -1.4176244735717773,
    -1.409693717956543,
    -1.4243030548095703,
    -1.4132728576660156,
    -1.4306163787841797,
    -1.4206972122192383,
    -1.4362754821777344,
    -1.4280052185058594,
    -1.4424142837524414,
    -1.4345636367797852,
    -1.4511432647705078,
    -1.4444942474365234
  ],
  "mean_lid_exact": [
    11.095666885375977,
    9.605415344238281,
    9.058934211730957,
    8.837571144104004,
    8.726156234741211,
    8.661084175109863,
    8.639104843139648,
    8.631937026977539,
    8.646387100219727,
    8.667332649230957,
    8.692510604858398,
    8.725726127624512,
    8.760945320129395,
    8.798789024353027,
    8.834794044494629,
    8.871407508850098,
    8.909622192382812,
    8.94542121887207,
    8.982343673706055,
    9.016335487365723,
    9.0516939163208,
    9.083623886108398,
    9.116090774536133,
    9.146827697753906,
    9.176966667175293,
    9.204686164855957,
    9.23068618774414,
    9.258277893066406,
    9.285614013671875,
    9.312666893005371,
    9.34048843383789,
    9.365837097167969,
    9.389573097229004,
    9.411426544189453,
    9.432451248168945,
    9.453962326049805,
    9.475825309753418,
    9.496142387390137,
    9.515544891357422,
    9.535019874572754,
    9.552567481994629,
    9.568090438842773,
    9.585650444030762,
    9.600568771362305,
    9.615628242492676,
    9.630697250366211,
    9.6441068649292,
    9.657221794128418,
    9.669744491577148,
    9.682737350463867
  ],