{
  "alpha": 0.5,
  "k": [
    10,
    20,
    30,
    40,
    50,
    60,
    70,
    80,
    90,
    100,
    110,
    120,
    130,
    140,
    150,
    160,
    170,
    180,
    190,
    200,
    210,
    220,
    230,
    240,
    250,
    260,
    270,
    280,
    290,
    300,
    310,
    320,
    330,
    340,
    350,
    360,
    370,
    380,
    390,
    400,
    410,
    420,
    430,
    440,
    450,
    460,
    470,
    480,
    490,
    500
  ],
  "mean_overlap": [
    0.99361,
    0.9901549999999999,
    0.9849166666666668,
    0.9766625,
    0.963974,
    0.9480116666666665,
    0.9422357142857143,
    0.943575,
    0.9448311111111114,
    0.9458119999999999,
    0.9469427272727273,
    0.9479125,
    0.9492576923076924,
    0.9502364285714284,
    0.9513673333333332,
    0.9521956249999999,
    0.9529205882352942,
    0.953675,
    0.9544368421052631,
    0.9550895,
    0.9557866666666667,
    0.9565263636363636,
    0.9570352173913043,
    0.9577658333333333,
    0.9584552,
    0.959001923076923,
    0.9596314814814814,
    0.9600807142857142,
    0.9605320689655171,
    0.9609646666666667,
    0.9613016129032258,
    0.9616459375,
    0.9620357575757577,
    0.962500294117647,
    0.9629285714285714,
    0.9632486111111112,
    0.963481081081081,
    0.9637018421052633,
    0.9640348717948718,
    0.964269,
    0.9644717073170732,
    0.9646411904761902,
    0.9648525581395349,
    0.9650268181818181,
    0.965192,
    0.9652897826086956,
    0.9654344680851064,
    0.965540625,
    0.9656716326530612,
    0.9658268
  ],
  "mean_exact_dist": [
    75.69612884521484,
    82.34547424316406,
    86.8810806274414,
    90.33885955810547,
    93.14575958251953,
    95.51370239257812,
    97.55909729003906,
    99.3550796508789,
    100.95387268066406,
    102.3952407836914,
    103.70793914794922,
    104.91339874267578,
    106.02783966064453,
    107.06401062011719,
    108.03276062011719,
    108.9428482055664,
    109.80127716064453,
    110.61405181884766,
    111.38577270507812,
    112.12065124511719,
    112.82203674316406,
    113.49285125732422,
    114.13592529296875,
    114.75344848632812,
    115.34739685058594,
    115.91958618164062,
    116.47151184082031,
    117.00467681884766,
    117.520263671875,
    118.0193862915039,
    118.50308990478516,
    118.97222137451172,
    119.42777252197266,
    119.87052154541016,
    120.30108642578125,
    120.72006225585938,
    121.12805938720703,
    121.52566528320312,
    121.91332244873047,
    122.29156494140625,
    122.66081237792969,
    123.02144622802734,
    123.37382507324219,
    123.7182846069336,
    124.05521392822266,
    124.38490295410156,
    124.70763397216797,
    125.02369689941406,
    125.3333511352539,
    125.63682556152344
  ],
  "mean_ann_dist": [
    75.74031066894531,
    82.40283203125,
    86.96085357666016,
    90.4517593383789,
    93.31078338623047,
    95.757568359375,
    97.83014678955078,
    99.61182403564453,
    101.19913482666016,
    102.63324737548828,
    103.9395980834961,
    105.13760375976562,
    106.24107360839844,
    107.27022552490234,
    108.23213958740234,
    109.13847351074219,
    109.99314880371094,
    110.80237579345703,
    111.5706787109375,
    112.30242156982422,
    113.00088500976562,
    113.66857147216797,
    114.30919647216797,
    114.9239730834961,
    115.5155258178711,
    116.08527374267578,
    116.63379669189453,
    117.16453552246094,
    117.67765045166016,
    118.17426300048828,
    118.65568542480469,
    119.12329864501953,
    119.57671356201172,
    120.01692199707031,
    120.44515991210938,
    120.86229705810547,
    121.26898956298828,
    121.66547393798828,
    122.0516357421875,
    122.42847442626953,
    122.79646301269531,
    123.1562728881836,
    123.50769805908203,
    123.85121154785156,
    124.18777465820312,
    124.51697540283203,
    124.83869934082031,
    125.15415954589844,
    125.46342468261719,
    125.7666244506836
  ],
  "mean_barycenter_shift": [
    0.00034274524659849703,
    0.0005215523997321725,
    0.0007918638875707984,
    0.0012336348881945014,
    0.0019122353987768292,
    0.002622038358822465,
    0.0027132555842399597,
    0.002529153833165765,
    0.0023669658694416285,
    0.0022473023273050785,
    0.0021236231550574303,
    0.0020284804049879313,
    0.0019276769598945975,
    0.0018536013085395098,
    0.0017770110862329602,
    0.0017173050437122583,
    0.0016627198783680797,
    0.0016123178647831082,
    0.0015663586091250181,
    0.0015215636231005192,
    0.0014835302717983723,
    0.0014448207803070545,
    0.001408967305906117,
    0.001378227025270462,
    0.0013409786624833941,
    0.0013154488988220692,
    0.0012870037462562323,
    0.001263114740140736,
    0.0012402437860146165,
    0.0012160547776147723,
    0.0011983381118625402,
    0.0011775188613682985,
    0.0011548551265150309,
    0.001130945747718215,
    0.0011118692345917225,
    0.0010934725869446993,
    0.001077199005521834,
    0.0010649212636053562,
    0.0010468295076861978,
    0.0010316859697923064,
    0.0010198147501796484,
    0.0010055126622319221,
    0.0009948252700269222,
    0.0009845776949077845,
    0.0009714088519103825,
    0.0009621571516618133,
    0.0009527181391604245,
    0.0009461489389650524,
    0.0009365121950395405,
    0.0009302663966082036
  ],
  "mean_lid_diff": [
    0.05664825439453125,
    0.05664825439453125,
    -0.022675514221191406,
    -0.022675514221191406,
    -0.07978630065917969,
    -0.07978630065917969,
    -0.1522989273071289,
    -0.1522989273071289,
    -0.24043655395507812,
    -0.24043655395507812,
    -0.3430185317993164,
    -0.3430185317993164,
    -0.38540077209472656,
    -0.38540077209472656,
    -0.37236499786376953,
    -0.37236499786376953,
    -0.36246395111083984,
    -0.36246395111083984,
    -0.3506927490234375,
    -0.3506927490234375,
    -0.34434032440185547,
    -0.34434032440185547,
    -0.33847904205322266,
    -0.33847904205322266,
    -0.32981204986572266,
    -0.32981204986572266,
    -0.32581329345703125,
    -0.32581329345703125,
    -0.31864070892333984,
    -0.31864070892333984,
    -0.3154458999633789,
    -0.3154458999633789,
    -0.31195545196533203,
    -0.31195545196533203,
    -0.30447959899902344,
    -0.30447959899902344,
    -0.30106449127197266,
    -0.30106449127197266,
    -0.2954397201538086,
    -0.2954397201538086,
    -0.29178619384765625,
    -0.29178619384765625,
    -0.289154052734375,
    -0.289154052734375,
    -0.2885417938232422,
    -0.2885417938232422,
    -0.2846221923828125,
    -0.2846221923828125,
    -0.2801942825317383,
    -0.2801942825317383,
    -0.27868175506591797,
    -0.27868175506591797,
    -0.2759866714477539,
    -0.2759866714477539,
    -0.27078914642333984,
    -0.27078914642333984,
    -0.2693166732788086,
    -0.2693166732788086,
    -0.26880645751953125,
    -0.26880645751953125,
    -0.2695951461791992,
    -0.2695951461791992,
    -0.26565074920654297,
    -0.26565074920654297,
    -0.2618427276611328,
    -0.2618427276611328,
    -0.2589292526245117,
    -0.2589292526245117,
    -0.2595090866088867,
    -0.2595090866088867,
    -0.2579774856567383,
    -0.2579774856567383,
    -0.2591056823730469,
    -0.2591056823730469,
    -0.2562093734741211,
    -0.2562093734741211,
    -0.2551765441894531,
    -0.2551765441894531,
    -0.25455188751220703,
    -0.25455188751220703,
    -0.2511758804321289,
    -0.2511758804321289,
    -0.24901390075683594,
    -0.24901390075683594,
    -0.24725914001464844,
    -0.24725914001464844,
    -0.2459716796875,
    -0.2459716796875,
    -0.24417972564697266,
    -0.24417972564697266,
    -0.24502182006835938,
    -0.24502182006835938,
    -0.24393653869628906,
    -0.24393653869628906,
    -0.24252033233642578,
    -0.24252033233642578,
    -0.24161052703857422,
    -0.24161052703857422,
    -0.24115753173828125,
    -0.24115753173828125
  ],
  "mean_lid_exact": [],