{
  "alpha": 1.0,
  "k": [
    10,
    20,
    30,
    40,
    50,
    60,
    70,
    80,
    90,
    100,
    110,
    120,
    130,
    140,
    150,
    160,
    170,
    180,
    190,
    200,
    210,
    220,
    230,
    240,
    250,
    260,
    270,
    280,
    290,
    300,
    310,
    320,
    330,
    340,
    350,
    360,
    370,
    380,
    390,
    400,
    410,
    420,
    430,
    440,
    450,
    460,
    470,
    480,
    490,
    500
  ],
  "mean_overlap": [
    0.9661,
    0.978125,
    0.9823633333333334,
    0.9851575,
    0.986994,
    0.988265,
    0.9893471428571429,
    0.9901975000000001,
    0.9908666666666666,
    0.9915470000000001,
    0.9921172727272726,
    0.9926024999999999,
    0.9930276923076923,
    0.9934178571428572,
    0.9937473333333333,
    0.9940143749999999,
    0.9943541176470587,
    0.9946416666666666,
    0.9948947368421052,
    0.9951184999999999,
    0.9952828571428572,
    0.9954395454545455,
    0.9956021739130436,
    0.9957775,
    0.9959380000000001,
    0.9960911538461538,
    0.9962007407407407,
    0.9963582142857144,
    0.9964741379310345,
    0.9965956666666667,
    0.9967029032258065,
    0.9968153125000001,
    0.9969187878787877,
    0.9970147058823527,
    0.9970991428571427,
    0.9971822222222221,
    0.9972454054054055,
    0.9973281578947368,
    0.9974051282051282,
    0.9974649999999999,
    0.9975356097560977,
    0.997607619047619,
    0.997660465116279,
    0.9977229545454546,
    0.9977866666666667,
    0.997847391304348,
    0.9978951063829787,
    0.9979408333333333,
    0.9979820408163265,
    0.9980271999999999
  ],
  "mean_exact_dist": [
    75.86603546142578,
    82.51177978515625,
    87.10372924804688,
    90.62568664550781,
    93.46857452392578,
    95.8508529663086,
    97.89720916748047,
    99.68855285644531,
    101.28204345703125,
    102.7173843383789,
    104.02298736572266,
    105.22007751464844,
    106.32575225830078,
    107.35282135009766,
    108.31196594238281,
    109.21219635009766,
    110.06009674072266,
    110.86170196533203,
    111.62203979492188,
    112.34529876708984,
    113.03526306152344,
    113.69512176513672,
    114.3275146484375,
    114.93462371826172,
    115.5185775756836,
    116.08111572265625,
    116.62380981445312,
    117.14810180664062,
    117.65538787841797,
    118.1468734741211,
    118.62353515625,
    119.08634948730469,
    119.53612518310547,
    119.97364807128906,
    120.39949798583984,
    120.81433868408203,
    121.21861267089844,
    121.61283874511719,
    121.99749755859375,
    122.37303924560547,
    122.73983764648438,
    123.09822845458984,
    123.44856262207031,
    123.7911605834961,
    124.12628936767578,
    124.4543228149414,
    124.7754898071289,
    125.09004974365234,
    125.39824676513672,
    125.70034790039062
  ],
  "mean_ann_dist": [
    76.16703033447266,
    82.65211486816406,
    87.20623779296875,
    90.70539093017578,
    93.53678131103516,
    95.91083526611328,
    97.95030975341797,
    99.73577880859375,
    101.32530212402344,
    102.75643920898438,
    104.05880737304688,
    105.2532730102539,
    106.35659790039062,
    107.38185119628906,
    108.3394775390625,
    109.23848724365234,
    110.08499908447266,
    110.8853759765625,
    111.64454650878906,
    112.36689758300781,
    113.05603790283203,
    113.7152099609375,
    114.3468017578125,
    114.95320129394531,
    115.5364990234375,
    116.09852600097656,
    116.64066314697266,
    117.16425323486328,
    117.67095184326172,
    118.16202545166016,
    118.6381607055664,
    119.10050964355469,
    119.54975891113281,
    119.98687744140625,
    120.41236114501953,
    120.82681274414062,
    121.23072814941406,
    121.62460327148438,
    122.00897216796875,
    122.38423919677734,
    122.75070190429688,
    123.10881042480469,
    123.4588851928711,
    123.80120086669922,
    124.13617706298828,
    124.46397399902344,
    124.784912109375,
    125.09931182861328,
    125.4073257446289,
    125.709228515625
  ],
  "mean_barycenter_shift": [
    0.001977755455300212,
    0.0011535624507814646,
    0.0008821754599921405,
    0.0007217172533273697,
    0.0006314434576779604,
    0.0005541025311686099,
    0.0004950966103933752,
    0.0004521383671090007,
    0.00041537213837727904,
    0.00038222226430661976,
    0.00035414256853982806,
    0.0003307994920760393,
    0.00031233872869051993,
    0.0002945835003629327,
    0.00027918029809370637,
    0.0002646309440024197,
    0.00024869549088180065,
    0.00023692130343988538,
    0.00022586579143535346,
    0.00021516249398700893,
    0.0002072815113933757,
    0.0002016343642026186,
    0.00019249078468419611,
    0.00018471883959136903,
    0.00017775148444343358,
    0.00017033547919709235,
    0.0001663806615397334,
    0.00015775309293530881,
    0.00015252764569595456,
    0.00014615470718126744,
    0.00014275085413828492,
    0.00013770539953839034,
    0.0001329529331997037,
    0.00012933980906382203,
    0.000125377147924155,
    0.00012217399489600211,
    0.00011950187763432041,
    0.00011630914377747104,
    0.00011300561163807288,
    0.00010968425340251997,
    0.00010691361239878461,
    0.00010403066698927432,
    0.00010113947064382955,
    9.912672248901799e-05,
    9.68275562627241e-05,
    9.409991616848856e-05,
    9.246766421711072e-05,
    9.065979247679934e-05,
    8.893507038010284e-05,
    8.649343362776563e-05
  ],
  "mean_lid_diff": [
    0.05014228820800781,
    -0.07402610778808594,
    -0.0743856430053711,
    -0.07216072082519531,
    -0.07299423217773438,
    -0.06361579895019531,
    -0.06080341339111328,
    -0.0611419677734375,
    -0.054485321044921875,
    -0.05489921569824219,
    -0.05336475372314453,
    -0.04810047149658203,
    -0.04473590850830078,
    -0.04497718811035156,
    -0.04383087158203125,
    -0.04046058654785156,
    -0.03984832763671875,
    -0.037711143493652344,
    -0.034630775451660156,
    -0.0337371826171875,
    -0.034165382385253906,
    -0.03247642517089844,
    -0.031383514404296875,
    -0.029138565063476562,
    -0.028283119201660156,
    -0.026912689208984375,
    -0.025089263916015625,
    -0.025811195373535156,
    -0.025243759155273438,
    -0.02550029754638672,
    -0.023479461669921875,
    -0.023187637329101562,
    -0.02290058135986328,
    -0.02259349822998047,
    -0.023685455322265625,
    -0.022500991821289062,
    -0.0215301513671875,
    -0.020073890686035156,
    -0.0198516845703125,
    -0.01950836181640625,
    -0.019191741943359375,
    -0.018896102905273438,
    -0.019072532653808594,
    -0.018654823303222656,
    -0.01858043670654297,
    -0.01795673370361328,
    -0.016857147216796875,
    -0.017591476440429688,
    -0.016098976135253906,
    -0.016735076904296875
  ],
  "mean_lid_exact": [
    11.12174129486084,
    9.595296859741211,
    9.056166648864746,
    8.837066650390625,
    8.739181518554688,
    8.686026573181152,
    8.66765022277832,
    8.670998573303223,
    8.684711456298828,
    8.70559024810791,
    8.734942436218262,
    8.769085884094238,
    8.79924488067627,
    8.840621948242188,
    8.873286247253418,
    8.908406257629395,
    8.945664405822754,
    8.979973793029785,
    9.016620635986328,
    9.052742958068848,
    9.085184097290039,
    9.116326332092285,
    9.149813652038574,
    9.181717872619629,
    9.212260246276855,
    9.243837356567383,
    9.274223327636719,
    9.304156303405762,
    9.33092975616455,
    9.357851028442383,
    9.38123893737793,
    9.404986381530762,
    9.42873477935791,
    9.450957298278809,
    9.473140716552734,
    9.492895126342773,
    9.513031005859375,
    9.532125473022461,
    9.552115440368652,
    9.571782112121582,
    9.590489387512207,
    9.608085632324219,
    9.625401496887207,
    9.642910957336426,
    9.658679008483887,
    9.672687530517578,
    9.6869535446167,
    9.701991081237793,
    9.714591026306152,
    9.728715896606445
  ],