{
  "k": [
    10,
    20,
    30,
    40,
    50,
    60,
    70,
    80,
    90,
    100,
    110,
    120,
    130,
    140,
    150,
    160,
    170,
    180,
    190,
    200,
    210,
    220,
    230,
    240,
    250,
    260,
    270,
    280,
    290,
    300,
    310,
    320,
    330,
    340,
    350,
    360,
    370,
    380,
    390,
    400,
    410,
    420,
    430,
    440,
    450,
    460,
    470,
    480,
    490,
    500
  ],
  "mean_overlap": [
    0.9828,
    0.9730200000000001,
    0.9534333333333334,
    0.9258299999999999,
    0.8946139999999999,
    0.8634,
    0.8326714285714286,
    0.80295625,
    0.7749733333333334,
    0.748765,
    0.7241154545454545,
    0.7009491666666667,
    0.6788446153846154,
    0.6583985714285715,
    0.639264,
    0.6211118750000001,
    0.6043517647058823,
    0.5884377777777777,
    0.5732705263157893,
    0.5589605,
    0.5455242857142857,
    0.5328340909090908,
    0.5206547826086956,
    0.5090304166666667,
    0.4979564,
    0.48744692307692306,
    0.47733185185185184,
    0.4677875,
    0.4586241379310345,
    0.44979366666666665,
    0.4413967741935484,
    0.43333875,
    0.42557060606060604,
    0.4181391176470588,
    0.4109125714285714,
    0.40400694444444446,
    0.39724297297297295,
    0.3908292105263158,
    0.38461282051282053,
    0.37857025000000005,
    0.3727448780487805,
    0.3670819047619048,
    0.3615981395348837,
    0.35628113636363634,
    0.35119911111111113,
    0.34621434782608695,
    0.34136446808510634,
    0.3366689583333334,
    0.3320989795918367,
    0.3276466
  ],
  "mean_exact_dist": [
    75.60044860839844,
    82.18077850341797,
    86.70101165771484,
    90.14476013183594,
    92.9232406616211,
    95.2616958618164,
    97.27308654785156,
    99.05467987060547,
    100.5893783569336,
    102.0243148803711,
    103.3470230102539,
    104.57106018066406,
    105.85700225830078,
    106.99163818359375,
    108.0379409790039,
    109.00247192382812,
    109.7422103881836,
    110.57329559326172,
    111.3167953491211,
    112.24496459960938,
    113.39349365234375,
    114.19569396972656,
    115.16179656982422,
    115.9119644165039,
    116.84817504882812,
    118.06214141845703,
    119.39981842041016,
    120.85269927978516,
    122.177490234375,
    123.30757904052734,
    125.28692626953125,
    126.98595428466797,
    128.87799072265625,
    131.3459014892578,
    132.6923828125,
    134.4556884765625,
    136.47926330566406,
    139.3723907470703,
    142.74200439453125,
    144.61474609375,
    147.33645629882812,
    146.852294921875,
    144.92227172851562,
    149.13165283203125,
    153.1047821044922,
    155.97586059570312,
    156.99343872070312,
    156.9210205078125,
    159.4808349609375,
    163.723876953125
  ],
  "mean_ann_dist": [
    75.75647735595703,
    82.37315368652344,
    86.97834014892578,
    90.57576751708984,
    93.58283996582031,
    96.22245025634766,
    98.57638549804688,
    4.2539546340907775e+32,
    102.69554901123047,
    1.70601801176709e+33,
    9.363766077754224e+32,
    2.5930883962328053e+33,
    2.4249108375607783e+33,
    5.335251698391425e+33,
    6.303545495229722e+33,
    5.1219289423667386e+33,
    4.743272175940264e+33,
    6.190247984894285e+33,
    1.070991445587354e+34,
    1.2110475250479604e+34,
    1.2417662643588035e+34,
    1.403148955846199e+34,
    1.66289613456314e+34,
    1.4324278470973492e+34,
    1.2008322914317853e+34,
    1.6985302385939696e+34,
    1.4967992436121419e+34,
    1.563797548890298e+34,
    2.19167182364756e+34,
    2.529256834420644e+34,
    2.5676839787681094e+34,
    1.8753313494766604e+34,
    2.555229311620867e+34,
    3.0513122422077996e+34,
    2.0921518431853455e+34,
    2.8169068102410657e+34,
    1.735249025687221e+34,
    2.08790645161462e+34,
    1.6725601134798212e+34,
    2.0498937695923076e+34,
    2.465218691364427e+34,
    1.0064547221803147e+34,
    1.163756234843196e+34,
    2.737589268455965e+34,
    162.8770294189453,
    1.7825162998552233e+34,
    167.05316162109375,
    1.1434218317578943e+34,
    1.446778667002765e+34,
    173.29229736328125
  ],
  "mean_barycenter_shift": [
    0.0009661246440373361,
    0.0014573195949196815,
    0.0026032845489680767,
    0.003936322871595621,
    0.004912489093840122,
    0.005634889006614685,
    0.006238632369786501,
    0.006763053126633167,
    0.0072391745634377,
    0.0076914383098483086,
    0.008153913542628288,
    0.008678986690938473,
    0.009239629842340946,
    0.009833632037043571,
    0.010461628437042236,
    0.011139344424009323,
    0.011848364025354385,
    0.01258848700672388,
    0.013366959057748318,
    0.014188279397785664,
    0.01506157498806715,
    0.01599598489701748,
    0.01697562448680401,
    0.018006138503551483,
    0.01907503418624401,
    0.02017153613269329,
    0.021294573321938515,
    0.022438954561948776,
    0.02359018474817276,
    0.02474258840084076,
    0.02589479461312294,
    0.027041509747505188,
    0.028177566826343536,
    0.029296942055225372,
    0.030393118038773537,
    0.03145650774240494,
    0.03248472139239311,
    0.03347816318273544,
    0.034435078501701355,
    0.035353220999240875,
    0.03623248264193535,
    0.037073101848363876,
    0.03787480667233467,
    0.03864065930247307,
    0.039371464401483536,
    0.04006795957684517,
    0.040731560438871384,
    0.04136469587683678,
    0.04196854308247566,
    0.04254469275474548
  ],
  "mean_lid_diff": [
    0.08870506286621094,
    -0.059574127197265625,
    -0.24991130828857422,
    -0.45876216888427734,
    -0.6846151351928711,
    -0.9010176658630371,
    -1.1299667358398438,
    -1.3732318878173828,
    -1.6283788681030273,
    -1.883927822113037,
    -2.1528611183166504,
    -2.418245315551758,
    -2.703040599822998,
    -2.995361804962158,
    -3.2976341247558594,
    -3.6071958541870117,
    -3.9308972358703613,
    -4.261922836303711,
    -4.60954475402832,
    -4.974527835845947,
    -5.345994472503662,
    -5.718132019042969,
    -6.081794738769531,
    -6.435266494750977,
    -6.76794171333313,
    -7.084491968154907,
    -7.3730117082595825,
    -7.6535210609436035,
    -7.914692163467407,
    -8.152591228485107,
    -8.366470038890839,
    -8.53849858045578,
    -8.690721213817596,
    -8.82321959733963,
    -8.928775399923325,
    -9.025741547346115,
    -9.095549941062927,
    -9.155552357435226,
    -9.210237056016922,
    -9.256633892655373,
    -9.296201646327972,
    -9.330854281783104,
    -9.357915788888931,
    -9.383240133523941,
    -9.402661859989166,
    -9.42268132418394,
    -9.440922915935516,
    -9.457835771143436,
    -9.474288158118725,
    -9.48950494080782
  ],
  "mean_lid_exact": [
    11.12682819366455,
    9.592001914978027,
    9.081597328186035,
    8.849260330200195,
    8.733487129211426,
    8.664432525634766,
    8.63707447052002,
    8.643159866333008,
    8.655350685119629,
    8.673441886901855,
    8.69958782196045,
    8.724100112915039,
    8.755117416381836,
    8.787567138671875,
    8.8177490234375,
    8.850823402404785,
    8.88420581817627,
    8.915345191955566,
    8.948029518127441,
    8.979625701904297,
    9.008522987365723,
    9.038714408874512,
    9.069071769714355,
    9.096099853515625,
    9.1241455078125,
    9.149534225463867,
    9.174396514892578,
    9.200657844543457,
    9.226593971252441,
    9.25322151184082,
    9.277111053466797,
    9.298871040344238,
    9.32158088684082,
    9.342672348022461,
    9.362958908081055,
    9.383233070373535,
    9.40025520324707,
    9.419355392456055,
    9.438645362854004,
    9.455509185791016,
    9.473003387451172,
    9.488834381103516,
    9.50333309173584,
    9.518378257751465,
    9.52998161315918,
    9.54333782196045,
    9.556131362915039,
    9.567658424377441,
    9.5786714553833,
    9.590386390686035
  ],