{
  "alpha": 2.0,
  "k": [
    10,
    20,
    30,
    40,
    50,
    60,
    70,
    80,
    90,
    100,
    110,
    120,
    130,
    140,
    150,
    160,
    170,
    180,
    190,
    200,
    210,
    220,
    230,
    240,
    250,
    260,
    270,
    280,
    290,
    300,
    310,
    320,
    330,
    340,
    350,
    360,
    370,
    380,
    390,
    400,
    410,
    420,
    430,
    440,
    450,
    460,
    470,
    480,
    490,
    500
  ],
  "mean_overlap": [
    0.9931200000000001,
    0.9924649999999999,
    0.9944066666666665,
    0.99559,
    0.996308,
    0.9968966666666668,
    0.9972014285714286,
    0.9974012500000001,
    0.9976922222222222,
    0.997884,
    0.9980372727272726,
    0.998185,
    0.9982853846153845,
    0.9984071428571429,
    0.9984986666666668,
    0.9986125,
    0.9986947058823529,
    0.9987538888888888,
    0.9988378947368423,
    0.9989055,
    0.9989652380952381,
    0.999025909090909,
    0.999073043478261,
    0.9991166666666667,
    0.9991540000000001,
    0.9991984615384614,
    0.9992470370370371,
    0.9992917857142858,
    0.999328275862069,
    0.9993643333333333,
    0.9993954838709677,
    0.9994284374999999,
    0.9994466666666665,
    0.9994764705882353,
    0.9994851428571428,
    0.9995033333333333,
    0.9995262162162162,
    0.9995478947368421,
    0.9995653846153846,
    0.999583,
    0.9996,
    0.9996130952380953,
    0.9996313953488372,
    0.9996445454545454,
    0.9996611111111111,
    0.999675652173913,
    0.9996878723404256,
    0.999694375,
    0.9997028571428571,
    0.9997124
  ],
  "mean_exact_dist": [
    75.86603546142578,
    82.51177978515625,
    87.10372924804688,
    90.62568664550781,
    93.46857452392578,
    95.8508529663086,
    97.89720916748047,
    99.68855285644531,
    101.28204345703125,
    102.7173843383789,
    104.02298736572266,
    105.22007751464844,
    106.32575225830078,
    107.35282135009766,
    108.31196594238281,
    109.21219635009766,
    110.06009674072266,
    110.86170196533203,
    111.62203979492188,
    112.34529876708984,
    113.03526306152344,
    113.69512176513672,
    114.3275146484375,
    114.93462371826172,
    115.5185775756836,
    116.08111572265625,
    116.62380981445312,
    117.14810180664062,
    117.65538787841797,
    118.1468734741211,
    118.62353515625,
    119.08634948730469,
    119.53612518310547,
    119.97364807128906,
    120.39949798583984,
    120.81433868408203,
    121.21861267089844,
    121.61283874511719,
    121.99749755859375,
    122.37303924560547,
    122.73983764648438,
    123.09822845458984,
    123.44856262207031,
    123.7911605834961,
    124.12628936767578,
    124.4543228149414,
    124.7754898071289,
    125.09004974365234,
    125.39824676513672,
    125.70034790039062
  ],
  "mean_ann_dist": [
    75.92145538330078,
    82.56257629394531,
    87.14082336425781,
    90.65412139892578,
    93.4918212890625,
    95.87073516845703,
    97.91502380371094,
    99.70482635498047,
    101.29662322998047,
    102.7307357788086,
    104.03512573242188,
    105.23097229003906,
    106.33592224121094,
    107.36239624023438,
    108.32095336914062,
    109.22053527832031,
    110.06804656982422,
    110.8692398071289,
    111.6291275024414,
    112.35211181640625,
    113.04168701171875,
    113.70122528076172,
    114.33329772949219,
    114.9401626586914,
    115.52386474609375,
    116.08617401123047,
    116.62862396240234,
    117.15267181396484,
    117.65969848632812,
    118.15101623535156,
    118.62748718261719,
    119.09014129638672,
    119.53978729248047,
    119.97718811035156,
    120.40293884277344,
    120.81767272949219,
    121.22176361083984,
    121.61587524414062,
    122.00043487548828,
    122.37586212158203,
    122.74256134033203,
    123.10087585449219,
    123.45111083984375,
    123.79364013671875,
    124.12871551513672,
    124.45667266845703,
    124.77777862548828,
    125.09224700927734,
    125.40039825439453,
    125.70245361328125
  ],
  "mean_barycenter_shift": [
    0.0003713881887961179,
    0.0003854006645269692,
    0.00027153678820468485,
    0.0002147851191693917,
    0.00017956439114641398,
    0.000151085143443197,
    0.0001353463885607198,
    0.0001267546322196722,
    0.00011412859021220356,
    0.00010598376684356481,
    0.000100757933978457,
    9.283723920816556e-05,
    8.892323967302218e-05,
    8.365231769857928e-05,
    7.896516035543755e-05,
    7.352710963459685e-05,
    6.885305629111826e-05,
    6.571014819201082e-05,
    6.14203599980101e-05,
    5.828626308357343e-05,
    5.546829561353661e-05,
    5.1892202463932335e-05,
    4.936681216349825e-05,
    4.702283695223741e-05,
    4.499666465562768e-05,
    4.239252666593529e-05,
    3.990255936514586e-05,
    3.6949681089026853e-05,
    3.487258072709665e-05,
    3.2732303225202486e-05,
    3.065766941290349e-05,
    2.8986591132706963e-05,
    2.7719568606698886e-05,
    2.6410565624246374e-05,
    2.583381865406409e-05,
    2.4957707864814438e-05,
    2.3933454940561205e-05,
    2.2728947442374192e-05,
    2.1722707970184274e-05,
    2.1062252926640213e-05,
    2.0227276763762347e-05,
    1.9485541997710243e-05,
    1.8443748558638617e-05,
    1.7897864381666295e-05,
    1.688289557932876e-05,
    1.5919142242637463e-05,
    1.5313626136048697e-05,
    1.5009278286015615e-05,
    1.4528482097375672e-05,
    1.3978794413560536e-05
  ],
  "mean_lid_diff": [
    0.059380531311035156,
    0.0023469924926757812,
    -0.00045871734619140625,
    -0.0015468597412109375,
    -0.0026636123657226562,
    0.00016880035400390625,
    -0.0022106170654296875,
    -0.0025911331176757812,
    -0.0003147125244140625,
    -0.00218963623046875,
    -0.004117012023925781,
    -0.0055713653564453125,
    -0.0019922256469726562,
    -0.004630088806152344,
    -0.00405120849609375,
    -0.003223419189453125,
    -0.004337310791015625,
    -0.0046234130859375,
    -0.0033206939697265625,
    -0.002674102783203125,
    -0.00232696533203125,
    -0.0022754669189453125,
    -0.00315093994140625,
    -0.002475738525390625,
    -0.0024957656860351562,
    -0.002765655517578125,
    -0.001880645751953125,
    -0.0026235580444335938,
    -0.0018510818481445312,
    -0.0030069351196289062,
    -0.0021762847900390625,
    -0.002410888671875,
    -0.0022001266479492188,
    -0.0021514892578125,
    -0.0024213790893554688,
    -0.0024690628051757812,
    -0.0024919509887695312,
    -0.0020837783813476562,
    -0.0018262863159179688,
    -0.0018053054809570312,
    -0.0023908615112304688,
    -0.0013513565063476562,
    -0.0017709732055664062,
    -0.0015211105346679688,
    -0.0019168853759765625,
    -0.0019731521606445312,
    -0.0012788772583007812,
    -0.0016069412231445312,
    -0.0016412734985351562,
    -0.0018815994262695312
  ],
  "mean_lid_exact": [
    11.12174129486084,
    9.595296859741211,
    9.056166648864746,
    8.837066650390625,
    8.739181518554688,
    8.686026573181152,
    8.66765022277832,
    8.670998573303223,
    8.684711456298828,
    8.70559024810791,
    8.734942436218262,
    8.769085884094238,
    8.79924488067627,
    8.840621948242188,
    8.873286247253418,
    8.908406257629395,
    8.945664405822754,
    8.979973793029785,
    9.016620635986328,
    9.052742958068848,
    9.085184097290039,
    9.116326332092285,
    9.149813652038574,
    9.181717872619629,
    9.212260246276855,
    9.243837356567383,
    9.274223327636719,
    9.304156303405762,
    9.33092975616455,
    9.357851028442383,
    9.38123893737793,
    9.404986381530762,
    9.42873477935791,
    9.450957298278809,
    9.473140716552734,
    9.492895126342773,
    9.513031005859375,
    9.532125473022461,
    9.552115440368652,
    9.571782112121582,
    9.590489387512207,
    9.608085632324219,
    9.625401496887207,
    9.642910957336426,
    9.658679008483887,
    9.672687530517578,
    9.6869535446167,
    9.701991081237793,
    9.714591026306152,
    9.728715896606445
  ],