{
  "alpha": 0.5,
  "k": [
    10,
    20,
    30,
    40,
    50,
    60,
    70,
    80,
    90,
    100,
    110,
    120,
    130,
    140,
    150,
    160,
    170,
    180,
    190,
    200,
    210,
    220,
    230,
    240,
    250,
    260,
    270,
    280,
    290,
    300,
    310,
    320,
    330,
    340,
    350,
    360,
    370,
    380,
    390,
    400,
    410,
    420,
    430,
    440,
    450,
    460,
    470,
    480,
    490,
    500
  ],
  "mean_overlap": [
    0.99325,
    0.9895449999999999,
    0.9840966666666667,
    0.975525,
    0.9625400000000002,
    0.9465999999999998,
    0.9409142857142859,
    0.94305,
    0.9444322222222223,
    0.945169,
    0.9458572727272727,
    0.94678,
    0.9476323076923078,
    0.9487907142857143,
    0.949818,
    0.95073625,
    0.9519217647058824,
    0.9526727777777776,
    0.9534226315789474,
    0.9542129999999999,
    0.9549333333333334,
    0.9554677272727271,
    0.9562152173913044,
    0.9566108333333334,
    0.9571968000000001,
    0.9576903846153846,
    0.9582444444444446,
    0.9586067857142856,
    0.9589244827586206,
    0.9593133333333334,
    0.9596183870967742,
    0.9598759375,
    0.9601536363636364,
    0.9604785294117646,
    0.9607899999999999,
    0.9610355555555555,
    0.9612259459459459,
    0.9614065789473684,
    0.9616792307692309,
    0.96186525,
    0.9621019512195121,
    0.9623085714285713,
    0.9624406976744186,
    0.962584090909091,
    0.9627006666666666,
    0.9628628260869565,
    0.9630017021276596,
    0.9631483333333334,
    0.9632455102040817,
    0.9633702
  ],
  "mean_exact_dist": [
    76.23055267333984,
    82.84016418457031,
    87.31977844238281,
    90.72466278076172,
    93.48819732666016,
    95.8203125,
    97.84785461425781,
    99.63346862792969,
    101.22225952148438,
    102.65304565429688,
    103.95448303222656,
    105.14839935302734,
    106.25205993652344,
    107.27909851074219,
    108.23976135253906,
    109.14252471923828,
    109.99449920654297,
    110.80110168457031,
    111.56745910644531,
    112.29772186279297,
    112.99547576904297,
    113.66358947753906,
    114.30448913574219,
    114.92034912109375,
    115.5131607055664,
    116.0847396850586,
    116.63661193847656,
    117.17023468017578,
    117.68672180175781,
    118.18722534179688,
    118.67272186279297,
    119.14409637451172,
    119.60216522216797,
    120.04757690429688,
    120.48112487792969,
    120.90345001220703,
    121.31507873535156,
    121.71649932861328,
    122.10823822021484,
    122.49067687988281,
    122.86422729492188,
    123.229248046875,
    123.58611297607422,
    123.93518829345703,
    124.27676391601562,
    124.61111450195312,
    124.93851470947266,
    125.25922393798828,
    125.57352447509766,
    125.88165283203125
  ],
  "mean_ann_dist": [
    76.2855224609375,
    82.90875244140625,
    87.41162872314453,
    90.8495864868164,
    93.66813659667969,
    96.0884017944336,
    98.1444320678711,
    99.90569305419922,
    101.4801254272461,
    102.90055084228516,
    104.19562530517578,
    105.38465881347656,
    106.48222351074219,
    107.49933624267578,
    108.45146179199219,
    109.34762573242188,
    110.19259643554688,
    110.99496459960938,
    111.75717163085938,
    112.4839859008789,
    113.17872619628906,
    113.84441375732422,
    114.48177337646484,
    115.0958023071289,
    115.68616485595703,
    116.25579071044922,
    116.80549621582031,
    117.33767700195312,
    117.85267639160156,
    118.3514633178711,
    118.83572387695312,
    119.30594635009766,
    119.76276397705078,
    120.20680236816406,
    120.63892364501953,
    121.05968475341797,
    121.47068786621094,
    121.87116241455078,
    122.26131439208984,
    122.64266204833984,
    123.01482391357422,
    123.37860107421875,
    123.73452758789062,
    124.08257293701172,
    124.42320251464844,
    124.75650024414062,
    125.08322143554688,
    125.40284729003906,
    125.71637725830078,
    126.02410125732422
  ],
  "mean_barycenter_shift": [
    0.00037764181615784764,
    0.0005498477257788181,
    0.0008291651029139757,
    0.0012633365113288164,
    0.001965020317584276,
    0.0026467579882591963,
    0.002736958907917142,
    0.0025228350423276424,
    0.002369461115449667,
    0.0022466499358415604,
    0.0021285556722432375,
    0.002039990620687604,
    0.001956785097718239,
    0.0018655071035027504,
    0.0017867874121293426,
    0.0017144291196018457,
    0.0016553554451093078,
    0.0016066646203398705,
    0.0015593147836625576,
    0.0015178729081526399,
    0.0014784532831981778,
    0.001438004313968122,
    0.0013984687393531203,
    0.001375654712319374,
    0.0013440471375361085,
    0.0013143823016434908,
    0.001287846709601581,
    0.0012656755279749632,
    0.0012499629519879818,
    0.0012282637180760503,
    0.0012128440430387855,
    0.0012016368564218283,
    0.0011846540728583932,
    0.0011684480123221874,
    0.0011523239081725478,
    0.0011393061140552163,
    0.001126307062804699,
    0.0011153544764965773,
    0.00110062793828547,
    0.0010863766074180603,
    0.0010709487833082676,
    0.0010568269062787294,
    0.0010456577874720097,
    0.0010334652615711093,
    0.001021864591166377,
    0.0010121366940438747,
    0.001001993427053094,
    0.0009917636634781957,
    0.000984693062491715,
    0.0009764441638253629
  ],
  "mean_lid_diff": [
    0.014086723327636719,
    -0.044836997985839844,
    -0.08721733093261719,
    -0.1539764404296875,
    -0.2485952377319336,
    -0.3594245910644531,
    -0.39179134368896484,
    -0.37514686584472656,
    -0.36563682556152344,
    -0.3565387725830078,
    -0.35142993927001953,
    -0.34637451171875,
    -0.34075927734375,
    -0.33385276794433594,
    -0.327789306640625,
    -0.3229255676269531,
    -0.31925487518310547,
    -0.31420040130615234,
    -0.31295013427734375,
    -0.30924415588378906,
    -0.3063497543334961,
    -0.3026704788208008,
    -0.2989521026611328,
    -0.2986154556274414,
    -0.29522705078125,
    -0.29265689849853516,
    -0.2885885238647461,
    -0.28369903564453125,
    -0.2839670181274414,
    -0.2816734313964844,
    -0.2792491912841797,
    -0.2778024673461914,
    -0.27523040771484375,
    -0.27763938903808594,
    -0.2742805480957031,
    -0.2710409164428711,
    -0.2719612121582031,
    -0.27019500732421875,
    -0.268218994140625,
    -0.2675657272338867,
    -0.2661781311035156,
    -0.2663545608520508,
    -0.2650175094604492,
    -0.2631235122680664,
    -0.2617473602294922,
    -0.2626457214355469,
    -0.26323509216308594,
    -0.2616558074951172,
    -0.2599802017211914,
    -0.2573404312133789
  ],
  "mean_lid_exact": [
    11.154120445251465,
    9.683333396911621,
    9.1826753616333,
    8.93273639678955,
    8.808282852172852,
    8.738120079040527,
    8.704999923706055,
    8.698766708374023,
    8.716221809387207,
    8.732121467590332,
    8.759812355041504,
    8.787388801574707,
    8.812731742858887,
    8.838180541992188,
    8.866822242736816,
    8.896510124206543,
    8.92664909362793,
    8.955453872680664,
    8.985785484313965,
    9.016339302062988,
    9.043621063232422,
    9.071015357971191,
    9.098702430725098,
    9.125324249267578,
    9.152386665344238,
    9.177995681762695,
    9.20157527923584,
    9.224810600280762,
    9.249224662780762,
    9.27139663696289,
    9.293716430664062,
    9.315092086791992,
    9.335183143615723,
    9.35702133178711,
    9.374190330505371,
    9.39153003692627,
    9.41021728515625,
    9.427849769592285,
    9.443242073059082,
    9.459537506103516,
    9.477015495300293,
    9.493210792541504,
    9.508453369140625,
    9.52141284942627,
    9.534733772277832,
    9.549681663513184,
    9.563396453857422,
    9.575711250305176,
    9.587447166442871,
    9.598664283752441
  ],