{
  "k": [
    10,
    20,
    30,
    40,
    50,
    60,
    70,
    80,
    90,
    100,
    110,
    120,
    130,
    140,
    150,
    160,
    170,
    180,
    190,
    200,
    210,
    220,
    230,
    240,
    250,
    260,
    270,
    280,
    290,
    300,
    310,
    320,
    330,
    340,
    350,
    360,
    370,
    380,
    390,
    400,
    410,
    420,
    430,
    440,
    450,
    460,
    470,
    480,
    490,
    500
  ],
  "mean_overlap": [
    0.9832300000000002,
    0.9729899999999999,
    0.9534366666666668,
    0.9253225,
    0.893962,
    0.8618016666666667,
    0.8303542857142858,
    0.8001425,
    0.7720333333333333,
    0.7455470000000001,
    0.7206936363636364,
    0.6973141666666667,
    0.6756699999999999,
    0.6554728571428572,
    0.6366633333333334,
    0.61875375,
    0.6020058823529412,
    0.5860972222222223,
    0.5711789473684211,
    0.5571189999999999,
    0.5438023809523809,
    0.530955,
    0.5188573913043478,
    0.50712375,
    0.49606400000000006,
    0.4855411538461538,
    0.4755114814814815,
    0.4658767857142857,
    0.45666448275862065,
    0.44783266666666666,
    0.4394364516129031,
    0.43141875,
    0.42362969696969704,
    0.41611117647058826,
    0.408948,
    0.40205388888888893,
    0.395425945945946,
    0.3890142105263158,
    0.3828110256410256,
    0.3767565,
    0.3709026829268292,
    0.3653085714285714,
    0.3598732558139535,
    0.35461068181818184,
    0.34950711111111116,
    0.3445491304347826,
    0.3397425531914894,
    0.33503499999999997,
    0.3304669387755102,
    0.32605239999999996
  ],
  "mean_exact_dist": [
    75.9557113647461,
    82.60398864746094,
    87.15373229980469,
    90.62386322021484,
    93.44083404541016,
    95.81050872802734,
    97.85332489013672,
    99.65440368652344,
    101.24090576171875,
    102.6561050415039,
    104.01525115966797,
    105.21796417236328,
    106.44622039794922,
    107.47969055175781,
    108.49593353271484,
    109.39952850341797,
    110.29824829101562,
    111.16651916503906,
    112.01305389404297,
    112.89016723632812,
    113.9222412109375,
    114.93446350097656,
    115.86632537841797,
    116.90895080566406,
    118.04464721679688,
    119.39446258544922,
    120.84833526611328,
    122.63739776611328,
    124.40204620361328,
    126.48853302001953,
    128.70982360839844,
    130.98374938964844,
    133.07778930664062,
    136.35313415527344,
    139.35292053222656,
    143.95864868164062,
    148.4486541748047,
    154.1554718017578,
    159.0261688232422,
    163.661865234375,
    166.77903747558594,
    163.23988342285156,
    159.54733276367188,
    159.9353485107422,
    158.7266082763672,
    157.02761840820312,
    166.12255859375,
    169.16943359375,
    172.7153778076172,
    166.29124450683594
  ],
  "mean_ann_dist": [
    76.08477783203125,
    82.77733612060547,
    87.41737365722656,
    91.04768371582031,
    94.09746551513672,
    96.75899505615234,
    99.14875030517578,
    8.508760351958564e+32,
    103.34860229492188,
    1.02432977168657e+33,
    2.4897190102699318e+33,
    3.734567992914564e+33,
    2.1450986315110842e+33,
    6.047493072354033e+33,
    7.172143647914231e+33,
    5.287028363131082e+33,
    6.690042754895011e+33,
    9.034707379001718e+33,
    1.3394868989739168e+34,
    1.0651853830091015e+34,
    1.1076899304639611e+34,
    1.6876061605112997e+34,
    1.7565831891482496e+34,
    1.457051093448755e+34,
    2.056690803172008e+34,
    2.0168988299312305e+34,
    1.688850909220801e+34,
    1.8317015145260904e+34,
    2.7970549561830775e+34,
    1.6391249623407742e+34,
    2.757342582486826e+34,
    1.7682850649576025e+34,
    2.4528038858864496e+34,
    2.1269124567244554e+34,
    1.7703827543541716e+34,
    2.599843185108665e+34,
    3.3356341400266064e+34,
    2.7695253980014413e+34,
    1.6698924764891652e+34,
    3.131432711902381e+34,
    177.3665771484375,
    173.72618103027344,
    4.1109312278302544e+34,
    2.5356359394430816e+34,
    1.608899913517598e+34,
    167.6546630859375,
    4.826699988140802e+34,
    2.7266213672959043e+34,
    183.31956481933594,
    176.2183380126953
  ],
  "mean_barycenter_shift": [
    0.0009480223525315523,
    0.0014523402787745,
    0.0025941685307770967,
    0.004007087554782629,
    0.004995062481611967,
    0.005656279157847166,
    0.006196222268044949,
    0.006654195953160524,
    0.007073312532156706,
    0.007506645284593105,
    0.007940644398331642,
    0.008424838073551655,
    0.008929264731705189,
    0.009477127343416214,
    0.010058249346911907,
    0.010674569755792618,
    0.011327416636049747,
    0.012006592936813831,
    0.012731369584798813,
    0.013506188988685608,
    0.014324383810162544,
    0.015194257721304893,
    0.016114424914121628,
    0.01708904467523098,
    0.018105752766132355,
    0.019162675365805626,
    0.020247481763362885,
    0.021352581679821014,
    0.02246341109275818,
    0.02358194813132286,
    0.024695876985788345,
    0.025800464674830437,
    0.02688787877559662,
    0.02794882468879223,
    0.028980767354369164,
    0.02997877448797226,
    0.030944690108299255,
    0.031874775886535645,
    0.032767441123723984,
    0.03362305089831352,
    0.034442633390426636,
    0.035224754363298416,
    0.03597298637032509,
    0.03668586537241936,
    0.03736706078052521,
    0.038016270846128464,
    0.038634371012449265,
    0.03922335058450699,
    0.03978531062602997,
    0.04031997546553612
  ],
  "mean_lid_diff": [
    0.031154632568359375,
    -0.12003231048583984,
    -0.27787017822265625,
    -0.48082447052001953,
    -0.7018489837646484,
    -0.9309649467468262,
    -1.1639971733093262,
    -1.3928642272949219,
    -1.640002727508545,
    -1.8844184875488281,
    -2.14263916015625,
    -2.408423900604248,
    -2.6859359741210938,
    -2.9708523750305176,
    -3.2749762535095215,
    -3.5919408798217773,
    -3.9301371574401855,
    -4.300538063049316,
    -4.671036720275879,
    -5.039433240890503,
    -5.4152140617370605,
    -5.797986030578613,
    -6.182853698730469,
    -6.542346000671387,
    -6.890401601791382,
    -7.221359372138977,
    -7.5252368450164795,
    -7.8068894147872925,
    -8.068848013877869,
    -8.299530506134033,
    -8.503726601600647,
    -8.675209701061249,
    -8.813896536827087,
    -8.929943978786469,
    -9.033017754554749,
    -9.12062481045723,
    -9.197290688753128,
    -9.257047712802887,
    -9.309070944786072,
    -9.351415038108826,
    -9.388572484254837,
    -9.418971836566925,
    -9.447321847081184,
    -9.470313541591167,
    -9.490992896258831,
    -9.507630802690983,
    -9.526076465845108,
    -9.540392450988293,
    -9.554862171411514,
    -9.568225339055061
  ],
  "mean_lid_exact": [
    11.066308975219727,
    9.623932838439941,
    9.074748039245605,
    8.835159301757812,
    8.727450370788574,
    8.665196418762207,
    8.650708198547363,
    8.646918296813965,
    8.665413856506348,
    8.684715270996094,
    8.716498374938965,
    8.746047973632812,
    8.781673431396484,
    8.812849044799805,
    8.848405838012695,
    8.879361152648926,
    8.915395736694336,
    8.949546813964844,
    8.980382919311523,
    9.010878562927246,
    9.044816017150879,
    9.074440002441406,
    9.106545448303223,
    9.135231971740723,
    9.162604331970215,
    9.19001579284668,
    9.218523979187012,
    9.2449951171875,
    9.270258903503418,
    9.295412063598633,
    9.319156646728516,
    9.34331226348877,
    9.364402770996094,
    9.3862943649292,
    9.40832233428955,
    9.428116798400879,
    9.449488639831543,
    9.46756362915039,
    9.48579216003418,
    9.504362106323242,
    9.523361206054688,
    9.540604591369629,
    9.557212829589844,
    9.573655128479004,
    9.588706016540527,
    9.603253364562988,
    9.617293357849121,
    9.630261421203613,
    9.642951011657715,
    9.654679298400879
  ],