{
  "alpha": 0.5,
  "k": [
    10,
    20,
    30,
    40,
    50,
    60,
    70,
    80,
    90,
    100,
    110,
    120,
    130,
    140,
    150,
    160,
    170,
    180,
    190,
    200,
    210,
    220,
    230,
    240,
    250,
    260,
    270,
    280,
    290,
    300,
    310,
    320,
    330,
    340,
    350,
    360,
    370,
    380,
    390,
    400,
    410,
    420,
    430,
    440,
    450,
    460,
    470,
    480,
    490,
    500
  ],
  "mean_overlap": [
    0.99324,
    0.9903200000000001,
    0.9852800000000002,
    0.9771549999999999,
    0.9640600000000003,
    0.9469749999999998,
    0.9406642857142857,
    0.94256875,
    0.9440644444444446,
    0.945217,
    0.94663,
    0.947825,
    0.9489469230769231,
    0.9502492857142857,
    0.9514593333333334,
    0.95235,
    0.9533823529411766,
    0.9543455555555554,
    0.9550752631578947,
    0.95565,
    0.9563228571428571,
    0.9569409090909092,
    0.957441304347826,
    0.9578974999999998,
    0.9583156,
    0.9586865384615385,
    0.959041851851852,
    0.9594139285714286,
    0.9597675862068965,
    0.9601049999999999,
    0.9604870967741935,
    0.9608021875,
    0.9611806060606061,
    0.961475294117647,
    0.9618348571428572,
    0.9622466666666667,
    0.9625832432432433,
    0.9628823684210527,
    0.9631815384615385,
    0.9634035,
    0.9636373170731708,
    0.9638640476190474,
    0.9640230232558139,
    0.9641738636363636,
    0.9643042222222222,
    0.9644113043478261,
    0.9645306382978722,
    0.964695625,
    0.9647030612244898,
    0.9648191999999999
  ],
  "mean_exact_dist": [
    75.81864166259766,
    82.44774627685547,
    86.98003387451172,
    90.44184112548828,
    93.24794006347656,
    95.61129760742188,
    97.65985107421875,
    99.45526885986328,
    101.05122375488281,
    102.48777770996094,
    103.79525756835938,
    104.99588775634766,
    106.1061782836914,
    107.13945007324219,
    108.10616302490234,
    109.01487731933594,
    109.87229919433594,
    110.6842269897461,
    111.45527648925781,
    112.18971252441406,
    112.89117431640625,
    113.56278991699219,
    114.2073974609375,
    114.82710266113281,
    115.42369842529297,
    115.99896240234375,
    116.5544662475586,
    117.09149932861328,
    117.61125183105469,
    118.11479949951172,
    118.60316467285156,
    119.0771255493164,
    119.53753662109375,
    119.98512268066406,
    120.42052459716797,
    120.84441375732422,
    121.25733947753906,
    121.65985107421875,
    122.05237579345703,
    122.43544006347656,
    122.80946350097656,
    123.17483520507812,
    123.53195190429688,
    123.8812026977539,
    124.222900390625,
    124.55731201171875,
    124.88473510742188,
    125.20543670654297,
    125.51968383789062,
    125.82775115966797
  ],
  "mean_ann_dist": [
    75.86539459228516,
    82.50951385498047,
    87.06300354003906,
    90.55703735351562,
    93.41730499267578,
    95.86703491210938,
    97.9458236694336,
    99.72055053710938,
    101.30272674560547,
    102.73015594482422,
    104.02887725830078,
    105.22280883789062,
    106.32534790039062,
    107.35064697265625,
    108.30931091308594,
    109.21174621582031,
    110.06397247314453,
    110.87076568603516,
    111.63866424560547,
    112.37001037597656,
    113.06917572021484,
    113.7386245727539,
    114.38240051269531,
    115.00054931640625,
    115.59596252441406,
    116.169921875,
    116.72388458251953,
    117.26004028320312,
    117.77862548828125,
    118.28067779541016,
    118.76734924316406,
    119.23921203613281,
    119.69792175292969,
    120.1438217163086,
    120.57701110839844,
    120.99893951416016,
    121.40975952148438,
    121.81048583984375,
    122.201171875,
    122.58261108398438,
    122.9552230834961,
    123.3193130493164,
    123.67517852783203,
    124.02338409423828,
    124.36419677734375,
    124.69813537597656,
    125.02472686767578,
    125.3446273803711,
    125.65888977050781,
    125.96636199951172
  ],
  "mean_barycenter_shift": [
    0.0003743683628272265,
    0.0005113762454129755,
    0.0007733817328698933,
    0.0011961357668042183,
    0.001932237297296524,
    0.0026874016039073467,
    0.0027804470155388117,
    0.0025575044564902782,
    0.0023973099887371063,
    0.002253917045891285,
    0.0021264469251036644,
    0.0020319600589573383,
    0.001935638953000307,
    0.001852148794569075,
    0.0017676216084510088,
    0.0017045416170731187,
    0.0016398046864196658,
    0.0015842526918277144,
    0.0015376597875729203,
    0.0015039572026580572,
    0.0014668446965515614,
    0.0014309546677395701,
    0.0013995254412293434,
    0.0013762624002993107,
    0.0013482626527547836,
    0.0013246414018794894,
    0.00130714219994843,
    0.0012815460795536637,
    0.0012608098331838846,
    0.0012421380961313844,
    0.0012212013825774193,
    0.0012014941312372684,
    0.0011837624479085207,
    0.0011690091341733932,
    0.0011495378566905856,
    0.0011285848449915648,
    0.0011094266083091497,
    0.0010945576941594481,
    0.0010786872589960694,
    0.001061117509379983,
    0.0010496331378817558,
    0.001036853063851595,
    0.0010231762425974011,
    0.0010138002689927816,
    0.0010034418664872646,
    0.0009940196759998798,
    0.0009878124110400677,
    0.0009772913763299584,
    0.0009720480884425342,
    0.0009655539761297405
  ],
  "mean_lid_diff": [
    0.013856887817382812,
    -0.030182838439941406,
    -0.09956741333007812,
    -0.15314388275146484,
    -0.2420177459716797,
    -0.35222721099853516,
    -0.3920555114746094,
    -0.36864757537841797,
    -0.3600320816040039,
    -0.3667144775390625,
    -0.34905529022216797,
    -0.3425464630126953,
    -0.33473682403564453,
    -0.3306455612182617,
    -0.32324790954589844,
    -0.3200531005859375,
    -0.3189811706542969,
    -0.31166648864746094,
    -0.3039255142211914,
    -0.3039255142211914,
    -0.29903125762939453,
    -0.30059337615966797,
    -0.2934703826904297,
    -0.2923431396484375,
    -0.2886056900024414,
    -0.2857789993286133,
    -0.28324222564697266,
    -0.2797698974609375,
    -0.27791595458984375,
    -0.27625083923339844,
    -0.2745637893676758,
    -0.27105045318603516,
    -0.26891422271728516,
    -0.26750850677490234,
    -0.26465797424316406,
    -0.2612905502319336,
    -0.2613372802734375,
    -0.25958251953125,
    -0.2578554153442383,
    -0.25686168670654297,
    -0.25482845306396484,
    -0.2535886764526367,
    -0.2529001235961914,
    -0.25011634826660156,
    -0.25043296813964844,
    -0.24699878692626953,
    -0.2463817596435547,
    -0.24613666534423828,
    -0.2459726333618164,
    -0.24712848663330078
  ],
  "mean_lid_exact": [
    11.100669860839844,
    9.601051330566406,
    9.09062385559082,
    8.830921173095703,
    8.719403266906738,
    8.661224365234375,
    8.636129379272461,
    8.632508277893066,
    8.643606185913086,
    8.665428161621094,
    8.681184768676758,
    8.70518684387207,
    8.731841087341309,
    8.763144493103027,
    8.791651725769043,
    8.822086334228516,
    8.855108261108398,
    8.884162902832031,
    8.911463737487793,
    8.945486068725586,
    8.974410057067871,
    9.006318092346191,
    9.029471397399902,
    9.056347846984863,
    9.082695960998535,
    9.107673645019531,
    9.133155822753906,
    9.156044960021973,
    9.181163787841797,
    9.20467472076416,
    9.226963996887207,
    9.248579978942871,
    9.270329475402832,
    9.29169750213623,
    9.310914039611816,
    9.329453468322754,
    9.34935188293457,
    9.367764472961426,
    9.385721206665039,
    9.403462409973145,
    9.419387817382812,
    9.436360359191895,
    9.451903343200684,
    9.46611213684082,
    9.482134819030762,
    9.496445655822754,
    9.512073516845703,
    9.52554702758789,
    9.538841247558594,
    9.552358627319336
  ],