{
  "k": [
    10,
    20,
    30,
    40,
    50,
    60,
    70,
    80,
    90,
    100,
    110,
    120,
    130,
    140,
    150,
    160,
    170,
    180,
    190,
    200,
    210,
    220,
    230,
    240,
    250,
    260,
    270,
    280,
    290,
    300,
    310,
    320,
    330,
    340,
    350,
    360,
    370,
    380,
    390,
    400,
    410,
    420,
    430,
    440,
    450,
    460,
    470,
    480,
    490,
    500
  ],
  "mean_overlap": [
    0.98205,
    0.9727999999999998,
    0.9537466666666667,
    0.9259175,
    0.89445,
    0.8630283333333333,
    0.8321985714285715,
    0.8027887499999999,
    0.7748577777777779,
    0.7482890000000001,
    0.7237336363636363,
    0.7003341666666667,
    0.6784923076923076,
    0.6581307142857143,
    0.6390460000000001,
    0.6209375,
    0.6039570588235295,
    0.588075,
    0.5729484210526316,
    0.5587270000000001,
    0.5451209523809524,
    0.5322381818181818,
    0.5199469565217392,
    0.5083670833333334,
    0.49721920000000003,
    0.48664730769230774,
    0.4764929629629629,
    0.4667785714285714,
    0.4575375862068966,
    0.4486596666666666,
    0.4401725806451613,
    0.431981875,
    0.4240730303030303,
    0.41647441176470584,
    0.40924485714285713,
    0.4022475,
    0.3954735135135135,
    0.3889421052631579,
    0.38268358974358974,
    0.37657325,
    0.3706756097560976,
    0.36498976190476184,
    0.3594181395348837,
    0.3540036363636363,
    0.3488306666666667,
    0.343775,
    0.3389025531914893,
    0.3341502083333333,
    0.3295212244897959,
    0.3250136
  ],
  "mean_exact_dist": [
    75.89010620117188,
    82.56514739990234,
    87.1490478515625,
    90.63002014160156,
    93.45024108886719,
    95.82070922851562,
    97.85154724121094,
    99.64643859863281,
    101.29580688476562,
    102.7424545288086,
    104.06617736816406,
    105.22818756103516,
    106.37953186035156,
    107.33879852294922,
    108.33834075927734,
    109.306640625,
    109.9981689453125,
    110.81696319580078,
    111.78096008300781,
    112.7993392944336,
    113.56507110595703,
    114.58985137939453,
    115.54134368896484,
    116.47091674804688,
    117.55744171142578,
    118.44799041748047,
    119.20492553710938,
    120.5237045288086,
    122.16886901855469,
    124.3795394897461,
    126.95706939697266,
    129.6979217529297,
    132.4850311279297,
    135.233154296875,
    137.5578155517578,
    138.8495635986328,
    142.93739318847656,
    145.43846130371094,
    147.66310119628906,
    148.83038330078125,
    150.51023864746094,
    152.1804656982422,
    153.7154998779297,
    152.64527893066406,
    152.2422637939453,
    150.73135375976562,
    151.74993896484375,
    153.77493286132812,
    157.0009307861328,
    161.9769744873047
  ],
  "mean_ann_dist": [
    76.0647964477539,
    82.76576232910156,
    87.42777252197266,
    91.060546875,
    94.10665893554688,
    96.77157592773438,
    99.142822265625,
    101.31657409667969,
    1.5150931501306894e+33,
    3.4185489808233656e+32,
    2.4980122800781144e+33,
    1.729076966136354e+33,
    2.1450986315110842e+33,
    4.2965581084290265e+33,
    5.534220230175587e+33,
    5.788059216261035e+33,
    7.452031368306321e+33,
    8.913048202670927e+33,
    1.0248059453226812e+34,
    1.1790166930894787e+34,
    1.4960343204618674e+34,
    1.3825319310499284e+34,
    1.278949278966787e+34,
    1.563797548890298e+34,
    2.0069469061614114e+34,
    1.53307361023129e+34,
    2.2260315922019494e+34,
    2.3042795537931076e+34,
    2.5335628850532943e+34,
    2.558077068887239e+34,
    2.4722633129519844e+34,
    2.4889500019175277e+34,
    2.4126805160971555e+34,
    2.2832632933341675e+34,
    1.878715382368051e+34,
    2.6360960115711295e+34,
    1.4258635462450346e+34,
    1.7111080807751208e+34,
    3.4623764219527065e+34,
    1.6680507930927203e+34,
    1.043970928349872e+34,
    6.184702632488306e+33,
    2.138795195573548e+34,
    8.889298941987257e+33,
    2.0717341267354e+34,
    2.6419437927287057e+34,
    1.6837326461283757e+34,
    2.4445569769327383e+34,
    167.53790283203125,
    172.48300170898438
  ],
  "mean_barycenter_shift": [
    0.0009845637250691652,
    0.0014569861814379692,
    0.0025716598611325026,
    0.003955429885536432,
    0.004970146343111992,
    0.005646764766424894,
    0.006221121642738581,
    0.006652133073657751,
    0.00705252680927515,
    0.0074864099733531475,
    0.007945666089653969,
    0.008437225595116615,
    0.00896808784455061,
    0.009519524872303009,
    0.010097961872816086,
    0.010726475156843662,
    0.011403385549783707,
    0.012119959108531475,
    0.012900985777378082,
    0.013736865483224392,
    0.014647387899458408,
    0.015622776933014393,
    0.016668643802404404,
    0.01776854321360588,
    0.018918152898550034,
    0.020112868398427963,
    0.021342001855373383,
    0.0225906353443861,
    0.023852169513702393,
    0.025121962651610374,
    0.026386138051748276,
    0.02763516828417778,
    0.028859881684184074,
    0.030055111274123192,
    0.031217416748404503,
    0.03234096243977547,
    0.033422574400901794,
    0.03446133807301521,
    0.03545570746064186,
    0.03640742972493172,
    0.037315063178539276,
    0.03818181902170181,
    0.03900887817144394,
    0.0397963672876358,
    0.040546346455812454,
    0.04126093536615372,
    0.041941285133361816,
    0.042591169476509094,
    0.04321018233895302,
    0.0438002273440361
  ],
  "mean_lid_diff": [
    0.12845516204833984,
    -0.021677017211914062,
    -0.20106220245361328,
    -0.42090415954589844,
    -0.6492071151733398,
    -0.8733477592468262,
    -1.1059012413024902,
    -1.3430290222167969,
    -1.6029996871948242,
    -1.8671855926513672,
    -2.1292219161987305,
    -2.4027695655822754,
    -2.6800708770751953,
    -2.9837141036987305,
    -3.2968387603759766,
    -3.6258134841918945,
    -3.9789161682128906,
    -4.344138145446777,
    -4.7202887535095215,
    -5.112300872802734,
    -5.502339601516724,
    -5.874987840652466,
    -6.24756932258606,
    -6.621868133544922,
    -6.978929758071899,
    -7.310115337371826,
    -7.6117963790893555,
    -7.8912564516067505,
    -8.139662981033325,
    -8.352745115756989,
    -8.544223189353943,
    -8.700396180152893,
    -8.834880828857422,
    -8.944498598575592,
    -9.040889322757721,
    -9.122472286224365,
    -9.190001755952835,
    -9.245057940483093,
    -9.295882910490036,
    -9.338852971792221,
    -9.376693576574326,
    -9.410269796848297,
    -9.439834840595722,
    -9.466972976922989,
    -9.490907400846481,
    -9.512704506516457,
    -9.533010013401508,
    -9.551686689257622,
    -9.566986382007599,
    -9.581833891570568
  ],
  "mean_lid_exact": [
    11.061834335327148,
    9.550772666931152,
    9.0415620803833,
    8.81636905670166,
    8.708287239074707,
    8.652386665344238,
    8.63994026184082,
    8.640348434448242,
    8.661006927490234,
    8.687592506408691,
    8.711564064025879,
    8.737932205200195,
    8.767627716064453,
    8.803351402282715,
    8.84007453918457,
    8.87357234954834,
    8.906007766723633,
    8.940397262573242,
    8.974642753601074,
    9.008699417114258,
    9.041085243225098,
    9.072198867797852,
    9.10181999206543,
    9.132325172424316,
    9.160469055175781,
    9.188543319702148,
    9.216824531555176,
    9.242679595947266,
    9.270220756530762,
    9.29708194732666,
    9.319391250610352,
    9.341930389404297,
    9.36507511138916,
    9.386877059936523,
    9.409955978393555,
    9.432276725769043,
    9.452231407165527,
    9.470431327819824,
    9.49049186706543,
    9.509919166564941,
    9.528460502624512,
    9.547853469848633,
    9.564826965332031,
    9.581415176391602,
    9.597633361816406,
    9.612220764160156,
    9.62761116027832,
    9.642087936401367,
    9.656451225280762,
    9.66994571685791
  ],