{
  "alpha": 0.5,
  "k": [
    10,
    20,
    30,
    40,
    50,
    60,
    70,
    80,
    90,
    100,
    110,
    120,
    130,
    140,
    150,
    160,
    170,
    180,
    190,
    200,
    210,
    220,
    230,
    240,
    250,
    260,
    270,
    280,
    290,
    300,
    310,
    320,
    330,
    340,
    350,
    360,
    370,
    380,
    390,
    400,
    410,
    420,
    430,
    440,
    450,
    460,
    470,
    480,
    490,
    500
  ],
  "mean_overlap": [
    0.9931900000000001,
    0.9898900000000002,
    0.9849066666666666,
    0.9767725,
    0.964082,
    0.9480616666666667,
    0.9419014285714286,
    0.9432975,
    0.9449055555555557,
    0.9460400000000001,
    0.9472554545454547,
    0.9484883333333333,
    0.9496399999999999,
    0.950972857142857,
    0.95201,
    0.9530206250000001,
    0.95376,
    0.9546544444444444,
    0.9553047368421054,
    0.9559395,
    0.9565433333333334,
    0.9571013636363638,
    0.957508695652174,
    0.9579154166666667,
    0.9583212,
    0.9588446153846155,
    0.9592792592592594,
    0.959765,
    0.9602475862068964,
    0.9606769999999999,
    0.9610793548387097,
    0.9613921875,
    0.9618151515151514,
    0.9622038235294116,
    0.9625742857142857,
    0.9628363888888889,
    0.9630232432432433,
    0.9632223684210527,
    0.9633943589743591,
    0.96371325,
    0.9639734146341463,
    0.964122857142857,
    0.9642860465116279,
    0.9644897727272728,
    0.9646526666666667,
    0.9648254347826086,
    0.9649393617021277,
    0.9650895833333334,
    0.9652267346938775,
    0.9653384
  ],
  "mean_exact_dist": [
    75.09825134277344,
    81.74637603759766,
    86.27167510986328,
    89.72003936767578,
    92.51799011230469,
    94.88604736328125,
    96.93656158447266,
    98.73690795898438,
    100.3368911743164,
    101.77715301513672,
    103.0865707397461,
    104.28713989257812,
    105.39643859863281,
    106.427978515625,
    107.39188385009766,
    108.29706573486328,
    109.15045928955078,
    109.95767211914062,
    110.72367858886719,
    111.45279693603516,
    112.14859008789062,
    112.81407165527344,
    113.45189666748047,
    114.06441497802734,
    114.6535873413086,
    115.22127532958984,
    115.76892852783203,
    116.29806518554688,
    116.80979919433594,
    117.30529022216797,
    117.78559875488281,
    118.25152587890625,
    118.70388793945312,
    119.14350128173828,
    119.57107543945312,
    119.98711395263672,
    120.39228820800781,
    120.7870864868164,
    121.17195129394531,
    121.54743957519531,
    121.91402435302734,
    122.27210235595703,
    122.62202453613281,
    122.96417236328125,
    123.29883575439453,
    123.62637329101562,
    123.94703674316406,
    124.26112365722656,
    124.56892395019531,
    124.87067413330078
  ],
  "mean_ann_dist": [
    75.15904998779297,
    81.81561279296875,
    86.35948181152344,
    89.83881378173828,
    92.6884536743164,
    95.13797760009766,
    97.21796417236328,
    99.00450134277344,
    100.58920288085938,
    102.0181655883789,
    103.31798553466797,
    104.51028442382812,
    105.60968780517578,
    106.63185119628906,
    107.589599609375,
    108.48857879638672,
    109.33738708496094,
    110.13982391357422,
    110.90272521972656,
    111.62875366210938,
    112.3218002319336,
    112.98497772216797,
    113.62198638916016,
    114.23303985595703,
    114.82140350341797,
    115.3875503540039,
    115.93357849121094,
    116.46064758300781,
    116.970458984375,
    117.46407318115234,
    117.94241333007812,
    118.40689849853516,
    118.85702514648438,
    119.29434967041016,
    119.7197265625,
    120.13414001464844,
    120.53790283203125,
    120.93142700195312,
    121.31510162353516,
    121.6890640258789,
    122.05406188964844,
    122.41092681884766,
    122.76016235351562,
    123.10136413574219,
    123.43456268310547,
    123.76123809814453,
    124.08161163330078,
    124.39505004882812,
    124.70240020751953,
    125.00350189208984
  ],
  "mean_barycenter_shift": [
    0.00036291006836108863,
    0.0005273105343803763,
    0.0007850410183891654,
    0.0012125333305448294,
    0.0019202680559828877,
    0.0026601741556078196,
    0.002762616379186511,
    0.0025630625896155834,
    0.002400690922513604,
    0.0022582069505006075,
    0.0021283822134137154,
    0.002022088970988989,
    0.0019224048592150211,
    0.0018308366416022182,
    0.0017567042959854007,
    0.001692240941338241,
    0.0016424133209511638,
    0.0015902320155873895,
    0.0015521476743742824,
    0.0015067793428897858,
    0.0014724876964464784,
    0.0014362672809511423,
    0.0014016712084412575,
    0.0013790038647130132,
    0.001350920181721449,
    0.001321307965554297,
    0.0012970510870218277,
    0.0012738252989947796,
    0.0012444257736206055,
    0.0012234403984621167,
    0.0012003344018012285,
    0.00118034437764436,
    0.0011574600357562304,
    0.0011358930496498942,
    0.001117396168410778,
    0.001098667737096548,
    0.001082772621884942,
    0.0010671623749658465,
    0.0010507457191124558,
    0.0010342758614569902,
    0.0010196774965152144,
    0.0010072923032566905,
    0.000996371149085462,
    0.0009853896917775273,
    0.000974617782048881,
    0.0009641489014029503,
    0.0009564670617692173,
    0.000945251202210784,
    0.0009382294374518096,
    0.000932670955080539
  ],
  "mean_lid_diff": [
    0.03280353546142578,
    -0.00628662109375,
    -0.06379222869873047,
    -0.13074588775634766,
    -0.22792434692382812,
    -0.32883739471435547,
    -0.3764028549194336,
    -0.3566598892211914,
    -0.35013675689697266,
    -0.34180164337158203,
    -0.3348360061645508,
    -0.33106422424316406,
    -0.3227376937866211,
    -0.3175029754638672,
    -0.3129386901855469,
    -0.3066072463989258,
    -0.29964542388916016,
    -0.2979564666748047,
    -0.2931365966796875,
    -0.28958606719970703,
    -0.28759002685546875,
    -0.2855243682861328,
    -0.28470325469970703,
    -0.2832002639770508,
    -0.2792634963989258,
    -0.27655601501464844,
    -0.2740812301635742,
    -0.2727851867675781,
    -0.2719850540161133,
    -0.2692394256591797,
    -0.26795005798339844,
    -0.2659311294555664,
    -0.2641639709472656,
    -0.26278018951416016,
    -0.26018333435058594,
    -0.26168060302734375,
    -0.2600860595703125,
    -0.2579784393310547,
    -0.25861644744873047,
    -0.25517845153808594,
    -0.2532539367675781,
    -0.2535581588745117,
    -0.2520313262939453,
    -0.2497425079345703,
    -0.24997234344482422,
    -0.2499217987060547,
    -0.24834251403808594,
    -0.24701786041259766,
    -0.24330520629882812,
    -0.24167919158935547
  ],
  "mean_lid_exact": [
    11.0145902633667,
    9.54666805267334,
    9.051956176757812,
    8.82036304473877,
    8.698417663574219,
    8.635246276855469,
    8.620504379272461,
    8.61766242980957,
    8.628670692443848,
    8.648420333862305,
    8.673349380493164,
    8.704195022583008,
    8.727757453918457,
    8.758145332336426,
    8.793351173400879,
    8.821867942810059,
    8.853266716003418,
    8.887017250061035,
    8.91703987121582,
    8.948386192321777,
    8.979559898376465,
    9.010269165039062,
    9.039985656738281,
    9.068266868591309,
    9.095918655395508,
    9.123649597167969,
    9.150409698486328,
    9.176047325134277,
    9.202269554138184,
    9.225462913513184,
    9.24923324584961,
    9.270979881286621,
    9.292171478271484,
    9.312414169311523,
    9.332186698913574,
    9.351858139038086,
    9.370054244995117,
    9.387842178344727,
    9.407402038574219,
    9.422758102416992,
    9.43834114074707,
    9.455111503601074,
    9.470062255859375,
    9.484347343444824,
    9.499384880065918,
    9.513423919677734,
    9.525367736816406,
    9.53796672821045,
    9.548824310302734,
    9.560578346252441
  ],