{
  "k": [
    10,
    20,
    30,
    40,
    50,
    60,
    70,
    80,
    90,
    100,
    110,
    120,
    130,
    140,
    150,
    160,
    170,
    180,
    190,
    200,
    210,
    220,
    230,
    240,
    250,
    260,
    270,
    280,
    290,
    300,
    310,
    320,
    330,
    340,
    350,
    360,
    370,
    380,
    390,
    400,
    410,
    420,
    430,
    440,
    450,
    460,
    470,
    480,
    490,
    500
  ],
  "mean_overlap": [
    0.99705,
    0.9961599999999998,
    0.9946866666666667,
    0.9924824999999999,
    0.9897440000000001,
    0.9854716666666667,
    0.9792785714285713,
    0.97125625,
    0.961777777777778,
    0.951744,
    0.9408309090909089,
    0.9294325000000001,
    0.9176315384615386,
    0.9054792857142856,
    0.8931453333333333,
    0.8808106249999998,
    0.8683041176470587,
    0.8558905555555555,
    0.8433121052631579,
    0.8309725,
    0.8186538095238096,
    0.8065659090909091,
    0.7946765217391305,
    0.782925,
    0.7714984,
    0.7602346153846155,
    0.749277037037037,
    0.7385707142857143,
    0.7280306896551724,
    0.7178043333333333,
    0.7078203225806452,
    0.6981234375,
    0.6886239393939393,
    0.6792494117647059,
    0.6702582857142857,
    0.6614308333333333,
    0.6528527027027027,
    0.6444421052631578,
    0.6362571794871794,
    0.6283222500000002,
    0.6205426829268292,
    0.6129866666666667,
    0.6055644186046512,
    0.5983497727272726,
    0.591318888888889,
    0.5844373913043478,
    0.5776800000000001,
    0.5711016666666666,
    0.5646008163265306,
    0.5582918
  ],
  "mean_exact_dist": [
    76.3860092163086,
    83.12767028808594,
    87.7303466796875,
    91.22197723388672,
    94.04851531982422,
    96.42997741699219,
    98.47911071777344,
    100.27063751220703,
    101.86175537109375,
    103.29212188720703,
    104.59063720703125,
    105.77973937988281,
    106.87802124023438,
    107.96463775634766,
    108.94728088378906,
    109.83954620361328,
    110.670166015625,
    111.4651107788086,
    112.22419738769531,
    112.9451675415039,
    113.62872314453125,
    114.29149627685547,
    114.9113998413086,
    115.51961517333984,
    116.10163879394531,
    116.66875457763672,
    117.22335052490234,
    117.78952026367188,
    118.33211517333984,
    118.90522766113281,
    119.53144073486328,
    120.0915756225586,
    120.6263656616211,
    121.15181732177734,
    121.67261505126953,
    122.32044219970703,
    122.91738891601562,
    123.57511901855469,
    124.28839111328125,
    124.92346954345703,
    125.556884765625,
    126.3158950805664,
    127.03356170654297,
    127.844482421875,
    128.5142364501953,
    129.29100036621094,
    129.9482421875,
    130.72293090820312,
    131.62913513183594,
    132.52700805664062
  ],
  "mean_ann_dist": [
    76.41046142578125,
    83.15409088134766,
    87.76145935058594,
    91.26046752929688,
    94.09680938720703,
    96.49251556396484,
    98.56400299072266,
    100.3894271850586,
    102.02616119384766,
    103.5157470703125,
    104.89036560058594,
    106.17479705810547,
    107.38628387451172,
    7.312238691537574e+32,
    109.54373168945312,
    2.137451837202792e+32,
    111.4891128540039,
    112.42134857177734,
    113.3338623046875,
    114.22512817382812,
    1.6303372438066505e+32,
    115.96226501464844,
    116.802978515625,
    117.65805053710938,
    1.3704484640920284e+32,
    3.96039417544979e+32,
    5.094199472343008e+32,
    4.9291994736380696e+32,
    3.5814042484102424e+32,
    5.798949452157881e+32,
    9.041886967002058e+32,
    8.844015404835208e+32,
    8.656106165134506e+32,
    1.8015795551596858e+33,
    8.315921789763933e+32,
    1.2269058928589674e+33,
    1.0077601763744926e+33,
    1.4962903883589936e+33,
    5.946289075633627e+32,
    2.0652976122436405e+33,
    1.7639893511242803e+33,
    1.1688329650473034e+33,
    1.9438818458730746e+33,
    1.457719890554979e+33,
    1.938185310039798e+33,
    1.7508739953780713e+33,
    1.8474477094952877e+33,
    1.8519881640743767e+33,
    2.0627339931647854e+33,
    1.990828555467904e+33
  ],
  "mean_barycenter_shift": [
    0.0001954730978468433,
    0.0002508783945813775,
    0.00035550876054912806,
    0.0004931536386720836,
    0.0006579293985851109,
    0.0009172906866297126,
    0.001246275962330401,
    0.0015936588170006871,
    0.0019421272445470095,
    0.002274529542773962,
    0.002604912966489792,
    0.002907435642555356,
    0.0032085415441542864,
    0.003503368468955159,
    0.0037828811910003424,
    0.004058113321661949,
    0.004341513849794865,
    0.004618122708052397,
    0.00490898871794343,
    0.005185289774090052,
    0.005466863512992859,
    0.005758322309702635,
    0.00604826956987381,
    0.006341939326375723,
    0.006632842123508453,
    0.0069307973608374596,
    0.007227764930576086,
    0.007518643047660589,
    0.007812110241502523,
    0.008103480562567711,
    0.008393524214625359,
    0.00868135690689087,
    0.008976216427981853,
    0.009272611699998379,
    0.00957766268402338,
    0.009886625222861767,
    0.01020190492272377,
    0.010524775832891464,
    0.0108559625223279,
    0.011196290142834187,
    0.011552884243428707,
    0.01192009262740612,
    0.01230011135339737,
    0.012690470553934574,
    0.013096786104142666,
    0.013509566895663738,
    0.013937156647443771,
    0.014375997707247734,
    0.014822456054389477,
    0.015280685387551785
  ],
  "mean_lid_diff": [
    0.011236190795898438,
    0.0024852752685546875,
    -0.01769542694091797,
    -0.035037994384765625,
    -0.05022621154785156,
    -0.08072185516357422,
    -0.10782527923583984,
    -0.15687179565429688,
    -0.2042703628540039,
    -0.2691192626953125,
    -0.3401660919189453,
    -0.4170198440551758,
    -0.49344825744628906,
    -0.5892171859741211,
    -0.6823949813842773,
    -0.7873992919921875,
    -0.8970212936401367,
    -1.0140442848205566,
    -1.142183780670166,
    -1.2689971923828125,
    -1.4001879692077637,
    -1.532224178314209,
    -1.66713285446167,
    -1.8077630996704102,
    -1.950587272644043,
    -2.1014814376831055,
    -2.2530407905578613,
    -2.40640926361084,
    -2.5641798973083496,
    -2.7220840454101562,
    -2.88450288772583,
    -3.0456924438476562,
    -3.2082433700561523,
    -3.371896743774414,
    -3.5333900451660156,
    -3.6981372833251953,
    -3.8667216300964355,
    -4.035089015960693,
    -4.2017035484313965,
    -4.367227077484131,
    -4.531099319458008,
    -4.691020965576172,
    -4.851963996887207,
    -5.01079797744751,
    -5.166586875915527,
    -5.321824073791504,
    -5.468405723571777,
    -5.6173787117004395,
    -5.7674949169158936,
    -5.9171528816223145
  ],
  "mean_lid_exact": [
    10.996475219726562,
    9.567937850952148,
    9.092788696289062,
    8.86896800994873,
    8.756924629211426,
    8.703058242797852,
    8.683945655822754,
    8.690606117248535,
    8.695237159729004,
    8.72542667388916,
    8.754201889038086,
    8.788507461547852,
    8.818124771118164,
    8.854358673095703,
    8.888816833496094,
    8.924312591552734,
    8.95751953125,
    8.991827964782715,
    9.029470443725586,
    9.06154727935791,
    9.091219902038574,
    9.119490623474121,
    9.149149894714355,
    9.176682472229004,
    9.205205917358398,
    9.235150337219238,
    9.261761665344238,
    9.286431312561035,
    9.312701225280762,
    9.336847305297852,
    9.361105918884277,
    9.382407188415527,
    9.403413772583008,
    9.423199653625488,
    9.443562507629395,
    9.462357521057129,
    9.483094215393066,
    9.501259803771973,
    9.518342018127441,
    9.535828590393066,
    9.55195426940918,
    9.568601608276367,
    9.583741188049316,
    9.599356651306152,
    9.61565113067627,
    9.629172325134277,
    9.641616821289062,
    9.65477180480957,
    9.667396545410156,
    9.67839241027832
  ],