{
  "alpha": 1.0,
  "k": [
    10,
    20,
    30,
    40,
    50,
    60,
    70,
    80,
    90,
    100,
    110,
    120,
    130,
    140,
    150,
    160,
    170,
    180,
    190,
    200,
    210,
    220,
    230,
    240,
    250,
    260,
    270,
    280,
    290,
    300,
    310,
    320,
    330,
    340,
    350,
    360,
    370,
    380,
    390,
    400,
    410,
    420,
    430,
    440,
    450,
    460,
    470,
    480,
    490,
    500
  ],
  "mean_overlap": [
    0.99318,
    0.9896599999999999,
    0.9847733333333334,
    0.985815,
    0.9874059999999999,
    0.9888449999999999,
    0.9898957142857143,
    0.9907400000000002,
    0.9915711111111112,
    0.9922540000000001,
    0.9927536363636363,
    0.9931383333333333,
    0.9936015384615384,
    0.9940664285714285,
    0.994338,
    0.9946337500000001,
    0.9949547058823529,
    0.9952349999999999,
    0.9954231578947369,
    0.9955994999999999,
    0.9957833333333332,
    0.9959686363636363,
    0.9961430434782609,
    0.9963095833333334,
    0.9964284,
    0.9965496153846154,
    0.9966811111111112,
    0.9968096428571429,
    0.9969172413793104,
    0.9970393333333334,
    0.9971235483870967,
    0.9972074999999999,
    0.9973069696969696,
    0.99734,
    0.9974122857142856,
    0.9974969444444445,
    0.9975602702702703,
    0.9976189473684209,
    0.9976815384615384,
    0.9977512500000001,
    0.9977941463414635,
    0.9978590476190475,
    0.9979079069767443,
    0.9979443181818182,
    0.9979899999999999,
    0.9980358695652174,
    0.9980842553191491,
    0.9981316666666665,
    0.9981863265306121,
    0.9982352000000001
  ],
  "mean_exact_dist": [
    75.78614807128906,
    82.3373031616211,
    86.83411407470703,
    90.26297760009766,
    93.044189453125,
    95.3900146484375,
    97.4149169921875,
    99.19258880615234,
    100.7761001586914,
    102.20269775390625,
    103.5004653930664,
    104.69139862060547,
    105.79177856445312,
    106.81476593017578,
    107.77132415771484,
    108.6694107055664,
    109.5162124633789,
    110.31737518310547,
    111.07806396484375,
    111.80221557617188,
    112.4933853149414,
    113.15472412109375,
    113.78898620605469,
    114.39867401123047,
    114.98584747314453,
    115.55220031738281,
    116.09915924072266,
    116.62812805175781,
    117.14012145996094,
    117.63629913330078,
    118.11762237548828,
    118.5849380493164,
    119.03900146484375,
    119.48057556152344,
    119.91024780273438,
    120.32859802246094,
    120.73616027832031,
    121.13345336914062,
    121.52093505859375,
    121.89913940429688,
    122.26848602294922,
    122.62934112548828,
    122.98204803466797,
    123.32697296142578,
    123.66441345214844,
    123.9946517944336,
    124.31803894042969,
    124.63480377197266,
    124.94517517089844,
    125.24939727783203
  ],
  "mean_ann_dist": [
    75.8377456665039,
    82.40311431884766,
    86.92132568359375,
    90.33829498291016,
    93.10820770263672,
    95.44563293457031,
    97.46395874023438,
    99.23661041259766,
    100.81555938720703,
    102.23824310302734,
    103.53298950195312,
    104.72177124023438,
    105.82015228271484,
    106.84107208251953,
    107.79608917236328,
    108.69217681884766,
    109.5374755859375,
    110.33727264404297,
    111.09709930419922,
    111.82042694091797,
    112.5108642578125,
    113.17144775390625,
    113.80494689941406,
    114.41407775878906,
    115.00068664550781,
    115.56659698486328,
    116.11312866210938,
    116.64151000976562,
    117.1529769897461,
    117.64873504638672,
    118.1296615600586,
    118.5965347290039,
    119.05020904541016,
    119.4916000366211,
    119.92095184326172,
    120.33902740478516,
    120.7463607788086,
    121.14337158203125,
    121.53062438964844,
    121.90853881835938,
    122.2776870727539,
    122.63825225830078,
    122.99073791503906,
    123.33550262451172,
    123.67268371582031,
    124.0027847290039,
    124.32593536376953,
    124.64250946044922,
    124.95271301269531,
    125.25679016113281
  ],
  "mean_barycenter_shift": [
    0.00036247726529836655,
    0.0005389399011619389,
    0.0007804136839695275,
    0.0006985011859796941,
    0.0006029465585015714,
    0.0005269207758828998,
    0.0004679989942815155,
    0.0004283154848963022,
    0.00038323752232827246,
    0.00035310903331264853,
    0.00033113130484707654,
    0.00031199908698908985,
    0.0002909133618231863,
    0.00026935883215628564,
    0.0002566899929661304,
    0.00024302935344167054,
    0.00022812857059761882,
    0.00021436357928905636,
    0.00020550363115034997,
    0.0001954370818566531,
    0.00018796624499373138,
    0.00017972398200072348,
    0.00017240154556930065,
    0.00016412347031291574,
    0.00015902773884590715,
    0.0001529316941741854,
    0.00014782664948143065,
    0.00014296163863036782,
    0.00013803027104586363,
    0.00013140738883521408,
    0.00012823738506995142,
    0.00012406398309394717,
    0.00012035787221975625,
    0.00011865566921187565,
    0.00011576926772249863,
    0.0001114894839702174,
    0.00010855962318601087,
    0.00010638978710630909,
    0.00010377305443398654,
    0.00010076463513541967,
    9.925121412379667e-05,
    9.624437370803207e-05,
    9.434483217773959e-05,
    9.217886690748855e-05,
    9.005112224258482e-05,
    8.785642421571538e-05,
    8.594829705543816e-05,
    8.37944753584452e-05,
    8.133440860547125e-05,
    7.944540266180411e-05
  ],
  "mean_lid_diff": [
    0.04135608673095703,
    -0.032469749450683594,
    -0.07493972778320312,
    -0.075286865234375,
    -0.07125377655029297,
    -0.06274604797363281,
    -0.062224388122558594,
    -0.05789661407470703,
    -0.05041694641113281,
    -0.04799842834472656,
    -0.047672271728515625,
    -0.04382038116455078,
    -0.04370403289794922,
    -0.04219627380371094,
    -0.03617286682128906,
    -0.03656196594238281,
    -0.035594940185546875,
    -0.03616619110107422,
    -0.03487205505371094,
    -0.0341644287109375,
    -0.0334625244140625,
    -0.032260894775390625,
    -0.02989959716796875,
    -0.027695655822753906,
    -0.025763511657714844,
    -0.027782440185546875,
    -0.02631855010986328,
    -0.025669097900390625,
    -0.024133682250976562,
    -0.023667335510253906,
    -0.022119522094726562,
    -0.021790504455566406,
    -0.021727561950683594,
    -0.020874977111816406,
    -0.021521568298339844,
    -0.020516395568847656,
    -0.0195159912109375,
    -0.01928424835205078,
    -0.01916217803955078,
    -0.017995834350585938,
    -0.018840789794921875,
    -0.018271446228027344,
    -0.018560409545898438,
    -0.01722431182861328,
    -0.017320632934570312,
    -0.01669025421142578,
    -0.017023086547851562,
    -0.01570892333984375,
    -0.015819549560546875,
    -0.015092849731445312
  ],
  "mean_lid_exact": [
    11.165740966796875,
    9.66163158416748,
    9.131246566772461,
    8.9019193649292,
    8.77934741973877,
    8.720380783081055,
    8.699626922607422,
    8.697901725769043,
    8.704957962036133,
    8.724650382995605,
    8.747381210327148,
    8.77137279510498,
    8.804749488830566,
    8.83398723602295,
    8.861617088317871,
    8.896223068237305,
    8.926353454589844,
    8.95809555053711,
    8.985929489135742,
    9.01602840423584,
    9.045964241027832,
    9.074968338012695,
    9.101838111877441,
    9.127036094665527,
    9.152463912963867,
    9.179168701171875,
    9.20048999786377,
    9.223443984985352,
    9.248557090759277,
    9.271842002868652,
    9.29344367980957,
    9.31624698638916,
    9.337206840515137,
    9.357903480529785,
    9.379023551940918,
    9.397563934326172,
    9.415559768676758,
    9.435989379882812,
    9.453771591186523,
    9.471660614013672,
    9.488609313964844,
    9.504462242126465,
    9.519997596740723,
    9.534724235534668,
    9.54967212677002,
    9.564406394958496,
    9.577754020690918,
    9.590160369873047,
    9.604053497314453,
    9.6162748336792
  ],