{
  "k": [
    10,
    20,
    30,
    40,
    50,
    60,
    70,
    80,
    90,
    100,
    110,
    120,
    130,
    140,
    150,
    160,
    170,
    180,
    190,
    200,
    210,
    220,
    230,
    240,
    250,
    260,
    270,
    280,
    290,
    300,
    310,
    320,
    330,
    340,
    350,
    360,
    370,
    380,
    390,
    400,
    410,
    420,
    430,
    440,
    450,
    460,
    470,
    480,
    490,
    500
  ],
  "mean_overlap": [
    0.99513,
    0.9934149999999999,
    0.9910666666666667,
    0.9875775,
    0.9832759999999998,
    0.9773200000000001,
    0.9695400000000002,
    0.9596012500000001,
    0.948458888888889,
    0.93621,
    0.9231581818181818,
    0.9098591666666667,
    0.896193076923077,
    0.8823871428571428,
    0.8684226666666666,
    0.854624375,
    0.8407882352941176,
    0.8274016666666666,
    0.8140847368421052,
    0.8010004999999999,
    0.7883904761904763,
    0.7760840909090909,
    0.7639308695652174,
    0.7522558333333332,
    0.7407812,
    0.7295634615384615,
    0.7186866666666667,
    0.7081085714285715,
    0.6978489655172413,
    0.687877,
    0.6781361290322581,
    0.6686053125,
    0.6594478787878787,
    0.6505197058823529,
    0.6418885714285714,
    0.6334080555555556,
    0.6252232432432433,
    0.6171447368421052,
    0.6093784615384615,
    0.6018322500000001,
    0.5944409756097562,
    0.5871902380952381,
    0.5801532558139535,
    0.5732529545454544,
    0.5665702222222222,
    0.5600186956521739,
    0.5535857446808511,
    0.547320625,
    0.5412377551020408,
    0.5352317999999999
  ],
  "mean_exact_dist": [
    75.69612884521484,
    82.34547424316406,
    86.8810806274414,
    90.33885955810547,
    93.14575958251953,
    95.51370239257812,
    97.55909729003906,
    99.3550796508789,
    100.95387268066406,
    102.3952407836914,
    103.70793914794922,
    104.91339874267578,
    106.02783966064453,
    107.06401062011719,
    108.05071258544922,
    108.98108673095703,
    109.83261108398438,
    110.6401138305664,
    111.37550354003906,
    112.10292053222656,
    112.796142578125,
    113.47115325927734,
    114.11624145507812,
    114.75840759277344,
    115.38906860351562,
    116.03199768066406,
    116.70513153076172,
    117.1842269897461,
    117.73755645751953,
    118.26801300048828,
    118.78607177734375,
    119.34453582763672,
    119.66053009033203,
    120.24772644042969,
    120.75537872314453,
    121.50067138671875,
    122.28047180175781,
    123.11996459960938,
    124.02637481689453,
    124.78003692626953,
    125.72516632080078,
    126.6634750366211,
    127.3423843383789,
    127.99382019042969,
    128.6693115234375,
    129.2576141357422,
    130.22250366210938,
    130.8514862060547,
    132.05398559570312,
    132.76368713378906
  ],
  "mean_ann_dist": [
    75.73298645019531,
    82.388427734375,
    86.93474578857422,
    90.40730285644531,
    93.23235321044922,
    95.62358856201172,
    97.70043182373047,
    99.5387954711914,
    101.19192504882812,
    102.70145416259766,
    104.0961685180664,
    105.39872741699219,
    106.62726593017578,
    107.79759979248047,
    108.89299774169922,
    109.94221496582031,
    110.95152282714844,
    1.89957546895391e+32,
    112.8485336303711,
    113.7679443359375,
    114.66694641113281,
    4.67622101062243e+32,
    4.488285464695894e+32,
    2.881209307655547e+32,
    1.252317010674126e+33,
    9.441871583395361e+32,
    1.4385548765792873e+33,
    1.3998152452174053e+33,
    2.1079557880573754e+33,
    1.210926098604357e+33,
    1.3049317834813283e+33,
    1.9819647500441157e+33,
    2.408981179877759e+33,
    2.4989523407954467e+33,
    2.823310426476281e+33,
    3.735634478258408e+33,
    3.412549149680464e+33,
    3.3417730227844207e+33,
    2.568635676121811e+33,
    4.860498907960393e+33,
    4.8372838184036743e+33,
    4.199827021184316e+33,
    4.8284297617576954e+33,
    3.273103869835241e+33,
    2.839742842557755e+33,
    5.1593846751653767e+33,
    6.447322946242425e+33,
    4.7900106021234835e+33,
    4.071609857495411e+33,
    6.365241331937608e+33
  ],
  "mean_barycenter_shift": [
    0.0002608839131426066,
    0.00034988074912689626,
    0.0004615046491380781,
    0.000618351623415947,
    0.000799981935415417,
    0.0010559260845184326,
    0.0014086684677749872,
    0.0017963354475796223,
    0.0021750859450548887,
    0.0025109027046710253,
    0.0028034676797688007,
    0.0030728604178875685,
    0.0033224436920136213,
    0.0035693084355443716,
    0.0038130946923047304,
    0.004050084389746189,
    0.0042985533364117146,
    0.004542061127722263,
    0.004798253066837788,
    0.005056840367615223,
    0.005320427007973194,
    0.005579967517405748,
    0.00584463169798255,
    0.006112342234700918,
    0.006381643936038017,
    0.006655621342360973,
    0.0069307442754507065,
    0.007214209530502558,
    0.007503143977373838,
    0.007795930374413729,
    0.008092583157122135,
    0.008388560265302658,
    0.008689606562256813,
    0.008992512710392475,
    0.00930466316640377,
    0.00962971430271864,
    0.009957673959434032,
    0.010309625416994095,
    0.010678173042833805,
    0.011069517582654953,
    0.0114798154681921,
    0.011912890709936619,
    0.012362576089799404,
    0.012832342647016048,
    0.013321563601493835,
    0.013828752562403679,
    0.014346125535666943,
    0.014876344241201878,
    0.015419256873428822,
    0.0159737691283226
  ],
  "mean_lid_diff": [
    0.06122016906738281,
    0.014956474304199219,
    -0.025533676147460938,
    -0.0688772201538086,
    -0.10663223266601562,
    -0.14383888244628906,
    -0.19988727569580078,
    -0.2640714645385742,
    -0.3330726623535156,
    -0.4138755798339844,
    -0.49954891204833984,
    -0.5953226089477539,
    -0.7057676315307617,
    -0.8097472190856934,
    -0.9289937019348145,
    -1.049222469329834,
    -1.1648130416870117,
    -1.2878823280334473,
    -1.421130657196045,
    -1.5529212951660156,
    -1.688720703125,
    -1.8272576332092285,
    -1.9731993675231934,
    -2.1251816749572754,
    -2.2818546295166016,
    -2.4459385871887207,
    -2.609806537628174,
    -2.779770851135254,
    -2.9543309211730957,
    -3.132425308227539,
    -3.3192005157470703,
    -3.5108590126037598,
    -3.7078099250793457,
    -3.912320613861084,
    -4.127918243408203,
    -4.3529953956604,
    -4.580265998840332,
    -4.811905860900879,
    -5.038311004638672,
    -5.274160385131836,
    -5.499228000640869,
    -5.726442337036133,
    -5.958800554275513,
    -6.186296224594116,
    -6.406989097595215,
    -6.627969026565552,
    -6.851931571960449,
    -7.065819978713989,
    -7.268191814422607,
    -7.468816041946411
  ],
  "mean_lid_exact": [
    11.124796867370605,
    9.626130104064941,
    9.115925788879395,
    8.861918449401855,
    8.733222961425781,
    8.665934562683105,
    8.648362159729004,
    8.643661499023438,
    8.655089378356934,
    8.674294471740723,
    8.7006196975708,
    8.731932640075684,
    8.768892288208008,
    8.798320770263672,
    8.83162784576416,
    8.864445686340332,
    8.895475387573242,
    8.926457405090332,
    8.960068702697754,
    8.990849494934082,
    9.022812843322754,
    9.05300521850586,
    9.08296012878418,
    9.112180709838867,
    9.138404846191406,
    9.168631553649902,
    9.195655822753906,
    9.221932411193848,
    9.24867057800293,
    9.274788856506348,
    9.300225257873535,
    9.323192596435547,
    9.345857620239258,
    9.366439819335938,
    9.388978958129883,
    9.409563064575195,
    9.431259155273438,
    9.449609756469727,
    9.46894645690918,
    9.48786449432373,
    9.504781723022461,
    9.521956443786621,
    9.538912773132324,
    9.554821968078613,
    9.569385528564453,
    9.585665702819824,
    9.600347518920898,
    9.614912986755371,
    9.628747940063477,
    9.642245292663574
  ],