{
  "k": [
    10,
    20,
    30,
    40,
    50,
    60,
    70,
    80,
    90,
    100,
    110,
    120,
    130,
    140,
    150,
    160,
    170,
    180,
    190,
    200,
    210,
    220,
    230,
    240,
    250,
    260,
    270,
    280,
    290,
    300,
    310,
    320,
    330,
    340,
    350,
    360,
    370,
    380,
    390,
    400,
    410,
    420,
    430,
    440,
    450,
    460,
    470,
    480,
    490,
    500
  ],
  "mean_overlap": [
    0.99685,
    0.995835,
    0.9946933333333334,
    0.99306,
    0.991318,
    0.9892099999999998,
    0.98656,
    0.98325,
    0.9794200000000001,
    0.9745900000000002,
    0.9690981818181819,
    0.9629324999999999,
    0.9559900000000001,
    0.9483864285714286,
    0.9405700000000001,
    0.93222625,
    0.9235735294117648,
    0.9147350000000001,
    0.9056342105263157,
    0.8964549999999999,
    0.887177142857143,
    0.8777695454545453,
    0.868448695652174,
    0.8591529166666667,
    0.8498611999999999,
    0.84077,
    0.8317381481481482,
    0.8227725,
    0.8139275862068965,
    0.805238,
    0.7966325806451612,
    0.7880928125000001,
    0.7797954545454546,
    0.771610294117647,
    0.7635559999999999,
    0.7555949999999999,
    0.7478121621621622,
    0.7402094736842105,
    0.732734358974359,
    0.72536525,
    0.71815,
    0.7110828571428571,
    0.7041651162790697,
    0.6973797727272728,
    0.6906033333333333,
    0.6839969565217391,
    0.6775370212765958,
    0.671153125,
    0.6648540816326531,
    0.6586837999999999
  ],
  "mean_exact_dist": [
    75.85939025878906,
    82.40481567382812,
    86.89728546142578,
    90.30349731445312,
    93.06490325927734,
    95.3984146118164,
    97.40972137451172,
    99.17232513427734,
    100.74213409423828,
    102.15910339355469,
    103.45179748535156,
    104.64131164550781,
    105.74299621582031,
    106.76930236816406,
    107.72979736328125,
    108.63308715820312,
    109.48551177978516,
    110.29273986816406,
    111.0593490600586,
    111.78921508789062,
    112.48590087890625,
    113.15241241455078,
    113.78177642822266,
    114.39555358886719,
    114.97286987304688,
    115.53636169433594,
    116.08247375488281,
    116.61168670654297,
    117.12278747558594,
    117.60020446777344,
    118.0771255493164,
    118.5293960571289,
    118.99516296386719,
    119.4813232421875,
    119.95413970947266,
    120.38764953613281,
    120.84534454345703,
    121.30160522460938,
    121.76068115234375,
    122.2344970703125,
    122.74535369873047,
    123.1518783569336,
    123.57112121582031,
    124.14778137207031,
    124.75670623779297,
    125.21477508544922,
    125.71422576904297,
    126.22736358642578,
    126.75401306152344,
    127.37065124511719
  ],
  "mean_ann_dist": [
    75.88711547851562,
    82.43536376953125,
    86.93252563476562,
    90.34483337402344,
    93.113525390625,
    95.45536041259766,
    97.47676086425781,
    99.25177764892578,
    100.83660888671875,
    102.27214050292969,
    103.58695983886719,
    104.80328369140625,
    105.93653869628906,
    106.9996109008789,
    108.00254821777344,
    108.95392608642578,
    109.86084747314453,
    110.7286148071289,
    111.5624008178711,
    112.3669662475586,
    113.14567565917969,
    113.90166473388672,
    114.62664031982422,
    115.34367370605469,
    116.02989196777344,
    116.70800018310547,
    117.37345123291016,
    118.02513885498047,
    118.66559600830078,
    119.2760009765625,
    2.2010927871974044e+32,
    6.403346209544346e+32,
    121.1031723022461,
    2.016786726723548e+32,
    2.9470603674765458e+32,
    4.796167729022627e+32,
    6.569156672118754e+32,
    6.435687006214414e+32,
    6.318021966049126e+32,
    5.325232353312216e+32,
    9.619140728458405e+32,
    1.034843286955211e+33,
    1.1970782692111534e+33,
    1.357829889815022e+33,
    1.5238795843020223e+33,
    1.6020906243315088e+33,
    1.1768338488924573e+33,
    1.8494336748033113e+33,
    2.0219444878403518e+33,
    1.356044161308353e+33
  ],
  "mean_barycenter_shift": [
    0.00017434815526939929,
    0.00021150786778889596,
    0.00026785736554302275,
    0.0003471198433544487,
    0.0004274777020327747,
    0.000522713060490787,
    0.0006379979895427823,
    0.0007605409482493997,
    0.0009110634564422071,
    0.0010812949622049928,
    0.0012703018728643656,
    0.0014683075714856386,
    0.0016587846912443638,
    0.0018616708694025874,
    0.002039962913841009,
    0.002202877076342702,
    0.0023785680532455444,
    0.002534304279834032,
    0.0026887438725680113,
    0.002844324102625251,
    0.0030094238463789225,
    0.003173121251165867,
    0.00333640375174582,
    0.0034982284996658564,
    0.0036705718375742435,
    0.003841073950752616,
    0.004017517901957035,
    0.004190492443740368,
    0.00436039175838232,
    0.00453115813434124,
    0.004701442550867796,
    0.004868450108915567,
    0.005033940076828003,
    0.00519552594050765,
    0.005357749294489622,
    0.005525215063244104,
    0.005694197956472635,
    0.005868124775588512,
    0.006049501709640026,
    0.006240922957658768,
    0.006446679588407278,
    0.0066639333963394165,
    0.006895783822983503,
    0.007149691227823496,
    0.007423047441989183,
    0.007717899978160858,
    0.008036823943257332,
    0.00837955716997385,
    0.008744869381189346,
    0.009136119857430458
  ],
  "mean_lid_diff": [
    0.009609222412109375,
    -0.006711006164550781,
    -0.017168045043945312,
    -0.032393455505371094,
    -0.038537025451660156,
    -0.05578422546386719,
    -0.0758981704711914,
    -0.1037139892578125,
    -0.1322498321533203,
    -0.1658496856689453,
    -0.20487213134765625,
    -0.2408733367919922,
    -0.2874917984008789,
    -0.3353843688964844,
    -0.39348888397216797,
    -0.44895267486572266,
    -0.5131216049194336,
    -0.5761823654174805,
    -0.649928092956543,
    -0.7263412475585938,
    -0.8025197982788086,
    -0.8803987503051758,
    -0.9640522003173828,
    -1.051356315612793,
    -1.1393413543701172,
    -1.226752758026123,
    -1.3185701370239258,
    -1.4154934883117676,
    -1.5103240013122559,
    -1.610619068145752,
    -1.7087206840515137,
    -1.8111181259155273,
    -1.9140853881835938,
    -2.0238757133483887,
    -2.1381053924560547,
    -2.2560648918151855,
    -2.378349781036377,
    -2.5077524185180664,
    -2.6387362480163574,
    -2.7744250297546387,
    -2.919060707092285,
    -3.0640711784362793,
    -3.21718168258667,
    -3.374450206756592,
    -3.537668228149414,
    -3.70065975189209,
    -3.863480567932129,
    -4.035106658935547,
    -4.209310531616211,
    -4.38511323928833
  ],
  "mean_lid_exact": [
    11.081929206848145,
    9.589584350585938,
    9.098677635192871,
    8.87187385559082,
    8.75511360168457,
    8.706165313720703,
    8.695828437805176,
    8.705862998962402,
    8.718581199645996,
    8.733996391296387,
    8.756845474243164,
    8.775971412658691,
    8.805023193359375,
    8.835185050964355,
    8.86732006072998,
    8.897375106811523,
    8.93073558807373,
    8.961284637451172,
    8.996330261230469,
    9.0286226272583,
    9.059356689453125,
    9.089195251464844,
    9.117877006530762,
    9.1492919921875,
    9.176535606384277,
    9.201735496520996,
    9.228631973266602,
    9.255193710327148,
    9.279930114746094,
    9.304330825805664,
    9.32701301574707,
    9.348457336425781,
    9.369470596313477,
    9.390238761901855,
    9.409079551696777,
    9.426918983459473,
    9.444540977478027,
    9.462788581848145,
    9.47822380065918,
    9.494006156921387,
    9.510287284851074,
    9.525247573852539,
    9.540115356445312,
    9.554123878479004,
    9.56879997253418,
    9.581286430358887,
    9.593689918518066,
    9.606345176696777,
    9.617822647094727,
    9.62902545928955
  ],