{
  "k": [
    10,
    20,
    30,
    40,
    50,
    60,
    70,
    80,
    90,
    100,
    110,
    120,
    130,
    140,
    150,
    160,
    170,
    180,
    190,
    200,
    210,
    220,
    230,
    240,
    250,
    260,
    270,
    280,
    290,
    300,
    310,
    320,
    330,
    340,
    350,
    360,
    370,
    380,
    390,
    400,
    410,
    420,
    430,
    440,
    450,
    460,
    470,
    480,
    490,
    500
  ],
  "mean_overlap": [
    0.9818,
    0.972965,
    0.9541566666666668,
    0.9268449999999999,
    0.895746,
    0.8643516666666666,
    0.8331042857142859,
    0.80313375,
    0.7749822222222224,
    0.7486950000000001,
    0.72401,
    0.7009866666666666,
    0.6796969230769231,
    0.6594764285714285,
    0.640414,
    0.6225599999999999,
    0.6056464705882352,
    0.58986,
    0.5750252631578947,
    0.5609289999999999,
    0.547405238095238,
    0.534724090909091,
    0.5224791304347827,
    0.5108579166666667,
    0.49979359999999995,
    0.4892,
    0.47917148148148153,
    0.4696125,
    0.46040931034482757,
    0.4516083333333333,
    0.4431364516129032,
    0.4350575000000001,
    0.4272027272727273,
    0.41968470588235296,
    0.4124608571428571,
    0.4054763888888889,
    0.3986832432432432,
    0.3922047368421052,
    0.38592871794871797,
    0.379812,
    0.37391829268292687,
    0.3682069047619047,
    0.362716976744186,
    0.3573468181818182,
    0.3522166666666667,
    0.34718826086956517,
    0.3423204255319149,
    0.3376116666666667,
    0.33299469387755104,
    0.32853740000000003
  ],
  "mean_exact_dist": [
    76.34443664550781,
    83.01134490966797,
    87.59410095214844,
    91.07886505126953,
    93.90230560302734,
    96.2839584350586,
    98.33944702148438,
    100.13920593261719,
    101.75764465332031,
    103.1548843383789,
    104.46914672851562,
    105.65442657470703,
    106.71820831298828,
    107.72317504882812,
    108.74591064453125,
    109.65719604492188,
    110.55635833740234,
    111.33248138427734,
    112.45843505859375,
    113.32587432861328,
    114.11161041259766,
    115.12904357910156,
    116.30787658691406,
    117.8208236694336,
    119.32432556152344,
    120.78803253173828,
    122.7627944946289,
    124.4645767211914,
    126.52651977539062,
    128.3013458251953,
    130.27719116210938,
    131.99057006835938,
    134.91746520996094,
    137.51341247558594,
    140.84100341796875,
    145.3411865234375,
    147.49183654785156,
    150.62124633789062,
    154.10403442382812,
    156.7028045654297,
    157.3782196044922,
    155.3349151611328,
    157.4707794189453,
    159.631103515625,
    161.17044067382812,
    167.35926818847656,
    163.3694305419922,
    165.98587036132812,
    162.7057342529297,
    169.53125
  ],
  "mean_ann_dist": [
    76.51438903808594,
    83.21394348144531,
    87.87681579589844,
    91.51317596435547,
    94.56355285644531,
    97.23766326904297,
    99.63970947265625,
    1.2764417540459621e+33,
    7.571673011858087e+32,
    105.73328399658203,
    6.209928523525087e+32,
    8.579988326968946e+32,
    2.124209012318163e+33,
    5.506996690771662e+33,
    5.24961410132376e+33,
    6.187785103186127e+33,
    4.221507065092321e+33,
    8.467651612846499e+33,
    1.0383629980749072e+34,
    9.553614086298951e+33,
    1.062842581484754e+34,
    1.1722935645301237e+34,
    1.6902919952205332e+34,
    1.8325150887199088e+34,
    1.7391892650382625e+34,
    1.7349435020855255e+34,
    1.8757697040445714e+34,
    2.4452596316990367e+34,
    2.016459485011288e+34,
    2.0194799349131405e+34,
    2.943213584861345e+34,
    2.302761344128928e+34,
    2.338919839560399e+34,
    1.3830571890085972e+34,
    3.9683066703761386e+34,
    2.659734476621284e+34,
    2.4656353819816505e+34,
    1.7969496903612594e+34,
    2.5238148500079455e+34,
    2.363071802138849e+34,
    1.2116159871140002e+34,
    7.045182993365201e+33,
    4.300837914732844e+34,
    2.1188190523356155e+34,
    1.3266368337781267e+34,
    3.147847796823305e+34,
    1.7238214773905738e+34,
    8.592988461445999e+34,
    173.6227264404297,
    4.537097780878427e+34
  ],
  "mean_barycenter_shift": [
    0.0009979336755350232,
    0.0013953265734016895,
    0.0025310679338872433,
    0.0038950976449996233,
    0.004891080316156149,
    0.0055525703355669975,
    0.00612149341031909,
    0.006649054121226072,
    0.007103129755705595,
    0.007511865347623825,
    0.007935102097690105,
    0.008356045931577682,
    0.008781762793660164,
    0.009237205609679222,
    0.009737461805343628,
    0.010282408446073532,
    0.010876684449613094,
    0.011520378291606903,
    0.012202639132738113,
    0.012931905686855316,
    0.013721798546612263,
    0.014568496495485306,
    0.015483342111110687,
    0.01645319163799286,
    0.01748109795153141,
    0.018561802804470062,
    0.01968536712229252,
    0.0208393856883049,
    0.02201729081571102,
    0.02320827730000019,
    0.024402005597949028,
    0.025582080706954002,
    0.026746243238449097,
    0.027888989076018333,
    0.029001055285334587,
    0.030079534277319908,
    0.031123485416173935,
    0.03212982043623924,
    0.033096008002758026,
    0.034022606909275055,
    0.03490736335515976,
    0.03575317934155464,
    0.03656145557761192,
    0.03733434900641441,
    0.03807070851325989,
    0.0387738011777401,
    0.039443906396627426,
    0.04008390009403229,
    0.040694981813430786,
    0.04127870127558708
  ],
  "mean_lid_diff": [
    0.10895252227783203,
    -0.04342937469482422,
    -0.23082447052001953,
    -0.42870521545410156,
    -0.6633310317993164,
    -0.889864444732666,
    -1.1295089721679688,
    -1.3637361526489258,
    -1.6136746406555176,
    -1.8555121421813965,
    -2.109997272491455,
    -2.3743467330932617,
    -2.6476659774780273,
    -2.943789482116699,
    -3.2495317459106445,
    -3.562483787536621,
    -3.8804311752319336,
    -4.226480960845947,
    -4.584589958190918,
    -4.9521026611328125,
    -5.332502603530884,
    -5.716443777084351,
    -6.1033220291137695,
    -6.492250919342041,
    -6.85169529914856,
    -7.192750453948975,
    -7.508974671363831,
    -7.805868983268738,
    -8.07417607307434,
    -8.2995924949646,
    -8.504038572311401,
    -8.676999747753143,
    -8.82324206829071,
    -8.943140536546707,
    -9.042543143033981,
    -9.131514251232147,
    -9.19494479894638,
    -9.251407846808434,
    -9.30088996887207,
    -9.34682683646679,
    -9.380798488855362,
    -9.410679817199707,
    -9.437644556164742,
    -9.46138621121645,
    -9.481700673699379,
    -9.49947614222765,
    -9.51575518399477,
    -9.53296834230423,
    -9.547304578125477,
    -9.560752719640732
  ],
  "mean_lid_exact": [
    11.08183479309082,
    9.5997953414917,
    9.085956573486328,
    8.832717895507812,
    8.721407890319824,
    8.671453475952148,
    8.652294158935547,
    8.652742385864258,
    8.674560546875,
    8.694835662841797,
    8.722476959228516,
    8.753727912902832,
    8.79063892364502,
    8.826568603515625,
    8.86155891418457,
    8.893763542175293,
    8.923263549804688,
    8.95948314666748,
    8.99084758758545,
    9.022686958312988,
    9.052871704101562,
    9.081148147583008,
    9.11239242553711,
    9.141478538513184,
    9.170536994934082,
    9.201550483703613,
    9.229066848754883,
    9.254679679870605,
    9.280529975891113,
    9.305414199829102,
    9.327940940856934,
    9.348550796508789,
    9.371424674987793,
    9.39285659790039,
    9.41197395324707,
    9.432727813720703,
    9.452157974243164,
    9.4718656539917,
    9.490175247192383,
    9.507261276245117,
    9.522390365600586,
    9.539767265319824,
    9.554984092712402,
    9.570291519165039,
    9.584482192993164,
    9.597248077392578,
    9.610724449157715,
    9.62332820892334,
    9.635839462280273,
    9.646746635437012
  ],