{
  "k": [
    10,
    20,
    30,
    40,
    50,
    60,
    70,
    80,
    90,
    100,
    110,
    120,
    130,
    140,
    150,
    160,
    170,
    180,
    190,
    200,
    210,
    220,
    230,
    240,
    250,
    260,
    270,
    280,
    290,
    300,
    310,
    320,
    330,
    340,
    350,
    360,
    370,
    380,
    390,
    400,
    410,
    420,
    430,
    440,
    450,
    460,
    470,
    480,
    490,
    500
  ],
  "mean_overlap": [
    0.9963299999999999,
    0.9947,
    0.9930066666666666,
    0.9907275,
    0.9874059999999999,
    0.9828966666666665,
    0.9764871428571429,
    0.96840625,
    0.9587722222222222,
    0.948148,
    0.9366563636363637,
    0.9245349999999999,
    0.9122569230769232,
    0.8994585714285714,
    0.8864633333333333,
    0.8737606250000001,
    0.8611264705882355,
    0.8484277777777779,
    0.8359126315789474,
    0.8236115000000002,
    0.8114119047619048,
    0.7995140909090909,
    0.7877617391304348,
    0.7765191666666666,
    0.765324,
    0.7544969230769231,
    0.7439018518518519,
    0.7337357142857143,
    0.723671724137931,
    0.7139243333333334,
    0.7044480645161291,
    0.6952056249999999,
    0.6863163636363636,
    0.6776511764705883,
    0.6691762857142857,
    0.6609733333333334,
    0.6529064864864865,
    0.6451036842105262,
    0.6374892307692307,
    0.6300377500000001,
    0.6228412195121952,
    0.6156866666666667,
    0.60875,
    0.6020449999999999,
    0.5954215555555556,
    0.5889363043478261,
    0.5826146808510638,
    0.5764591666666667,
    0.5704338775510204,
    0.5645880000000001
  ],
  "mean_exact_dist": [
    75.78614807128906,
    82.3373031616211,
    86.83411407470703,
    90.26297760009766,
    93.044189453125,
    95.3900146484375,
    97.4149169921875,
    99.19258880615234,
    100.7761001586914,
    102.20269775390625,
    103.5004653930664,
    104.69139862060547,
    105.79177856445312,
    106.81476593017578,
    107.77132415771484,
    108.6694107055664,
    109.5162124633789,
    110.29765319824219,
    111.08241271972656,
    111.78877258300781,
    112.47889709472656,
    113.12147521972656,
    113.74198150634766,
    114.3670425415039,
    114.94702911376953,
    115.51567840576172,
    116.09832000732422,
    116.63273620605469,
    117.16261291503906,
    117.6889419555664,
    118.17811584472656,
    118.75384521484375,
    119.31037139892578,
    119.77883911132812,
    120.20834350585938,
    120.72433471679688,
    121.22294616699219,
    121.80369567871094,
    122.4156265258789,
    122.961669921875,
    123.576416015625,
    124.20743560791016,
    124.87046813964844,
    125.34075927734375,
    125.9035415649414,
    126.64712524414062,
    127.44007110595703,
    128.12583923339844,
    129.08912658691406,
    129.72080993652344
  ],
  "mean_ann_dist": [
    75.81544494628906,
    82.37227630615234,
    86.87640380859375,
    90.3145523071289,
    93.10820770263672,
    95.4704360961914,
    97.51829528808594,
    99.32779693603516,
    100.9526138305664,
    102.4310531616211,
    103.79161071777344,
    105.0557632446289,
    106.24046325683594,
    107.3594970703125,
    108.42327880859375,
    109.44127655029297,
    110.42224884033203,
    7.566369986214798e+32,
    112.24871826171875,
    113.11878967285156,
    113.98634338378906,
    1.5521706148760734e+32,
    115.62035369873047,
    116.42431640625,
    117.21034240722656,
    1.318402563418504e+32,
    1.2718790358889791e+32,
    1.2284383659135371e+32,
    5.947827216132439e+32,
    6.925457479375774e+32,
    8.97901818210695e+32,
    1.0980817516945506e+33,
    4.296942101954962e+32,
    7.360593403184585e+32,
    1.6508292521332037e+33,
    1.7289528626474157e+33,
    2.0113328658235975e+33,
    2.1979869890669686e+33,
    2.0918935160476476e+33,
    2.0838473700198074e+33,
    2.6872332719929437e+33,
    2.404142691234212e+33,
    3.225491457984286e+33,
    2.642606771516745e+33,
    2.471522684374981e+33,
    2.6143068432486616e+33,
    2.97594533847007e+33,
    3.819620663313666e+33,
    4.155043302323128e+33,
    3.4758156228131925e+33
  ],
  "mean_barycenter_shift": [
    0.0001902634830912575,
    0.00026449872530065477,
    0.0003411632787901908,
    0.00045641433098353446,
    0.0006029465585015714,
    0.0008183763711713254,
    0.0011383998207747936,
    0.0014982400462031364,
    0.0018569625681266189,
    0.002171698259189725,
    0.002442802069708705,
    0.0026927131693810225,
    0.002919851103797555,
    0.003145070979371667,
    0.0033639026805758476,
    0.0035697128623723984,
    0.003779967548325658,
    0.0039895582012832165,
    0.004212322179228067,
    0.004444168880581856,
    0.004689859226346016,
    0.004933624062687159,
    0.005178836174309254,
    0.005421616602689028,
    0.005665091797709465,
    0.005906636826694012,
    0.006144484505057335,
    0.006377354729920626,
    0.006610637530684471,
    0.006839832291007042,
    0.0070662423968315125,
    0.007294444367289543,
    0.007518788333982229,
    0.0077500119805336,
    0.007985305972397327,
    0.008223922923207283,
    0.00847088173031807,
    0.008728261105716228,
    0.00899362750351429,
    0.009271430782973766,
    0.0095650814473629,
    0.009872347116470337,
    0.010197730734944344,
    0.010541645810008049,
    0.010906624607741833,
    0.011293096467852592,
    0.011696618981659412,
    0.012117390520870686,
    0.012556076049804688,
    0.013012727722525597
  ],
  "mean_lid_diff": [
    0.030465126037597656,
    -0.0020895004272460938,
    -0.02268695831298828,
    -0.03952598571777344,
    -0.07125377655029297,
    -0.10344600677490234,
    -0.15007495880126953,
    -0.2033100128173828,
    -0.26104736328125,
    -0.3381767272949219,
    -0.41371822357177734,
    -0.4937906265258789,
    -0.5855331420898438,
    -0.6800365447998047,
    -0.7774829864501953,
    -0.8824672698974609,
    -0.9952411651611328,
    -1.1129722595214844,
    -1.227534294128418,
    -1.34025239944458,
    -1.4607839584350586,
    -1.5825262069702148,
    -1.700709342956543,
    -1.8205595016479492,
    -1.9425325393676758,
    -2.0685296058654785,
    -2.191646099090576,
    -2.3209385871887207,
    -2.4600462913513184,
    -2.6000795364379883,
    -2.747602939605713,
    -2.9019265174865723,
    -3.0544018745422363,
    -3.2125244140625,
    -3.38145112991333,
    -3.553760051727295,
    -3.732978343963623,
    -3.9225587844848633,
    -4.112905025482178,
    -4.304445266723633,
    -4.504803657531738,
    -4.705735683441162,
    -4.90866231918335,
    -5.1087799072265625,
    -5.314603328704834,
    -5.519179821014404,
    -5.724706649780273,
    -5.9366700649261475,
    -6.142876863479614,
    -6.345054626464844
  ],
  "mean_lid_exact": [
    11.165740966796875,
    9.66163158416748,
    9.131246566772461,
    8.9019193649292,
    8.77934741973877,
    8.720380783081055,
    8.699626922607422,
    8.697901725769043,
    8.704957962036133,
    8.724650382995605,
    8.747381210327148,
    8.77137279510498,
    8.804749488830566,
    8.83398723602295,
    8.861617088317871,
    8.896223068237305,
    8.926353454589844,
    8.95809555053711,
    8.985929489135742,
    9.01602840423584,
    9.045964241027832,
    9.074968338012695,
    9.101838111877441,
    9.127036094665527,
    9.152463912963867,
    9.179168701171875,
    9.20048999786377,
    9.223443984985352,
    9.248557090759277,
    9.271842002868652,
    9.29344367980957,
    9.31624698638916,
    9.337206840515137,
    9.357903480529785,
    9.379023551940918,
    9.397563934326172,
    9.415559768676758,
    9.435989379882812,
    9.453771591186523,
    9.471660614013672,
    9.488609313964844,
    9.504462242126465,
    9.519997596740723,
    9.534724235534668,
    9.54967212677002,
    9.564406394958496,
    9.577754020690918,
    9.590160369873047,
    9.604053497314453,
    9.6162748336792
  ],