{
  "k": [
    10,
    20,
    30,
    40,
    50,
    60,
    70,
    80,
    90,
    100,
    110,
    120,
    130,
    140,
    150,
    160,
    170,
    180,
    190,
    200,
    210,
    220,
    230,
    240,
    250,
    260,
    270,
    280,
    290,
    300,
    310,
    320,
    330,
    340,
    350,
    360,
    370,
    380,
    390,
    400,
    410,
    420,
    430,
    440,
    450,
    460,
    470,
    480,
    490,
    500
  ],
  "mean_overlap": [
    0.99823,
    0.99769,
    0.99711,
    0.9965075000000001,
    0.9956880000000001,
    0.9947733333333334,
    0.9935757142857142,
    0.99212875,
    0.99036,
    0.988476,
    0.9860281818181819,
    0.9830433333333334,
    0.97967,
    0.9756985714285714,
    0.9712386666666667,
    0.9662237499999999,
    0.9608005882352944,
    0.9550555555555554,
    0.9490000000000002,
    0.9426380000000001,
    0.936004761904762,
    0.9291704545454544,
    0.9221504347826087,
    0.9150025000000002,
    0.9078472000000002,
    0.9006742307692308,
    0.8933485185185185,
    0.8861267857142857,
    0.8788844827586206,
    0.8716380000000001,
    0.8643687096774194,
    0.857146875,
    0.8500103030303031,
    0.8429400000000001,
    0.8357937142857143,
    0.8287552777777777,
    0.8217202702702704,
    0.8147965789473683,
    0.8078805128205129,
    0.80107125,
    0.7943568292682927,
    0.7878204761904762,
    0.7812672093023256,
    0.7747343181818183,
    0.7683091111111111,
    0.7619450000000001,
    0.7557270212765956,
    0.7495841666666667,
    0.7434885714285715,
    0.7374954
  ],
  "mean_exact_dist": [
    75.65046691894531,
    82.296875,
    86.85892486572266,
    90.3578109741211,
    93.18843841552734,
    95.57039642333984,
    97.63812255859375,
    99.46185302734375,
    101.0845718383789,
    102.54408264160156,
    103.87122344970703,
    105.08715057373047,
    106.20929718017578,
    107.25146484375,
    108.22442626953125,
    109.13662719726562,
    109.99552154541016,
    110.80736541748047,
    111.57746124267578,
    112.30985260009766,
    113.0084228515625,
    113.67632293701172,
    114.31607818603516,
    114.9300765991211,
    115.52043914794922,
    116.08903503417969,
    116.63752746582031,
    117.1671371459961,
    117.67926025390625,
    118.175048828125,
    118.65546417236328,
    119.12188720703125,
    119.57120513916016,
    120.01074981689453,
    120.43859100341797,
    120.85686492919922,
    121.27840423583984,
    121.71342468261719,
    122.18264770507812,
    122.62022399902344,
    123.02421569824219,
    123.43936157226562,
    123.85966491699219,
    124.23951721191406,
    124.58705139160156,
    124.90190887451172,
    125.22174835205078,
    125.50794219970703,
    125.79590606689453,
    126.11262512207031
  ],
  "mean_ann_dist": [
    75.66572570800781,
    82.31379699707031,
    86.87834930419922,
    90.37979125976562,
    93.21378326416016,
    95.59966278076172,
    97.67174530029297,
    99.50080871582031,
    101.12971496582031,
    102.59646606445312,
    103.93205261230469,
    105.157958984375,
    106.29198455810547,
    107.34835052490234,
    108.33805084228516,
    109.2697982788086,
    110.15153503417969,
    110.98971557617188,
    111.78994750976562,
    112.55682373046875,
    113.29413604736328,
    114.0050277709961,
    114.69190216064453,
    115.35702514648438,
    116.00252532958984,
    116.63001251220703,
    117.24097442626953,
    117.83695220947266,
    118.41925048828125,
    118.98902130126953,
    119.54742431640625,
    1.0634886585226944e+32,
    120.62921142578125,
    121.15896606445312,
    121.68065643310547,
    122.19763946533203,
    1.8412052421046863e+32,
    123.2470703125,
    2.627013794838785e+32,
    124.34089660644531,
    8.356392177357614e+31,
    2.452909714285558e+32,
    3.2038634849291836e+32,
    3.1396285171438454e+32,
    7.692603892589515e+31,
    1.5093740605773221e+32,
    1.4810371295077519e+32,
    2.1830883033229166e+32,
    7.160055627658124e+31,
    3.520769558429782e+32
  ],
  "mean_barycenter_shift": [
    0.00010272425424773246,
    0.00012472002708818763,
    0.00015277827333193272,
    0.00018006992468144745,
    0.00021841426496393979,
    0.00026154250372201204,
    0.00031719967955723405,
    0.00037769306800328195,
    0.00045638441224582493,
    0.0005322587094269693,
    0.0006290504243224859,
    0.0007487196126021445,
    0.0008741792407818139,
    0.0010079365456476808,
    0.0011458526132628322,
    0.0012902615126222372,
    0.001431792974472046,
    0.0015720180235803127,
    0.0017074201023206115,
    0.0018380834953859448,
    0.0019783424213528633,
    0.002111879177391529,
    0.0022525761742144823,
    0.0023926279973238707,
    0.0025325447786599398,
    0.0026716203428804874,
    0.0028138423804193735,
    0.0029522052500396967,
    0.0030860695987939835,
    0.003216138808056712,
    0.0033458927646279335,
    0.003468651557341218,
    0.0035934909246861935,
    0.003716066712513566,
    0.003837516764178872,
    0.003955710679292679,
    0.004073688294738531,
    0.00418793736025691,
    0.004305281210690737,
    0.004417411983013153,
    0.004528549034148455,
    0.0046408218331635,
    0.004754976835101843,
    0.004871288314461708,
    0.004988843109458685,
    0.00510938698425889,
    0.005229672882705927,
    0.0053478931076824665,
    0.0054700239561498165,
    0.005595387890934944
  ],
  "mean_lid_diff": [
    0.032459259033203125,
    0.007198333740234375,
    -0.008131027221679688,
    -0.00986480712890625,
    -0.020117759704589844,
    -0.03385353088378906,
    -0.03736591339111328,
    -0.05455780029296875,
    -0.06605148315429688,
    -0.08019828796386719,
    -0.09630203247070312,
    -0.1137075424194336,
    -0.13675212860107422,
    -0.16124629974365234,
    -0.1894054412841797,
    -0.2237567901611328,
    -0.2578601837158203,
    -0.2976045608520508,
    -0.3403797149658203,
    -0.38611698150634766,
    -0.43176746368408203,
    -0.4812736511230469,
    -0.5361614227294922,
    -0.592254638671875,
    -0.6509160995483398,
    -0.7103471755981445,
    -0.7716903686523438,
    -0.8370847702026367,
    -0.9034585952758789,
    -0.9714994430541992,
    -1.0376739501953125,
    -1.1086597442626953,
    -1.1843156814575195,
    -1.2575197219848633,
    -1.3344078063964844,
    -1.41426420211792,
    -1.4956917762756348,
    -1.5755987167358398,
    -1.6584196090698242,
    -1.7435665130615234,
    -1.8304200172424316,
    -1.9220876693725586,
    -2.0135841369628906,
    -2.106639862060547,
    -2.200723648071289,
    -2.299211025238037,
    -2.397341251373291,
    -2.4996862411499023,
    -2.604066848754883,
    -2.711404323577881
  ],
  "mean_lid_exact": [
    11.056753158569336,
    9.535602569580078,
    9.006322860717773,
    8.762222290039062,
    8.637125968933105,
    8.58202075958252,
    8.559231758117676,
    8.558961868286133,
    8.58226490020752,
    8.604817390441895,
    8.63201904296875,
    8.667945861816406,
    8.701839447021484,
    8.737468719482422,
    8.777471542358398,
    8.82058048248291,
    8.85612678527832,
    8.892607688903809,
    8.927512168884277,
    8.962918281555176,
    8.995849609375,
    9.029282569885254,
    9.062601089477539,
    9.093718528747559,
    9.124088287353516,
    9.151100158691406,
    9.179098129272461,
    9.20711898803711,
    9.231822967529297,
    9.256800651550293,
    9.278772354125977,
    9.301952362060547,
    9.325811386108398,
    9.34752082824707,
    9.369096755981445,
    9.390201568603516,
    9.41016674041748,
    9.42810344696045,
    9.446163177490234,
    9.462827682495117,
    9.479979515075684,
    9.496664047241211,
    9.510845184326172,
    9.524880409240723,
    9.53919792175293,
    9.554069519042969,
    9.566300392150879,
    9.579773902893066,
    9.59227466583252,
    9.604191780090332
  ],