{
  "k": [
    10,
    20,
    30,
    40,
    50,
    60,
    70,
    80,
    90,
    100,
    110,
    120,
    130,
    140,
    150,
    160,
    170,
    180,
    190,
    200,
    210,
    220,
    230,
    240,
    250,
    260,
    270,
    280,
    290,
    300,
    310,
    320,
    330,
    340,
    350,
    360,
    370,
    380,
    390,
    400,
    410,
    420,
    430,
    440,
    450,
    460,
    470,
    480,
    490,
    500
  ],
  "mean_overlap": [
    0.9918299999999999,
    0.9889949999999998,
    0.98567,
    0.981025,
    0.9750880000000001,
    0.9677549999999999,
    0.9582414285714285,
    0.9469924999999999,
    0.9344400000000002,
    0.9210080000000002,
    0.9068754545454547,
    0.8921475,
    0.8773153846153847,
    0.8621728571428572,
    0.8471133333333333,
    0.8323206250000001,
    0.8177970588235296,
    0.8033383333333334,
    0.7891921052631579,
    0.7753369999999999,
    0.761585238095238,
    0.7482713636363636,
    0.7353369565217392,
    0.7227541666666667,
    0.7106435999999999,
    0.6987415384615384,
    0.6871925925925925,
    0.6760025,
    0.66515,
    0.6545356666666666,
    0.6442822580645162,
    0.634329375,
    0.6247154545454545,
    0.6153405882352941,
    0.6062714285714286,
    0.5974244444444444,
    0.588828108108108,
    0.5804552631578948,
    0.572374358974359,
    0.5644677499999999,
    0.5568307317073171,
    0.54931,
    0.5420832558139534,
    0.5350540909090908,
    0.5281893333333333,
    0.521429347826087,
    0.5148951063829788,
    0.5085122916666667,
    0.5022646938775511,
    0.496209
  ],
  "mean_exact_dist": [
    75.78614807128906,
    82.3373031616211,
    86.83411407470703,
    90.26297760009766,
    93.044189453125,
    95.3900146484375,
    97.4149169921875,
    99.19258880615234,
    100.7761001586914,
    102.20269775390625,
    103.5004653930664,
    104.68812561035156,
    105.80882263183594,
    106.81159210205078,
    107.76467895507812,
    108.6600570678711,
    109.5000228881836,
    110.29812622070312,
    111.04596710205078,
    111.760986328125,
    112.48512268066406,
    113.20954895019531,
    114.05604553222656,
    114.72566223144531,
    115.42374420166016,
    116.12846374511719,
    116.95011901855469,
    117.8155517578125,
    118.77721405029297,
    119.60548400878906,
    120.58968353271484,
    121.5012435913086,
    122.54100799560547,
    123.6133041381836,
    124.71232604980469,
    125.67071533203125,
    126.60616302490234,
    127.62738037109375,
    128.7418212890625,
    129.6029510498047,
    130.4176025390625,
    131.1192169189453,
    131.73907470703125,
    132.4323272705078,
    133.0787811279297,
    134.1450958251953,
    134.7866973876953,
    135.51223754882812,
    135.61886596679688,
    136.1455078125
  ],
  "mean_ann_dist": [
    75.87345123291016,
    82.43046569824219,
    86.93902587890625,
    90.38565063476562,
    93.19058990478516,
    95.567626953125,
    97.63455200195312,
    99.46810913085938,
    101.1204833984375,
    102.63079071044922,
    104.03050231933594,
    4.2565088912480855e+33,
    106.54253387451172,
    107.68038177490234,
    108.78459930419922,
    109.8471450805664,
    110.87650299072266,
    111.87793731689453,
    1.7995978839561735e+32,
    113.81803894042969,
    3.2688967306117296e+32,
    7.841112982546123e+32,
    1.3642824975272922e+33,
    1.7591106294294566e+33,
    2.4221920117494978e+33,
    3.1965487293508036e+33,
    3.4154607846528633e+33,
    3.3791962596570275e+33,
    3.75870596677057e+33,
    3.88175132646035e+33,
    4.4380791042351213e+33,
    4.875415775948772e+33,
    4.108747749188963e+33,
    4.605690305339175e+33,
    4.290535220652893e+33,
    4.1212091631094193e+33,
    6.038621375062494e+33,
    5.807670043393374e+33,
    6.511334349793793e+33,
    7.496707386384092e+33,
    5.92313580570762e+33,
    7.911703263693769e+33,
    4.9820838078888263e+33,
    7.88282459845732e+33,
    9.252774230741955e+33,
    8.255515112864458e+33,
    8.703291023444393e+33,
    7.660831619882488e+33,
    8.811208446369096e+33,
    7.610147878794066e+33
  ],
  "mean_barycenter_shift": [
    0.00044436787720769644,
    0.0005607702769339085,
    0.0007179118110798299,
    0.0009286857675760984,
    0.0011672584805637598,
    0.0014440900413319468,
    0.0018048019846901298,
    0.002206413773819804,
    0.002583606168627739,
    0.0029186366591602564,
    0.003224221058189869,
    0.003531761234626174,
    0.0037956645246595144,
    0.004080007318407297,
    0.004354178439825773,
    0.00461964588612318,
    0.004894856363534927,
    0.005177575629204512,
    0.005480220541357994,
    0.005798101890832186,
    0.006132498849183321,
    0.006475498899817467,
    0.006820559035986662,
    0.007184841204434633,
    0.007554301526397467,
    0.007939997129142284,
    0.008343948051333427,
    0.008770780637860298,
    0.009224865585565567,
    0.009715083055198193,
    0.010230894200503826,
    0.010770998895168304,
    0.011336463503539562,
    0.011928219348192215,
    0.012549280188977718,
    0.013196832500398159,
    0.013875313103199005,
    0.014577033929526806,
    0.015300334431231022,
    0.016038965433835983,
    0.016798462718725204,
    0.017575107514858246,
    0.018365144729614258,
    0.019164342433214188,
    0.01997237280011177,
    0.020786255598068237,
    0.021606381982564926,
    0.02242928184568882,
    0.02325066551566124,
    0.024070581421256065
  ],
  "mean_lid_diff": [
    0.0741119384765625,
    0.016442298889160156,
    -0.03237438201904297,
    -0.06901836395263672,
    -0.1198415756225586,
    -0.17505359649658203,
    -0.23987102508544922,
    -0.3238658905029297,
    -0.40828418731689453,
    -0.5069417953491211,
    -0.6115083694458008,
    -0.7265796661376953,
    -0.8557720184326172,
    -0.9819245338439941,
    -1.11407470703125,
    -1.2599997520446777,
    -1.4058136940002441,
    -1.560262680053711,
    -1.716526985168457,
    -1.8827228546142578,
    -2.0576276779174805,
    -2.239208221435547,
    -2.4368677139282227,
    -2.630502700805664,
    -2.838454246520996,
    -3.055202007293701,
    -3.2819690704345703,
    -3.5173025131225586,
    -3.75992488861084,
    -4.010282039642334,
    -4.269472599029541,
    -4.532162189483643,
    -4.790508270263672,
    -5.057328224182129,
    -5.32212495803833,
    -5.585051536560059,
    -5.839684009552002,
    -6.096401214599609,
    -6.343596696853638,
    -6.589435577392578,
    -6.82888126373291,
    -7.052854537963867,
    -7.27246618270874,
    -7.492172956466675,
    -7.703471541404724,
    -7.889979004859924,
    -8.069319605827332,
    -8.23373007774353,
    -8.394761085510254,
    -8.53514051437378
  ],
  "mean_lid_exact": [
    11.165740966796875,
    9.66163158416748,
    9.131246566772461,
    8.9019193649292,
    8.77934741973877,
    8.720380783081055,
    8.699626922607422,
    8.697901725769043,
    8.704957962036133,
    8.724650382995605,
    8.747381210327148,
    8.77137279510498,
    8.804749488830566,
    8.83398723602295,
    8.861617088317871,
    8.896223068237305,
    8.926353454589844,
    8.95809555053711,
    8.985929489135742,
    9.01602840423584,
    9.045964241027832,
    9.074968338012695,
    9.101838111877441,
    9.127036094665527,
    9.152463912963867,
    9.179168701171875,
    9.20048999786377,
    9.223443984985352,
    9.248557090759277,
    9.271842002868652,
    9.29344367980957,
    9.31624698638916,
    9.337206840515137,
    9.357903480529785,
    9.379023551940918,
    9.397563934326172,
    9.415559768676758,
    9.435989379882812,
    9.453771591186523,
    9.471660614013672,
    9.488609313964844,
    9.504462242126465,
    9.519997596740723,
    9.534724235534668,
    9.54967212677002,
    9.564406394958496,
    9.577754020690918,
    9.590160369873047,
    9.604053497314453,
    9.6162748336792
  ],