{
  "alpha": 0.25,
  "k": [
    10,
    20,
    30,
    40,
    50,
    60,
    70,
    80,
    90,
    100,
    110,
    120,
    130,
    140,
    150,
    160,
    170,
    180,
    190,
    200,
    210,
    220,
    230,
    240,
    250,
    260,
    270,
    280,
    290,
    300,
    310,
    320,
    330,
    340,
    350,
    360,
    370,
    380,
    390,
    400,
    410,
    420,
    430,
    440,
    450,
    460,
    470,
    480,
    490,
    500
  ],
  "mean_overlap": [
    0.73498,
    0.8056300000000001,
    0.7992433333333334,
    0.8144175000000001,
    0.806058,
    0.8137549999999999,
    0.8071500000000001,
    0.81305375,
    0.8078655555555555,
    0.812628,
    0.8082445454545454,
    0.8130850000000001,
    0.8097823076923077,
    0.813815,
    0.8107806666666666,
    0.8142725000000001,
    0.8114405882352943,
    0.8148072222222223,
    0.8124336842105264,
    0.815559,
    0.8133390476190477,
    0.8158968181818181,
    0.8140021739130434,
    0.8166604166666666,
    0.8148648000000001,
    0.8175534615384615,
    0.8162603703703704,
    0.8190235714285715,
    0.8179410344827586,
    0.8203943333333332,
    0.8193867741935484,
    0.8219609375,
    0.8210939393939394,
    0.8235802941176471,
    0.8228017142857142,
    0.8252947222222223,
    0.8246213513513514,
    0.8266176315789473,
    0.8257156410256412,
    0.8276655,
    0.8268339024390245,
    0.8286542857142857,
    0.8279551162790696,
    0.829673409090909,
    0.8288264444444445,
    0.8304243478260869,
    0.8296765957446809,
    0.8311933333333332,
    0.8305404081632652,
    0.8319779999999999
  ],
  "mean_exact_dist": [
    75.64521026611328,
    82.296875,
    86.80731201171875,
    90.29646301269531,
    93.14503479003906,
    95.5255126953125,
    97.61161041259766,
    99.45111846923828,
    101.07356262207031,
    102.54408264160156,
    103.87122344970703,
    105.08950805664062,
    106.22772979736328,
    107.28858947753906,
    108.30353546142578,
    109.22261047363281,
    110.08151245117188,
    110.88935852050781,
    111.658203125,
    112.39974212646484,
    113.09254455566406,
    113.75769805908203,
    114.3950424194336,
    115.00688171386719,
    115.5968246459961,
    116.16453552246094,
    116.7284164428711,
    117.24571228027344,
    117.77765655517578,
    118.2502670288086,
    118.71359252929688,
    119.1607894897461,
    119.61614990234375,
    120.04426574707031,
    120.47675323486328,
    120.88206481933594,
    121.2926025390625,
    121.66139221191406,
    122.05660247802734,
    122.41683959960938,
    122.80352020263672,
    123.15062713623047,
    123.50113677978516,
    123.83850860595703,
    124.17306518554688,
    124.49610900878906,
    124.82221984863281,
    125.13643646240234,
    125.44326782226562,
    125.7410659790039
  ],
  "mean_ann_dist": [
    79.07258605957031,
    84.12142181396484,
    88.63706970214844,
    91.85481262207031,
    94.83012390136719,
    97.0788803100586,
    99.24784851074219,
    4.2539546340907775e+32,
    102.65281677246094,
    104.04779052734375,
    105.4302978515625,
    106.5759048461914,
    2.620176690687438e+32,
    4.8709180303010384e+32,
    6.829550395969713e+32,
    6.409135126653054e+32,
    111.56897735595703,
    1.9001482096502105e+32,
    1.800683402628122e+32,
    113.83871459960938,
    114.56908416748047,
    115.20075988769531,
    115.87018585205078,
    116.44873809814453,
    117.07067108154297,
    2.6325620873523572e+32,
    118.18570709228516,
    118.67321014404297,
    119.22228240966797,
    1.1395162624650781e+32,
    1.1016508682275021e+32,
    1.0651931472142854e+32,
    121.0592041015625,
    1.0018322811535614e+32,
    9.730136173233912e+31,
    1.891403130413315e+32,
    122.70124816894531,
    8.955694424626158e+31,
    8.727807071925522e+31,
    123.79307556152344,
    8.30288995628475e+31,
    124.51628875732422,
    124.87948608398438,
    125.1965560913086,
    125.54625701904297,
    125.85175323486328,
    126.19281768798828,
    126.49095916748047,
    126.81100463867188,
    127.0921630859375
  ],
  "mean_barycenter_shift": [
    0.02084452658891678,
    0.012419247068464756,
    0.010727162472903728,
    0.008805016055703163,
    0.0083007225766778,
    0.007465981412678957,
    0.0072129820473492146,
    0.006612261291593313,
    0.006385502405464649,
    0.005990924313664436,
    0.005892214365303516,
    0.005574770271778107,
    0.005494752433151007,
    0.005239179823547602,
    0.005187117960304022,
    0.0050064814276993275,
    0.0049901604652404785,
    0.004832056351006031,
    0.004820078145712614,
    0.0046896496787667274,
    0.0046929121017456055,
    0.004589020274579525,
    0.004603138193488121,
    0.0045162588357925415,
    0.004536437802016735,
    0.004442119970917702,
    0.004442121833562851,
    0.004348226357251406,
    0.0043294113129377365,
    0.004238063469529152,
    0.0042162369936704636,
    0.0041174027137458324,
    0.004099059849977493,
    0.004013251978904009,
    0.003993901889771223,
    0.003912275191396475,
    0.0038969458546489477,
    0.003825058462098241,
    0.003812493057921529,
    0.003744221990928054,
    0.0037312405183911324,
    0.0036641028709709644,
    0.0036494277883321047,
    0.0035889619030058384,
    0.0035793548449873924,
    0.0035290908999741077,
    0.00352080469019711,
    0.0034686634317040443,
    0.003457640064880252,
    0.0034124287776649
  ],
  "mean_lid_diff": [
    -0.8285512924194336,
    -1.1791868209838867,
    -1.3820667266845703,
    -1.2854037284851074,
    -1.3371696472167969,
    -1.2839627265930176,
    -1.33302640914917,
    -1.2779746055603027,
    -1.3284296989440918,
    -1.2988510131835938,
    -1.337419033050537,
    -1.3167123794555664,
    -1.3479294776916504,
    -1.3222570419311523,
    -1.3612794876098633,
    -1.3503694534301758,
    -1.3825817108154297,
    -1.3632726669311523,
    -1.393251895904541,
    -1.3778200149536133,
    -1.405381679534912,
    -1.3904991149902344,
    -1.4155797958374023,
    -1.398880958557129,
    -1.423388957977295,
    -1.4049525260925293,
    -1.4239997863769531,
    -1.4090089797973633,
    -1.4260153770446777,
    -1.4093379974365234,
    -1.4238643646240234,
    -1.4046506881713867,
    -1.419999599456787,
    -1.4048638343811035,
    -1.4206905364990234,
    -1.406682014465332,
    -1.4214692115783691,
    -1.4063396453857422,
    -1.4241275787353516,
    -1.4101800918579102,
    -1.4269237518310547,
    -1.415146827697754,
    -1.4283103942871094,
    -1.4177207946777344,
    -1.4331483840942383,
    -1.423065185546875,
    -1.4368133544921875,
    -1.428166389465332,
    -1.4431991577148438,
    -1.4339237213134766
  ],
  "mean_lid_exact": [
    11.056753158569336,
    9.535602569580078,
    9.006322860717773,
    8.762222290039062,
    8.637125968933105,
    8.58202075958252,
    8.559231758117676,
    8.558961868286133,
    8.58226490020752,
    8.604817390441895,
    8.63201904296875,
    8.667945861816406,
    8.701839447021484,
    8.737468719482422,
    8.777471542358398,
    8.82058048248291,
    8.85612678527832,
    8.892607688903809,
    8.927512168884277,
    8.962918281555176,
    8.995849609375,
    9.029282569885254,
    9.062601089477539,
    9.093718528747559,
    9.124088287353516,
    9.151100158691406,
    9.179098129272461,
    9.20711898803711,
    9.231822967529297,
    9.256800651550293,
    9.278772354125977,
    9.301952362060547,
    9.325811386108398,
    9.34752082824707,
    9.369096755981445,
    9.390201568603516,
    9.41016674041748,
    9.42810344696045,
    9.446163177490234,
    9.462827682495117,
    9.479979515075684,
    9.496664047241211,
    9.510845184326172,
    9.524880409240723,
    9.53919792175293,
    9.554069519042969,
    9.566300392150879,
    9.579773902893066,
    9.59227466583252,
    9.604191780090332
  ],