{
  "alpha": 4.0,
  "k": [
    10,
    20,
    30,
    40,
    50,
    60,
    70,
    80,
    90,
    100,
    110,
    120,
    130,
    140,
    150,
    160,
    170,
    180,
    190,
    200,
    210,
    220,
    230,
    240,
    250,
    260,
    270,
    280,
    290,
    300,
    310,
    320,
    330,
    340,
    350,
    360,
    370,
    380,
    390,
    400,
    410,
    420,
    430,
    440,
    450,
    460,
    470,
    480,
    490,
    500
  ],
  "mean_overlap": [
    0.99485,
    0.9972799999999999,
    0.9982766666666668,
    0.998755,
    0.998934,
    0.9991216666666667,
    0.9992757142857143,
    0.99940125,
    0.9994866666666665,
    0.999549,
    0.9995981818181817,
    0.9996316666666667,
    0.9996784615384615,
    0.9997114285714286,
    0.9997373333333333,
    0.9997493749999999,
    0.99977,
    0.9997877777777777,
    0.9998110526315788,
    0.9998300000000001,
    0.99984,
    0.9998490909090911,
    0.9998617391304346,
    0.9998716666666667,
    0.9998799999999999,
    0.9998853846153845,
    0.9998918518518518,
    0.9998942857142858,
    0.9998968965517241,
    0.9999050000000002,
    0.9999090322580647,
    0.9999103125,
    0.9999142424242425,
    0.9999188235294117,
    0.999922,
    0.9999247222222221,
    0.9999281081081081,
    0.9999313157894736,
    0.9999338461538462,
    0.9999372500000001,
    0.9999421951219513,
    0.9999433333333333,
    0.9999434883720929,
    0.9999463636363637,
    0.9999484444444444,
    0.9999523913043479,
    0.9999534042553192,
    0.9999556250000001,
    0.9999575510204082,
    0.9999596
  ],
  "mean_exact_dist": [
    76.0631103515625,
    82.7497787475586,
    87.32213592529297,
    90.79087829589844,
    93.59700012207031,
    95.9721908569336,
    98.03675079345703,
    99.8511962890625,
    101.46672821044922,
    102.92196655273438,
    104.24561309814453,
    105.45967864990234,
    106.58097839355469,
    107.62266540527344,
    108.59598541259766,
    109.50935363769531,
    110.36983489990234,
    111.18363952636719,
    111.95572662353516,
    112.69036102294922,
    113.3913345336914,
    114.0621109008789,
    114.70539855957031,
    115.32347869873047,
    115.9184341430664,
    116.49198913574219,
    117.04563903808594,
    117.58072662353516,
    118.09837341308594,
    118.59971618652344,
    119.08558654785156,
    119.55687713623047,
    120.0144271850586,
    120.458984375,
    120.89128875732422,
    121.31192779541016,
    121.72148895263672,
    122.12051391601562,
    122.509521484375,
    122.88897705078125,
    123.2593002319336,
    123.62094116210938,
    123.97427368164062,
    124.31970977783203,
    124.65756225585938,
    124.98812866210938,
    125.31171417236328,
    125.6286392211914,
    125.93917846679688,
    126.24353790283203
  ],
  "mean_ann_dist": [
    76.10780334472656,
    82.7698974609375,
    87.33412170410156,
    90.79924774169922,
    93.60421752929688,
    95.978271484375,
    98.04206848144531,
    99.85553741455078,
    101.47044372558594,
    102.92530059814453,
    104.24855041503906,
    105.46228790283203,
    106.5833511352539,
    107.62480163574219,
    108.5979232788086,
    109.51114654541016,
    110.3714370727539,
    111.18515014648438,
    111.95702362060547,
    112.69149780273438,
    113.39240264892578,
    114.0630874633789,
    114.70629119873047,
    115.32432556152344,
    115.91923522949219,
    116.4927749633789,
    117.04637145996094,
    117.58141326904297,
    118.09905242919922,
    118.60033416748047,
    119.08621215820312,
    119.5574722290039,
    120.01498413085938,
    120.45952606201172,
    120.8918228149414,
    121.31242370605469,
    121.72198486328125,
    122.12098693847656,
    122.50997161865234,
    122.8894271850586,
    123.25971221923828,
    123.62132263183594,
    123.97467803955078,
    124.32007598876953,
    124.65791320800781,
    124.98846435546875,
    125.31204986572266,
    125.62895202636719,
    125.9394760131836,
    126.24382781982422
  ],
  "mean_barycenter_shift": [
    0.0002788575948216021,
    0.00013468608085531741,
    8.451172470813617e-05,
    6.16830657236278e-05,
    5.274708746583201e-05,
    4.31252337875776e-05,
    3.5038414353039116e-05,
    2.9405317036435008e-05,
    2.545123061281629e-05,
    2.2200081730261445e-05,
    1.971116944332607e-05,
    1.818144301068969e-05,
    1.587764927535318e-05,
    1.422898731107125e-05,
    1.3054087503405754e-05,
    1.2463624443626031e-05,
    1.144033649325138e-05,
    1.034698561852565e-05,
    9.176237654173747e-06,
    8.662954314786475e-06,
    8.0359395724372e-06,
    7.543470928794704e-06,
    6.95170911058085e-06,
    6.182400284160394e-06,
    5.8029313549923245e-06,
    5.422352842288092e-06,
    5.293321464705514e-06,
    5.065141067461809e-06,
    4.9992963795375545e-06,
    4.6475170165649615e-06,
    4.414448994793929e-06,
    4.4575890569831245e-06,
    4.2379533624625765e-06,
    4.04935963160824e-06,
    3.858648142340826e-06,
    3.7233628518151818e-06,
    3.564695589375333e-06,
    3.377466555321007e-06,
    3.2540604024688946e-06,
    3.088539187956485e-06,
    2.8233059765625512e-06,
    2.7543771921045845e-06,
    2.7883238544745836e-06,
    2.5955548608180834e-06,
    2.505011934772483e-06,
    2.3151430923462613e-06,
    2.2724802875018213e-06,
    2.115076313202735e-06,
    2.018201257669716e-06,
    1.9460944713500794e-06
  ],
  "mean_lid_diff": [
    0.02964305877685547,
    -0.006664276123046875,
    0.0030088424682617188,
    0.0033245086669921875,
    -0.0025205612182617188,
    -0.0007305145263671875,
    -0.0006160736083984375,
    0.00035953521728515625,
    -0.00013256072998046875,
    -0.0009670257568359375,
    -0.0001392364501953125,
    -0.0003986358642578125,
    0.0005817413330078125,
    0.0001983642578125,
    -0.00041103363037109375,
    0.0003337860107421875,
    -0.00018596649169921875,
    -0.0002155303955078125,
    0.00022029876708984375,
    -0.0003814697265625,
    -0.0005407333374023438,
    -0.0004253387451171875,
    -0.00077056884765625,
    -0.0007476806640625,
    -0.0007581710815429688,
    -0.0009031295776367188,
    -0.0006923675537109375,
    -0.00031948089599609375,
    -0.0005102157592773438,
    -0.000270843505859375,
    -0.000701904296875,
    -0.00031280517578125,
    -0.000423431396484375,
    -0.0005435943603515625,
    -0.00040912628173828125,
    -0.00045299530029296875,
    -0.00051116943359375,
    -0.00047779083251953125,
    -0.00023365020751953125,
    -0.00042057037353515625,
    -0.00037097930908203125,
    -0.0003910064697265625,
    -0.00026798248291015625,
    -0.0002918243408203125,
    -0.0005855560302734375,
    -0.00030517578125,
    -0.00025463104248046875,
    -0.00016689300537109375,
    -0.00010585784912109375,
    -0.00016117095947265625
  ],
  "mean_lid_exact": [
    11.097311019897461,
    9.549288749694824,
    9.05971908569336,
    8.843080520629883,
    8.72189998626709,
    8.65167236328125,
    8.627705574035645,
    8.622525215148926,
    8.635029792785645,
    8.658787727355957,
    8.677685737609863,
    8.706653594970703,
    8.741418838500977,
    8.774191856384277,
    8.806694984436035,
    8.842804908752441,
    8.882826805114746,
    8.91665267944336,
    8.95147705078125,
    8.989729881286621,
    9.023919105529785,
    9.053628921508789,
    9.086265563964844,
    9.11777114868164,
    9.14588451385498,
    9.175178527832031,
    9.202940940856934,
    9.229448318481445,
    9.256117820739746,
    9.282136917114258,
    9.305744171142578,
    9.329793930053711,
    9.354000091552734,
    9.376928329467773,
    9.39945125579834,
    9.420798301696777,
    9.44316291809082,
    9.462104797363281,
    9.482574462890625,
    9.502066612243652,
    9.520282745361328,
    9.53801441192627,
    9.555319786071777,
    9.571693420410156,
    9.587301254272461,
    9.602117538452148,
    9.617133140563965,
    9.63100528717041,
    9.64429759979248,
    9.658988952636719
  ],