{
  "k": [
    10,
    20,
    30,
    40,
    50,
    60,
    70,
    80,
    90,
    100,
    110,
    120,
    130,
    140,
    150,
    160,
    170,
    180,
    190,
    200,
    210,
    220,
    230,
    240,
    250,
    260,
    270,
    280,
    290,
    300,
    310,
    320,
    330,
    340,
    350,
    360,
    370,
    380,
    390,
    400,
    410,
    420,
    430,
    440,
    450,
    460,
    470,
    480,
    490,
    500
  ],
  "mean_overlap": [
    0.9958899999999999,
    0.9945799999999999,
    0.9925566666666668,
    0.9901074999999999,
    0.986994,
    0.9822783333333333,
    0.9751428571428572,
    0.96611,
    0.955688888888889,
    0.9441940000000001,
    0.9320354545454546,
    0.9191766666666666,
    0.9061246153846155,
    0.8931271428571428,
    0.8798886666666665,
    0.866965,
    0.8538588235294119,
    0.8410688888888888,
    0.828661052631579,
    0.816479,
    0.8044633333333334,
    0.7927645454545454,
    0.7813504347826087,
    0.7701825,
    0.7592772,
    0.7486538461538461,
    0.7383811111111112,
    0.7283389285714286,
    0.7186062068965517,
    0.709129,
    0.6998393548387096,
    0.69081625,
    0.6821309090909091,
    0.6735923529411765,
    0.6653388571428571,
    0.6573058333333335,
    0.6494297297297298,
    0.6417786842105264,
    0.6343371794871795,
    0.6271315000000001,
    0.6200480487804878,
    0.6131611904761904,
    0.6064409302325581,
    0.5998370454545455,
    0.5934124444444444,
    0.5871104347826087,
    0.5809317021276597,
    0.5748979166666667,
    0.5690091836734694,
    0.5632482
  ],
  "mean_exact_dist": [
    75.86603546142578,
    82.51177978515625,
    87.10372924804688,
    90.62568664550781,
    93.46857452392578,
    95.8508529663086,
    97.89720916748047,
    99.68855285644531,
    101.28204345703125,
    102.7173843383789,
    104.02298736572266,
    105.22183990478516,
    106.35800170898438,
    107.38166809082031,
    108.33849334716797,
    109.23851776123047,
    110.09056854248047,
    110.89064025878906,
    111.66217803955078,
    112.37752532958984,
    113.06353759765625,
    113.7167739868164,
    114.34603881835938,
    114.94110107421875,
    115.50923919677734,
    116.09363555908203,
    116.6627197265625,
    117.22817993164062,
    117.83502197265625,
    118.39997863769531,
    118.90560913085938,
    119.42793273925781,
    119.93588256835938,
    120.46663665771484,
    120.9772720336914,
    121.50370025634766,
    122.05554962158203,
    122.58403015136719,
    122.993896484375,
    123.56919860839844,
    124.13345336914062,
    124.6546630859375,
    125.23677062988281,
    125.8558578491211,
    126.52566528320312,
    127.32442474365234,
    127.96772766113281,
    128.58912658691406,
    129.39205932617188,
    130.05844116210938
  ],
  "mean_ann_dist": [
    75.90221405029297,
    82.55046081542969,
    87.1495361328125,
    90.68122863769531,
    93.53678131103516,
    95.93594360351562,
    98.00813293457031,
    99.83623504638672,
    101.47905731201172,
    102.97592163085938,
    104.3556900024414,
    1.418268598413013e+33,
    106.84004211425781,
    107.95841979980469,
    109.02630615234375,
    110.04656219482422,
    111.02912139892578,
    3.791531416966018e+32,
    112.89149475097656,
    113.77120208740234,
    114.62651824951172,
    1.5538858388289426e+32,
    2.9753413011021515e+32,
    1.4268321840344613e+32,
    6.853622913746142e+32,
    1.3198651702321065e+32,
    1.2732925119572725e+32,
    4.925703066739613e+32,
    7.173025370707212e+32,
    8.129335598480217e+32,
    6.788404363913965e+32,
    8.821089529020167e+32,
    1.0759168221474081e+33,
    1.0540604491550576e+33,
    1.3445805270595604e+33,
    1.4255308189109756e+33,
    1.5076752586727865e+33,
    1.8898275035426883e+33,
    2.0710857556398242e+33,
    1.6746179721556263e+33,
    1.864410118656081e+33,
    2.0583253791998804e+33,
    2.6542316474556544e+33,
    2.0808134884685288e+33,
    2.4063101695004958e+33,
    3.756593422093529e+33,
    2.2822913247123226e+33,
    3.276173032677639e+33,
    2.818575924796034e+33,
    2.3421598071797176e+33
  ],
  "mean_barycenter_shift": [
    0.0002147885097656399,
    0.0002751780557446182,
    0.00036837387597188354,
    0.0004894218291155994,
    0.0006314434576779604,
    0.0008610670338384807,
    0.00121388491243124,
    0.00160441012121737,
    0.001965327188372612,
    0.002303446875885129,
    0.002587635535746813,
    0.0028460449539124966,
    0.0030852125491946936,
    0.0033052796497941017,
    0.003526679240167141,
    0.0037370009813457727,
    0.003964785952121019,
    0.004181503783911467,
    0.004406284540891647,
    0.00463094562292099,
    0.004860474728047848,
    0.0050917137414216995,
    0.005322542507201433,
    0.0055528911761939526,
    0.005789078306406736,
    0.006017636973410845,
    0.0062456391751766205,
    0.00647217920050025,
    0.006704125087708235,
    0.0069365547969937325,
    0.007176619488745928,
    0.007422663737088442,
    0.007674423046410084,
    0.007933788932859898,
    0.008198099210858345,
    0.008471670560538769,
    0.008758713491261005,
    0.009054712951183319,
    0.009373300708830357,
    0.009706707671284676,
    0.010061546228826046,
    0.01043675746768713,
    0.010839409194886684,
    0.011266997084021568,
    0.01171874813735485,
    0.012199289165437222,
    0.01271088607609272,
    0.013251226395368576,
    0.013818222098052502,
    0.01441324595361948
  ],
  "mean_lid_diff": [
    0.057808876037597656,
    0.013665199279785156,
    -0.014181137084960938,
    -0.03848075866699219,
    -0.07299423217773438,
    -0.10489654541015625,
    -0.1529693603515625,
    -0.21732521057128906,
    -0.2784299850463867,
    -0.3552703857421875,
    -0.4319028854370117,
    -0.5254659652709961,
    -0.6152429580688477,
    -0.7215309143066406,
    -0.8151416778564453,
    -0.9174103736877441,
    -1.0237407684326172,
    -1.1320643424987793,
    -1.2457590103149414,
    -1.3603086471557617,
    -1.4716901779174805,
    -1.5871162414550781,
    -1.7067809104919434,
    -1.8296637535095215,
    -1.9557180404663086,
    -2.0798850059509277,
    -2.21221923828125,
    -2.3503193855285645,
    -2.488492965698242,
    -2.6316657066345215,
    -2.773603916168213,
    -2.9167299270629883,
    -3.066856861114502,
    -3.2229814529418945,
    -3.385190486907959,
    -3.5507349967956543,
    -3.723334789276123,
    -3.8998847007751465,
    -4.081835746765137,
    -4.272821426391602,
    -4.460605144500732,
    -4.650257587432861,
    -4.849205017089844,
    -5.049657821655273,
    -5.253185749053955,
    -5.456658840179443,
    -5.662881851196289,
    -5.869602918624878,
    -6.074781179428101,
    -6.281035423278809
  ],
  "mean_lid_exact": [
    11.12174129486084,
    9.595296859741211,
    9.056166648864746,
    8.837066650390625,
    8.739181518554688,
    8.686026573181152,
    8.66765022277832,
    8.670998573303223,
    8.684711456298828,
    8.70559024810791,
    8.734942436218262,
    8.769085884094238,
    8.79924488067627,
    8.840621948242188,
    8.873286247253418,
    8.908406257629395,
    8.945664405822754,
    8.979973793029785,
    9.016620635986328,
    9.052742958068848,
    9.085184097290039,
    9.116326332092285,
    9.149813652038574,
    9.181717872619629,
    9.212260246276855,
    9.243837356567383,
    9.274223327636719,
    9.304156303405762,
    9.33092975616455,
    9.357851028442383,
    9.38123893737793,
    9.404986381530762,
    9.42873477935791,
    9.450957298278809,
    9.473140716552734,
    9.492895126342773,
    9.513031005859375,
    9.532125473022461,
    9.552115440368652,
    9.571782112121582,
    9.590489387512207,
    9.608085632324219,
    9.625401496887207,
    9.642910957336426,
    9.658679008483887,
    9.672687530517578,
    9.6869535446167,
    9.701991081237793,
    9.714591026306152,
    9.728715896606445
  ],