{
  "alpha": 0.5,
  "k": [
    10,
    20,
    30,
    40,
    50,
    60,
    70,
    80,
    90,
    100,
    110,
    120,
    130,
    140,
    150,
    160,
    170,
    180,
    190,
    200,
    210,
    220,
    230,
    240,
    250,
    260,
    270,
    280,
    290,
    300,
    310,
    320,
    330,
    340,
    350,
    360,
    370,
    380,
    390,
    400,
    410,
    420,
    430,
    440,
    450,
    460,
    470,
    480,
    490,
    500
  ],
  "mean_overlap": [
    0.99359,
    0.9899600000000001,
    0.9843733333333333,
    0.9758574999999999,
    0.962572,
    0.9461616666666665,
    0.9401157142857144,
    0.9413162500000001,
    0.9425644444444446,
    0.943725,
    0.9450381818181819,
    0.9462149999999999,
    0.9473030769230769,
    0.9486807142857142,
    0.9500993333333334,
    0.9513512500000001,
    0.9525100000000002,
    0.9536038888888888,
    0.9546831578947369,
    0.9553084999999999,
    0.9560471428571429,
    0.9569322727272728,
    0.9576213043478261,
    0.9582649999999999,
    0.9586747999999999,
    0.9592211538461537,
    0.9597614814814815,
    0.960195,
    0.9605541379310344,
    0.9609523333333333,
    0.9613696774193548,
    0.961703125,
    0.9620027272727272,
    0.9623647058823528,
    0.9627537142857143,
    0.9630833333333332,
    0.9634429729729729,
    0.9637357894736841,
    0.9640523076923077,
    0.9642587499999999,
    0.9645353658536585,
    0.9648128571428569,
    0.9650402325581395,
    0.9651295454545455,
    0.9652877777777777,
    0.965460652173913,
    0.9655278723404255,
    0.965618125,
    0.9656614285714284,
    0.9658144000000001
  ],
  "mean_exact_dist": [
    75.95116424560547,
    82.59332275390625,
    87.18022155761719,
    90.65479278564453,
    93.44728088378906,
    95.78517150878906,
    97.80452728271484,
    99.58450317382812,
    101.16380310058594,
    102.58338928222656,
    103.87206268310547,
    105.05241394042969,
    106.14189910888672,
    107.15387725830078,
    108.0989990234375,
    108.98574829101562,
    109.82127380371094,
    110.61136627197266,
    111.36115264892578,
    112.07485961914062,
    112.75628662109375,
    113.40828704833984,
    114.0333251953125,
    114.6338119506836,
    115.21177673339844,
    115.76887512207031,
    116.30668640136719,
    116.82669067382812,
    117.3301010131836,
    117.81800079345703,
    118.29135131835938,
    118.75105285644531,
    119.19789123535156,
    119.63252258300781,
    120.0556869506836,
    120.46806335449219,
    120.87014770507812,
    121.26245880126953,
    121.64544677734375,
    122.01952362060547,
    122.38506317138672,
    122.74243927001953,
    123.09200286865234,
    123.43403625488281,
    123.76883697509766,
    124.09672546386719,
    124.41796112060547,
    124.73277282714844,
    125.04139709472656,
    125.34412384033203
  ],
  "mean_ann_dist": [
    76.0013427734375,
    82.6552963256836,
    87.26445007324219,
    90.77237701416016,
    93.61888122558594,
    96.03681182861328,
    98.08959197998047,
    99.85530090332031,
    101.42232513427734,
    102.83229064941406,
    104.11152648925781,
    105.28475189208984,
    106.37010192871094,
    107.37445068359375,
    108.30474853515625,
    109.1826400756836,
    110.0115737915039,
    110.79681396484375,
    111.54208374023438,
    112.25273895263672,
    112.9307632446289,
    113.57965087890625,
    114.20121002197266,
    114.79916381835938,
    115.37580871582031,
    115.93125915527344,
    116.46714782714844,
    116.9855728149414,
    117.48738861083984,
    117.97418975830078,
    118.4457778930664,
    118.90383911132812,
    119.34874725341797,
    119.7816390991211,
    120.20271301269531,
    120.61351013183594,
    121.01382446289062,
    121.4046859741211,
    121.78612518310547,
    122.15896606445312,
    122.52318572998047,
    122.8791732788086,
    123.22742462158203,
    123.56867218017578,
    123.90247344970703,
    124.22978973388672,
    124.55075073242188,
    124.86532592773438,
    125.17386627197266,
    125.4760513305664
  ],
  "mean_barycenter_shift": [
    0.00035269599175080657,
    0.0005439819069579244,
    0.0008362047956325114,
    0.0012747434666380286,
    0.0019728546030819416,
    0.0026678608264774084,
    0.002795435721054673,
    0.0025976260658353567,
    0.002438127063214779,
    0.0023016619961708784,
    0.0021875964011996984,
    0.0020858251955360174,
    0.001990003976970911,
    0.0018973927944898605,
    0.0018163489876314998,
    0.001739197876304388,
    0.0016716569662094116,
    0.001615189597941935,
    0.0015581970801576972,
    0.0015172915300354362,
    0.001473872922360897,
    0.0014318488538265228,
    0.0013970097061246634,
    0.0013610757887363434,
    0.0013366853818297386,
    0.0013085919199511409,
    0.0012843887088820338,
    0.001262160250917077,
    0.0012433265801519156,
    0.0012204417726024985,
    0.001204548985697329,
    0.0011847078567370772,
    0.0011662221513688564,
    0.0011495533399283886,
    0.0011299027828499675,
    0.0011146451579406857,
    0.0010925971437245607,
    0.0010779497679322958,
    0.001060062786564231,
    0.001040670438669622,
    0.0010254747467115521,
    0.0010116901248693466,
    0.0009982638293877244,
    0.000987464445643127,
    0.0009799583349376917,
    0.0009718986693769693,
    0.0009652740554884076,
    0.000958567310590297,
    0.0009519114391878247,
    0.0009437200496904552
  ],
  "mean_lid_diff": [
    0.038407325744628906,
    -0.026618003845214844,
    -0.0756082534790039,
    -0.14937686920166016,
    -0.2416667938232422,
    -0.3496971130371094,
    -0.3953409194946289,
    -0.3893470764160156,
    -0.37532901763916016,
    -0.3676929473876953,
    -0.3664579391479492,
    -0.35608386993408203,
    -0.34927940368652344,
    -0.3348407745361328,
    -0.3298225402832031,
    -0.32643890380859375,
    -0.31858158111572266,
    -0.31280517578125,
    -0.3089914321899414,
    -0.3059053421020508,
    -0.3010540008544922,
    -0.29837512969970703,
    -0.29276561737060547,
    -0.29015541076660156,
    -0.2884969711303711,
    -0.28838443756103516,
    -0.2849283218383789,
    -0.2812509536743164,
    -0.27919864654541016,
    -0.27667236328125,
    -0.27517223358154297,
    -0.2737312316894531,
    -0.26972389221191406,
    -0.26959991455078125,
    -0.2663249969482422,
    -0.26437854766845703,
    -0.26270103454589844,
    -0.26009178161621094,
    -0.2576580047607422,
    -0.25508785247802734,
    -0.2539539337158203,
    -0.2533693313598633,
    -0.2515869140625,
    -0.2515401840209961,
    -0.2516927719116211,
    -0.25077342987060547,
    -0.2510337829589844,
    -0.249847412109375,
    -0.24858379364013672,
    -0.24643898010253906
  ],
  "mean_lid_exact": [
    11.215530395507812,
    9.685288429260254,
    9.175368309020996,
    8.95274829864502,
    8.840815544128418,
    8.782301902770996,
    8.756525039672852,
    8.763001441955566,
    8.769522666931152,
    8.791918754577637,
    8.819289207458496,
    8.848411560058594,
    8.879229545593262,
    8.906359672546387,
    8.94189739227295,
    8.973405838012695,
    9.005372047424316,
    9.034052848815918,
    9.06356430053711,
    9.090584754943848,
    9.11793327331543,
    9.147500991821289,
    9.173173904418945,
    9.199345588684082,
    9.224433898925781,
    9.250016212463379,
    9.273743629455566,
    9.29492473602295,
    9.317167282104492,
    9.337475776672363,
    9.358124732971191,
    9.377521514892578,
    9.395228385925293,
    9.415226936340332,
    9.430817604064941,
    9.447370529174805,
    9.46279239654541,
    9.478126525878906,
    9.491830825805664,
    9.50578784942627,
    9.52057933807373,
    9.53508472442627,
    9.548869132995605,
    9.562216758728027,
    9.575439453125,
    9.587347984313965,
    9.598531723022461,
    9.610487937927246,
    9.620942115783691,
    9.630768775939941
  ],