{
  "k": [
    10,
    20,
    30,
    40,
    50,
    60,
    70,
    80,
    90,
    100,
    110,
    120,
    130,
    140,
    150,
    160,
    170,
    180,
    190,
    200,
    210,
    220,
    230,
    240,
    250,
    260,
    270,
    280,
    290,
    300,
    310,
    320,
    330,
    340,
    350,
    360,
    370,
    380,
    390,
    400,
    410,
    420,
    430,
    440,
    450,
    460,
    470,
    480,
    490,
    500
  ],
  "mean_overlap": [
    0.99792,
    0.9973700000000001,
    0.9966566666666667,
    0.99605,
    0.995182,
    0.9942,
    0.993082857142857,
    0.9917300000000001,
    0.9901288888888891,
    0.988265,
    0.9859536363636363,
    0.9832774999999999,
    0.9801653846153847,
    0.9765707142857142,
    0.9725540000000001,
    0.96804625,
    0.9631382352941177,
    0.9578516666666664,
    0.9521542105263158,
    0.9461775,
    0.9399990476190476,
    0.9334722727272728,
    0.9267117391304348,
    0.9197195833333334,
    0.9127484,
    0.9056715384615384,
    0.898564074074074,
    0.8913710714285715,
    0.8842475862068966,
    0.8771253333333332,
    0.8699254838709678,
    0.86280875,
    0.8557124242424243,
    0.8486088235294117,
    0.841578,
    0.8346113888888889,
    0.8276994594594594,
    0.820838947368421,
    0.8140797435897437,
    0.80738225,
    0.8007578048780488,
    0.7942030952380954,
    0.787736046511628,
    0.7813368181818181,
    0.775048,
    0.7687832608695652,
    0.7625929787234043,
    0.756543125,
    0.7505120408163266,
    0.7445814000000001
  ],
  "mean_exact_dist": [
    75.09825134277344,
    81.74637603759766,
    86.27167510986328,
    89.72003936767578,
    92.51799011230469,
    94.88604736328125,
    96.93656158447266,
    98.73690795898438,
    100.3368911743164,
    101.77715301513672,
    103.0865707397461,
    104.28713989257812,
    105.39643859863281,
    106.427978515625,
    107.39188385009766,
    108.29706573486328,
    109.15045928955078,
    109.95767211914062,
    110.72367858886719,
    111.45279693603516,
    112.14859008789062,
    112.81407165527344,
    113.45189666748047,
    114.06441497802734,
    114.6535873413086,
    115.22127532958984,
    115.76892852783203,
    116.29806518554688,
    116.80979919433594,
    117.30529022216797,
    117.78559875488281,
    118.25152587890625,
    118.70388793945312,
    119.14350128173828,
    119.55760955810547,
    119.95825958251953,
    120.36608123779297,
    120.769287109375,
    121.18165588378906,
    121.58535766601562,
    121.97705078125,
    122.31568908691406,
    122.6749496459961,
    122.97252655029297,
    123.28814697265625,
    123.62216186523438,
    123.96347045898438,
    124.30142974853516,
    124.61412048339844,
    124.94305419921875
  ],
  "mean_ann_dist": [
    75.1150131225586,
    81.76537322998047,
    86.29368591308594,
    89.74520111083984,
    92.54669952392578,
    94.91877746582031,
    96.9737548828125,
    98.7793960571289,
    100.3853988647461,
    101.83265686035156,
    103.150390625,
    104.36070251464844,
    105.48141479492188,
    106.52631378173828,
    107.50596618652344,
    108.42941284179688,
    109.30392456054688,
    110.1353988647461,
    110.92921447753906,
    111.68990325927734,
    112.42147827148438,
    113.1275405883789,
    113.81069946289062,
    114.47298431396484,
    115.11616516113281,
    115.74188995361328,
    116.35130310058594,
    116.94584655761719,
    117.52682495117188,
    118.095458984375,
    118.65262603759766,
    119.19932556152344,
    119.73670959472656,
    120.26567840576172,
    120.77249145507812,
    121.2690658569336,
    9.201420686721027e+31,
    8.970946232766416e+31,
    8.758470266414227e+31,
    8.548090093862922e+31,
    2.509950509589468e+32,
    1.6365944504208447e+32,
    4.809202077067515e+32,
    3.1434568467153355e+32,
    2.310837138820709e+32,
    1.5136980497348541e+32,
    2.228850691156412e+32,
    2.1914113223776682e+32,
    7.197903323221701e+32,
    7.11962218483749e+32
  ],
  "mean_barycenter_shift": [
    0.00011682864715112373,
    0.00013867537199985236,
    0.00017424208635929972,
    0.0001979561784537509,
    0.000239620465436019,
    0.0002851039753295481,
    0.0003331838524900377,
    0.0003913087712135166,
    0.0004645007138606161,
    0.0005409200675785542,
    0.0006294453050941229,
    0.0007358959992416203,
    0.0008451324538327754,
    0.0009715032647363842,
    0.0010961417574435472,
    0.001231676316820085,
    0.0013655631337314844,
    0.0015036598779261112,
    0.0016356317792087793,
    0.0017570810159668326,
    0.0018795736832544208,
    0.001997205428779125,
    0.0021275756880640984,
    0.0022605324629694223,
    0.002393823117017746,
    0.002529600402340293,
    0.002663810271769762,
    0.002798516536131501,
    0.0029304041527211666,
    0.0030610274989157915,
    0.0031872696708887815,
    0.00331014022231102,
    0.0034337963443249464,
    0.0035496565978974104,
    0.003667978337034583,
    0.003782142186537385,
    0.0038957835640758276,
    0.004005752503871918,
    0.004113717470318079,
    0.004222571384161711,
    0.004330404568463564,
    0.004443983547389507,
    0.004555907100439072,
    0.004669148474931717,
    0.0047850641421973705,
    0.004902712069451809,
    0.005024224054068327,
    0.005147803109139204,
    0.005273302551358938,
    0.005404566414654255
  ],
  "mean_lid_diff": [
    0.012180328369140625,
    0.0073680877685546875,
    -0.0062236785888671875,
    -0.013370513916015625,
    -0.02129650115966797,
    -0.026663780212402344,
    -0.03790092468261719,
    -0.04985809326171875,
    -0.05896568298339844,
    -0.07467269897460938,
    -0.09003925323486328,
    -0.11115455627441406,
    -0.12842559814453125,
    -0.15210342407226562,
    -0.1833820343017578,
    -0.21160411834716797,
    -0.2403087615966797,
    -0.2775106430053711,
    -0.3138160705566406,
    -0.35503673553466797,
    -0.4020652770996094,
    -0.4505939483642578,
    -0.5034875869750977,
    -0.5532369613647461,
    -0.6076297760009766,
    -0.6672039031982422,
    -0.724513053894043,
    -0.7867107391357422,
    -0.8515195846557617,
    -0.9161100387573242,
    -0.9837656021118164,
    -1.0514507293701172,
    -1.1223669052124023,
    -1.1932611465454102,
    -1.2667102813720703,
    -1.3409366607666016,
    -1.41737699508667,
    -1.4979767799377441,
    -1.5842576026916504,
    -1.665116786956787,
    -1.752810001373291,
    -1.8415966033935547,
    -1.9338107109069824,
    -2.026442050933838,
    -2.1219983100891113,
    -2.220767021179199,
    -2.3200974464416504,
    -2.4252891540527344,
    -2.5353260040283203,
    -2.651671886444092
  ],
  "mean_lid_exact": [
    11.0145902633667,
    9.54666805267334,
    9.051956176757812,
    8.82036304473877,
    8.698417663574219,
    8.635246276855469,
    8.620504379272461,
    8.61766242980957,
    8.628670692443848,
    8.648420333862305,
    8.673349380493164,
    8.704195022583008,
    8.727757453918457,
    8.758145332336426,
    8.793351173400879,
    8.821867942810059,
    8.853266716003418,
    8.887017250061035,
    8.91703987121582,
    8.948386192321777,
    8.979559898376465,
    9.010269165039062,
    9.039985656738281,
    9.068266868591309,
    9.095918655395508,
    9.123649597167969,
    9.150409698486328,
    9.176047325134277,
    9.202269554138184,
    9.225462913513184,
    9.24923324584961,
    9.270979881286621,
    9.292171478271484,
    9.312414169311523,
    9.332186698913574,
    9.351858139038086,
    9.370054244995117,
    9.387842178344727,
    9.407402038574219,
    9.422758102416992,
    9.43834114074707,
    9.455111503601074,
    9.470062255859375,
    9.484347343444824,
    9.499384880065918,
    9.513423919677734,
    9.525367736816406,
    9.53796672821045,
    9.548824310302734,
    9.560578346252441
  ],