{
  "k": [
    10,
    20,
    30,
    40,
    50,
    60,
    70,
    80,
    90,
    100,
    110,
    120,
    130,
    140,
    150,
    160,
    170,
    180,
    190,
    200,
    210,
    220,
    230,
    240,
    250,
    260,
    270,
    280,
    290,
    300,
    310,
    320,
    330,
    340,
    350,
    360,
    370,
    380,
    390,
    400,
    410,
    420,
    430,
    440,
    450,
    460,
    470,
    480,
    490,
    500
  ],
  "mean_overlap": [
    0.99125,
    0.98844,
    0.9845466666666667,
    0.9800225,
    0.974002,
    0.9663733333333333,
    0.956337142857143,
    0.9443225000000001,
    0.9312355555555558,
    0.9169889999999999,
    0.9022281818181819,
    0.8871658333333333,
    0.8718515384615386,
    0.8566607142857143,
    0.8415913333333334,
    0.82671875,
    0.8118635294117648,
    0.797505,
    0.7835236842105263,
    0.7698630000000001,
    0.7564690476190477,
    0.7434022727272727,
    0.7307752173913045,
    0.7183429166666667,
    0.7063656,
    0.6946692307692307,
    0.6834248148148148,
    0.672415357142857,
    0.6617572413793104,
    0.6514110000000001,
    0.6414000000000001,
    0.6316121874999999,
    0.6222018181818182,
    0.6129985294117647,
    0.6040768571428571,
    0.5953672222222223,
    0.5869300000000001,
    0.5787615789473685,
    0.5708105128205129,
    0.563094,
    0.5555775609756097,
    0.5482604761904762,
    0.5411458139534884,
    0.5342004545454545,
    0.527440888888889,
    0.5208591304347825,
    0.5144153191489362,
    0.5081512499999999,
    0.5020134693877552,
    0.49604580000000004
  ],
  "mean_exact_dist": [
    75.86603546142578,
    82.51177978515625,
    87.10372924804688,
    90.62568664550781,
    93.46857452392578,
    95.8508529663086,
    97.89720916748047,
    99.68855285644531,
    101.28204345703125,
    102.76316833496094,
    104.06414794921875,
    105.25841522216797,
    106.36618041992188,
    107.38970947265625,
    108.34586334228516,
    109.23113250732422,
    110.0570068359375,
    110.83015441894531,
    111.57909393310547,
    112.29039001464844,
    112.95027160644531,
    113.64717102050781,
    114.38069152832031,
    115.20356750488281,
    115.90785217285156,
    116.6038589477539,
    117.34716796875,
    118.06565856933594,
    118.70862579345703,
    119.50367736816406,
    120.24530029296875,
    120.96734619140625,
    121.94876861572266,
    122.84757232666016,
    123.79531860351562,
    124.97831726074219,
    125.93795013427734,
    126.79701232910156,
    127.67279815673828,
    128.5772247314453,
    129.33868408203125,
    130.32565307617188,
    131.39218139648438,
    132.27749633789062,
    133.07627868652344,
    133.90240478515625,
    134.18212890625,
    134.66949462890625,
    135.37539672851562,
    135.7937469482422
  ],
  "mean_ann_dist": [
    75.94699096679688,
    82.60045623779297,
    87.20870971679688,
    90.75132751464844,
    93.62069702148438,
    96.03675079345703,
    98.12991333007812,
    99.98403930664062,
    101.65930938720703,
    103.2105712890625,
    104.60718536376953,
    2.8447894985560332e+32,
    107.1484146118164,
    108.31504821777344,
    109.4314193725586,
    2.136163799277542e+32,
    111.49595642089844,
    112.47686004638672,
    1.4427225564640465e+33,
    114.40104675292969,
    8.188761362641063e+32,
    6.28435966838712e+32,
    2.1202619952454065e+33,
    1.3204250673004995e+33,
    1.8499406112493986e+33,
    2.219208530932923e+33,
    2.304526584727947e+33,
    1.200356334435181e+33,
    3.020133298687352e+33,
    3.252680025582101e+33,
    3.1143680798428436e+33,
    4.926067021111163e+33,
    4.0458068542865664e+33,
    5.0352913992323414e+33,
    5.678470574283296e+33,
    4.857290476863575e+33,
    5.445297140243659e+33,
    6.213473596941338e+33,
    6.482538626539976e+33,
    5.310876659017896e+33,
    7.092205526787436e+33,
    7.555114016407595e+33,
    6.556053695772938e+33,
    7.195086390662307e+33,
    6.163937426269333e+33,
    6.409851120223276e+33,
    8.646353828247521e+33,
    8.363210944522129e+33,
    1.396191980413423e+34,
    5.393281375672966e+33
  ],
  "mean_barycenter_shift": [
    0.00047318506403826177,
    0.0005940611590631306,
    0.0007680857670493424,
    0.0009598825708962977,
    0.001202948740683496,
    0.0014886865392327309,
    0.001877243397757411,
    0.0022870940156280994,
    0.002661070553585887,
    0.0030127561185508966,
    0.003344125347211957,
    0.0036507267504930496,
    0.003931937739253044,
    0.004197120666503906,
    0.004456694237887859,
    0.004716785624623299,
    0.004994345363229513,
    0.0052729761227965355,
    0.005569177679717541,
    0.0058802654966712,
    0.006204696837812662,
    0.006536291446536779,
    0.006884600967168808,
    0.007254738826304674,
    0.007647770922631025,
    0.008064467459917068,
    0.0085044139996171,
    0.008971921168267727,
    0.009472844190895557,
    0.009995213709771633,
    0.010555763728916645,
    0.011150302365422249,
    0.011782057583332062,
    0.012457071803510189,
    0.01317416038364172,
    0.01393571775406599,
    0.01474478468298912,
    0.015596850775182247,
    0.016493579372763634,
    0.017422091215848923,
    0.01838240586221218,
    0.019370252266526222,
    0.020387668162584305,
    0.02142958901822567,
    0.022489678114652634,
    0.023563595488667488,
    0.024648576974868774,
    0.02573765255510807,
    0.026827728375792503,
    0.027916952967643738
  ],
  "mean_lid_diff": [
    0.07154464721679688,
    0.0022182464599609375,
    -0.03110027313232422,
    -0.07784366607666016,
    -0.13991165161132812,
    -0.18766117095947266,
    -0.2572040557861328,
    -0.3421506881713867,
    -0.4330101013183594,
    -0.5379467010498047,
    -0.6443281173706055,
    -0.7640142440795898,
    -0.8815760612487793,
    -1.014277458190918,
    -1.1426129341125488,
    -1.2825202941894531,
    -1.4315252304077148,
    -1.581693172454834,
    -1.7413454055786133,
    -1.9046764373779297,
    -2.0732178688049316,
    -2.2479090690612793,
    -2.436584949493408,
    -2.6308093070983887,
    -2.8277225494384766,
    -3.0377025604248047,
    -3.252195358276367,
    -3.47578763961792,
    -3.7054967880249023,
    -3.9418368339538574,
    -4.186252117156982,
    -4.437044620513916,
    -4.69313383102417,
    -4.961665630340576,
    -5.230327606201172,
    -5.495695114135742,
    -5.765758037567139,
    -6.026599407196045,
    -6.291850566864014,
    -6.542461395263672,
    -6.793712854385376,
    -7.043506622314453,
    -7.275582790374756,
    -7.49603009223938,
    -7.701287031173706,
    -7.895933389663696,
    -8.080385327339172,
    -8.257625460624695,
    -8.418009400367737,
    -8.5633065700531
  ],
  "mean_lid_exact": [
    11.12174129486084,
    9.595296859741211,
    9.056166648864746,
    8.837066650390625,
    8.739181518554688,
    8.686026573181152,
    8.66765022277832,
    8.670998573303223,
    8.684711456298828,
    8.70559024810791,
    8.734942436218262,
    8.769085884094238,
    8.79924488067627,
    8.840621948242188,
    8.873286247253418,
    8.908406257629395,
    8.945664405822754,
    8.979973793029785,
    9.016620635986328,
    9.052742958068848,
    9.085184097290039,
    9.116326332092285,
    9.149813652038574,
    9.181717872619629,
    9.212260246276855,
    9.243837356567383,
    9.274223327636719,
    9.304156303405762,
    9.33092975616455,
    9.357851028442383,
    9.38123893737793,
    9.404986381530762,
    9.42873477935791,
    9.450957298278809,
    9.473140716552734,
    9.492895126342773,
    9.513031005859375,
    9.532125473022461,
    9.552115440368652,
    9.571782112121582,
    9.590489387512207,
    9.608085632324219,
    9.625401496887207,
    9.642910957336426,
    9.658679008483887,
    9.672687530517578,
    9.6869535446167,
    9.701991081237793,
    9.714591026306152,
    9.728715896606445
  ],