{
  "k": [
    10,
    20,
    30,
    40,
    50,
    60,
    70,
    80,
    90,
    100,
    110,
    120,
    130,
    140,
    150,
    160,
    170,
    180,
    190,
    200,
    210,
    220,
    230,
    240,
    250,
    260,
    270,
    280,
    290,
    300,
    310,
    320,
    330,
    340,
    350,
    360,
    370,
    380,
    390,
    400,
    410,
    420,
    430,
    440,
    450,
    460,
    470,
    480,
    490,
    500
  ],
  "mean_overlap": [
    0.9952,
    0.9936799999999999,
    0.9915466666666667,
    0.9889724999999998,
    0.985158,
    0.9797416666666666,
    0.9724214285714287,
    0.96353125,
    0.9532255555555558,
    0.941566,
    0.9293272727272726,
    0.9165208333333333,
    0.9033546153846155,
    0.8898985714285714,
    0.8763479999999999,
    0.862954375,
    0.849495294117647,
    0.8365055555555556,
    0.8236626315789474,
    0.811149,
    0.7986957142857144,
    0.7865713636363637,
    0.7747730434782608,
    0.7631375,
    0.751904,
    0.741006153846154,
    0.7303362962962963,
    0.7198771428571429,
    0.7098886206896551,
    0.700207,
    0.690707741935484,
    0.681465625,
    0.6724345454545455,
    0.6637658823529411,
    0.6552785714285714,
    0.6470024999999999,
    0.6390191891891892,
    0.6312057894736842,
    0.6236217948717947,
    0.616135,
    0.6087719512195122,
    0.6016766666666666,
    0.5947267441860464,
    0.5879297727272728,
    0.5813653333333334,
    0.5749089130434782,
    0.568573829787234,
    0.5624212500000001,
    0.5563906122448979,
    0.5504565999999999
  ],
  "mean_exact_dist": [
    76.0631103515625,
    82.7497787475586,
    87.32213592529297,
    90.79087829589844,
    93.59700012207031,
    95.9721908569336,
    98.03675079345703,
    99.8511962890625,
    101.46672821044922,
    102.92196655273438,
    104.24561309814453,
    105.45967864990234,
    106.58097839355469,
    107.62266540527344,
    108.61004638671875,
    109.62570190429688,
    110.46821594238281,
    111.27750396728516,
    112.03146362304688,
    112.75946807861328,
    113.45449829101562,
    114.12081909179688,
    114.75794982910156,
    115.36503601074219,
    115.96446228027344,
    116.54661560058594,
    117.19328308105469,
    117.72089385986328,
    118.25328063964844,
    118.71601867675781,
    119.21576690673828,
    119.7148666381836,
    120.20542907714844,
    120.70904541015625,
    121.23939514160156,
    121.71522521972656,
    122.24006652832031,
    122.83025360107422,
    123.27714538574219,
    123.84772491455078,
    124.33050537109375,
    125.05451202392578,
    125.86809539794922,
    126.5658950805664,
    127.31707763671875,
    127.98616790771484,
    128.7673797607422,
    129.3909912109375,
    130.15428161621094,
    131.05747985839844
  ],
  "mean_ann_dist": [
    76.11087799072266,
    82.79911804199219,
    87.379150390625,
    90.85845184326172,
    93.67901611328125,
    96.07423400878906,
    98.16764068603516,
    100.02019500732422,
    101.68563842773438,
    103.2028579711914,
    104.6014175415039,
    105.90299987792969,
    107.1261978149414,
    2.4305881079521935e+32,
    1.3634473522282893e+33,
    110.48174285888672,
    111.4632339477539,
    112.42832946777344,
    113.34957885742188,
    114.2581558227539,
    115.14383697509766,
    116.00955963134766,
    116.84980773925781,
    4.290859947799448e+32,
    2.749200991281957e+32,
    2.6512271282946825e+32,
    2.5608147578098682e+32,
    8.672707714773848e+32,
    1.2032273495000412e+33,
    1.0548120335014087e+33,
    9.141661065605837e+32,
    1.230378159926658e+33,
    1.7592811556698682e+33,
    1.842750655501229e+33,
    1.6062923475673483e+33,
    1.8024552429949753e+33,
    1.5794858392141578e+33,
    2.4117140872569863e+33,
    2.4154950656219737e+33,
    1.7878599299318007e+33,
    2.955461454125025e+33,
    3.7370667748838613e+33,
    3.3776649278284315e+33,
    3.2475673332198523e+33,
    3.0916020530353757e+33,
    3.4132987223742514e+33,
    5.226156994489361e+33,
    3.425967800736298e+33,
    5.149971069621641e+33,
    5.670219703921459e+33
  ],
  "mean_barycenter_shift": [
    0.0002486548328306526,
    0.00030978667200542986,
    0.00040921615436673164,
    0.000526581599842757,
    0.0007033175206743181,
    0.0009478590218350291,
    0.0013025928055867553,
    0.001669595716521144,
    0.0020318583119660616,
    0.0023564528673887253,
    0.0026439791545271873,
    0.0029010639991611242,
    0.0031398285645991564,
    0.0033765113912522793,
    0.0035962979309260845,
    0.0038199417758733034,
    0.004061173647642136,
    0.00430025951936841,
    0.004562139976769686,
    0.004824804607778788,
    0.005095325410366058,
    0.00535780331119895,
    0.005617102142423391,
    0.005878584459424019,
    0.00613158056512475,
    0.006375918164849281,
    0.006622646935284138,
    0.006870747543871403,
    0.0071155303157866,
    0.007366417907178402,
    0.007626628968864679,
    0.007892508991062641,
    0.00817455630749464,
    0.008474723435938358,
    0.008794344030320644,
    0.009137159213423729,
    0.009502257220447063,
    0.00988486036658287,
    0.010292106308043003,
    0.01072729006409645,
    0.011193059384822845,
    0.011686920188367367,
    0.012214898131787777,
    0.012776763178408146,
    0.01337377168238163,
    0.014009210281074047,
    0.01467890664935112,
    0.015381244011223316,
    0.016115421429276466,
    0.0168758574873209
  ],
  "mean_lid_diff": [
    0.05790901184082031,
    0.00046253204345703125,
    -0.011351585388183594,
    -0.04554176330566406,
    -0.0732717514038086,
    -0.11938285827636719,
    -0.16845703125,
    -0.220367431640625,
    -0.29727935791015625,
    -0.3781709671020508,
    -0.45471668243408203,
    -0.5401935577392578,
    -0.6396350860595703,
    -0.7391300201416016,
    -0.8467721939086914,
    -0.9604301452636719,
    -1.0783281326293945,
    -1.1927189826965332,
    -1.3176374435424805,
    -1.4466009140014648,
    -1.5696024894714355,
    -1.6906414031982422,
    -1.8182778358459473,
    -1.9506850242614746,
    -2.082399368286133,
    -2.2230215072631836,
    -2.364086151123047,
    -2.511131763458252,
    -2.663444995880127,
    -2.8238039016723633,
    -2.9868545532226562,
    -3.1572937965393066,
    -3.3395113945007324,
    -3.5277280807495117,
    -3.7167162895202637,
    -3.9099950790405273,
    -4.108728885650635,
    -4.313292503356934,
    -4.526723861694336,
    -4.731027603149414,
    -4.949705600738525,
    -5.171374797821045,
    -5.401789665222168,
    -5.635407209396362,
    -5.851862907409668,
    -6.075200796127319,
    -6.301286935806274,
    -6.5210816860198975,
    -6.736469268798828,
    -6.947284936904907
  ],
  "mean_lid_exact": [
    11.097311019897461,
    9.549288749694824,
    9.05971908569336,
    8.843080520629883,
    8.72189998626709,
    8.65167236328125,
    8.627705574035645,
    8.622525215148926,
    8.635029792785645,
    8.658787727355957,
    8.677685737609863,
    8.706653594970703,
    8.741418838500977,
    8.774191856384277,
    8.806694984436035,
    8.842804908752441,
    8.882826805114746,
    8.91665267944336,
    8.95147705078125,
    8.989729881286621,
    9.023919105529785,
    9.053628921508789,
    9.086265563964844,
    9.11777114868164,
    9.14588451385498,
    9.175178527832031,
    9.202940940856934,
    9.229448318481445,
    9.256117820739746,
    9.282136917114258,
    9.305744171142578,
    9.329793930053711,
    9.354000091552734,
    9.376928329467773,
    9.39945125579834,
    9.420798301696777,
    9.44316291809082,
    9.462104797363281,
    9.482574462890625,
    9.502066612243652,
    9.520282745361328,
    9.53801441192627,
    9.555319786071777,
    9.571693420410156,
    9.587301254272461,
    9.602117538452148,
    9.617133140563965,
    9.63100528717041,
    9.64429759979248,
    9.658988952636719
  ],