{
  "k": [
    10,
    20,
    30,
    40,
    50,
    60,
    70,
    80,
    90,
    100,
    110,
    120,
    130,
    140,
    150,
    160,
    170,
    180,
    190,
    200,
    210,
    220,
    230,
    240,
    250,
    260,
    270,
    280,
    290,
    300,
    310,
    320,
    330,
    340,
    350,
    360,
    370,
    380,
    390,
    400,
    410,
    420,
    430,
    440,
    450,
    460,
    470,
    480,
    490,
    500
  ],
  "mean_overlap": [
    0.99367,
    0.9922850000000001,
    0.9895699999999998,
    0.9857624999999998,
    0.981118,
    0.9749716666666667,
    0.9665928571428573,
    0.9562299999999999,
    0.944718888888889,
    0.9322050000000001,
    0.9190227272727272,
    0.9057375,
    0.8921815384615387,
    0.8785714285714287,
    0.8649426666666666,
    0.851403125,
    0.8378035294117648,
    0.8245561111111112,
    0.8114142105263158,
    0.7985175,
    0.7859304761904763,
    0.7735854545454545,
    0.7615391304347826,
    0.7498216666666667,
    0.738476,
    0.7273980769230769,
    0.7166014814814815,
    0.7060942857142857,
    0.6957865517241381,
    0.685885,
    0.6761922580645161,
    0.6667496875,
    0.657658787878788,
    0.64875,
    0.6400814285714286,
    0.6316888888888889,
    0.6234908108108108,
    0.615513947368421,
    0.6076746153846154,
    0.60010825,
    0.592719512195122,
    0.5854883333333333,
    0.578380465116279,
    0.5715229545454545,
    0.5647702222222222,
    0.5582080434782609,
    0.5518114893617021,
    0.5455379166666666,
    0.5394030612244898,
    0.5334085999999999
  ],
  "mean_exact_dist": [
    76.3860092163086,
    83.12767028808594,
    87.7303466796875,
    91.22197723388672,
    94.04851531982422,
    96.42997741699219,
    98.47911071777344,
    100.27063751220703,
    101.86175537109375,
    103.29212188720703,
    104.59063720703125,
    105.77973937988281,
    106.87802124023438,
    107.89175415039062,
    108.84626007080078,
    109.80722045898438,
    110.63652801513672,
    111.42618560791016,
    112.17166137695312,
    112.89640045166016,
    113.57258605957031,
    114.19093322753906,
    114.81371307373047,
    115.49208068847656,
    116.13988494873047,
    116.68408203125,
    117.1252670288086,
    117.54265594482422,
    118.07086181640625,
    118.57662200927734,
    119.10072326660156,
    119.51176452636719,
    120.22969818115234,
    120.9286880493164,
    121.66400909423828,
    122.45549774169922,
    123.30087280273438,
    123.99716186523438,
    124.9410171508789,
    125.82115173339844,
    126.73753356933594,
    127.53338623046875,
    128.45375061035156,
    129.26516723632812,
    129.9148712158203,
    130.82803344726562,
    131.8166961669922,
    132.9198455810547,
    133.70130920410156,
    134.27626037597656
  ],
  "mean_ann_dist": [
    76.4483871459961,
    83.19055938720703,
    87.80197143554688,
    91.30729675292969,
    94.15200805664062,
    96.5584716796875,
    98.64180755615234,
    100.48028564453125,
    102.1297378540039,
    103.63028717041016,
    105.01127624511719,
    106.29566192626953,
    107.50285339355469,
    108.63999938964844,
    2.2694568652981527e+32,
    6.4130002075694605e+32,
    2.0137433285082173e+32,
    112.70547485351562,
    113.63240051269531,
    114.54866790771484,
    115.43312072753906,
    1.5593688493482556e+32,
    1.4935276543619447e+32,
    4.3051918117480125e+32,
    4.148520054657366e+32,
    1.3386297299479025e+32,
    6.491732807211748e+32,
    1.3891961955604154e+33,
    1.1085961180469685e+33,
    1.0839319423030138e+33,
    1.2998746436783426e+33,
    1.5080147637285605e+33,
    2.179796852872214e+33,
    2.4944227181917015e+33,
    3.043165792088276e+33,
    2.813850707666082e+33,
    3.2652766844518493e+33,
    2.6057740320428773e+33,
    3.216235689795559e+33,
    3.1637820039359687e+33,
    3.1097966767627725e+33,
    3.4299199243117165e+33,
    4.672109192781944e+33,
    4.96503180281769e+33,
    5.033963708540208e+33,
    4.8414442253907026e+33,
    5.995900064306755e+33,
    6.796795276242747e+33,
    6.381921336026939e+33,
    5.017327960807281e+33
  ],
  "mean_barycenter_shift": [
    0.00032737228320911527,
    0.0003828269545920193,
    0.000514561717864126,
    0.0006914382101967931,
    0.0008900795946829021,
    0.001152380951680243,
    0.001528515829704702,
    0.0019070570124313235,
    0.002252918900921941,
    0.0025681403931230307,
    0.0028424535412341356,
    0.0030867867171764374,
    0.0033270977437496185,
    0.0035600531846284866,
    0.003781353821977973,
    0.00400877371430397,
    0.00424607191234827,
    0.004494210705161095,
    0.004749177489429712,
    0.005013955757021904,
    0.005279846489429474,
    0.005559561774134636,
    0.00584015715867281,
    0.006124754436314106,
    0.006411448586732149,
    0.006713839713484049,
    0.00701605761423707,
    0.007322121411561966,
    0.00764063186943531,
    0.00796748697757721,
    0.008305039256811142,
    0.00865439884364605,
    0.009018447250127792,
    0.009398840367794037,
    0.009801550768315792,
    0.01022019237279892,
    0.010665393434464931,
    0.011135593056678772,
    0.011629363521933556,
    0.012149535119533539,
    0.01270595658570528,
    0.01329321414232254,
    0.013910823501646519,
    0.014559420756995678,
    0.01524112094193697,
    0.0159471295773983,
    0.016677599400281906,
    0.017432864755392075,
    0.018207460641860962,
    0.019000884145498276
  ],
  "mean_lid_diff": [
    0.08026885986328125,
    0.03129100799560547,
    -0.009764671325683594,
    -0.04638671875,
    -0.0906686782836914,
    -0.14171409606933594,
    -0.19304656982421875,
    -0.2684011459350586,
    -0.3376960754394531,
    -0.4307842254638672,
    -0.5175418853759766,
    -0.6142311096191406,
    -0.7130918502807617,
    -0.8301000595092773,
    -0.9466934204101562,
    -1.0756759643554688,
    -1.2005085945129395,
    -1.3291325569152832,
    -1.4649314880371094,
    -1.6012239456176758,
    -1.734105110168457,
    -1.874971866607666,
    -2.0195016860961914,
    -2.168391227722168,
    -2.326930046081543,
    -2.49684476852417,
    -2.6704678535461426,
    -2.845363140106201,
    -3.0250558853149414,
    -3.210660457611084,
    -3.4031949043273926,
    -3.5973501205444336,
    -3.7992100715637207,
    -4.00358772277832,
    -4.218883037567139,
    -4.4321112632751465,
    -4.656099319458008,
    -4.8883056640625,
    -5.127262115478516,
    -5.371235370635986,
    -5.608750820159912,
    -5.846705198287964,
    -6.090139150619507,
    -6.328816890716553,
    -6.5640997886657715,
    -6.791590213775635,
    -7.014352083206177,
    -7.2250800132751465,
    -7.434105634689331,
    -7.631998300552368
  ],
  "mean_lid_exact": [
    10.996475219726562,
    9.567937850952148,
    9.092788696289062,
    8.86896800994873,
    8.756924629211426,
    8.703058242797852,
    8.683945655822754,
    8.690606117248535,
    8.695237159729004,
    8.72542667388916,
    8.754201889038086,
    8.788507461547852,
    8.818124771118164,
    8.854358673095703,
    8.888816833496094,
    8.924312591552734,
    8.95751953125,
    8.991827964782715,
    9.029470443725586,
    9.06154727935791,
    9.091219902038574,
    9.119490623474121,
    9.149149894714355,
    9.176682472229004,
    9.205205917358398,
    9.235150337219238,
    9.261761665344238,
    9.286431312561035,
    9.312701225280762,
    9.336847305297852,
    9.361105918884277,
    9.382407188415527,
    9.403413772583008,
    9.423199653625488,
    9.443562507629395,
    9.462357521057129,
    9.483094215393066,
    9.501259803771973,
    9.518342018127441,
    9.535828590393066,
    9.55195426940918,
    9.568601608276367,
    9.583741188049316,
    9.599356651306152,
    9.61565113067627,
    9.629172325134277,
    9.641616821289062,
    9.65477180480957,
    9.667396545410156,
    9.67839241027832
  ],