{
  "k": [
    10,
    20,
    30,
    40,
    50,
    60,
    70,
    80,
    90,
    100,
    110,
    120,
    130,
    140,
    150,
    160,
    170,
    180,
    190,
    200,
    210,
    220,
    230,
    240,
    250,
    260,
    270,
    280,
    290,
    300,
    310,
    320,
    330,
    340,
    350,
    360,
    370,
    380,
    390,
    400,
    410,
    420,
    430,
    440,
    450,
    460,
    470,
    480,
    490,
    500
  ],
  "mean_overlap": [
    0.9956200000000001,
    0.994115,
    0.9920200000000001,
    0.9891125,
    0.9855200000000001,
    0.9802966666666665,
    0.97329,
    0.9646462500000001,
    0.9544466666666667,
    0.943308,
    0.9313718181818181,
    0.9189733333333333,
    0.906046153846154,
    0.8930385714285715,
    0.8798720000000001,
    0.86661,
    0.8536023529411767,
    0.8407,
    0.8278331578947369,
    0.8153585,
    0.8032304761904763,
    0.7912022727272727,
    0.77951,
    0.7680674999999999,
    0.7569628,
    0.7461380769230769,
    0.7356181481481481,
    0.7253889285714286,
    0.7155013793103447,
    0.705836,
    0.6962435483870968,
    0.6870190625,
    0.6780263636363637,
    0.6693849999999999,
    0.6608785714285714,
    0.6526044444444444,
    0.6445935135135136,
    0.6367252631578947,
    0.6290602564102564,
    0.6215572500000001,
    0.614309268292683,
    0.6071630952380952,
    0.6001890697674418,
    0.5933822727272727,
    0.5867157777777777,
    0.5802271739130435,
    0.573928510638298,
    0.5677695833333333,
    0.5616675510204081,
    0.5557586
  ],
  "mean_exact_dist": [
    75.55923461914062,
    82.13717651367188,
    86.73735046386719,
    90.23989868164062,
    93.05348205566406,
    95.4113998413086,
    97.44730377197266,
    99.23202514648438,
    100.82064819335938,
    102.2510986328125,
    103.55319213867188,
    104.74845123291016,
    105.85348510742188,
    106.880859375,
    107.84087371826172,
    108.74237823486328,
    109.59239959716797,
    110.3797378540039,
    111.21221923828125,
    111.94113159179688,
    112.626953125,
    113.28642272949219,
    113.9130630493164,
    114.52637481689453,
    115.14673614501953,
    115.72876739501953,
    116.24160766601562,
    116.74974822998047,
    117.21259307861328,
    117.61695861816406,
    118.04066467285156,
    118.4001693725586,
    118.82128143310547,
    119.24159240722656,
    119.66361999511719,
    120.03424072265625,
    120.50112915039062,
    121.08673095703125,
    121.6120376586914,
    122.1148681640625,
    122.73783111572266,
    123.40892791748047,
    124.01634216308594,
    124.76891326904297,
    125.54163360595703,
    126.13253021240234,
    126.84825134277344,
    127.69059753417969,
    128.50790405273438,
    129.54078674316406
  ],
  "mean_ann_dist": [
    75.6010971069336,
    82.18146514892578,
    86.78853607177734,
    90.30172729492188,
    93.1295394897461,
    95.50634002685547,
    97.5681381225586,
    99.38835144042969,
    101.02220153808594,
    102.50846099853516,
    103.877685546875,
    105.15135955810547,
    106.3467025756836,
    107.47758483886719,
    108.55570983886719,
    109.5899658203125,
    2.001660840296661e+32,
    1.5129711661608494e+33,
    3.602453484496979e+32,
    113.35735321044922,
    114.2190933227539,
    1.5577983096374778e+32,
    2.9816373867707044e+32,
    2.8588428259957582e+32,
    4.121303942893677e+32,
    2.6464022569915678e+32,
    2.553550757773099e+32,
    7.420888046510504e+32,
    8.400196105363334e+32,
    4.668757005898064e+32,
    1.0227937975828267e+33,
    9.984811194387766e+32,
    2.1745227253917174e+32,
    1.597239756287569e+33,
    1.36299550411395e+33,
    2.171275802096803e+33,
    1.434281817048684e+33,
    1.8324963339283136e+33,
    1.8283281898160397e+33,
    3.0524070144815416e+33,
    3.3667583665973175e+33,
    3.29306162966359e+33,
    2.6075993746308036e+33,
    2.3374253054994707e+33,
    3.362741870139856e+33,
    3.55166018571508e+33,
    3.320598677382464e+33,
    4.380443710856092e+33,
    3.800859063048276e+33,
    4.197091483182505e+33
  ],
  "mean_barycenter_shift": [
    0.00022983374947216362,
    0.0002943183935713023,
    0.0003968038654420525,
    0.0005380684160627425,
    0.0007025924860499799,
    0.0009427238255739212,
    0.0012673025485128164,
    0.0016279800329357386,
    0.0019828318618237972,
    0.002295431448146701,
    0.002572584431618452,
    0.002824292751029134,
    0.00305663188919425,
    0.0032741427421569824,
    0.003479307284578681,
    0.0036953799426555634,
    0.003903279546648264,
    0.0041198101826012135,
    0.004349350463598967,
    0.004575903527438641,
    0.004818820394575596,
    0.00506620341911912,
    0.0053073265589773655,
    0.0055478462018072605,
    0.005791801493614912,
    0.006031343713402748,
    0.006276437547057867,
    0.006516934838145971,
    0.006758342031389475,
    0.007006591651588678,
    0.007267237175256014,
    0.007528665941208601,
    0.007796080783009529,
    0.00806718785315752,
    0.008356457576155663,
    0.008663265965878963,
    0.008985726162791252,
    0.009329970926046371,
    0.009694256819784641,
    0.010084390640258789,
    0.010497336275875568,
    0.010943380184471607,
    0.01142031978815794,
    0.01193020585924387,
    0.01247647125273943,
    0.013055592775344849,
    0.013668603263795376,
    0.014314264059066772,
    0.014994015917181969,
    0.01570465788245201
  ],
  "mean_lid_diff": [
    0.04488563537597656,
    0.013933181762695312,
    -0.009649276733398438,
    -0.04076194763183594,
    -0.07402324676513672,
    -0.11103630065917969,
    -0.16143035888671875,
    -0.2189044952392578,
    -0.2808980941772461,
    -0.3519716262817383,
    -0.4279460906982422,
    -0.5176239013671875,
    -0.613530158996582,
    -0.7123651504516602,
    -0.8164157867431641,
    -0.9262380599975586,
    -1.0434885025024414,
    -1.1593499183654785,
    -1.2840499877929688,
    -1.402757167816162,
    -1.5249204635620117,
    -1.6499052047729492,
    -1.7759580612182617,
    -1.9035229682922363,
    -2.0341644287109375,
    -2.164926052093506,
    -2.3030691146850586,
    -2.4508237838745117,
    -2.601706027984619,
    -2.754993438720703,
    -2.9174909591674805,
    -3.0830211639404297,
    -3.2517666816711426,
    -3.422954559326172,
    -3.5992465019226074,
    -3.786182403564453,
    -3.975217342376709,
    -4.169591426849365,
    -4.369451999664307,
    -4.578433036804199,
    -4.784251689910889,
    -4.992367267608643,
    -5.209500789642334,
    -5.425992012023926,
    -5.647423982620239,
    -5.863972187042236,
    -6.0811731815338135,
    -6.29298734664917,
    -6.498345851898193,
    -6.698884963989258
  ],
  "mean_lid_exact": [
    11.095666885375977,
    9.605415344238281,
    9.058934211730957,
    8.837571144104004,
    8.726156234741211,
    8.661084175109863,
    8.639104843139648,
    8.631937026977539,
    8.646387100219727,
    8.667332649230957,
    8.692510604858398,
    8.725726127624512,
    8.760945320129395,
    8.798789024353027,
    8.834794044494629,
    8.871407508850098,
    8.909622192382812,
    8.94542121887207,
    8.982343673706055,
    9.016335487365723,
    9.0516939163208,
    9.083623886108398,
    9.116090774536133,
    9.146827697753906,
    9.176966667175293,
    9.204686164855957,
    9.23068618774414,
    9.258277893066406,
    9.285614013671875,
    9.312666893005371,
    9.34048843383789,
    9.365837097167969,
    9.389573097229004,
    9.411426544189453,
    9.432451248168945,
    9.453962326049805,
    9.475825309753418,
    9.496142387390137,
    9.515544891357422,
    9.535019874572754,
    9.552567481994629,
    9.568090438842773,
    9.585650444030762,
    9.600568771362305,
    9.615628242492676,
    9.630697250366211,
    9.6441068649292,
    9.657221794128418,
    9.669744491577148,
    9.682737350463867
  ],