{
  "k": [
    10,
    20,
    30,
    40,
    50,
    60,
    70,
    80,
    90,
    100,
    110,
    120,
    130,
    140,
    150,
    160,
    170,
    180,
    190,
    200,
    210,
    220,
    230,
    240,
    250,
    260,
    270,
    280,
    290,
    300,
    310,
    320,
    330,
    340,
    350,
    360,
    370,
    380,
    390,
    400,
    410,
    420,
    430,
    440,
    450,
    460,
    470,
    480,
    490,
    500
  ],
  "mean_overlap": [
    0.99056,
    0.9883200000000001,
    0.9847733333333334,
    0.97995,
    0.973842,
    0.9660616666666665,
    0.9561314285714286,
    0.94477875,
    0.9320811111111112,
    0.9185170000000001,
    0.9043090909090908,
    0.8897275,
    0.8747353846153847,
    0.8599142857142857,
    0.8449626666666668,
    0.830156875,
    0.8156817647058824,
    0.8014111111111112,
    0.7872752631578948,
    0.7735424999999999,
    0.760245238095238,
    0.7471563636363636,
    0.7343830434782609,
    0.7220304166666666,
    0.7099412,
    0.6981746153846153,
    0.6867340740740742,
    0.6756185714285714,
    0.6650003448275861,
    0.6544936666666666,
    0.6442574193548387,
    0.6343746875,
    0.624810303030303,
    0.6156402941176471,
    0.6066108571428571,
    0.597845,
    0.5893805405405406,
    0.5811060526315789,
    0.5730553846153845,
    0.5652202500000001,
    0.5576078048780487,
    0.5501914285714286,
    0.5430281395348837,
    0.53601,
    0.529138,
    0.5224826086956522,
    0.5159989361702128,
    0.5096435416666667,
    0.5034616326530612,
    0.49742020000000003
  ],
  "mean_exact_dist": [
    75.55923461914062,
    82.13717651367188,
    86.73735046386719,
    90.23989868164062,
    93.05348205566406,
    95.4113998413086,
    97.44730377197266,
    99.23202514648438,
    100.82064819335938,
    102.2510986328125,
    103.55319213867188,
    104.74845123291016,
    105.85348510742188,
    106.880859375,
    107.91866302490234,
    108.80873107910156,
    109.6547622680664,
    110.4538803100586,
    111.22869110107422,
    112.01493835449219,
    112.74476623535156,
    113.40077209472656,
    114.0516128540039,
    114.63054656982422,
    115.10942840576172,
    115.69608306884766,
    116.37893676757812,
    117.02156829833984,
    117.65045928955078,
    118.43333435058594,
    119.27935791015625,
    120.15306091308594,
    120.99671936035156,
    121.98238372802734,
    123.11773681640625,
    124.03184509277344,
    124.65199279785156,
    125.54623413085938,
    126.56338500976562,
    127.572998046875,
    128.23513793945312,
    129.2332305908203,
    130.20867919921875,
    130.5631866455078,
    131.17388916015625,
    131.9407196044922,
    132.4946746826172,
    133.12130737304688,
    133.57376098632812,
    134.0853271484375
  ],
  "mean_ann_dist": [
    75.65889739990234,
    82.23766326904297,
    86.84907531738281,
    90.37065887451172,
    93.21024322509766,
    95.60171508789062,
    97.68162536621094,
    99.5236587524414,
    101.1819076538086,
    102.69660949707031,
    104.0977783203125,
    105.40777587890625,
    106.64541625976562,
    107.82938385009766,
    2.2815538606195446e+32,
    110.0285873413086,
    2.014553985805818e+32,
    112.07257080078125,
    1.8055850648992985e+32,
    1.7185977263325508e+32,
    6.555647651440053e+32,
    6.2779827297597514e+32,
    1.3602407780415303e+33,
    8.773781650418876e+32,
    1.135931072054429e+33,
    2.489223215284198e+33,
    2.1682665246038052e+33,
    3.066231400385251e+33,
    3.424025782299669e+33,
    3.52746031485711e+33,
    4.1871399926917e+33,
    2.770943086934431e+33,
    4.1283635280814593e+33,
    4.201752946400434e+33,
    5.402076320682069e+33,
    5.25600620471661e+33,
    4.964939266799753e+33,
    3.6346216659028193e+33,
    8.285880544088089e+33,
    6.09057957542136e+33,
    7.086262795628847e+33,
    5.675950128363311e+33,
    6.752169394736567e+33,
    6.339090467577724e+33,
    6.552712495606907e+33,
    8.873194580016193e+33,
    5.304991492071133e+33,
    9.277648778921336e+33,
    7.615266760856511e+33,
    7.961683235869857e+33
  ],
  "mean_barycenter_shift": [
    0.0005244365311227739,
    0.0006034283433109522,
    0.0007701877621002495,
    0.0009831575443968177,
    0.0012348006712272763,
    0.0015288488939404488,
    0.0018955371342599392,
    0.002290338510647416,
    0.0026504246052354574,
    0.002980181947350502,
    0.0032843826338648796,
    0.003568228567019105,
    0.0038331318646669388,
    0.004087507724761963,
    0.00433749333024025,
    0.004617826547473669,
    0.004905118606984615,
    0.0052023958414793015,
    0.0055150678381323814,
    0.005829550791531801,
    0.006156952120363712,
    0.006493228953331709,
    0.00683688884600997,
    0.007186390459537506,
    0.00756095489487052,
    0.007954793982207775,
    0.008368623442947865,
    0.008811414241790771,
    0.009290613234043121,
    0.009810508228838444,
    0.01038286555558443,
    0.010999017395079136,
    0.01166392583400011,
    0.01237579993903637,
    0.013142758049070835,
    0.01396143063902855,
    0.014827853068709373,
    0.01573781855404377,
    0.016688182950019836,
    0.017673350870609283,
    0.018691610544919968,
    0.01973830722272396,
    0.02081206627190113,
    0.021907273679971695,
    0.023017864674329758,
    0.0241366196423769,
    0.025263052433729172,
    0.026390716433525085,
    0.027518298476934433,
    0.028641240671277046
  ],
  "mean_lid_diff": [
    0.0534515380859375,
    0.025209426879882812,
    -0.004839897155761719,
    -0.06091499328613281,
    -0.1080780029296875,
    -0.16463184356689453,
    -0.2381906509399414,
    -0.31543540954589844,
    -0.39649105072021484,
    -0.49445247650146484,
    -0.5964727401733398,
    -0.7154197692871094,
    -0.8380475044250488,
    -0.9652247428894043,
    -1.105588436126709,
    -1.243537425994873,
    -1.392198085784912,
    -1.5429930686950684,
    -1.7011337280273438,
    -1.8601603507995605,
    -2.0308713912963867,
    -2.2067832946777344,
    -2.3980164527893066,
    -2.5972347259521484,
    -2.800269603729248,
    -3.011744976043701,
    -3.232306480407715,
    -3.4636740684509277,
    -3.699950695037842,
    -3.9434943199157715,
    -4.204103469848633,
    -4.4647932052612305,
    -4.727015495300293,
    -4.992465972900391,
    -5.257203578948975,
    -5.522776365280151,
    -5.784414052963257,
    -6.040648698806763,
    -6.288753986358643,
    -6.546637058258057,
    -6.787657022476196,
    -7.016928434371948,
    -7.233649253845215,
    -7.445180177688599,
    -7.645891189575195,
    -7.837796688079834,
    -8.016851663589478,
    -8.184804797172546,
    -8.333331227302551,
    -8.478946328163147
  ],
  "mean_lid_exact": [
    11.095666885375977,
    9.605415344238281,
    9.058934211730957,
    8.837571144104004,
    8.726156234741211,
    8.661084175109863,
    8.639104843139648,
    8.631937026977539,
    8.646387100219727,
    8.667332649230957,
    8.692510604858398,
    8.725726127624512,
    8.760945320129395,
    8.798789024353027,
    8.834794044494629,
    8.871407508850098,
    8.909622192382812,
    8.94542121887207,
    8.982343673706055,
    9.016335487365723,
    9.0516939163208,
    9.083623886108398,
    9.116090774536133,
    9.146827697753906,
    9.176966667175293,
    9.204686164855957,
    9.23068618774414,
    9.258277893066406,
    9.285614013671875,
    9.312666893005371,
    9.34048843383789,
    9.365837097167969,
    9.389573097229004,
    9.411426544189453,
    9.432451248168945,
    9.453962326049805,
    9.475825309753418,
    9.496142387390137,
    9.515544891357422,
    9.535019874572754,
    9.552567481994629,
    9.568090438842773,
    9.585650444030762,
    9.600568771362305,
    9.615628242492676,
    9.630697250366211,
    9.6441068649292,
    9.657221794128418,
    9.669744491577148,
    9.682737350463867
  ],