{
  "alpha": 0.25,
  "k": [
    10,
    20,
    30,
    40,
    50,
    60,
    70,
    80,
    90,
    100,
    110,
    120,
    130,
    140,
    150,
    160,
    170,
    180,
    190,
    200,
    210,
    220,
    230,
    240,
    250,
    260,
    270,
    280,
    290,
    300,
    310,
    320,
    330,
    340,
    350,
    360,
    370,
    380,
    390,
    400,
    410,
    420,
    430,
    440,
    450,
    460,
    470,
    480,
    490,
    500
  ],
  "mean_overlap": [
    0.9932200000000001,
    0.9899450000000001,
    0.9846233333333334,
    0.9761225,
    0.963448,
    0.9473716666666665,
    0.9291214285714287,
    0.9097587500000002,
    0.89007,
    0.870107,
    0.8505945454545454,
    0.8312041666666666,
    0.8124092307692309,
    0.8163842857142858,
    0.8133426666666667,
    0.816604375,
    0.8137317647058824,
    0.8167927777777778,
    0.8140731578947368,
    0.816941,
    0.8149819047619048,
    0.8175977272727273,
    0.8157000000000001,
    0.8182570833333334,
    0.8165384,
    0.8190092307692308,
    0.8173981481481482,
    0.8197567857142858,
    0.8182572413793103,
    0.8203373333333333,
    0.8192548387096774,
    0.82152125,
    0.8202963636363636,
    0.8224417647058825,
    0.8213425714285715,
    0.8234152777777778,
    0.8224491891891892,
    0.8243444736842106,
    0.8233212820512821,
    0.82512675,
    0.8241939024390246,
    0.8258452380952381,
    0.824886511627907,
    0.8265488636363636,
    0.8256733333333334,
    0.8269832608695651,
    0.826311914893617,
    0.8277020833333334,
    0.8269610204081633,
    0.8282052
  ],
  "mean_exact_dist": [
    75.3465805053711,
    81.9303970336914,
    86.3762435913086,
    89.74821472167969,
    92.4827651977539,
    94.79617309570312,
    96.81319427490234,
    98.60040283203125,
    100.19419860839844,
    101.62964630126953,
    102.93486022949219,
    104.1328125,
    105.23967742919922,
    106.26858520507812,
    107.22969818115234,
    108.13216400146484,
    108.98617553710938,
    109.7734375,
    110.55316162109375,
    111.30338287353516,
    112.04792022705078,
    112.72012329101562,
    113.36829376220703,
    113.9935302734375,
    114.58126831054688,
    115.13973236083984,
    115.69091796875,
    116.21444702148438,
    116.72863006591797,
    117.181640625,
    117.63565063476562,
    118.07721710205078,
    118.52442169189453,
    118.965576171875,
    119.40184783935547,
    119.83311462402344,
    120.24250793457031,
    120.63713073730469,
    121.02349090576172,
    121.41097259521484,
    121.77446746826172,
    122.136962890625,
    122.49382019042969,
    122.84040832519531,
    123.1794204711914,
    123.5112533569336,
    123.83616638183594,
    124.15445709228516,
    124.46634674072266,
    124.7748794555664
  ],
  "mean_ann_dist": [
    75.39875030517578,
    81.99470520019531,
    86.46214294433594,
    89.86702728271484,
    92.6541976928711,
    95.04820251464844,
    97.17862701416016,
    99.09912872314453,
    100.84565734863281,
    102.45649719238281,
    103.96253967285156,
    105.38522338867188,
    106.74291229248047,
    107.71356201171875,
    108.72350311279297,
    2.1267647395292677e+32,
    2.0020612365281172e+32,
    111.24588775634766,
    1.0768372305666168e+33,
    1.707216415096371e+32,
    1.6290259945056637e+32,
    1.5540419353307713e+32,
    2.978036335253302e+32,
    115.44622039794922,
    116.0629653930664,
    116.58911895751953,
    2.5376118929110374e+32,
    1.2231220904432654e+32,
    2.3628420327304322e+32,
    1.1408916331915373e+32,
    1.103311835589587e+32,
    119.54679107666016,
    1.0327077630161912e+32,
    1.001631696181571e+32,
    120.88578033447266,
    121.28673553466797,
    121.71131896972656,
    122.07771301269531,
    122.48069763183594,
    122.84601593017578,
    123.2254638671875,
    123.56673431396484,
    123.94080352783203,
    124.26663970947266,
    124.62045288085938,
    124.93502807617188,
    7.241498542273922e+31,
    125.57457733154297,
    125.90121459960938,
    6.807008184852785e+31
  ],
  "mean_barycenter_shift": [
    0.00036646320950239897,
    0.0005247704684734344,
    0.0008013570914044976,
    0.0012321046087890863,
    0.0019190751481801271,
    0.002630554838106036,
    0.0032421608921140432,
    0.003701293608173728,
    0.004075475502759218,
    0.00440354086458683,
    0.004705299157649279,
    0.005000945180654526,
    0.005288612563163042,
    0.005053437780588865,
    0.005020311567932367,
    0.004847902804613113,
    0.004827928263694048,
    0.0046857018023729324,
    0.004692068323493004,
    0.004586056340485811,
    0.004607296083122492,
    0.004514974541962147,
    0.0045328522101044655,
    0.004458076786249876,
    0.004476415924727917,
    0.004407137166708708,
    0.004424711223691702,
    0.004355303477495909,
    0.004370494280010462,
    0.0042884801514446735,
    0.004284090828150511,
    0.004194862209260464,
    0.004191208630800247,
    0.00412106653675437,
    0.004114734008908272,
    0.004042971879243851,
    0.004035064484924078,
    0.003964186646044254,
    0.003955464344471693,
    0.003887610509991646,
    0.0038775550201535225,
    0.0038137855008244514,
    0.003805143292993307,
    0.0037439025472849607,
    0.003734155558049679,
    0.0036805083509534597,
    0.003665831871330738,
    0.0036117862910032272,
    0.0036023491993546486,
    0.0035529849119484425
  ],
  "mean_lid_diff": [
    0.025994300842285156,
    -0.03256702423095703,
    -0.07958126068115234,
    -0.14955711364746094,
    -0.2544527053833008,
    -0.35684680938720703,
    -0.47406959533691406,
    -0.6011438369750977,
    -0.7378830909729004,
    -0.8866653442382812,
    -1.0435543060302734,
    -1.1991004943847656,
    -1.3569989204406738,
    -1.3360271453857422,
    -1.369046688079834,
    -1.350985050201416,
    -1.3839941024780273,
    -1.3680758476257324,
    -1.4033212661743164,
    -1.3879528045654297,
    -1.4182562828063965,
    -1.4042229652404785,
    -1.4303340911865234,
    -1.4126930236816406,
    -1.4358410835266113,
    -1.4222698211669922,
    -1.4449777603149414,
    -1.431898593902588,
    -1.451632022857666,
    -1.437760829925537,
    -1.456223487854004,
    -1.4350223541259766,
    -1.4500384330749512,
    -1.435159683227539,
    -1.4505972862243652,
    -1.4378118515014648,
    -1.4544601440429688,
    -1.4431629180908203,
    -1.4607386589050293,
    -1.4483561515808105,
    -1.463902473449707,
    -1.4526634216308594,
    -1.4692497253417969,
    -1.4593095779418945,
    -1.4742059707641602,
    -1.4644460678100586,
    -1.4784183502197266,
    -1.468094825744629,
    -1.4829750061035156,
    -1.4759130477905273
  ],
  "mean_lid_exact": [
    11.127166748046875,
    9.591514587402344,
    9.109856605529785,
    8.869894981384277,
    8.750004768371582,
    8.673412322998047,
    8.63559627532959,
    8.625983238220215,
    8.639481544494629,
    8.659671783447266,
    8.68704891204834,
    8.712798118591309,
    8.741908073425293,
    8.775221824645996,
    8.807697296142578,
    8.840590476989746,
    8.871755599975586,
    8.90386962890625,
    8.936796188354492,
    8.966869354248047,
    8.996798515319824,
    9.027505874633789,
    9.054141998291016,
    9.080364227294922,
    9.106772422790527,
    9.1342191696167,
    9.159627914428711,
    9.185630798339844,
    9.20871639251709,
    9.233834266662598,
    9.2561674118042,
    9.275808334350586,
    9.296192169189453,
    9.316105842590332,
    9.336008071899414,
    9.35588550567627,
    9.374585151672363,
    9.392230033874512,
    9.409022331237793,
    9.425323486328125,
    9.441228866577148,
    9.455697059631348,
    9.470396995544434,
    9.484896659851074,
    9.49851131439209,
    9.511353492736816,
    9.523924827575684,
    9.53568172454834,
    9.547663688659668,
    9.559054374694824
  ],