{
  "alpha": 0.25,
  "k": [
    10,
    20,
    30,
    40,
    50,
    60,
    70,
    80,
    90,
    100,
    110,
    120,
    130,
    140,
    150,
    160,
    170,
    180,
    190,
    200,
    210,
    220,
    230,
    240,
    250,
    260,
    270,
    280,
    290,
    300,
    310,
    320,
    330,
    340,
    350,
    360,
    370,
    380,
    390,
    400,
    410,
    420,
    430,
    440,
    450,
    460,
    470,
    480,
    490,
    500
  ],
  "mean_overlap": [
    0.9928400000000002,
    0.98966,
    0.9844300000000001,
    0.9760549999999999,
    0.96341,
    0.9471766666666667,
    0.9285314285714287,
    0.9089337500000001,
    0.8890177777777779,
    0.869174,
    0.8497563636363636,
    0.8307783333333333,
    0.8122776923076923,
    0.8161014285714284,
    0.8133133333333332,
    0.817009375,
    0.8144076470588235,
    0.8177444444444445,
    0.8155652631578947,
    0.818643,
    0.8164338095238097,
    0.8191950000000001,
    0.8173782608695653,
    0.8200729166666666,
    0.8183592000000001,
    0.8206996153846154,
    0.8192233333333333,
    0.8217214285714286,
    0.8201820689655172,
    0.8224759999999999,
    0.8213261290322582,
    0.8236012500000001,
    0.8224912121212121,
    0.8246794117647059,
    0.8237182857142857,
    0.8258191666666668,
    0.8249010810810811,
    0.827047105263158,
    0.826208717948718,
    0.8280299999999999,
    0.8271900000000001,
    0.8288685714285715,
    0.8280372093023256,
    0.8296281818181819,
    0.8288197777777777,
    0.8302671739130434,
    0.8294382978723405,
    0.8308083333333333,
    0.83001,
    0.8314022000000001
  ],
  "mean_exact_dist": [
    75.8409194946289,
    82.43536376953125,
    86.94657135009766,
    90.38887786865234,
    93.17985534667969,
    95.53202056884766,
    97.55919647216797,
    99.33556365966797,
    100.91705322265625,
    102.34223175048828,
    103.63912963867188,
    104.82966613769531,
    105.9345703125,
    106.9659423828125,
    107.94829559326172,
    108.84883880615234,
    109.69729614257812,
    110.50479888916016,
    111.25894165039062,
    111.97608947753906,
    112.6662368774414,
    113.33744812011719,
    113.979248046875,
    114.60295104980469,
    115.19580841064453,
    115.77010345458984,
    116.31920623779297,
    116.8573226928711,
    117.37419891357422,
    117.87478637695312,
    118.36007690429688,
    118.83097839355469,
    119.28823852539062,
    119.73262786865234,
    120.16490173339844,
    120.58560180664062,
    120.9876708984375,
    121.38678741455078,
    121.7592544555664,
    122.13709259033203,
    122.5076904296875,
    122.86419677734375,
    123.21781158447266,
    123.56117248535156,
    123.8988265991211,
    124.23139953613281,
    124.56175994873047,
    124.87171936035156,
    125.18199157714844,
    125.4867935180664
  ],
  "mean_ann_dist": [
    75.893798828125,
    82.50135040283203,
    87.03462219238281,
    90.51012420654297,
    93.35359954833984,
    95.7850341796875,
    97.92056274414062,
    99.83238983154297,
    101.57162475585938,
    103.1758041381836,
    104.673828125,
    106.0903091430664,
    5.2372078531063046e+32,
    1.4596665512667553e+33,
    109.42681884765625,
    110.2734146118164,
    111.16627502441406,
    111.93141174316406,
    1.7949086057729867e+32,
    113.41080474853516,
    114.1450424194336,
    1.5472021231855884e+32,
    115.45431518554688,
    116.04329681396484,
    116.66455078125,
    117.21087646484375,
    117.78241729736328,
    118.29043579101562,
    1.1733873657946474e+32,
    119.3015365600586,
    119.8063735961914,
    120.25057220458984,
    120.72834014892578,
    121.14305877685547,
    9.722352625236905e+31,
    121.98717498779297,
    122.40461730957031,
    122.77751159667969,
    123.16383361816406,
    8.509611435735572e+31,
    8.302060149602166e+31,
    124.24183654785156,
    124.61163330078125,
    124.9367904663086,
    125.28892517089844,
    7.401142999597968e+31,
    7.242947318976148e+31,
    7.093471862076373e+31,
    126.57022094726562,
    6.810413970671804e+31
  ],
  "mean_barycenter_shift": [
    0.0003848126216325909,
    0.0005391797749325633,
    0.0008135486859828234,
    0.0012507438659667969,
    0.0019227355951443315,
    0.0026281271129846573,
    0.0032314984127879143,
    0.0036986866034567356,
    0.0040793586522340775,
    0.004416185896843672,
    0.004719981923699379,
    0.00501504261046648,
    0.00532354973256588,
    0.00510796532034874,
    0.005062091629952192,
    0.004877092316746712,
    0.0048527889885008335,
    0.004700309596955776,
    0.0046900734305381775,
    0.004564292263239622,
    0.004564461763948202,
    0.004458919633179903,
    0.004460567608475685,
    0.004375213757157326,
    0.004388671834021807,
    0.004317000042647123,
    0.004328719340264797,
    0.004243779461830854,
    0.004257421009242535,
    0.004189425613731146,
    0.00418739952147007,
    0.004114975221455097,
    0.004113268107175827,
    0.004036502446979284,
    0.00402702484279871,
    0.0039564562030136585,
    0.003946117591112852,
    0.0038721603341400623,
    0.0038617770187556744,
    0.003800350474193692,
    0.003787737339735031,
    0.003727426053956151,
    0.0037163356319069862,
    0.0036556392442435026,
    0.0036454773508012295,
    0.003589920699596405,
    0.0035787494853138924,
    0.0035263642203062773,
    0.003516156692057848,
    0.003466489724814892
  ],
  "mean_lid_diff": [
    0.01644420623779297,
    -0.023694992065429688,
    -0.07618522644042969,
    -0.1562051773071289,
    -0.23844337463378906,
    -0.3596029281616211,
    -0.4751405715942383,
    -0.6169872283935547,
    -0.7416572570800781,
    -0.8881931304931641,
    -1.0439114570617676,
    -1.2078933715820312,
    -1.3721747398376465,
    -1.3481321334838867,
    -1.3725929260253906,
    -1.3463220596313477,
    -1.3785991668701172,
    -1.3580646514892578,
    -1.3866348266601562,
    -1.3670878410339355,
    -1.3948135375976562,
    -1.3737430572509766,
    -1.3927884101867676,
    -1.3727035522460938,
    -1.3938689231872559,
    -1.3793878555297852,
    -1.400655746459961,
    -1.3858284950256348,
    -1.4068560600280762,
    -1.3910088539123535,
    -1.4075961112976074,
    -1.391901969909668,
    -1.4083528518676758,
    -1.3926143646240234,
    -1.4101924896240234,
    -1.3969154357910156,
    -1.414670467376709,
    -1.403158187866211,
    -1.418440818786621,
    -1.407052993774414,
    -1.423330307006836,
    -1.412623405456543,
    -1.4287872314453125,
    -1.4186277389526367,
    -1.435032844543457,
    -1.425583839416504,
    -1.4408864974975586,
    -1.4307098388671875,
    -1.4440202713012695,
    -1.436605453491211
  ],
  "mean_lid_exact": [
    11.189666748046875,
    9.678772926330566,
    9.151755332946777,
    8.92019271850586,
    8.789591789245605,
    8.731404304504395,
    8.700028419494629,
    8.693490028381348,
    8.686240196228027,
    8.70059871673584,
    8.721681594848633,
    8.746597290039062,
    8.774813652038574,
    8.803258895874023,
    8.826647758483887,
    8.854053497314453,
    8.882424354553223,
    8.914691925048828,
    8.945989608764648,
    8.977972030639648,
    9.0093355178833,
    9.038050651550293,
    9.0651273727417,
    9.092148780822754,
    9.120648384094238,
    9.149796485900879,
    9.176254272460938,
    9.204669952392578,
    9.231734275817871,
    9.256725311279297,
    9.279006958007812,
    9.30236530303955,
    9.324355125427246,
    9.344680786132812,
    9.365589141845703,
    9.386211395263672,
    9.406376838684082,
    9.42652702331543,
    9.444517135620117,
    9.461812019348145,
    9.477593421936035,
    9.495132446289062,
    9.511894226074219,
    9.5261812210083,
    9.540984153747559,
    9.555222511291504,
    9.569696426391602,
    9.582456588745117,
    9.59473705291748,
    9.607583999633789
  ],