{
  "alpha": 0.25,
  "k": [
    10,
    20,
    30,
    40,
    50,
    60,
    70,
    80,
    90,
    100,
    110,
    120,
    130,
    140,
    150,
    160,
    170,
    180,
    190,
    200,
    210,
    220,
    230,
    240,
    250,
    260,
    270,
    280,
    290,
    300,
    310,
    320,
    330,
    340,
    350,
    360,
    370,
    380,
    390,
    400,
    410,
    420,
    430,
    440,
    450,
    460,
    470,
    480,
    490,
    500
  ],
  "mean_overlap": [
    0.73446,
    0.80339,
    0.7975200000000001,
    0.8140275,
    0.804578,
    0.812975,
    0.8061400000000001,
    0.8118187499999999,
    0.8067311111111112,
    0.811781,
    0.8075790909090909,
    0.8123450000000001,
    0.8089246153846156,
    0.8135257142857142,
    0.8105720000000001,
    0.814495,
    0.8117258823529413,
    0.815371111111111,
    0.8133073684210526,
    0.816479,
    0.8147033333333333,
    0.8177422727272727,
    0.8161878260869565,
    0.8192074999999999,
    0.8179672,
    0.820658076923077,
    0.8194037037037036,
    0.8219117857142857,
    0.8208637931034481,
    0.823256,
    0.8220574193548388,
    0.8242796875,
    0.8232599999999999,
    0.825105,
    0.8240871428571429,
    0.8259652777777777,
    0.8250245945945947,
    0.8271055263157894,
    0.8262035897435899,
    0.82798225,
    0.8271821951219513,
    0.8288342857142857,
    0.8280648837209302,
    0.8295600000000001,
    0.8286891111111112,
    0.8302195652173913,
    0.8293546808510639,
    0.8307270833333334,
    0.8299279591836736,
    0.8314374
  ],
  "mean_exact_dist": [
    75.86603546142578,
    82.51177978515625,
    87.10497283935547,
    90.62574768066406,
    93.46546936035156,
    95.84565734863281,
    97.88258361816406,
    99.68408966064453,
    101.30093383789062,
    102.76496887207031,
    104.0676498413086,
    105.27668762207031,
    106.37860107421875,
    107.40253448486328,
    108.35926055908203,
    109.25708770751953,
    110.10408020019531,
    110.91464233398438,
    111.666748046875,
    112.37752532958984,
    113.05854797363281,
    113.69779968261719,
    114.31681823730469,
    114.91482543945312,
    115.49874877929688,
    116.06580352783203,
    116.60899353027344,
    117.14207458496094,
    117.65538787841797,
    118.14076232910156,
    118.62353515625,
    119.08634948730469,
    119.53612518310547,
    119.97364807128906,
    120.39287567138672,
    120.81433868408203,
    121.21861267089844,
    121.61283874511719,
    121.99749755859375,
    122.37303924560547,
    122.73983764648438,
    123.09822845458984,
    123.44856262207031,
    123.7911605834961,
    124.12628936767578,
    124.4543228149414,
    124.76789093017578,
    125.07717895507812,
    125.39051055908203,
    125.69256591796875
  ],
  "mean_ann_dist": [
    79.54609680175781,
    84.36679077148438,
    88.96854400634766,
    92.19772338867188,
    2.041898379106078e+33,
    97.38380432128906,
    99.4929428100586,
    101.19580078125,
    7.577743560325732e+32,
    3.41374770775225e+32,
    105.58056640625,
    106.71820831298828,
    107.85789489746094,
    108.8185043334961,
    109.81202697753906,
    110.66024780273438,
    111.54823303222656,
    112.30399322509766,
    113.08907318115234,
    113.77120208740234,
    114.48332977294922,
    115.09473419189453,
    115.74201202392578,
    116.30610656738281,
    116.9131088256836,
    117.45132446289062,
    118.0185546875,
    118.525390625,
    119.0578842163086,
    119.51077270507812,
    120.01453399658203,
    120.4516372680664,
    120.91889953613281,
    121.3333740234375,
    121.76777648925781,
    122.16887664794922,
    122.58899688720703,
    122.9582748413086,
    123.35871124267578,
    123.71238708496094,
    124.09392547607422,
    124.432373046875,
    124.79557800292969,
    125.12028503417969,
    125.47053527832031,
    125.78082275390625,
    126.1076889038086,
    126.39934539794922,
    126.72809600830078,
    127.01307678222656
  ],
  "mean_barycenter_shift": [
    0.020948179066181183,
    0.012382572516798973,
    0.010699460282921791,
    0.008749066852033138,
    0.008218584582209587,
    0.0072819534689188,
    0.0069755325093865395,
    0.006403913255780935,
    0.006236926186829805,
    0.0058563025668263435,
    0.005760291591286659,
    0.005488279741257429,
    0.005411985330283642,
    0.005167874973267317,
    0.0051256935112178326,
    0.004939608741551638,
    0.00493247015401721,
    0.004782720468938351,
    0.004776380490511656,
    0.00463094562292099,
    0.004604513291269541,
    0.004459532443434,
    0.004437109921127558,
    0.004329047165811062,
    0.004330319352447987,
    0.004238736815750599,
    0.0042396895587444305,
    0.004168176092207432,
    0.004174239933490753,
    0.00410386361181736,
    0.004109491128474474,
    0.004047904163599014,
    0.004042660817503929,
    0.0039898124523460865,
    0.003983787726610899,
    0.0039214142598211765,
    0.0039106556214392185,
    0.0038420138880610466,
    0.0038330950774252415,
    0.0037677050568163395,
    0.003752491669729352,
    0.003689014120027423,
    0.0036725730169564486,
    0.0036160508170723915,
    0.003605996258556843,
    0.003546892898157239,
    0.0035361694172024727,
    0.003482043044641614,
    0.003473001765087247,
    0.003418930107727647
  ],
  "mean_lid_diff": [
    -0.4983358383178711,
    -1.1354637145996094,
    -1.3166189193725586,
    -1.2473106384277344,
    -1.3279914855957031,
    -1.2652134895324707,
    -1.3298559188842773,
    -1.2940125465393066,
    -1.3447246551513672,
    -1.3077707290649414,
    -1.3508830070495605,
    -1.3216290473937988,
    -1.3540072441101074,
    -1.3346624374389648,
    -1.3616981506347656,
    -1.3366990089416504,
    -1.370236873626709,
    -1.3467540740966797,
    -1.3757286071777344,
    -1.3603086471557617,
    -1.3807425498962402,
    -1.361185073852539,
    -1.3839497566223145,
    -1.3646621704101562,
    -1.3841571807861328,
    -1.3716468811035156,
    -1.3921709060668945,
    -1.3782148361206055,
    -1.3967299461364746,
    -1.3814516067504883,
    -1.3990578651428223,
    -1.3839101791381836,
    -1.401432991027832,
    -1.3892812728881836,
    -1.4059371948242188,
    -1.3917407989501953,
    -1.407008171081543,
    -1.3950614929199219,
    -1.4108409881591797,
    -1.401850700378418,
    -1.4185447692871094,
    -1.4078712463378906,
    -1.423630714416504,
    -1.4157943725585938,
    -1.431427001953125,
    -1.4219484329223633,
    -1.4353361129760742,
    -1.4280977249145508,
    -1.441462516784668,
    -1.4335393905639648
  ],
  "mean_lid_exact": [
    11.12174129486084,
    9.595296859741211,
    9.056166648864746,
    8.837066650390625,
    8.739181518554688,
    8.686026573181152,
    8.66765022277832,
    8.670998573303223,
    8.684711456298828,
    8.70559024810791,
    8.734942436218262,
    8.769085884094238,
    8.79924488067627,
    8.840621948242188,
    8.873286247253418,
    8.908406257629395,
    8.945664405822754,
    8.979973793029785,
    9.016620635986328,
    9.052742958068848,
    9.085184097290039,
    9.116326332092285,
    9.149813652038574,
    9.181717872619629,
    9.212260246276855,
    9.243837356567383,
    9.274223327636719,
    9.304156303405762,
    9.33092975616455,
    9.357851028442383,
    9.38123893737793,
    9.404986381530762,
    9.42873477935791,
    9.450957298278809,
    9.473140716552734,
    9.492895126342773,
    9.513031005859375,
    9.532125473022461,
    9.552115440368652,
    9.571782112121582,
    9.590489387512207,
    9.608085632324219,
    9.625401496887207,
    9.642910957336426,
    9.658679008483887,
    9.672687530517578,
    9.6869535446167,
    9.701991081237793,
    9.714591026306152,
    9.728715896606445
  ],