{
  "k": [
    10,
    20,
    30,
    40,
    50,
    60,
    70,
    80,
    90,
    100,
    110,
    120,
    130,
    140,
    150,
    160,
    170,
    180,
    190,
    200,
    210,
    220,
    230,
    240,
    250,
    260,
    270,
    280,
    290,
    300,
    310,
    320,
    330,
    340,
    350,
    360,
    370,
    380,
    390,
    400,
    410,
    420,
    430,
    440,
    450,
    460,
    470,
    480,
    490,
    500
  ],
  "mean_overlap": [
    0.9904200000000001,
    0.988195,
    0.9843633333333335,
    0.9791449999999999,
    0.9730800000000001,
    0.9651733333333333,
    0.9549914285714287,
    0.9432550000000001,
    0.9301211111111112,
    0.916049,
    0.90146,
    0.8868691666666666,
    0.8719961538461539,
    0.8570621428571429,
    0.8422726666666668,
    0.827713125,
    0.8130688235294118,
    0.7987816666666667,
    0.7846063157894738,
    0.7707745,
    0.75731,
    0.7441790909090908,
    0.7313639130434784,
    0.7189875,
    0.7069164000000001,
    0.6952046153846154,
    0.6837959259259259,
    0.6727742857142858,
    0.6619875862068965,
    0.6515920000000001,
    0.6415099999999999,
    0.6316853124999999,
    0.6222242424242425,
    0.6130394117647059,
    0.6040957142857143,
    0.5953913888888889,
    0.5869643243243243,
    0.5787678947368421,
    0.5707761538461539,
    0.5630142499999999,
    0.5554253658536585,
    0.5480490476190475,
    0.5408527906976743,
    0.5339022727272728,
    0.5270908888888889,
    0.5204734782608696,
    0.5140012765957447,
    0.5077179166666667,
    0.5015585714285714,
    0.49558860000000005
  ],
  "mean_exact_dist": [
    76.3860092163086,
    83.12767028808594,
    87.7303466796875,
    91.22197723388672,
    94.04851531982422,
    96.42997741699219,
    98.47911071777344,
    100.27063751220703,
    101.86175537109375,
    103.29212188720703,
    104.59063720703125,
    105.77362060546875,
    106.90754699707031,
    107.94892120361328,
    108.89678192138672,
    109.77738189697266,
    110.60611724853516,
    111.38768005371094,
    112.1549301147461,
    112.85509490966797,
    113.57373809814453,
    114.31631469726562,
    114.9360580444336,
    115.59894561767578,
    116.12950134277344,
    116.71238708496094,
    117.46134948730469,
    118.18363952636719,
    119.01942443847656,
    120.01021575927734,
    120.82186126708984,
    121.72722625732422,
    122.68330383300781,
    123.60267639160156,
    124.35319519042969,
    125.5049819946289,
    126.49674987792969,
    127.33946228027344,
    128.34141540527344,
    129.221923828125,
    130.1830596923828,
    131.01779174804688,
    131.80711364746094,
    132.48684692382812,
    132.9029083251953,
    133.52980041503906,
    134.1045379638672,
    134.56361389160156,
    134.88088989257812,
    135.57632446289062
  ],
  "mean_ann_dist": [
    76.48880767822266,
    83.22952270507812,
    87.84512329101562,
    91.35672760009766,
    94.21009826660156,
    96.6270523071289,
    98.72323608398438,
    100.57691192626953,
    102.24430084228516,
    103.76593780517578,
    105.17206573486328,
    106.4814453125,
    4.4618930472858443e+33,
    108.8734130859375,
    109.97074890136719,
    111.02426147460938,
    112.04447174072266,
    113.03739166259766,
    1.804675372398555e+32,
    5.148512544141605e+32,
    4.9187253403369285e+32,
    1.0999863998162436e+33,
    1.5138528889538304e+33,
    1.0242416458300234e+33,
    1.1364052030894753e+33,
    1.938725670866946e+33,
    3.255200162017076e+33,
    3.0638786953405894e+33,
    2.633274870015602e+33,
    4.1966452057983427e+33,
    4.4488364936915014e+33,
    3.022465577721366e+33,
    2.914748701083027e+33,
    5.369262244060732e+33,
    5.791217820271271e+33,
    4.8124854035367096e+33,
    7.148544177975314e+33,
    6.6792875318337e+33,
    6.21293323611419e+33,
    7.016819930155114e+33,
    6.518446934289507e+33,
    6.934363838988413e+33,
    6.234302557072334e+33,
    7.148789290103093e+33,
    8.425436619566829e+33,
    6.942334315931352e+33,
    7.556295011205074e+33,
    7.742699070560509e+33,
    8.436027196602915e+33,
    8.231128932030576e+33
  ],
  "mean_barycenter_shift": [
    0.000532314763404429,
    0.0006100901518948376,
    0.0007783794426359236,
    0.0010042088106274605,
    0.0012520336313173175,
    0.0015554471174255013,
    0.0019463978242129087,
    0.0023296542931348085,
    0.002689721994102001,
    0.0030294517055153847,
    0.0033180646132677794,
    0.0035976809449493885,
    0.003861250588670373,
    0.004127854481339455,
    0.004394175484776497,
    0.004665825050324202,
    0.004946739878505468,
    0.005242084618657827,
    0.005547777749598026,
    0.005854833871126175,
    0.006182627286761999,
    0.006526483688503504,
    0.0068899947218596935,
    0.007264032028615475,
    0.0076500787399709225,
    0.008054823614656925,
    0.008482841774821281,
    0.008932160213589668,
    0.00940745696425438,
    0.0099082225933671,
    0.010440327227115631,
    0.011008140631020069,
    0.011608496308326721,
    0.012243782170116901,
    0.012921316549181938,
    0.013632480055093765,
    0.014388136565685272,
    0.01518078614026308,
    0.01600509323179722,
    0.016858169808983803,
    0.01774177886545658,
    0.018650377169251442,
    0.01958017796278,
    0.020523475483059883,
    0.021485188975930214,
    0.022455818951129913,
    0.023436279967427254,
    0.02442196197807789,
    0.025409046560525894,
    0.026394637301564217
  ],
  "mean_lid_diff": [
    0.08018875122070312,
    0.0350189208984375,
    -0.02475261688232422,
    -0.07005023956298828,
    -0.12704849243164062,
    -0.19090557098388672,
    -0.25374603271484375,
    -0.3366079330444336,
    -0.423828125,
    -0.535247802734375,
    -0.6376361846923828,
    -0.7570066452026367,
    -0.8812966346740723,
    -1.0167899131774902,
    -1.152421474456787,
    -1.2979235649108887,
    -1.4482946395874023,
    -1.600839614868164,
    -1.7646546363830566,
    -1.9319939613342285,
    -2.1023736000061035,
    -2.279951572418213,
    -2.4707717895507812,
    -2.6640677452087402,
    -2.871284008026123,
    -3.0876946449279785,
    -3.310298442840576,
    -3.534719944000244,
    -3.7741098403930664,
    -4.025146961212158,
    -4.278939247131348,
    -4.534758567810059,
    -4.797968864440918,
    -5.0723490715026855,
    -5.356321334838867,
    -5.626864910125732,
    -5.900323152542114,
    -6.172081232070923,
    -6.439798593521118,
    -6.695528268814087,
    -6.941313743591309,
    -7.184947729110718,
    -7.420311212539673,
    -7.642209410667419,
    -7.854182958602905,
    -8.048383712768555,
    -8.224327087402344,
    -8.390018343925476,
    -8.536639928817749,
    -8.67215645313263
  ],
  "mean_lid_exact": [
    10.996475219726562,
    9.567937850952148,
    9.092788696289062,
    8.86896800994873,
    8.756924629211426,
    8.703058242797852,
    8.683945655822754,
    8.690606117248535,
    8.695237159729004,
    8.72542667388916,
    8.754201889038086,
    8.788507461547852,
    8.818124771118164,
    8.854358673095703,
    8.888816833496094,
    8.924312591552734,
    8.95751953125,
    8.991827964782715,
    9.029470443725586,
    9.06154727935791,
    9.091219902038574,
    9.119490623474121,
    9.149149894714355,
    9.176682472229004,
    9.205205917358398,
    9.235150337219238,
    9.261761665344238,
    9.286431312561035,
    9.312701225280762,
    9.336847305297852,
    9.361105918884277,
    9.382407188415527,
    9.403413772583008,
    9.423199653625488,
    9.443562507629395,
    9.462357521057129,
    9.483094215393066,
    9.501259803771973,
    9.518342018127441,
    9.535828590393066,
    9.55195426940918,
    9.568601608276367,
    9.583741188049316,
    9.599356651306152,
    9.61565113067627,
    9.629172325134277,
    9.641616821289062,
    9.65477180480957,
    9.667396545410156,
    9.67839241027832
  ],