{
  "alpha": 2.0,
  "k": [
    10,
    20,
    30,
    40,
    50,
    60,
    70,
    80,
    90,
    100,
    110,
    120,
    130,
    140,
    150,
    160,
    170,
    180,
    190,
    200,
    210,
    220,
    230,
    240,
    250,
    260,
    270,
    280,
    290,
    300,
    310,
    320,
    330,
    340,
    350,
    360,
    370,
    380,
    390,
    400,
    410,
    420,
    430,
    440,
    450,
    460,
    470,
    480,
    490,
    500
  ],
  "mean_overlap": [
    0.9872800000000002,
    0.992705,
    0.9949166666666668,
    0.9960925000000002,
    0.99672,
    0.9972266666666666,
    0.9976557142857142,
    0.99793125,
    0.9981955555555556,
    0.9983620000000001,
    0.9985127272727273,
    0.9985891666666666,
    0.9986923076923077,
    0.9987799999999999,
    0.9988653333333334,
    0.9989356250000001,
    0.9990070588235294,
    0.9990705555555556,
    0.9991252631578947,
    0.9991875,
    0.99924,
    0.9992822727272728,
    0.9993313043478261,
    0.9993679166666667,
    0.9993992,
    0.9994280769230769,
    0.9994518518518518,
    0.9994739285714286,
    0.9994910344827586,
    0.9995203333333335,
    0.9995406451612904,
    0.9995646875,
    0.9995833333333332,
    0.9995950000000001,
    0.9996122857142856,
    0.9996333333333334,
    0.9996435135135137,
    0.9996563157894736,
    0.9996705128205129,
    0.99968375,
    0.9996924390243903,
    0.9997064285714284,
    0.9997109302325582,
    0.9997220454545455,
    0.9997335555555555,
    0.9997441304347825,
    0.999755744680851,
    0.9997643749999999,
    0.9997722448979591,
    0.9997814
  ],
  "mean_exact_dist": [
    75.78614807128906,
    82.3373031616211,
    86.83411407470703,
    90.26297760009766,
    93.044189453125,
    95.3900146484375,
    97.4149169921875,
    99.19258880615234,
    100.7761001586914,
    102.20269775390625,
    103.5004653930664,
    104.69139862060547,
    105.79177856445312,
    106.81476593017578,
    107.77132415771484,
    108.6694107055664,
    109.5162124633789,
    110.31737518310547,
    111.07806396484375,
    111.80221557617188,
    112.4933853149414,
    113.15472412109375,
    113.78898620605469,
    114.39867401123047,
    114.98584747314453,
    115.55220031738281,
    116.09915924072266,
    116.62812805175781,
    117.14012145996094,
    117.63629913330078,
    118.11762237548828,
    118.5849380493164,
    119.03900146484375,
    119.48057556152344,
    119.91024780273438,
    120.32859802246094,
    120.73616027832031,
    121.13345336914062,
    121.52093505859375,
    121.89913940429688,
    122.26848602294922,
    122.62934112548828,
    122.98204803466797,
    123.32697296142578,
    123.66441345214844,
    123.9946517944336,
    124.31803894042969,
    124.63480377197266,
    124.94517517089844,
    125.24939727783203
  ],
  "mean_ann_dist": [
    75.91255950927734,
    82.38359832763672,
    86.86737823486328,
    90.28675079345703,
    93.06420135498047,
    95.40715026855469,
    97.42918395996094,
    99.20465087890625,
    100.78636169433594,
    102.21167755126953,
    103.5085220336914,
    104.69886779785156,
    105.79891204833984,
    106.82150268554688,
    107.77749633789062,
    108.67510223388672,
    109.5214614868164,
    110.32234954833984,
    111.082763671875,
    111.80660247802734,
    112.49759674072266,
    113.15866088867188,
    113.79268646240234,
    114.40225219726562,
    114.98926544189453,
    115.55543518066406,
    116.10228729248047,
    116.63113403320312,
    117.14305877685547,
    117.63907623291016,
    118.12027740478516,
    118.58746337890625,
    119.04145050048828,
    119.48291015625,
    119.9124984741211,
    120.33073425292969,
    120.73825073242188,
    121.13542175292969,
    121.52287292480469,
    121.9010009765625,
    122.27030181884766,
    122.63105010986328,
    122.98372650146484,
    123.3285903930664,
    123.66596221923828,
    123.99613952636719,
    124.31947326660156,
    124.63618469238281,
    124.9465103149414,
    125.25068664550781
  ],
  "mean_barycenter_shift": [
    0.0007245495798997581,
    0.0003683466056827456,
    0.00024192669661715627,
    0.00018645304953679442,
    0.00014946736337151378,
    0.00012651454017031938,
    0.00010611429024720564,
    9.33768751565367e-05,
    8.143547893268988e-05,
    7.447628013323992e-05,
    6.852686055935919e-05,
    6.571466656168923e-05,
    6.152386049507186e-05,
    5.78285580559168e-05,
    5.432995021692477e-05,
    5.096243694424629e-05,
    4.7869118134258315e-05,
    4.461656862986274e-05,
    4.199609611532651e-05,
    3.933457628590986e-05,
    3.651490987977013e-05,
    3.419841959839687e-05,
    3.233627649024129e-05,
    3.0290437280200422e-05,
    2.913299249485135e-05,
    2.7891963327419944e-05,
    2.6636498660081998e-05,
    2.519282315915916e-05,
    2.389928158663679e-05,
    2.2479000108432956e-05,
    2.13437760976376e-05,
    2.0262641555746086e-05,
    1.9266059098299593e-05,
    1.8540767996455543e-05,
    1.7725238649290986e-05,
    1.6792288079159334e-05,
    1.636201523069758e-05,
    1.5705898476880975e-05,
    1.505039745097747e-05,
    1.4437437130254693e-05,
    1.3907894754083827e-05,
    1.3440058864944149e-05,
    1.3192231563152745e-05,
    1.2592968232638668e-05,
    1.2030587640765589e-05,
    1.1619121323747095e-05,
    1.0955344805552159e-05,
    1.075271939043887e-05,
    1.0387798283773009e-05,
    9.960005627362989e-06
  ],
  "mean_lid_diff": [
    0.0768289566040039,
    -0.041512489318847656,
    -0.01285552978515625,
    -0.01775836944580078,
    -0.013194084167480469,
    -0.012248992919921875,
    -0.0097198486328125,
    -0.012788772583007812,
    -0.008326530456542969,
    -0.006951332092285156,
    -0.009930610656738281,
    -0.007306098937988281,
    -0.007086753845214844,
    -0.0071697235107421875,
    -0.005875587463378906,
    -0.006694793701171875,
    -0.006168365478515625,
    -0.0071239471435546875,
    -0.006190299987792969,
    -0.005089759826660156,
    -0.0039539337158203125,
    -0.004910469055175781,
    -0.004815101623535156,
    -0.004576683044433594,
    -0.0032062530517578125,
    -0.003956794738769531,
    -0.0030546188354492188,
    -0.0037813186645507812,
    -0.0033426284790039062,
    -0.0037097930908203125,
    -0.003017425537109375,
    -0.0025386810302734375,
    -0.0026044845581054688,
    -0.0025691986083984375,
    -0.0028047561645507812,
    -0.002559661865234375,
    -0.0026531219482421875,
    -0.0022554397583007812,
    -0.0022668838500976562,
    -0.0021829605102539062,
    -0.0023069381713867188,
    -0.0021839141845703125,
    -0.0027256011962890625,
    -0.0018901824951171875,
    -0.0018310546875,
    -0.00201416015625,
    -0.0020074844360351562,
    -0.0018568038940429688,
    -0.0018405914306640625,
    -0.00188446044921875
  ],
  "mean_lid_exact": [
    11.165740966796875,
    9.66163158416748,
    9.131246566772461,
    8.9019193649292,
    8.77934741973877,
    8.720380783081055,
    8.699626922607422,
    8.697901725769043,
    8.704957962036133,
    8.724650382995605,
    8.747381210327148,
    8.77137279510498,
    8.804749488830566,
    8.83398723602295,
    8.861617088317871,
    8.896223068237305,
    8.926353454589844,
    8.95809555053711,
    8.985929489135742,
    9.01602840423584,
    9.045964241027832,
    9.074968338012695,
    9.101838111877441,
    9.127036094665527,
    9.152463912963867,
    9.179168701171875,
    9.20048999786377,
    9.223443984985352,
    9.248557090759277,
    9.271842002868652,
    9.29344367980957,
    9.31624698638916,
    9.337206840515137,
    9.357903480529785,
    9.379023551940918,
    9.397563934326172,
    9.415559768676758,
    9.435989379882812,
    9.453771591186523,
    9.471660614013672,
    9.488609313964844,
    9.504462242126465,
    9.519997596740723,
    9.534724235534668,
    9.54967212677002,
    9.564406394958496,
    9.577754020690918,
    9.590160369873047,
    9.604053497314453,
    9.6162748336792
  ],