{
  "k": [
    10,
    20,
    30,
    40,
    50,
    60,
    70,
    80,
    90,
    100,
    110,
    120,
    130,
    140,
    150,
    160,
    170,
    180,
    190,
    200,
    210,
    220,
    230,
    240,
    250,
    260,
    270,
    280,
    290,
    300,
    310,
    320,
    330,
    340,
    350,
    360,
    370,
    380,
    390,
    400,
    410,
    420,
    430,
    440,
    450,
    460,
    470,
    480,
    490,
    500
  ],
  "mean_overlap": [
    0.99745,
    0.9965349999999998,
    0.9952033333333333,
    0.9930949999999998,
    0.990308,
    0.9860783333333333,
    0.9804771428571428,
    0.9725825000000001,
    0.9634644444444446,
    0.953094,
    0.9419272727272728,
    0.9302491666666667,
    0.9180084615384618,
    0.9056442857142856,
    0.8930266666666666,
    0.880285,
    0.8675376470588236,
    0.8548972222222223,
    0.8423878947368421,
    0.8298209999999999,
    0.8174085714285715,
    0.805265,
    0.7934308695652174,
    0.7817354166666667,
    0.770304,
    0.7590780769230768,
    0.7482274074074075,
    0.73753,
    0.727058275862069,
    0.7168783333333333,
    0.7069448387096775,
    0.6973253125,
    0.6879039393939395,
    0.6787088235294118,
    0.6697314285714285,
    0.660921111111111,
    0.6523408108108107,
    0.6440342105263158,
    0.6359505128205128,
    0.6279625,
    0.6202048780487806,
    0.612649761904762,
    0.6051827906976743,
    0.5979170454545454,
    0.5908102222222222,
    0.5838726086956522,
    0.5771342553191489,
    0.5705902083333333,
    0.5641618367346939,
    0.5578866
  ],
  "mean_exact_dist": [
    75.3465805053711,
    81.9303970336914,
    86.3762435913086,
    89.74821472167969,
    92.4827651977539,
    94.79617309570312,
    96.81319427490234,
    98.60040283203125,
    100.19419860839844,
    101.62964630126953,
    102.93486022949219,
    104.1328125,
    105.23967742919922,
    106.26858520507812,
    107.22969818115234,
    108.13216400146484,
    109.04395294189453,
    109.89669036865234,
    110.6642837524414,
    111.38619995117188,
    112.10075378417969,
    112.79586029052734,
    113.4579849243164,
    114.12042236328125,
    114.80460357666016,
    115.3971176147461,
    115.99522399902344,
    116.57732391357422,
    117.1474380493164,
    117.78268432617188,
    118.41804504394531,
    119.03624725341797,
    119.60635375976562,
    120.17093658447266,
    120.74296569824219,
    121.29774475097656,
    121.87831115722656,
    122.46705627441406,
    123.01256561279297,
    123.59978485107422,
    124.19232940673828,
    124.90824890136719,
    125.58465576171875,
    126.26603698730469,
    127.05805206298828,
    127.68639373779297,
    128.4842071533203,
    129.35166931152344,
    130.36557006835938,
    131.25039672851562
  ],
  "mean_ann_dist": [
    75.37135314941406,
    81.95783996582031,
    86.40746307373047,
    89.78533172607422,
    92.52912139892578,
    94.85639953613281,
    96.89372253417969,
    98.71060943603516,
    100.34580993652344,
    101.83733367919922,
    103.21304321289062,
    104.49464416503906,
    105.69872283935547,
    106.84034729003906,
    107.9322509765625,
    108.98396301269531,
    2.0056721528802077e+32,
    110.9781265258789,
    111.9020004272461,
    1.7125432323997896e+32,
    1.6344483653058648e+32,
    3.1263020926209383e+32,
    4.490555924099196e+32,
    8.627848636312768e+32,
    5.540929865188514e+32,
    1.3345347596976383e+32,
    1.2882601741728885e+32,
    1.2467112313199795e+32,
    4.835719526421532e+32,
    8.244130552035675e+32,
    6.89789551811361e+32,
    1.34904190821864e+33,
    7.6976751913317e+32,
    1.7257557277534562e+33,
    9.545235708113067e+32,
    1.562361569393228e+33,
    1.2339203706065682e+33,
    8.117664918759854e+32,
    1.6037106236154186e+33,
    1.5897330426318474e+33,
    1.678675630119394e+33,
    9.827705771427107e+32,
    2.1496225286421477e+33,
    1.9531987373512413e+33,
    1.7656367398315593e+33,
    2.5518575652843664e+33,
    1.6770793064387355e+33,
    1.9835522534019943e+33,
    2.1050128950989843e+33,
    2.522852475421405e+33
  ],
  "mean_barycenter_shift": [
    0.00017655693227425218,
    0.0002481205156072974,
    0.00033879888360388577,
    0.00048120421706698835,
    0.00065722840372473,
    0.0009091680403798819,
    0.001211586524732411,
    0.001565673970617354,
    0.0019148937426507473,
    0.0022707481402903795,
    0.0025993753224611282,
    0.00292804092168808,
    0.0032388526014983654,
    0.0035340869799256325,
    0.003828858956694603,
    0.00411750515922904,
    0.004400291945785284,
    0.004679862409830093,
    0.004974057897925377,
    0.005281527992337942,
    0.005584426689893007,
    0.005895432084798813,
    0.006203826982527971,
    0.006519143469631672,
    0.0068301307037472725,
    0.0071444460190832615,
    0.0074543640948832035,
    0.007769162766635418,
    0.008084729313850403,
    0.008394956588745117,
    0.008700435049831867,
    0.009004252962768078,
    0.00931644905358553,
    0.00963291060179472,
    0.009948831051588058,
    0.010272236540913582,
    0.010603704489767551,
    0.010938738472759724,
    0.01128336787223816,
    0.011631490662693977,
    0.011987417936325073,
    0.012352248653769493,
    0.012729713693261147,
    0.013114486820995808,
    0.013506528921425343,
    0.01390945166349411,
    0.014322116039693356,
    0.014746802859008312,
    0.0151783786714077,
    0.015623141080141068
  ],
  "mean_lid_diff": [
    0.03736591339111328,
    -0.0029735565185546875,
    -0.015227317810058594,
    -0.028512001037597656,
    -0.04754066467285156,
    -0.078399658203125,
    -0.10847949981689453,
    -0.14773082733154297,
    -0.2028512954711914,
    -0.26230812072753906,
    -0.3321990966796875,
    -0.40607547760009766,
    -0.49135494232177734,
    -0.5831155776977539,
    -0.6811723709106445,
    -0.7855434417724609,
    -0.8930721282958984,
    -1.0120296478271484,
    -1.1350517272949219,
    -1.2602076530456543,
    -1.3896594047546387,
    -1.5251379013061523,
    -1.6601762771606445,
    -1.7993602752685547,
    -1.9428153038024902,
    -2.089487075805664,
    -2.236173152923584,
    -2.387566566467285,
    -2.5398459434509277,
    -2.700345516204834,
    -2.8608150482177734,
    -3.019778251647949,
    -3.17633056640625,
    -3.3359017372131348,
    -3.497011184692383,
    -3.658216953277588,
    -3.819540023803711,
    -3.9763665199279785,
    -4.1357855796813965,
    -4.293911933898926,
    -4.451425552368164,
    -4.605946063995361,
    -4.760268688201904,
    -4.915962219238281,
    -5.072638034820557,
    -5.22345495223999,
    -5.371817588806152,
    -5.516366958618164,
    -5.663467645645142,
    -5.804021835327148
  ],
  "mean_lid_exact": [
    11.127166748046875,
    9.591514587402344,
    9.109856605529785,
    8.869894981384277,
    8.750004768371582,
    8.673412322998047,
    8.63559627532959,
    8.625983238220215,
    8.639481544494629,
    8.659671783447266,
    8.68704891204834,
    8.712798118591309,
    8.741908073425293,
    8.775221824645996,
    8.807697296142578,
    8.840590476989746,
    8.871755599975586,
    8.90386962890625,
    8.936796188354492,
    8.966869354248047,
    8.996798515319824,
    9.027505874633789,
    9.054141998291016,
    9.080364227294922,
    9.106772422790527,
    9.1342191696167,
    9.159627914428711,
    9.185630798339844,
    9.20871639251709,
    9.233834266662598,
    9.2561674118042,
    9.275808334350586,
    9.296192169189453,
    9.316105842590332,
    9.336008071899414,
    9.35588550567627,
    9.374585151672363,
    9.392230033874512,
    9.409022331237793,
    9.425323486328125,
    9.441228866577148,
    9.455697059631348,
    9.470396995544434,
    9.484896659851074,
    9.49851131439209,
    9.511353492736816,
    9.523924827575684,
    9.53568172454834,
    9.547663688659668,
    9.559054374694824
  ],