{
  "k": [
    10,
    20,
    30,
    40,
    50,
    60,
    70,
    80,
    90,
    100,
    110,
    120,
    130,
    140,
    150,
    160,
    170,
    180,
    190,
    200,
    210,
    220,
    230,
    240,
    250,
    260,
    270,
    280,
    290,
    300,
    310,
    320,
    330,
    340,
    350,
    360,
    370,
    380,
    390,
    400,
    410,
    420,
    430,
    440,
    450,
    460,
    470,
    480,
    490,
    500
  ],
  "mean_overlap": [
    0.9922300000000001,
    0.9894950000000001,
    0.9857166666666668,
    0.9809099999999998,
    0.9748899999999999,
    0.9670549999999999,
    0.9574128571428573,
    0.9455862500000001,
    0.9324966666666668,
    0.918434,
    0.9035818181818182,
    0.8884274999999999,
    0.8731861538461541,
    0.8579978571428571,
    0.8425386666666668,
    0.827345625,
    0.81238,
    0.7977372222222222,
    0.7833905263157894,
    0.769359,
    0.7557166666666667,
    0.7425477272727274,
    0.7295665217391304,
    0.7170583333333332,
    0.7048316,
    0.693023076923077,
    0.6815607407407408,
    0.6704489285714286,
    0.6596372413793103,
    0.6492386666666667,
    0.6390112903225806,
    0.6290893750000001,
    0.6195384848484848,
    0.6101847058823529,
    0.6011874285714286,
    0.5924508333333334,
    0.584011891891892,
    0.5757034210526316,
    0.5676697435897435,
    0.5598652499999999,
    0.5521997560975609,
    0.5448088095238095,
    0.5376060465116278,
    0.5305938636363636,
    0.5238082222222221,
    0.5171289130434783,
    0.5106146808510638,
    0.5042785416666666,
    0.49812306122448974,
    0.4920884
  ],
  "mean_exact_dist": [
    75.69612884521484,
    82.34547424316406,
    86.8810806274414,
    90.33885955810547,
    93.14575958251953,
    95.51370239257812,
    97.55909729003906,
    99.3550796508789,
    100.95387268066406,
    102.3952407836914,
    103.70793914794922,
    104.92280578613281,
    106.04721069335938,
    107.06707000732422,
    108.03340148925781,
    108.94203186035156,
    109.81568145751953,
    110.60318756103516,
    111.40071868896484,
    112.25105285644531,
    112.98575592041016,
    113.73703002929688,
    114.45631408691406,
    115.155029296875,
    115.78279113769531,
    116.44221496582031,
    117.12731170654297,
    117.82723999023438,
    118.47071838378906,
    119.20654296875,
    120.10802459716797,
    121.13528442382812,
    122.21018981933594,
    123.14128112792969,
    124.25530242919922,
    125.0830078125,
    126.02700805664062,
    127.06584930419922,
    128.1186981201172,
    129.15525817871094,
    130.0496826171875,
    130.9362030029297,
    131.94125366210938,
    132.5808563232422,
    133.6846923828125,
    134.74188232421875,
    135.49142456054688,
    135.66123962402344,
    136.15525817871094,
    136.60911560058594
  ],
  "mean_ann_dist": [
    75.76114654541016,
    82.4190902709961,
    86.97200012207031,
    90.4520034790039,
    93.28617095947266,
    95.68806457519531,
    97.77741241455078,
    99.63098907470703,
    101.30198669433594,
    102.83370971679688,
    104.2557144165039,
    1.9873652634654982e+33,
    106.82498168945312,
    107.99510955810547,
    109.13400268554688,
    2.1348771153492097e+32,
    4.0226304503560754e+32,
    3.8010604604184175e+32,
    7.220884132625985e+32,
    8.606898822285437e+32,
    6.59500253900146e+32,
    1.7443220429776486e+33,
    1.383274199897484e+33,
    2.973352473057787e+33,
    2.603094820312854e+33,
    2.1179926964108915e+33,
    2.6210372137572464e+33,
    1.6283529032949285e+33,
    3.481066964459841e+33,
    2.6723396153803013e+33,
    4.0213151390643346e+33,
    3.3801089309509907e+33,
    5.616034449431919e+33,
    5.561714259478096e+33,
    5.685586253629109e+33,
    4.3740339668176823e+33,
    5.561077958297903e+33,
    7.010541717245878e+33,
    6.021860904870609e+33,
    6.47702360366496e+33,
    8.064794356592035e+33,
    7.636155142109393e+33,
    7.314185506991855e+33,
    8.060465280274654e+33,
    7.25973161951379e+33,
    4.524429754765414e+33,
    8.93499130883728e+33,
    9.420884631166851e+33,
    6.433105204891232e+33,
    6.314517976767928e+33
  ],
  "mean_barycenter_shift": [
    0.0004215330118313432,
    0.0005473095225170255,
    0.0007328260689973831,
    0.000947655295021832,
    0.0011945341248065233,
    0.0014695958234369755,
    0.0018440524581819773,
    0.0022484660148620605,
    0.0026269324589520693,
    0.0029771102126687765,
    0.0032939433585852385,
    0.0035893290769308805,
    0.003864519065245986,
    0.004149379208683968,
    0.004437180235981941,
    0.004707297310233116,
    0.004999218974262476,
    0.005291287787258625,
    0.005588735919445753,
    0.005894381552934647,
    0.006209956482052803,
    0.006530898157507181,
    0.0068666404113173485,
    0.007212459575384855,
    0.007571029011160135,
    0.007944303564727306,
    0.008332081139087677,
    0.008728968910872936,
    0.00914550106972456,
    0.009568060748279095,
    0.010012724436819553,
    0.010477637872099876,
    0.010969927534461021,
    0.011481926776468754,
    0.012024162337183952,
    0.012591904029250145,
    0.013173598796129227,
    0.013781729154288769,
    0.014402418397367,
    0.015039938502013683,
    0.015692824497818947,
    0.016359057277441025,
    0.017035307362675667,
    0.017720382660627365,
    0.018414584919810295,
    0.01911434717476368,
    0.019816292449831963,
    0.02051626704633236,
    0.02121509052813053,
    0.021909695118665695
  ],
  "mean_lid_diff": [
    0.08072948455810547,
    0.010842323303222656,
    -0.043433189392089844,
    -0.09827423095703125,
    -0.13967418670654297,
    -0.19560909271240234,
    -0.2623414993286133,
    -0.33997058868408203,
    -0.4302253723144531,
    -0.525909423828125,
    -0.6339626312255859,
    -0.7569122314453125,
    -0.8901729583740234,
    -1.0204792022705078,
    -1.1552472114562988,
    -1.2971792221069336,
    -1.4463253021240234,
    -1.6008892059326172,
    -1.764021873474121,
    -1.9338083267211914,
    -2.111309051513672,
    -2.296086311340332,
    -2.4942336082458496,
    -2.6923727989196777,
    -2.897763252258301,
    -3.110762119293213,
    -3.328568935394287,
    -3.554027557373047,
    -3.7946557998657227,
    -4.047677993774414,
    -4.305126667022705,
    -4.566361904144287,
    -4.833508491516113,
    -5.095839977264404,
    -5.35854434967041,
    -5.618512392044067,
    -5.879258394241333,
    -6.135326147079468,
    -6.39152193069458,
    -6.639413595199585,
    -6.8805482387542725,
    -7.112425088882446,
    -7.330588102340698,
    -7.545031309127808,
    -7.736987233161926,
    -7.918177962303162,
    -8.096878409385681,
    -8.263983130455017,
    -8.414301633834839,
    -8.555544018745422
  ],
  "mean_lid_exact": [
    11.124796867370605,
    9.626130104064941,
    9.115925788879395,
    8.861918449401855,
    8.733222961425781,
    8.665934562683105,
    8.648362159729004,
    8.643661499023438,
    8.655089378356934,
    8.674294471740723,
    8.7006196975708,
    8.731932640075684,
    8.768892288208008,
    8.798320770263672,
    8.83162784576416,
    8.864445686340332,
    8.895475387573242,
    8.926457405090332,
    8.960068702697754,
    8.990849494934082,
    9.022812843322754,
    9.05300521850586,
    9.08296012878418,
    9.112180709838867,
    9.138404846191406,
    9.168631553649902,
    9.195655822753906,
    9.221932411193848,
    9.24867057800293,
    9.274788856506348,
    9.300225257873535,
    9.323192596435547,
    9.345857620239258,
    9.366439819335938,
    9.388978958129883,
    9.409563064575195,
    9.431259155273438,
    9.449609756469727,
    9.46894645690918,
    9.48786449432373,
    9.504781723022461,
    9.521956443786621,
    9.538912773132324,
    9.554821968078613,
    9.569385528564453,
    9.585665702819824,
    9.600347518920898,
    9.614912986755371,
    9.628747940063477,
    9.642245292663574
  ],