{
  "alpha": 0.25,
  "k": [
    10,
    20,
    30,
    40,
    50,
    60,
    70,
    80,
    90,
    100,
    110,
    120,
    130,
    140,
    150,
    160,
    170,
    180,
    190,
    200,
    210,
    220,
    230,
    240,
    250,
    260,
    270,
    280,
    290,
    300,
    310,
    320,
    330,
    340,
    350,
    360,
    370,
    380,
    390,
    400,
    410,
    420,
    430,
    440,
    450,
    460,
    470,
    480,
    490,
    500
  ],
  "mean_overlap": [
    0.9925799999999999,
    0.98969,
    0.9850066666666666,
    0.9768875,
    0.9640040000000001,
    0.9474766666666666,
    0.9287514285714288,
    0.90885,
    0.8888588888888891,
    0.8688319999999999,
    0.8486618181818181,
    0.8293666666666666,
    0.8107284615384617,
    0.8152142857142857,
    0.8121046666666667,
    0.81567625,
    0.8131505882352942,
    0.8165455555555556,
    0.8143463157894737,
    0.8173325,
    0.81533,
    0.8182013636363636,
    0.8165930434782608,
    0.8193916666666666,
    0.8178104,
    0.8204092307692308,
    0.8187425925925926,
    0.8212378571428571,
    0.8200186206896551,
    0.8224143333333334,
    0.8210909677419355,
    0.823136875,
    0.8218675757575759,
    0.8237561764705883,
    0.8226057142857144,
    0.8243991666666665,
    0.8232416216216217,
    0.8250344736842106,
    0.8240071794871796,
    0.82561975,
    0.8245953658536586,
    0.8260895238095238,
    0.8252106976744186,
    0.8265713636363636,
    0.8255931111111111,
    0.8270189130434783,
    0.8261048936170213,
    0.8273991666666667,
    0.8265885714285715,
    0.8278690000000001
  ],
  "mean_exact_dist": [
    76.34443664550781,
    83.01134490966797,
    87.59410095214844,
    91.07886505126953,
    93.90230560302734,
    96.2839584350586,
    98.33944702148438,
    100.14348602294922,
    101.7494888305664,
    103.19564819335938,
    104.51126098632812,
    105.71569061279297,
    106.82183837890625,
    107.87712860107422,
    108.84481048583984,
    109.75382995605469,
    110.59418487548828,
    111.4154281616211,
    112.19343566894531,
    112.92566680908203,
    113.6192855834961,
    114.27210235595703,
    114.91848754882812,
    115.528564453125,
    116.12752532958984,
    116.70110321044922,
    117.24523162841797,
    117.7985610961914,
    118.29940795898438,
    118.79156494140625,
    119.27497100830078,
    119.75340270996094,
    120.19960021972656,
    120.65167999267578,
    121.08224487304688,
    121.50129699707031,
    121.90938568115234,
    122.3035888671875,
    122.6912841796875,
    123.06959533691406,
    123.43890380859375,
    123.79961395263672,
    124.15213012695312,
    124.49293518066406,
    124.8299560546875,
    125.15281677246094,
    125.4765396118164,
    125.78952026367188,
    126.0947036743164,
    126.39813995361328
  ],
  "mean_ann_dist": [
    76.40294647216797,
    83.08103942871094,
    87.68262481689453,
    91.19815063476562,
    94.07306671142578,
    96.53364562988281,
    98.6986083984375,
    100.63997650146484,
    102.40656280517578,
    104.03762817382812,
    3.093475984769844e+32,
    5.6730745483945564e+32,
    2.6207012677790853e+32,
    109.33600616455078,
    110.3526840209961,
    111.21453094482422,
    112.09500885009766,
    1.893676684666715e+32,
    113.67464447021484,
    114.36827850341797,
    115.09404754638672,
    115.71321868896484,
    116.38566589355469,
    116.96007537841797,
    2.726621351821654e+32,
    118.12882995605469,
    118.69454956054688,
    1.2155371931369377e+32,
    1.1736220908317838e+32,
    120.1954345703125,
    120.6996841430664,
    121.15283966064453,
    121.61803436279297,
    122.04717254638672,
    122.4979248046875,
    122.89412689208984,
    123.32042694091797,
    123.6915054321289,
    124.0975570678711,
    124.45545196533203,
    124.84182739257812,
    125.18514251708984,
    125.55438232421875,
    125.87831115722656,
    126.23221588134766,
    126.53789520263672,
    7.243672190897589e+31,
    127.17617797851562,
    127.49359130859375,
    127.78130340576172
  ],
  "mean_barycenter_shift": [
    0.00038888055132701993,
    0.0005124899325892329,
    0.0007473290315829217,
    0.001186641282401979,
    0.0018867019098252058,
    0.002610913710668683,
    0.0032211418729275465,
    0.0037031967658549547,
    0.004087446723133326,
    0.004435206763446331,
    0.004764537792652845,
    0.005060309544205666,
    0.005348914302885532,
    0.005089441780000925,
    0.005042353644967079,
    0.004832045640796423,
    0.004797311965376139,
    0.004649610258638859,
    0.004632758907973766,
    0.004509412217885256,
    0.004499215632677078,
    0.004398958757519722,
    0.004397015552967787,
    0.004295219201594591,
    0.004293795675039291,
    0.004199813585728407,
    0.004205039236694574,
    0.0041223447769880295,
    0.004126092419028282,
    0.004052858334034681,
    0.0040546744130551815,
    0.003988423850387335,
    0.0039874231442809105,
    0.003930285573005676,
    0.003924612887203693,
    0.0038617714308202267,
    0.003856867318972945,
    0.0037979530170559883,
    0.003794093383476138,
    0.0037355422973632812,
    0.0037298661191016436,
    0.003676898078992963,
    0.003667099867016077,
    0.0036212890408933163,
    0.003616787027567625,
    0.0035696830600500107,
    0.0035630573984235525,
    0.0035207306500524282,
    0.0035166949965059757,
    0.003472760086879134
  ],
  "mean_lid_diff": [
    0.04852294921875,
    -0.008765220642089844,
    -0.06560420989990234,
    -0.12948989868164062,
    -0.22405433654785156,
    -0.3397645950317383,
    -0.46111488342285156,
    -0.5886955261230469,
    -0.7390918731689453,
    -0.8849496841430664,
    -1.036961555480957,
    -1.1953468322753906,
    -1.3632841110229492,
    -1.34220552444458,
    -1.3812103271484375,
    -1.3630189895629883,
    -1.39072847366333,
    -1.3728175163269043,
    -1.4045500755310059,
    -1.3870058059692383,
    -1.411961555480957,
    -1.3952136039733887,
    -1.4176478385925293,
    -1.4010987281799316,
    -1.4217228889465332,
    -1.4087519645690918,
    -1.4313058853149414,
    -1.411818504333496,
    -1.4317784309387207,
    -1.4158563613891602,
    -1.434922218322754,
    -1.4179577827453613,
    -1.4373245239257812,
    -1.4238505363464355,
    -1.4407787322998047,
    -1.4296035766601562,
    -1.4473295211791992,
    -1.438751220703125,
    -1.4554128646850586,
    -1.444228172302246,
    -1.4590606689453125,
    -1.4519195556640625,
    -1.4672279357910156,
    -1.4587936401367188,
    -1.474349021911621,
    -1.4633808135986328,
    -1.4800529479980469,
    -1.4699230194091797,
    -1.4869937896728516,
    -1.4778938293457031
  ],
  "mean_lid_exact": [
    11.08183479309082,
    9.5997953414917,
    9.085956573486328,
    8.832717895507812,
    8.721407890319824,
    8.671453475952148,
    8.652294158935547,
    8.652742385864258,
    8.674560546875,
    8.694835662841797,
    8.722476959228516,
    8.753727912902832,
    8.79063892364502,
    8.826568603515625,
    8.86155891418457,
    8.893763542175293,
    8.923263549804688,
    8.95948314666748,
    8.99084758758545,
    9.022686958312988,
    9.052871704101562,
    9.081148147583008,
    9.11239242553711,
    9.141478538513184,
    9.170536994934082,
    9.201550483703613,
    9.229066848754883,
    9.254679679870605,
    9.280529975891113,
    9.305414199829102,
    9.327940940856934,
    9.348550796508789,
    9.371424674987793,
    9.39285659790039,
    9.41197395324707,
    9.432727813720703,
    9.452157974243164,
    9.4718656539917,
    9.490175247192383,
    9.507261276245117,
    9.522390365600586,
    9.539767265319824,
    9.554984092712402,
    9.570291519165039,
    9.584482192993164,
    9.597248077392578,
    9.610724449157715,
    9.62332820892334,
    9.635839462280273,
    9.646746635437012
  ],