{
  "k": [
    10,
    20,
    30,
    40,
    50,
    60,
    70,
    80,
    90,
    100,
    110,
    120,
    130,
    140,
    150,
    160,
    170,
    180,
    190,
    200,
    210,
    220,
    230,
    240,
    250,
    260,
    270,
    280,
    290,
    300,
    310,
    320,
    330,
    340,
    350,
    360,
    370,
    380,
    390,
    400,
    410,
    420,
    430,
    440,
    450,
    460,
    470,
    480,
    490,
    500
  ],
  "mean_overlap": [
    0.99771,
    0.99735,
    0.9967199999999999,
    0.9960325000000001,
    0.9950700000000001,
    0.9940099999999998,
    0.9927414285714286,
    0.991275,
    0.9895,
    0.987261,
    0.9845963636363635,
    0.9815816666666668,
    0.9780807692307694,
    0.9741,
    0.9696966666666668,
    0.964935,
    0.9597947058823529,
    0.9543083333333332,
    0.948558947368421,
    0.9425065,
    0.9362366666666668,
    0.9296413636363635,
    0.9229669565217391,
    0.9159654166666668,
    0.9089548000000001,
    0.9019042307692307,
    0.8947451851851853,
    0.887595,
    0.8804158620689655,
    0.8732850000000001,
    0.866122258064516,
    0.8590559374999999,
    0.8520575757575756,
    0.8450297058823529,
    0.8380920000000001,
    0.8311950000000001,
    0.8242964864864866,
    0.8175492105263158,
    0.8108064102564103,
    0.8041645000000001,
    0.797569512195122,
    0.7911519047619048,
    0.7847220930232558,
    0.7783224999999999,
    0.7721193333333334,
    0.765966304347826,
    0.7598682978723403,
    0.7538383333333334,
    0.7479318367346938,
    0.7420474
  ],
  "mean_exact_dist": [
    75.9557113647461,
    82.60398864746094,
    87.15373229980469,
    90.62386322021484,
    93.44083404541016,
    95.81050872802734,
    97.85332489013672,
    99.64713287353516,
    101.24351501464844,
    102.68009185791016,
    103.98558807373047,
    105.18211364746094,
    106.28713989257812,
    107.31396484375,
    108.27308654785156,
    109.17352294921875,
    110.02257537841797,
    110.826171875,
    111.58940124511719,
    112.3165512084961,
    113.01083374023438,
    113.67537689208984,
    114.31266021728516,
    114.92487335205078,
    115.5140151977539,
    116.08186340332031,
    116.62979125976562,
    117.15926361083984,
    117.67154693603516,
    118.16777801513672,
    118.64891052246094,
    119.11585998535156,
    119.56941223144531,
    120.01029968261719,
    120.43273162841797,
    120.84113311767578,
    121.2448501586914,
    121.62508392333984,
    122.03255462646484,
    122.39669799804688,
    122.82416534423828,
    123.23585510253906,
    123.54801940917969,
    123.9073257446289,
    124.2132797241211,
    124.57113647460938,
    124.8826675415039,
    125.22471618652344,
    125.46211242675781,
    125.75507354736328
  ],
  "mean_ann_dist": [
    75.97480773925781,
    82.6246337890625,
    87.17639923095703,
    90.64934539794922,
    93.46995544433594,
    95.84386444091797,
    97.89154052734375,
    99.69078826904297,
    101.29351043701172,
    102.73768615722656,
    104.0523910522461,
    105.25965118408203,
    106.37737274169922,
    107.4189224243164,
    108.39524841308594,
    109.3155517578125,
    110.18706512451172,
    111.01618957519531,
    111.8083267211914,
    112.56792449951172,
    113.29852294921875,
    114.00332641601562,
    114.68499755859375,
    115.34588623046875,
    115.98788452148438,
    116.61254119873047,
    117.22125244140625,
    117.81527709960938,
    118.39555358886719,
    118.96326446533203,
    119.51946258544922,
    120.06502532958984,
    120.60067749023438,
    121.12725067138672,
    9.723324601595875e+31,
    122.1387939453125,
    1.8400999937633618e+32,
    123.11494445800781,
    123.62547302246094,
    124.085693359375,
    2.5021311773882005e+32,
    2.4496959058866945e+32,
    7.991862840687904e+31,
    7.8307918508967125e+31,
    7.675426023833447e+31,
    3.7626866403381444e+32,
    1.4772597682488168e+32,
    7.252394348900945e+31,
    7.122603105766463e+31,
    2.7989499328982136e+32
  ],
  "mean_barycenter_shift": [
    0.00012738005898427218,
    0.00013916578609496355,
    0.0001674545055720955,
    0.00020246958592906594,
    0.00024692434817552567,
    0.00029763259226456285,
    0.0003552930720616132,
    0.00042207087972201407,
    0.0004968931898474693,
    0.0005868627922609448,
    0.0006842187140136957,
    0.0007929836283437908,
    0.0009069868247024715,
    0.0010255733504891396,
    0.0011532483622431755,
    0.0012826458550989628,
    0.0014158167177811265,
    0.0015444603050127625,
    0.0016659034881740808,
    0.00179202388972044,
    0.0019141871016472578,
    0.002037967788055539,
    0.0021629275288432837,
    0.002294371137395501,
    0.0024174766149371862,
    0.002551294630393386,
    0.0026921257376670837,
    0.0028273090720176697,
    0.0029605780728161335,
    0.003090944606810808,
    0.003217726480215788,
    0.0033484322484582663,
    0.0034758385736495256,
    0.003600655822083354,
    0.003718768013641238,
    0.003832241054624319,
    0.003946155309677124,
    0.004050774499773979,
    0.004154629074037075,
    0.004256844986230135,
    0.004362304229289293,
    0.004461450967937708,
    0.004563395399600267,
    0.004665464628487825,
    0.004769946448504925,
    0.00487802317366004,
    0.004986949730664492,
    0.00509883277118206,
    0.005213190335780382,
    0.005333183333277702
  ],
  "mean_lid_diff": [
    0.030203819274902344,
    0.006587982177734375,
    -0.004075050354003906,
    -0.015012741088867188,
    -0.02477741241455078,
    -0.02991485595703125,
    -0.042586326599121094,
    -0.04984283447265625,
    -0.06096172332763672,
    -0.07890129089355469,
    -0.0952301025390625,
    -0.11435127258300781,
    -0.1430044174194336,
    -0.1649150848388672,
    -0.19767093658447266,
    -0.22484683990478516,
    -0.25987720489501953,
    -0.29950714111328125,
    -0.3422574996948242,
    -0.3841552734375,
    -0.4320077896118164,
    -0.48160648345947266,
    -0.5356931686401367,
    -0.5909299850463867,
    -0.6427230834960938,
    -0.7010583877563477,
    -0.7629623413085938,
    -0.8252239227294922,
    -0.8870859146118164,
    -0.9513759613037109,
    -1.018742561340332,
    -1.0869140625,
    -1.1532602310180664,
    -1.2236442565917969,
    -1.296041488647461,
    -1.3671751022338867,
    -1.4440288543701172,
    -1.51713228225708,
    -1.596789836883545,
    -1.6795153617858887,
    -1.765636920928955,
    -1.8549013137817383,
    -1.9445362091064453,
    -2.0348949432373047,
    -2.126375675201416,
    -2.2200703620910645,
    -2.3156933784484863,
    -2.413794994354248,
    -2.5148539543151855,
    -2.6179161071777344
  ],
  "mean_lid_exact": [
    11.066308975219727,
    9.623932838439941,
    9.074748039245605,
    8.835159301757812,
    8.727450370788574,
    8.665196418762207,
    8.650708198547363,
    8.646918296813965,
    8.665413856506348,
    8.684715270996094,
    8.716498374938965,
    8.746047973632812,
    8.781673431396484,
    8.812849044799805,
    8.848405838012695,
    8.879361152648926,
    8.915395736694336,
    8.949546813964844,
    8.980382919311523,
    9.010878562927246,
    9.044816017150879,
    9.074440002441406,
    9.106545448303223,
    9.135231971740723,
    9.162604331970215,
    9.19001579284668,
    9.218523979187012,
    9.2449951171875,
    9.270258903503418,
    9.295412063598633,
    9.319156646728516,
    9.34331226348877,
    9.364402770996094,
    9.3862943649292,
    9.40832233428955,
    9.428116798400879,
    9.449488639831543,
    9.46756362915039,
    9.48579216003418,
    9.504362106323242,
    9.523361206054688,
    9.540604591369629,
    9.557212829589844,
    9.573655128479004,
    9.588706016540527,
    9.603253364562988,
    9.617293357849121,
    9.630261421203613,
    9.642951011657715,
    9.654679298400879
  ],