{
  "k": [
    10,
    20,
    30,
    40,
    50,
    60,
    70,
    80,
    90,
    100,
    110,
    120,
    130,
    140,
    150,
    160,
    170,
    180,
    190,
    200,
    210,
    220,
    230,
    240,
    250,
    260,
    270,
    280,
    290,
    300,
    310,
    320,
    330,
    340,
    350,
    360,
    370,
    380,
    390,
    400,
    410,
    420,
    430,
    440,
    450,
    460,
    470,
    480,
    490,
    500
  ],
  "mean_overlap": [
    0.99475,
    0.9928549999999999,
    0.9901133333333333,
    0.986765,
    0.9823540000000001,
    0.9762549999999999,
    0.9682914285714287,
    0.95858625,
    0.9473500000000001,
    0.9353900000000002,
    0.92279,
    0.9096608333333334,
    0.8960469230769231,
    0.8823885714285714,
    0.868706,
    0.8548337500000002,
    0.8413858823529413,
    0.827986111111111,
    0.8148621052631579,
    0.8020835,
    0.789704761904762,
    0.7773418181818181,
    0.7653382608695652,
    0.7536637499999999,
    0.7423220000000001,
    0.7313238461538462,
    0.7205681481481481,
    0.7101025000000001,
    0.6998906896551723,
    0.6899536666666667,
    0.6802622580645161,
    0.6708631249999999,
    0.6617248484848485,
    0.6529235294117647,
    0.6442131428571429,
    0.6357330555555556,
    0.6275621621621622,
    0.6194968421052631,
    0.611666923076923,
    0.60400175,
    0.5965539024390244,
    0.5892814285714286,
    0.5822313953488372,
    0.5753072727272727,
    0.5685148888888888,
    0.5619154347826086,
    0.5555357446808512,
    0.5492045833333333,
    0.5430289795918368,
    0.5370564
  ],
  "mean_exact_dist": [
    75.55923461914062,
    82.13717651367188,
    86.73735046386719,
    90.23989868164062,
    93.05348205566406,
    95.4113998413086,
    97.44730377197266,
    99.23202514648438,
    100.82064819335938,
    102.2510986328125,
    103.55319213867188,
    104.74845123291016,
    105.85348510742188,
    106.880859375,
    107.84087371826172,
    108.75643920898438,
    109.61455535888672,
    110.41619873046875,
    111.19837188720703,
    111.91161346435547,
    112.61408233642578,
    113.27503967285156,
    113.89764404296875,
    114.4861831665039,
    115.03914642333984,
    115.65216064453125,
    116.08876037597656,
    116.5798568725586,
    116.9290771484375,
    117.39837646484375,
    117.84434509277344,
    118.32367706298828,
    118.751708984375,
    119.26053619384766,
    119.76510620117188,
    120.44021606445312,
    121.27813720703125,
    122.06696319580078,
    122.92463684082031,
    123.81611633300781,
    124.63028717041016,
    125.29546356201172,
    126.28527069091797,
    127.13027954101562,
    127.85071563720703,
    128.5679168701172,
    129.3800811767578,
    130.10679626464844,
    130.7772979736328,
    131.18077087402344
  ],
  "mean_ann_dist": [
    75.60282897949219,
    82.18766021728516,
    86.79869079589844,
    90.31553649902344,
    93.1473388671875,
    95.52904510498047,
    97.59671020507812,
    99.4238510131836,
    101.06531524658203,
    102.5602035522461,
    103.93840026855469,
    105.22196197509766,
    106.42818450927734,
    107.57160186767578,
    108.66425323486328,
    8.525815297137293e+32,
    110.70552825927734,
    3.7934332023513705e+32,
    112.61559295654297,
    113.51593017578125,
    114.40692901611328,
    115.27123260498047,
    2.980736398535862e+32,
    116.92440795898438,
    4.1321475239252925e+32,
    5.317534687405435e+32,
    5.1477786778120664e+32,
    3.747052618210757e+32,
    8.494892328668469e+32,
    1.301451934030897e+33,
    1.2707360884048958e+33,
    2.4911522353504145e+33,
    6.714729909900945e+32,
    2.4324203365815883e+33,
    1.8705295657552783e+33,
    2.3003596785557124e+33,
    3.4135707596978843e+33,
    2.772726958531041e+33,
    3.954695705335202e+33,
    2.989774676133937e+33,
    3.03927896984993e+33,
    5.270347121101712e+33,
    3.841525702823811e+33,
    4.8671782134423573e+33,
    4.399513248706254e+33,
    4.707337252479888e+33,
    4.180001101970151e+33,
    4.214395718536646e+33,
    4.7413775087101377e+33,
    4.511477188134371e+33
  ],
  "mean_barycenter_shift": [
    0.0002853839541785419,
    0.0003576465242076665,
    0.0004934263415634632,
    0.0006513610132969916,
    0.0008490036125294864,
    0.0011111651547253132,
    0.0014514797367155552,
    0.0018356004729866982,
    0.0021877784747630358,
    0.002504270523786545,
    0.002783084288239479,
    0.003037835005670786,
    0.003277301089838147,
    0.003501596162095666,
    0.0037204704713076353,
    0.003949037753045559,
    0.004167131148278713,
    0.004406319465488195,
    0.004649319685995579,
    0.0048890793696045876,
    0.005135552957653999,
    0.005389462690800428,
    0.0056433905847370625,
    0.005902896635234356,
    0.006163209211081266,
    0.006427262909710407,
    0.006699307356029749,
    0.006974892225116491,
    0.007260619197040796,
    0.007552968803793192,
    0.00786121841520071,
    0.008179673925042152,
    0.0085090771317482,
    0.008856948465108871,
    0.00923275388777256,
    0.009638420306146145,
    0.010076157748699188,
    0.010552973486483097,
    0.011067361570894718,
    0.011626164428889751,
    0.012227348051965237,
    0.012870095670223236,
    0.013556275516748428,
    0.014280842617154121,
    0.015046791173517704,
    0.015848509967327118,
    0.01668374612927437,
    0.017545882612466812,
    0.01843121275305748,
    0.019337305799126625
  ],
  "mean_lid_diff": [
    0.022703170776367188,
    0.0010051727294921875,
    -0.02418041229248047,
    -0.05823707580566406,
    -0.09459209442138672,
    -0.13791465759277344,
    -0.194610595703125,
    -0.2588224411010742,
    -0.3269529342651367,
    -0.4025592803955078,
    -0.4894876480102539,
    -0.5880546569824219,
    -0.6911544799804688,
    -0.7961921691894531,
    -0.9098372459411621,
    -1.0298380851745605,
    -1.1514019966125488,
    -1.275374412536621,
    -1.4049391746520996,
    -1.536717414855957,
    -1.6704087257385254,
    -1.8055205345153809,
    -1.9431986808776855,
    -2.088259696960449,
    -2.2372918128967285,
    -2.389913558959961,
    -2.5513830184936523,
    -2.716938018798828,
    -2.8894686698913574,
    -3.069544792175293,
    -3.254089832305908,
    -3.4491801261901855,
    -3.65089750289917,
    -3.8582558631896973,
    -4.068540096282959,
    -4.284773349761963,
    -4.514441013336182,
    -4.744588375091553,
    -4.989813804626465,
    -5.223116874694824,
    -5.451608657836914,
    -5.691892385482788,
    -5.93223237991333,
    -6.162733554840088,
    -6.3917906284332275,
    -6.607197523117065,
    -6.817080736160278,
    -7.022221088409424,
    -7.22414493560791,
    -7.421169281005859
  ],
  "mean_lid_exact": [
    11.095666885375977,
    9.605415344238281,
    9.058934211730957,
    8.837571144104004,
    8.726156234741211,
    8.661084175109863,
    8.639104843139648,
    8.631937026977539,
    8.646387100219727,
    8.667332649230957,
    8.692510604858398,
    8.725726127624512,
    8.760945320129395,
    8.798789024353027,
    8.834794044494629,
    8.871407508850098,
    8.909622192382812,
    8.94542121887207,
    8.982343673706055,
    9.016335487365723,
    9.0516939163208,
    9.083623886108398,
    9.116090774536133,
    9.146827697753906,
    9.176966667175293,
    9.204686164855957,
    9.23068618774414,
    9.258277893066406,
    9.285614013671875,
    9.312666893005371,
    9.34048843383789,
    9.365837097167969,
    9.389573097229004,
    9.411426544189453,
    9.432451248168945,
    9.453962326049805,
    9.475825309753418,
    9.496142387390137,
    9.515544891357422,
    9.535019874572754,
    9.552567481994629,
    9.568090438842773,
    9.585650444030762,
    9.600568771362305,
    9.615628242492676,
    9.630697250366211,
    9.6441068649292,
    9.657221794128418,
    9.669744491577148,
    9.682737350463867
  ],