{
  "k": [
    10,
    20,
    30,
    40,
    50,
    60,
    70,
    80,
    90,
    100,
    110,
    120,
    130,
    140,
    150,
    160,
    170,
    180,
    190,
    200,
    210,
    220,
    230,
    240,
    250,
    260,
    270,
    280,
    290,
    300,
    310,
    320,
    330,
    340,
    350,
    360,
    370,
    380,
    390,
    400,
    410,
    420,
    430,
    440,
    450,
    460,
    470,
    480,
    490,
    500
  ],
  "mean_overlap": [
    0.99721,
    0.99613,
    0.99467,
    0.9924700000000001,
    0.9894560000000001,
    0.9849016666666667,
    0.9785,
    0.9704299999999999,
    0.9607633333333333,
    0.950292,
    0.939040909090909,
    0.9274141666666667,
    0.9151961538461539,
    0.9029157142857143,
    0.8903506666666666,
    0.87790875,
    0.8652388235294118,
    0.8526433333333332,
    0.8399636842105263,
    0.8275950000000001,
    0.8152552380952383,
    0.8030627272727272,
    0.7911604347826087,
    0.7795133333333333,
    0.7680164,
    0.7567580769230768,
    0.7457574074074075,
    0.7350546428571428,
    0.7245568965517241,
    0.714356,
    0.7044267741935484,
    0.6948196875,
    0.6854375757575758,
    0.6761188235294119,
    0.6671877142857142,
    0.6584105555555556,
    0.649894054054054,
    0.6415486842105262,
    0.6334361538461538,
    0.625528,
    0.6177965853658536,
    0.610265238095238,
    0.602923488372093,
    0.5957134090909091,
    0.5887186666666667,
    0.5819210869565217,
    0.575239574468085,
    0.5687410416666666,
    0.5622836734693878,
    0.5560216
  ],
  "mean_exact_dist": [
    76.3860092163086,
    83.12767028808594,
    87.7303466796875,
    91.22197723388672,
    94.04851531982422,
    96.42997741699219,
    98.47911071777344,
    100.27063751220703,
    101.86175537109375,
    103.29212188720703,
    104.59063720703125,
    105.77973937988281,
    106.87802124023438,
    107.98777770996094,
    108.94597625732422,
    109.83585357666016,
    110.67281341552734,
    111.46105194091797,
    112.22019958496094,
    112.9349365234375,
    113.6234130859375,
    114.28264617919922,
    114.91050720214844,
    115.5321044921875,
    116.11589813232422,
    116.71488189697266,
    117.30297088623047,
    117.89496612548828,
    118.45348358154297,
    119.03655242919922,
    119.60052490234375,
    120.11383819580078,
    120.69550323486328,
    121.2417984008789,
    121.84589385986328,
    122.48716735839844,
    123.01144409179688,
    123.6878890991211,
    124.36581420898438,
    125.02129364013672,
    125.63652038574219,
    126.25077819824219,
    126.91191101074219,
    127.61506652832031,
    128.3253631591797,
    129.2339324951172,
    129.99923706054688,
    130.9218292236328,
    131.91014099121094,
    132.77371215820312
  ],
  "mean_ann_dist": [
    76.40760040283203,
    83.15215301513672,
    87.76021575927734,
    91.25963592529297,
    94.09658813476562,
    96.49324035644531,
    98.5650634765625,
    100.39057159423828,
    102.0282974243164,
    103.51963806152344,
    104.89647674560547,
    106.18278503417969,
    107.39777374267578,
    108.51719665527344,
    109.57132720947266,
    2.137451837202792e+32,
    2.0123262740194978e+32,
    112.46419525146484,
    113.3818130493164,
    114.2698974609375,
    115.15507507324219,
    116.0267333984375,
    116.8868179321289,
    2.8562512758947667e+32,
    118.56096649169922,
    119.42124938964844,
    1.2752250524154757e+32,
    1.2324248229822328e+32,
    3.582862309662763e+32,
    8.11852915564978e+32,
    6.780018093860331e+32,
    1.2132771788527173e+33,
    9.735055244036891e+32,
    8.473535541853223e+32,
    5.203571474813872e+32,
    1.023861288752953e+33,
    1.411482984830175e+33,
    1.793350812976051e+33,
    1.0849770731811805e+33,
    6.8353323496657e+32,
    1.261775336801781e+33,
    6.760486494890506e+32,
    1.246227042022114e+33,
    1.3360274445856328e+33,
    1.7168636044512694e+33,
    1.9171808719082332e+33,
    2.309119032788686e+33,
    2.3316592902814892e+33,
    1.668652184363805e+33,
    3.3681513586265234e+33
  ],
  "mean_barycenter_shift": [
    0.00018232430738862604,
    0.0002562467707321048,
    0.0003584320074878633,
    0.0004971728194504976,
    0.0006899011787027121,
    0.0009720113012008369,
    0.0013218814274296165,
    0.0016590675804764032,
    0.0020158595871180296,
    0.0023625630419701338,
    0.0026895746123045683,
    0.002995643299072981,
    0.0032980137038975954,
    0.003589556785300374,
    0.0038677474949508905,
    0.004146911669522524,
    0.004430880304425955,
    0.004707512445747852,
    0.004988389555364847,
    0.005267557688057423,
    0.005551169626414776,
    0.0058335973881185055,
    0.006116189528256655,
    0.006398655474185944,
    0.006681721657514572,
    0.006966682616621256,
    0.007254852447658777,
    0.0075385551899671555,
    0.007824232801795006,
    0.00811186246573925,
    0.00840180553495884,
    0.008684852160513401,
    0.008975074626505375,
    0.009265693835914135,
    0.009565826505422592,
    0.009869815781712532,
    0.010182497091591358,
    0.010503672994673252,
    0.010832519270479679,
    0.011173942126333714,
    0.011526430957019329,
    0.011892742477357388,
    0.01226797979325056,
    0.012656440027058125,
    0.013057264499366283,
    0.013464267365634441,
    0.013883406296372414,
    0.014310956932604313,
    0.014750753529369831,
    0.015203805640339851
  ],
  "mean_lid_diff": [
    0.03571319580078125,
    -0.000522613525390625,
    -0.017772674560546875,
    -0.03685474395751953,
    -0.053780555725097656,
    -0.08465385437011719,
    -0.11063671112060547,
    -0.15788745880126953,
    -0.21092891693115234,
    -0.2731132507324219,
    -0.34794139862060547,
    -0.42646312713623047,
    -0.5039386749267578,
    -0.6024532318115234,
    -0.6968021392822266,
    -0.807459831237793,
    -0.9169502258300781,
    -1.0362577438354492,
    -1.1629228591918945,
    -1.2904434204101562,
    -1.4185380935668945,
    -1.548539161682129,
    -1.6859078407287598,
    -1.8251895904541016,
    -1.967879295349121,
    -2.1165590286254883,
    -2.265091896057129,
    -2.4141125679016113,
    -2.5689730644226074,
    -2.7253942489624023,
    -2.8857736587524414,
    -3.046518325805664,
    -3.208545207977295,
    -3.3702502250671387,
    -3.532405376434326,
    -3.695220947265625,
    -3.858652114868164,
    -4.024415493011475,
    -4.185072422027588,
    -4.346729278564453,
    -4.507639408111572,
    -4.66781759262085,
    -4.822837829589844,
    -4.979724407196045,
    -5.14031982421875,
    -5.2997283935546875,
    -5.4516777992248535,
    -5.606334209442139,
    -5.7559285163879395,
    -5.903221607208252
  ],
  "mean_lid_exact": [
    10.996475219726562,
    9.567937850952148,
    9.092788696289062,
    8.86896800994873,
    8.756924629211426,
    8.703058242797852,
    8.683945655822754,
    8.690606117248535,
    8.695237159729004,
    8.72542667388916,
    8.754201889038086,
    8.788507461547852,
    8.818124771118164,
    8.854358673095703,
    8.888816833496094,
    8.924312591552734,
    8.95751953125,
    8.991827964782715,
    9.029470443725586,
    9.06154727935791,
    9.091219902038574,
    9.119490623474121,
    9.149149894714355,
    9.176682472229004,
    9.205205917358398,
    9.235150337219238,
    9.261761665344238,
    9.286431312561035,
    9.312701225280762,
    9.336847305297852,
    9.361105918884277,
    9.382407188415527,
    9.403413772583008,
    9.423199653625488,
    9.443562507629395,
    9.462357521057129,
    9.483094215393066,
    9.501259803771973,
    9.518342018127441,
    9.535828590393066,
    9.55195426940918,
    9.568601608276367,
    9.583741188049316,
    9.599356651306152,
    9.61565113067627,
    9.629172325134277,
    9.641616821289062,
    9.65477180480957,
    9.667396545410156,
    9.67839241027832
  ],