{
  "alpha": 0.5,
  "k": [
    10,
    20,
    30,
    40,
    50,
    60,
    70,
    80,
    90,
    100,
    110,
    120,
    130,
    140,
    150,
    160,
    170,
    180,
    190,
    200,
    210,
    220,
    230,
    240,
    250,
    260,
    270,
    280,
    290,
    300,
    310,
    320,
    330,
    340,
    350,
    360,
    370,
    380,
    390,
    400,
    410,
    420,
    430,
    440,
    450,
    460,
    470,
    480,
    490,
    500
  ],
  "mean_overlap": [
    0.9934400000000001,
    0.9897799999999999,
    0.9844700000000001,
    0.9758199999999999,
    0.963,
    0.9473616666666667,
    0.94186,
    0.94337875,
    0.9448222222222222,
    0.9461220000000001,
    0.9473672727272726,
    0.9487566666666666,
    0.9502730769230769,
    0.9515507142857142,
    0.9527533333333332,
    0.9539875,
    0.9550117647058823,
    0.9558394444444445,
    0.9565384210526315,
    0.9572555,
    0.9578890476190476,
    0.9583799999999999,
    0.9587704347826087,
    0.9593204166666667,
    0.9597152,
    0.9600311538461538,
    0.9603385185185185,
    0.9607242857142857,
    0.961100344827586,
    0.9614643333333334,
    0.9618029032258064,
    0.9621893750000001,
    0.9625206060606061,
    0.962825882352941,
    0.9631554285714287,
    0.963393611111111,
    0.9636694594594594,
    0.9639294736842104,
    0.9643289743589745,
    0.9645584999999999,
    0.9647026829268293,
    0.9649530952380951,
    0.9651958139534883,
    0.9653663636363637,
    0.9655611111111113,
    0.965664347826087,
    0.9658014893617021,
    0.965890625,
    0.9659326530612244,
    0.9660118000000001
  ],
  "mean_exact_dist": [
    75.85939025878906,
    82.40481567382812,
    86.89728546142578,
    90.30349731445312,
    93.06490325927734,
    95.3984146118164,
    97.40972137451172,
    99.17232513427734,
    100.74213409423828,
    102.15910339355469,
    103.45179748535156,
    104.64131164550781,
    105.74299621582031,
    106.76930236816406,
    107.72979736328125,
    108.63308715820312,
    109.48551177978516,
    110.29273986816406,
    111.0593490600586,
    111.78921508789062,
    112.48590087890625,
    113.15241241455078,
    113.79154968261719,
    114.40534973144531,
    114.99592590332031,
    115.565185546875,
    116.11468505859375,
    116.64573669433594,
    117.15953826904297,
    117.65721130371094,
    118.13973999023438,
    118.60808563232422,
    119.06302642822266,
    119.50530242919922,
    119.93557739257812,
    120.35447692871094,
    120.76249694824219,
    121.16014862060547,
    121.54798889160156,
    121.92643737792969,
    122.2959213256836,
    122.65681457519531,
    123.00949096679688,
    123.35436248779297,
    123.69172668457031,
    124.0218734741211,
    124.34517669677734,
    124.66187286376953,
    124.9721908569336,
    125.27639770507812
  ],
  "mean_ann_dist": [
    75.9087142944336,
    82.46753692626953,
    86.98216247558594,
    90.42218780517578,
    93.23722839355469,
    95.6485595703125,
    97.68669128417969,
    99.43485260009766,
    100.9941177368164,
    102.40147399902344,
    103.68505096435547,
    104.86485290527344,
    105.95588684082031,
    106.97388458251953,
    107.92692565917969,
    108.82247161865234,
    109.66932678222656,
    110.47283935546875,
    111.2349853515625,
    111.96115112304688,
    112.65489959716797,
    113.31942749023438,
    113.95694732666016,
    114.56861114501953,
    115.1574478149414,
    115.72542572021484,
    116.27376556396484,
    116.8031005859375,
    117.31594848632812,
    117.81208801269531,
    118.2931137084961,
    118.75955963134766,
    119.212890625,
    119.65364837646484,
    120.08187866210938,
    120.49872589111328,
    120.90499114990234,
    121.30132293701172,
    121.68717193603516,
    122.06438446044922,
    122.43268585205078,
    122.79253387451172,
    123.14412689208984,
    123.4880599975586,
    123.82475280761719,
    124.15446472167969,
    124.47723388671875,
    124.79348754882812,
    125.1035385131836,
    125.40760040283203
  ],
  "mean_barycenter_shift": [
    0.00035948242293670774,
    0.000548939686268568,
    0.0008250160026364028,
    0.0012730407761409879,
    0.0019379887962713838,
    0.002602138090878725,
    0.0026952126063406467,
    0.0025148685090243816,
    0.0023527187295258045,
    0.0022262083366513252,
    0.00211151666007936,
    0.0019939932972192764,
    0.0018928818171843886,
    0.0018112827092409134,
    0.0017377251060679555,
    0.0016640523681417108,
    0.001607602695003152,
    0.0015553245320916176,
    0.0015135499415919185,
    0.001473979908041656,
    0.0014351116260513663,
    0.0014030851889401674,
    0.0013762773014605045,
    0.0013455768348649144,
    0.0013209598837420344,
    0.0012991138501092792,
    0.0012818715767934918,
    0.0012558739399537444,
    0.0012324412818998098,
    0.0012114782584831119,
    0.0011906326981261373,
    0.001167717156931758,
    0.0011482547270134091,
    0.0011304833460599184,
    0.0011135758832097054,
    0.0010957287158817053,
    0.0010792844695970416,
    0.0010627188021317124,
    0.0010415009455755353,
    0.0010260666022077203,
    0.0010168019216507673,
    0.0010038067121058702,
    0.0009896205738186836,
    0.0009795355144888163,
    0.0009691597078926861,
    0.0009634231682866812,
    0.0009516234276816249,
    0.0009447042248211801,
    0.0009370615007355809,
    0.0009289101581089199
  ],
  "mean_lid_diff": [
    0.02028942108154297,
    -0.03454017639160156,
    -0.0901041030883789,
    -0.1625051498413086,
    -0.2427692413330078,
    -0.34782981872558594,
    -0.3736114501953125,
    -0.3781471252441406,
    -0.3661212921142578,
    -0.3594789505004883,
    -0.35755348205566406,
    -0.3388042449951172,
    -0.33048534393310547,
    -0.32306861877441406,
    -0.3155345916748047,
    -0.3073081970214844,
    -0.30158424377441406,
    -0.2945556640625,
    -0.29333019256591797,
    -0.2900381088256836,
    -0.28603172302246094,
    -0.28092384338378906,
    -0.2779655456542969,
    -0.2765693664550781,
    -0.27327537536621094,
    -0.2705841064453125,
    -0.2682523727416992,
    -0.2686576843261719,
    -0.2673521041870117,
    -0.2673969268798828,
    -0.26502418518066406,
    -0.26173877716064453,
    -0.2601280212402344,
    -0.2606697082519531,
    -0.2580986022949219,
    -0.25721073150634766,
    -0.2559080123901367,
    -0.2552337646484375,
    -0.25122833251953125,
    -0.2489614486694336,
    -0.2478313446044922,
    -0.2457714080810547,
    -0.2444009780883789,
    -0.24229049682617188,
    -0.24130821228027344,
    -0.24209976196289062,
    -0.24207592010498047,
    -0.24140167236328125,
    -0.2413339614868164,
    -0.2404184341430664
  ],
  "mean_lid_exact": [
    11.081929206848145,
    9.589584350585938,
    9.098677635192871,
    8.87187385559082,
    8.75511360168457,
    8.706165313720703,
    8.695828437805176,
    8.705862998962402,
    8.718581199645996,
    8.733996391296387,
    8.756845474243164,
    8.775971412658691,
    8.805023193359375,
    8.835185050964355,
    8.86732006072998,
    8.897375106811523,
    8.93073558807373,
    8.961284637451172,
    8.996330261230469,
    9.0286226272583,
    9.059356689453125,
    9.089195251464844,
    9.117877006530762,
    9.1492919921875,
    9.176535606384277,
    9.201735496520996,
    9.228631973266602,
    9.255193710327148,
    9.279930114746094,
    9.304330825805664,
    9.32701301574707,
    9.348457336425781,
    9.369470596313477,
    9.390238761901855,
    9.409079551696777,
    9.426918983459473,
    9.444540977478027,
    9.462788581848145,
    9.47822380065918,
    9.494006156921387,
    9.510287284851074,
    9.525247573852539,
    9.540115356445312,
    9.554123878479004,
    9.56879997253418,
    9.581286430358887,
    9.593689918518066,
    9.606345176696777,
    9.617822647094727,
    9.62902545928955
  ],