{
  "alpha": 4.0,
  "k": [
    10,
    20,
    30,
    40,
    50,
    60,
    70,
    80,
    90,
    100,
    110,
    120,
    130,
    140,
    150,
    160,
    170,
    180,
    190,
    200,
    210,
    220,
    230,
    240,
    250,
    260,
    270,
    280,
    290,
    300,
    310,
    320,
    330,
    340,
    350,
    360,
    370,
    380,
    390,
    400,
    410,
    420,
    430,
    440,
    450,
    460,
    470,
    480,
    490,
    500
  ],
  "mean_overlap": [
    0.9953,
    0.997425,
    0.9983733333333333,
    0.9987075000000001,
    0.998942,
    0.999135,
    0.9992614285714286,
    0.9993725,
    0.9994422222222221,
    0.999501,
    0.9995463636363636,
    0.9995783333333332,
    0.999616923076923,
    0.9996721428571429,
    0.9996993333333332,
    0.9997225000000001,
    0.9997405882352941,
    0.9997644444444445,
    0.9997826315789473,
    0.999798,
    0.9998114285714286,
    0.9998304545454546,
    0.9998391304347826,
    0.9998495833333334,
    0.9998604000000001,
    0.9998723076923077,
    0.9998822222222221,
    0.9998864285714286,
    0.9998948275862068,
    0.9998996666666667,
    0.9999051612903226,
    0.9999131250000001,
    0.9999181818181818,
    0.999924705882353,
    0.9999288571428572,
    0.9999308333333334,
    0.9999324324324325,
    0.9999357894736842,
    0.9999376923076922,
    0.9999380000000001,
    0.9999387804878049,
    0.9999411904761905,
    0.9999446511627906,
    0.9999468181818182,
    0.9999493333333332,
    0.9999508695652174,
    0.9999521276595744,
    0.9999541666666668,
    0.9999575510204082,
    0.999959
  ],
  "mean_exact_dist": [
    76.0593032836914,
    82.65084838867188,
    87.19971466064453,
    90.6609878540039,
    93.47158813476562,
    95.84388732910156,
    97.892333984375,
    99.68904113769531,
    101.28659057617188,
    102.72534942626953,
    104.03489685058594,
    105.23772430419922,
    106.34996032714844,
    107.3849868774414,
    108.35279846191406,
    109.26161193847656,
    110.11849975585938,
    110.92957305908203,
    111.6993637084961,
    112.4322509765625,
    113.13165283203125,
    113.80067443847656,
    114.44190216064453,
    115.05762481689453,
    115.64977264404297,
    116.2201156616211,
    116.77030944824219,
    117.30175018310547,
    117.8156967163086,
    118.31320190429688,
    118.79542541503906,
    119.26317596435547,
    119.71723937988281,
    120.1585464477539,
    120.58777618408203,
    121.00548553466797,
    121.41233825683594,
    121.808837890625,
    122.19551086425781,
    122.57286071777344,
    122.94129943847656,
    123.30122375488281,
    123.6530532836914,
    123.99707794189453,
    124.33361053466797,
    124.66297149658203,
    124.9854736328125,
    125.30142211914062,
    125.61103820800781,
    125.91456604003906
  ],
  "mean_ann_dist": [
    76.10144805908203,
    82.67261505126953,
    87.2140884399414,
    90.67044067382812,
    93.47917175292969,
    95.8501968383789,
    97.89749908447266,
    99.69347381591797,
    101.29052734375,
    102.7288589477539,
    104.0381851196289,
    105.24087524414062,
    106.35285186767578,
    107.38758850097656,
    108.3552017211914,
    109.26380157470703,
    110.12057495117188,
    110.93151092529297,
    111.70113372802734,
    112.43387603759766,
    113.13314056396484,
    113.8020248413086,
    114.44317626953125,
    115.0588150024414,
    115.65087127685547,
    116.22116088867188,
    116.77130126953125,
    117.3027114868164,
    117.81661224365234,
    118.3140640258789,
    118.79624938964844,
    119.26392364501953,
    119.71794891357422,
    120.1592025756836,
    120.5884017944336,
    121.00608825683594,
    121.41292572021484,
    121.80938720703125,
    122.19606018066406,
    122.57340240478516,
    122.94182586669922,
    123.3017349243164,
    123.65352630615234,
    123.99752807617188,
    124.33405303955078,
    124.66339874267578,
    124.98591613769531,
    125.30183410644531,
    125.6114273071289,
    125.9149398803711
  ],
  "mean_barycenter_shift": [
    0.0002540767891332507,
    0.000138362986035645,
    8.125446765916422e-05,
    6.427154585253447e-05,
    5.2365194278536364e-05,
    4.310896110837348e-05,
    3.6736364563694224e-05,
    3.102045593550429e-05,
    2.8549844500957988e-05,
    2.548339034547098e-05,
    2.302347456861753e-05,
    2.0481020328588784e-05,
    1.8259028365719132e-05,
    1.5790208635735326e-05,
    1.4102259228820913e-05,
    1.3075701644993387e-05,
    1.2294243788346648e-05,
    1.1215363883820828e-05,
    1.0518700946704485e-05,
    9.659176612331066e-06,
    9.093846529140137e-06,
    8.197051101888064e-06,
    7.798079423082527e-06,
    7.235877092170995e-06,
    6.972238224989269e-06,
    6.330684755084803e-06,
    5.904308181925444e-06,
    5.699369467038196e-06,
    5.155623057362391e-06,
    4.921570507576689e-06,
    4.619953870133031e-06,
    4.217334662826033e-06,
    4.061542313138489e-06,
    3.759118271773332e-06,
    3.5967084386356873e-06,
    3.4794707062246744e-06,
    3.365807287991629e-06,
    3.2477203149028355e-06,
    3.193765223841183e-06,
    3.182317414029967e-06,
    3.1654155918658944e-06,
    3.0189532935764873e-06,
    2.8144959287601523e-06,
    2.69081533588178e-06,
    2.5979381916840794e-06,
    2.5290821668022545e-06,
    2.4505309283995302e-06,
    2.313425966349314e-06,
    2.1956946056889137e-06,
    2.078025090668234e-06
  ],
  "mean_lid_diff": [
    0.043880462646484375,
    0.007846832275390625,
    0.013543128967285156,
    0.0011882781982421875,
    -0.0009927749633789062,
    -0.0016880035400390625,
    -0.001129150390625,
    -0.0014019012451171875,
    -0.0024156570434570312,
    -0.0021238327026367188,
    -0.00209808349609375,
    -0.0009355545043945312,
    -0.0016222000122070312,
    -0.0010318756103515625,
    -0.001087188720703125,
    -0.000614166259765625,
    -0.0005321502685546875,
    -0.00039958953857421875,
    -0.0006103515625,
    -0.0005083084106445312,
    -0.0009374618530273438,
    -0.0007905960083007812,
    -0.0007486343383789062,
    -0.000766754150390625,
    -0.0009632110595703125,
    -0.000675201416015625,
    -0.00079345703125,
    -0.0008220672607421875,
    -0.00040721893310546875,
    -0.0006875991821289062,
    -0.0005645751953125,
    -0.0005054473876953125,
    -0.000484466552734375,
    -0.0005388259887695312,
    -0.0004978179931640625,
    -0.0006208419799804688,
    -0.000396728515625,
    -0.0007152557373046875,
    -0.0003681182861328125,
    -0.0004711151123046875,
    -0.00038623809814453125,
    -0.00043010711669921875,
    -0.00048542022705078125,
    -0.000606536865234375,
    -0.00039386749267578125,
    -0.0006160736083984375,
    -0.000408172607421875,
    -0.0004119873046875,
    -0.000370025634765625,
    -0.0004863739013671875
  ],
  "mean_lid_exact": [
    11.138680458068848,
    9.616925239562988,
    9.136309623718262,
    8.880948066711426,
    8.751172065734863,
    8.692316055297852,
    8.66269302368164,
    8.663002967834473,
    8.68029499053955,
    8.698923110961914,
    8.721396446228027,
    8.749628067016602,
    8.779783248901367,
    8.809542655944824,
    8.844755172729492,
    8.878832817077637,
    8.908622741699219,
    8.943391799926758,
    8.976570129394531,
    9.010567665100098,
    9.040233612060547,
    9.071579933166504,
    9.100927352905273,
    9.131366729736328,
    9.162111282348633,
    9.190703392028809,
    9.218228340148926,
    9.2459135055542,
    9.27160358428955,
    9.297426223754883,
    9.318795204162598,
    9.344778060913086,
    9.36745834350586,
    9.38884449005127,
    9.411663055419922,
    9.432507514953613,
    9.452001571655273,
    9.471060752868652,
    9.48986530303955,
    9.507950782775879,
    9.52585506439209,
    9.54308795928955,
    9.558080673217773,
    9.574382781982422,
    9.590166091918945,
    9.606420516967773,
    9.621465682983398,
    9.635591506958008,
    9.649650573730469,
    9.661629676818848
  ],