{
  "alpha": 1.0,
  "k": [
    10,
    20,
    30,
    40,
    50,
    60,
    70,
    80,
    90,
    100,
    110,
    120,
    130,
    140,
    150,
    160,
    170,
    180,
    190,
    200,
    210,
    220,
    230,
    240,
    250,
    260,
    270,
    280,
    290,
    300,
    310,
    320,
    330,
    340,
    350,
    360,
    370,
    380,
    390,
    400,
    410,
    420,
    430,
    440,
    450,
    460,
    470,
    480,
    490,
    500
  ],
  "mean_overlap": [
    0.99393,
    0.9909400000000002,
    0.9858233333333334,
    0.9862049999999999,
    0.9879140000000001,
    0.9892016666666666,
    0.9902700000000001,
    0.9910612499999999,
    0.9917211111111112,
    0.99245,
    0.9930081818181817,
    0.9933991666666667,
    0.9937907692307691,
    0.9941307142857144,
    0.9944393333333333,
    0.994685,
    0.9949641176470588,
    0.9951688888888888,
    0.995388947368421,
    0.9956119999999999,
    0.9958209523809525,
    0.9960004545454545,
    0.9961930434782609,
    0.9962954166666667,
    0.9964244000000001,
    0.9965349999999998,
    0.9966325925925926,
    0.9967560714285714,
    0.9968820689655171,
    0.996979,
    0.9970864516129031,
    0.997185,
    0.9972590909090908,
    0.9973247058823528,
    0.9974125714285714,
    0.9974844444444443,
    0.997531081081081,
    0.9976055263157894,
    0.9976338461538462,
    0.9977017499999999,
    0.9977360975609756,
    0.9978064285714284,
    0.997846511627907,
    0.9978952272727274,
    0.9979513333333332,
    0.9980100000000002,
    0.9980508510638297,
    0.9980891666666667,
    0.9981187755102039,
    0.9981455999999999
  ],
  "mean_exact_dist": [
    75.47096252441406,
    82.0308837890625,
    86.59142303466797,
    90.08599090576172,
    92.91300964355469,
    95.28070068359375,
    97.31420135498047,
    99.09494018554688,
    100.67951202392578,
    102.10798645019531,
    103.408203125,
    104.60122680664062,
    105.70417785644531,
    106.7301254272461,
    107.6897964477539,
    108.59181213378906,
    109.443115234375,
    110.24894714355469,
    111.01415252685547,
    111.74275970458984,
    112.43827819824219,
    113.10375213623047,
    113.74162292480469,
    114.35417175292969,
    114.94347381591797,
    115.51129913330078,
    116.05919647216797,
    116.5885238647461,
    117.10057830810547,
    117.59649658203125,
    118.0771255493164,
    118.54341125488281,
    118.99627685546875,
    119.43643951416016,
    119.86460876464844,
    120.2813720703125,
    120.68732452392578,
    121.08300018310547,
    121.46886444091797,
    121.84539794921875,
    122.21307373046875,
    122.57230377197266,
    122.9234619140625,
    123.2668228149414,
    123.60279083251953,
    123.93160247802734,
    124.2535629272461,
    124.56896209716797,
    124.87809753417969,
    125.1811752319336
  ],
  "mean_ann_dist": [
    75.51475524902344,
    82.08753967285156,
    86.66918182373047,
    90.1560287475586,
    92.97198486328125,
    95.33255004882812,
    97.36017608642578,
    99.13607788085938,
    100.71697235107422,
    102.1417236328125,
    103.43891906738281,
    104.62977600097656,
    105.73098754882812,
    106.7553482055664,
    107.71351623535156,
    108.61442565917969,
    109.46440124511719,
    110.26932525634766,
    111.03357696533203,
    111.76133728027344,
    112.45606231689453,
    113.12076568603516,
    113.75786590576172,
    114.3697738647461,
    114.95858764648438,
    115.52582550048828,
    116.07317352294922,
    116.60206604003906,
    117.11357879638672,
    117.60902404785156,
    118.08920288085938,
    118.5550765991211,
    119.00756072998047,
    119.44744873046875,
    119.87519836425781,
    120.2916488647461,
    120.69730377197266,
    121.09272766113281,
    121.47842407226562,
    121.854736328125,
    122.22223663330078,
    122.58118438720703,
    122.93218994140625,
    123.27537536621094,
    123.61119079589844,
    123.93972778320312,
    124.2614974975586,
    124.5767593383789,
    124.8857650756836,
    125.18871307373047
  ],
  "mean_barycenter_shift": [
    0.0003403029404580593,
    0.00048543320735916495,
    0.0007481263019144535,
    0.0007103200769051909,
    0.0006061338935978711,
    0.0005314471782185137,
    0.0004725038888864219,
    0.00043031948735006154,
    0.00039325252873823047,
    0.00035474897595122457,
    0.0003275307244621217,
    0.0003070965758524835,
    0.00028462542104534805,
    0.000269045791355893,
    0.00025462370831519365,
    0.0002412768080830574,
    0.0002286909584654495,
    0.0002183451724704355,
    0.0002090021880576387,
    0.00019747090118471533,
    0.0001874776789918542,
    0.00017880689119920135,
    0.00016944928211160004,
    0.00016638006491120905,
    0.00016073994629550725,
    0.00015627419634256512,
    0.00015159962640609592,
    0.0001460258790757507,
    0.00014142510190140456,
    0.00013727255281992257,
    0.000132400804432109,
    0.00012813974171876907,
    0.00012574579159263521,
    0.00012228077684994787,
    0.00011835717305075377,
    0.00011423039541114122,
    0.00011216520942980424,
    0.00010963001113850623,
    0.00010842877964023501,
    0.0001061262228176929,
    0.00010441368795000017,
    0.0001013400760712102,
    9.974705608328804e-05,
    9.794521611183882e-05,
    9.491709352005273e-05,
    9.244473039871082e-05,
    9.051265078596771e-05,
    8.898671512724832e-05,
    8.781430369708687e-05,
    8.668970986036584e-05
  ],
  "mean_lid_diff": [
    0.010248184204101562,
    -0.03189373016357422,
    -0.08133602142333984,
    -0.09171104431152344,
    -0.0759286880493164,
    -0.07234668731689453,
    -0.06657123565673828,
    -0.05855083465576172,
    -0.05549144744873047,
    -0.05101203918457031,
    -0.05173683166503906,
    -0.04415607452392578,
    -0.04342079162597656,
    -0.04081916809082031,
    -0.039063453674316406,
    -0.03793048858642578,
    -0.037459373474121094,
    -0.034954071044921875,
    -0.035099029541015625,
    -0.031699180603027344,
    -0.030943870544433594,
    -0.029111862182617188,
    -0.029181480407714844,
    -0.02894878387451172,
    -0.027246475219726562,
    -0.026246070861816406,
    -0.02469158172607422,
    -0.024669647216796875,
    -0.024596214294433594,
    -0.0239410400390625,
    -0.02214336395263672,
    -0.022491455078125,
    -0.02150440216064453,
    -0.022172927856445312,
    -0.021257400512695312,
    -0.020816802978515625,
    -0.021148681640625,
    -0.019690513610839844,
    -0.019562721252441406,
    -0.01965618133544922,
    -0.018779754638671875,
    -0.019280433654785156,
    -0.018323898315429688,
    -0.01776599884033203,
    -0.016834259033203125,
    -0.01704692840576172,
    -0.016686439514160156,
    -0.016872406005859375,
    -0.016271591186523438,
    -0.016266822814941406
  ],
  "mean_lid_exact": [
    11.113395690917969,
    9.595657348632812,
    9.03540325164795,
    8.787346839904785,
    8.6644868850708,
    8.605956077575684,
    8.583338737487793,
    8.578909873962402,
    8.590932846069336,
    8.614339828491211,
    8.641937255859375,
    8.669146537780762,
    8.702982902526855,
    8.735636711120605,
    8.7714262008667,
    8.8040771484375,
    8.838804244995117,
    8.873269081115723,
    8.907807350158691,
    8.939550399780273,
    8.972356796264648,
    9.0046968460083,
    9.039222717285156,
    9.06828498840332,
    9.094979286193848,
    9.123551368713379,
    9.150249481201172,
    9.17654037475586,
    9.202851295471191,
    9.227692604064941,
    9.251763343811035,
    9.275958061218262,
    9.297104835510254,
    9.318540573120117,
    9.3385591506958,
    9.360579490661621,
    9.380472183227539,
    9.40024185180664,
    9.419011116027832,
    9.4362154006958,
    9.453031539916992,
    9.46866226196289,
    9.483881950378418,
    9.499428749084473,
    9.514997482299805,
    9.53073787689209,
    9.545132637023926,
    9.55838680267334,
    9.570035934448242,
    9.583001136779785
  ],