{
  "alpha": 4.0,
  "k": [
    10,
    20,
    30,
    40,
    50,
    60,
    70,
    80,
    90,
    100,
    110,
    120,
    130,
    140,
    150,
    160,
    170,
    180,
    190,
    200,
    210,
    220,
    230,
    240,
    250,
    260,
    270,
    280,
    290,
    300,
    310,
    320,
    330,
    340,
    350,
    360,
    370,
    380,
    390,
    400,
    410,
    420,
    430,
    440,
    450,
    460,
    470,
    480,
    490,
    500
  ],
  "mean_overlap": [
    0.99446,
    0.99749,
    0.9984066666666666,
    0.998835,
    0.9990760000000001,
    0.9992733333333333,
    0.9993757142857143,
    0.9994575000000001,
    0.9995344444444445,
    0.9995809999999999,
    0.9996227272727272,
    0.9996616666666667,
    0.9996884615384614,
    0.999717142857143,
    0.9997373333333333,
    0.9997524999999999,
    0.9997741176470588,
    0.9997938888888888,
    0.9998100000000001,
    0.9998235000000001,
    0.9998314285714285,
    0.9998422727272726,
    0.9998465217391304,
    0.9998520833333334,
    0.9998587999999999,
    0.9998665384615384,
    0.9998703703703704,
    0.9998817857142858,
    0.9998862068965518,
    0.9998943333333332,
    0.9998990322580644,
    0.9999024999999999,
    0.999908181818182,
    0.9999111764705881,
    0.9999157142857142,
    0.9999197222222221,
    0.9999189189189188,
    0.9999228947368421,
    0.9999292307692309,
    0.9999347500000002,
    0.9999378048780488,
    0.9999421428571428,
    0.9999441860465118,
    0.9999472727272727,
    0.9999491111111111,
    0.9999510869565218,
    0.9999519148936171,
    0.9999552083333334,
    0.9999557142857142,
    0.9999587999999999
  ],
  "mean_exact_dist": [
    76.34443664550781,
    83.01134490966797,
    87.59410095214844,
    91.07886505126953,
    93.90230560302734,
    96.2839584350586,
    98.33944702148438,
    100.14348602294922,
    101.7494888305664,
    103.19564819335938,
    104.51126098632812,
    105.71849822998047,
    106.83380889892578,
    107.87045288085938,
    108.83948516845703,
    109.74966430664062,
    110.60836029052734,
    111.42102813720703,
    112.19266510009766,
    112.92698669433594,
    113.62791442871094,
    114.29855346679688,
    114.94135284423828,
    115.55860137939453,
    116.15238952636719,
    116.72428894042969,
    117.2759780883789,
    117.80895233154297,
    118.3243408203125,
    118.82340240478516,
    119.3071517944336,
    119.77656555175781,
    120.23245239257812,
    120.67545318603516,
    121.10631561279297,
    121.52566528320312,
    121.93402862548828,
    122.33196258544922,
    122.72003936767578,
    123.09870147705078,
    123.46835327148438,
    123.82938385009766,
    124.18223571777344,
    124.5271987915039,
    124.8646240234375,
    125.19482421875,
    125.51805114746094,
    125.83464050292969,
    126.1447982788086,
    126.4488525390625
  ],
  "mean_ann_dist": [
    76.38670349121094,
    83.02975463867188,
    87.60588836669922,
    91.08699035644531,
    93.90857696533203,
    96.2891845703125,
    98.34391784667969,
    100.14739227294922,
    101.75285339355469,
    103.19861602783203,
    104.51383972167969,
    105.72090911865234,
    106.83605194091797,
    107.87255096435547,
    108.84142303466797,
    109.75144958496094,
    110.61000061035156,
    111.42253875732422,
    112.19409942626953,
    112.92826080322266,
    113.6291275024414,
    114.29969787597656,
    114.94245910644531,
    115.55967712402344,
    116.15337371826172,
    116.72525024414062,
    117.2768783569336,
    117.80979919433594,
    118.32514953613281,
    118.82412719726562,
    119.3078384399414,
    119.7772216796875,
    120.23308563232422,
    120.6760482788086,
    121.10687255859375,
    121.52617645263672,
    121.93453979492188,
    122.33246612548828,
    122.72049713134766,
    123.09915161132812,
    123.46878814697266,
    123.82982635498047,
    124.18262481689453,
    124.52757263183594,
    124.86495971679688,
    125.19515991210938,
    125.51838684082031,
    125.8349609375,
    126.14511108398438,
    126.44913482666016
  ],
  "mean_barycenter_shift": [
    0.00028426546487025917,
    0.00012374053767416626,
    7.80430855229497e-05,
    5.759284977102652e-05,
    4.533033279585652e-05,
    3.7014426197856665e-05,
    3.157721585012041e-05,
    2.7077203412773088e-05,
    2.3048201910569333e-05,
    2.023275737883523e-05,
    1.823090497055091e-05,
    1.6284124285448343e-05,
    1.5008739865152165e-05,
    1.3737685549131129e-05,
    1.2908824828627985e-05,
    1.2244840036146343e-05,
    1.1101960808446165e-05,
    1.0111960364156403e-05,
    9.301854333898518e-06,
    8.398394129471853e-06,
    8.23054233478615e-06,
    7.704007657594047e-06,
    7.587241270812228e-06,
    7.4175031841150485e-06,
    7.111803370207781e-06,
    6.815218057454331e-06,
    6.8036242737434804e-06,
    6.133446731837466e-06,
    6.042429959052242e-06,
    5.662587227561744e-06,
    5.49949527339777e-06,
    5.368538950278889e-06,
    5.138512733537937e-06,
    4.85429245600244e-06,
    4.659198111767182e-06,
    4.4942134991288185e-06,
    4.417689979163697e-06,
    4.266421910870122e-06,
    3.881673819705611e-06,
    3.5433888569968985e-06,
    3.374055722815683e-06,
    3.1051433779794024e-06,
    3.0451226393779507e-06,
    2.8079139156034216e-06,
    2.7113137548440136e-06,
    2.6105167307832744e-06,
    2.5420217752980534e-06,
    2.3788807084201835e-06,
    2.412114099570317e-06,
    2.218345343862893e-06
  ],
  "mean_lid_diff": [
    0.04888153076171875,
    0.005950927734375,
    0.0047206878662109375,
    0.0026063919067382812,
    0.001373291015625,
    0.000545501708984375,
    -0.0003643035888671875,
    -0.0004930496215820312,
    -0.0013036727905273438,
    -0.000965118408203125,
    -0.0007200241088867188,
    -4.863739013671875e-05,
    -0.00026988983154296875,
    -0.00014495849609375,
    -0.0003108978271484375,
    0.000232696533203125,
    -0.00049591064453125,
    -0.0007848739624023438,
    -0.0002193450927734375,
    -0.00025463104248046875,
    -0.00058746337890625,
    -0.0007257461547851562,
    9.5367431640625e-07,
    -0.00019931793212890625,
    0.00010967254638671875,
    0.0001678466796875,
    -0.0003681182861328125,
    -8.20159912109375e-05,
    -0.0002422332763671875,
    -0.00019359588623046875,
    7.62939453125e-06,
    -0.0001239776611328125,
    -0.0003528594970703125,
    -5.340576171875e-05,
    -0.0001621246337890625,
    -0.00030994415283203125,
    -0.0004911422729492188,
    -0.00037097930908203125,
    -0.000278472900390625,
    -0.0003757476806640625,
    -0.000152587890625,
    -0.00020122528076171875,
    -0.00028228759765625,
    -0.000362396240234375,
    -0.00036907196044921875,
    -0.0004558563232421875,
    -0.0003795623779296875,
    -0.000301361083984375,
    -0.00028514862060546875,
    -0.00021266937255859375
  ],