{
  "k": [
    10,
    20,
    30,
    40,
    50,
    60,
    70,
    80,
    90,
    100,
    110,
    120,
    130,
    140,
    150,
    160,
    170,
    180,
    190,
    200,
    210,
    220,
    230,
    240,
    250,
    260,
    270,
    280,
    290,
    300,
    310,
    320,
    330,
    340,
    350,
    360,
    370,
    380,
    390,
    400,
    410,
    420,
    430,
    440,
    450,
    460,
    470,
    480,
    490,
    500
  ],
  "mean_overlap": [
    0.9973,
    0.996655,
    0.9953333333333334,
    0.99325,
    0.9906200000000001,
    0.9865016666666666,
    0.980537142857143,
    0.9727075000000001,
    0.963668888888889,
    0.9533990000000001,
    0.9423290909090909,
    0.9307350000000001,
    0.9187053846153848,
    0.9063021428571428,
    0.8937186666666667,
    0.8809568750000001,
    0.8680352941176472,
    0.8551761111111111,
    0.8423394736842105,
    0.829836,
    0.81735,
    0.8050786363636364,
    0.7929726086956521,
    0.7811120833333333,
    0.7695280000000001,
    0.7583111538461538,
    0.7472581481481482,
    0.7364532142857143,
    0.725826896551724,
    0.7155123333333333,
    0.7053487096774194,
    0.69559,
    0.6860806060606061,
    0.6768138235294118,
    0.667838,
    0.6590469444444444,
    0.6504256756756757,
    0.6420313157894737,
    0.6338846153846154,
    0.62588525,
    0.6180765853658536,
    0.6104904761904761,
    0.6031244186046512,
    0.5959159090909091,
    0.5888544444444445,
    0.581998695652174,
    0.5752359574468086,
    0.5685775,
    0.5621683673469388,
    0.5558686
  ],
  "mean_exact_dist": [
    76.0593032836914,
    82.65084838867188,
    87.19971466064453,
    90.6609878540039,
    93.47158813476562,
    95.84388732910156,
    97.892333984375,
    99.68904113769531,
    101.28659057617188,
    102.72534942626953,
    104.03489685058594,
    105.23772430419922,
    106.34996032714844,
    107.3849868774414,
    108.35279846191406,
    109.27513122558594,
    110.1651611328125,
    111.00840759277344,
    111.77476501464844,
    112.50511932373047,
    113.19701385498047,
    113.86073303222656,
    114.49730682373047,
    115.21556854248047,
    115.8786849975586,
    116.49567413330078,
    117.13826751708984,
    117.73602294921875,
    118.32443237304688,
    118.87297058105469,
    119.4535140991211,
    119.97750091552734,
    120.5135726928711,
    121.08911895751953,
    121.65203857421875,
    122.16134643554688,
    122.72682189941406,
    123.4657211303711,
    124.1346435546875,
    124.79476165771484,
    125.4478988647461,
    126.16407012939453,
    126.80951690673828,
    127.63804626464844,
    128.3889923095703,
    129.19482421875,
    130.17820739746094,
    131.24195861816406,
    131.98037719726562,
    132.899169921875
  ],
  "mean_ann_dist": [
    76.08540344238281,
    82.677734375,
    87.23091888427734,
    90.69924926757812,
    93.51911163330078,
    95.9046630859375,
    97.97355651855469,
    99.80039978027344,
    101.43938446044922,
    102.93206024169922,
    104.30957794189453,
    105.59663391113281,
    106.8113021850586,
    107.96636199951172,
    109.07148742675781,
    2.342017289332695e+33,
    8.036377907217754e+32,
    112.01725769042969,
    112.94747161865234,
    113.85807037353516,
    114.7498779296875,
    115.62527465820312,
    1.4891680744282832e+32,
    117.45270538330078,
    1.3751559245195422e+32,
    6.622031412334207e+32,
    7.689475385996483e+32,
    4.969003888176242e+32,
    8.438166821218315e+32,
    8.204941238954523e+32,
    4.565127884640698e+32,
    9.99941656571376e+32,
    6.522880152312693e+32,
    7.451407137041512e+32,
    7.306115530618259e+32,
    1.6385331032079918e+33,
    1.612769868822909e+33,
    1.0966687978822112e+33,
    1.776622064997673e+33,
    1.7655604517766384e+33,
    2.3387302490433824e+33,
    2.3287072675153083e+33,
    2.5217810383174035e+33,
    1.5527548452033636e+33,
    2.3372043332024582e+33,
    1.1732661056992368e+33,
    2.3583225070751324e+33,
    2.289734129713516e+33,
    1.4015212813340455e+33,
    2.118882001586613e+33
  ],
  "mean_barycenter_shift": [
    0.00017775870219338685,
    0.00022570864530280232,
    0.00031725066946819425,
    0.0004575808416120708,
    0.0006241348455660045,
    0.0008634227560833097,
    0.0011819471837952733,
    0.0015419787960126996,
    0.001888166181743145,
    0.002245306270197034,
    0.002583055756986141,
    0.002906199311837554,
    0.0032164589501917362,
    0.0035183513537049294,
    0.0038109745364636183,
    0.004094339441508055,
    0.0043685706332325935,
    0.004644368775188923,
    0.004924639593809843,
    0.005211660638451576,
    0.0055025252513587475,
    0.005785685498267412,
    0.006069606635719538,
    0.006355104967951775,
    0.006634327117353678,
    0.006917037069797516,
    0.007201566360890865,
    0.007487121503800154,
    0.007770896889269352,
    0.00805457029491663,
    0.008342945016920567,
    0.008630522526800632,
    0.008923049084842205,
    0.009210563264787197,
    0.009508606977760792,
    0.009807378053665161,
    0.010110574774444103,
    0.010417131707072258,
    0.01072689238935709,
    0.011041145771741867,
    0.011366342194378376,
    0.011700592003762722,
    0.012044493108987808,
    0.012394087389111519,
    0.012758358381688595,
    0.013133741915225983,
    0.013525205664336681,
    0.013926246203482151,
    0.014338075183331966,
    0.01476099994033575
  ],
  "mean_lid_diff": [
    0.031217575073242188,
    0.0009469985961914062,
    -0.015674591064453125,
    -0.030393600463867188,
    -0.05108642578125,
    -0.07459163665771484,
    -0.11412429809570312,
    -0.15466976165771484,
    -0.21006202697753906,
    -0.26495361328125,
    -0.3377494812011719,
    -0.4108142852783203,
    -0.4954500198364258,
    -0.5820713043212891,
    -0.6806087493896484,
    -0.7860593795776367,
    -0.8937559127807617,
    -1.0098824501037598,
    -1.1291851997375488,
    -1.2537026405334473,
    -1.379927158355713,
    -1.5108938217163086,
    -1.6420445442199707,
    -1.7791423797607422,
    -1.9258627891540527,
    -2.071794033050537,
    -2.2216033935546875,
    -2.3743462562561035,
    -2.5282373428344727,
    -2.685227870941162,
    -2.838275909423828,
    -2.999232292175293,
    -3.160614490509033,
    -3.3214993476867676,
    -3.481466293334961,
    -3.6440725326538086,
    -3.8064351081848145,
    -3.970743179321289,
    -4.13675594329834,
    -4.304785251617432,
    -4.46926736831665,
    -4.6324334144592285,
    -4.7958807945251465,
    -4.955780982971191,
    -5.117862701416016,
    -5.274254322052002,
    -5.429708003997803,
    -5.584955215454102,
    -5.729591131210327,
    -5.872471809387207
  ],
  "mean_lid_exact": [
    11.138680458068848,
    9.616925239562988,
    9.136309623718262,
    8.880948066711426,
    8.751172065734863,
    8.692316055297852,
    8.66269302368164,
    8.663002967834473,
    8.68029499053955,
    8.698923110961914,
    8.721396446228027,
    8.749628067016602,
    8.779783248901367,
    8.809542655944824,
    8.844755172729492,
    8.878832817077637,
    8.908622741699219,
    8.943391799926758,
    8.976570129394531,
    9.010567665100098,
    9.040233612060547,
    9.071579933166504,
    9.100927352905273,
    9.131366729736328,
    9.162111282348633,
    9.190703392028809,
    9.218228340148926,
    9.2459135055542,
    9.27160358428955,
    9.297426223754883,
    9.318795204162598,
    9.344778060913086,
    9.36745834350586,
    9.38884449005127,
    9.411663055419922,
    9.432507514953613,
    9.452001571655273,
    9.471060752868652,
    9.48986530303955,
    9.507950782775879,
    9.52585506439209,
    9.54308795928955,
    9.558080673217773,
    9.574382781982422,
    9.590166091918945,
    9.606420516967773,
    9.621465682983398,
    9.635591506958008,
    9.649650573730469,
    9.661629676818848
  ],