{
  "k": [
    10,
    20,
    30,
    40,
    50,
    60,
    70,
    80,
    90,
    100,
    110,
    120,
    130,
    140,
    150,
    160,
    170,
    180,
    190,
    200,
    210,
    220,
    230,
    240,
    250,
    260,
    270,
    280,
    290,
    300,
    310,
    320,
    330,
    340,
    350,
    360,
    370,
    380,
    390,
    400,
    410,
    420,
    430,
    440,
    450,
    460,
    470,
    480,
    490,
    500
  ],
  "mean_overlap": [
    0.99651,
    0.99524,
    0.99354,
    0.9909449999999999,
    0.9875440000000001,
    0.9825349999999998,
    0.9756871428571431,
    0.96684125,
    0.95668,
    0.945217,
    0.9330990909090908,
    0.9206183333333332,
    0.9077700000000003,
    0.8947628571428572,
    0.8818073333333334,
    0.868634375,
    0.8557858823529414,
    0.8429055555555557,
    0.8303768421052631,
    0.818024,
    0.8060280952380953,
    0.794094090909091,
    0.7826534782608695,
    0.77128625,
    0.760346,
    0.7496103846153847,
    0.7392018518518518,
    0.7292471428571429,
    0.7193137931034483,
    0.7097883333333334,
    0.7004987096774193,
    0.6915075,
    0.6827042424242424,
    0.6742214705882353,
    0.665906,
    0.6578427777777778,
    0.6498702702702702,
    0.6421681578947369,
    0.6346505128205128,
    0.6273625,
    0.6202814634146342,
    0.6132792857142857,
    0.6064732558139534,
    0.5997822727272727,
    0.5932671111111112,
    0.5868976086956521,
    0.5806440425531915,
    0.5746502083333332,
    0.5686883673469387,
    0.5628448
  ],
  "mean_exact_dist": [
    75.81864166259766,
    82.44774627685547,
    86.98003387451172,
    90.44184112548828,
    93.24794006347656,
    95.61129760742188,
    97.65985107421875,
    99.45526885986328,
    101.05122375488281,
    102.48777770996094,
    103.79525756835938,
    104.99588775634766,
    106.1061782836914,
    107.13945007324219,
    108.10616302490234,
    109.01487731933594,
    109.87793731689453,
    110.68927001953125,
    111.45980834960938,
    112.19379425048828,
    112.8923110961914,
    113.56160736083984,
    114.20248413085938,
    114.81676483154297,
    115.43024444580078,
    116.06533813476562,
    116.64347839355469,
    117.21537017822266,
    117.72080993652344,
    118.1356201171875,
    118.56649780273438,
    118.99063873291016,
    119.47852325439453,
    119.85942840576172,
    120.35060119628906,
    120.81822204589844,
    121.39161682128906,
    121.92134857177734,
    122.4219970703125,
    123.05736541748047,
    123.72886657714844,
    124.28184509277344,
    124.79625701904297,
    125.53917694091797,
    126.21503448486328,
    126.94400787353516,
    127.75699615478516,
    128.5659942626953,
    129.34454345703125,
    130.31790161132812
  ],
  "mean_ann_dist": [
    75.84342193603516,
    82.47893524169922,
    87.01840209960938,
    90.49026489257812,
    93.30975341796875,
    95.69123840332031,
    97.76508331298828,
    99.59532165527344,
    101.23677825927734,
    102.73015594482422,
    104.10586547851562,
    105.38567352294922,
    106.58695983886719,
    107.72311401367188,
    108.8052978515625,
    109.84312438964844,
    110.84188079833984,
    111.80603790283203,
    112.74185943603516,
    1.702262914086049e+32,
    1.6216894589197176e+32,
    1.5493719032466327e+32,
    1.483047814930935e+32,
    5.694148930138341e+32,
    4.109276581699495e+32,
    6.603321496065457e+32,
    119.4541015625,
    2.463101055658975e+32,
    7.166453456523656e+32,
    6.958027681809373e+32,
    1.1298868298126181e+33,
    1.5448119124262988e+33,
    8.641597507874081e+32,
    3.177912006286877e+32,
    7.281881306924198e+32,
    8.190003171242971e+32,
    1.8155599215083454e+33,
    1.7989551222764008e+33,
    1.4887706763328595e+33,
    1.7786855563006567e+33,
    3.067683504051333e+33,
    2.7746439086818746e+33,
    1.6960440836130727e+33,
    2.2174009837330615e+33,
    2.869375722763139e+33,
    2.710831503991821e+33,
    2.023848130135763e+33,
    3.4884652036196204e+33,
    2.4749689547018465e+33,
    3.042937701636038e+33
  ],
  "mean_barycenter_shift": [
    0.00018824776634573936,
    0.000245849194470793,
    0.00032284841290675104,
    0.00045305161620490253,
    0.0006070163799449801,
    0.0008493679924868047,
    0.0011935954680666327,
    0.0015729275764897466,
    0.0019335218239575624,
    0.002253917045891285,
    0.0025363159365952015,
    0.0027978825382888317,
    0.003025519195944071,
    0.0032367187086492777,
    0.0034440590534359217,
    0.0036585002671927214,
    0.0038608890026807785,
    0.004080777522176504,
    0.004289562813937664,
    0.004507280886173248,
    0.004730439744889736,
    0.004960448015481234,
    0.005189551506191492,
    0.0054207174107432365,
    0.005645729135721922,
    0.005870168097317219,
    0.006094873882830143,
    0.006315262522548437,
    0.006542567629367113,
    0.006760678254067898,
    0.006976309232413769,
    0.007189827039837837,
    0.0074041252955794334,
    0.00761867081746459,
    0.007834737189114094,
    0.008061555214226246,
    0.008299623616039753,
    0.008545046672224998,
    0.008795584551990032,
    0.009059468284249306,
    0.009334190748631954,
    0.009626773186028004,
    0.009936271235346794,
    0.010259134694933891,
    0.010597220622003078,
    0.010952658951282501,
    0.011327201500535011,
    0.011721250601112843,
    0.012133287265896797,
    0.012564141303300858
  ],
  "mean_lid_diff": [
    0.014013290405273438,
    -0.009866714477539062,
    -0.03754997253417969,
    -0.05669116973876953,
    -0.0861215591430664,
    -0.1172170639038086,
    -0.16645145416259766,
    -0.2170581817626953,
    -0.2845010757446289,
    -0.3667144775390625,
    -0.4379129409790039,
    -0.5212497711181641,
    -0.6136341094970703,
    -0.7128324508666992,
    -0.8123703002929688,
    -0.9184021949768066,
    -1.0277037620544434,
    -1.1342535018920898,
    -1.2431912422180176,
    -1.3613214492797852,
    -1.4764313697814941,
    -1.6015148162841797,
    -1.717045783996582,
    -1.8403258323669434,
    -1.9617524147033691,
    -2.086066722869873,
    -2.21425724029541,
    -2.3430957794189453,
    -2.483476161956787,
    -2.623969078063965,
    -2.7704524993896484,
    -2.9181227684020996,
    -3.070047378540039,
    -3.226675510406494,
    -3.3848509788513184,
    -3.5459251403808594,
    -3.7150979042053223,
    -3.891636848449707,
    -4.071493625640869,
    -4.256045818328857,
    -4.447473049163818,
    -4.638753890991211,
    -4.837616443634033,
    -5.040205955505371,
    -5.248798847198486,
    -5.455758094787598,
    -5.6651997566223145,
    -5.872972726821899,
    -6.08305287361145,
    -6.29615044593811
  ],
  "mean_lid_exact": [
    11.100669860839844,
    9.601051330566406,
    9.09062385559082,
    8.830921173095703,
    8.719403266906738,
    8.661224365234375,
    8.636129379272461,
    8.632508277893066,
    8.643606185913086,
    8.665428161621094,
    8.681184768676758,
    8.70518684387207,
    8.731841087341309,
    8.763144493103027,
    8.791651725769043,
    8.822086334228516,
    8.855108261108398,
    8.884162902832031,
    8.911463737487793,
    8.945486068725586,
    8.974410057067871,
    9.006318092346191,
    9.029471397399902,
    9.056347846984863,
    9.082695960998535,
    9.107673645019531,
    9.133155822753906,
    9.156044960021973,
    9.181163787841797,
    9.20467472076416,
    9.226963996887207,
    9.248579978942871,
    9.270329475402832,
    9.29169750213623,
    9.310914039611816,
    9.329453468322754,
    9.34935188293457,
    9.367764472961426,
    9.385721206665039,
    9.403462409973145,
    9.419387817382812,
    9.436360359191895,
    9.451903343200684,
    9.46611213684082,
    9.482134819030762,
    9.496445655822754,
    9.512073516845703,
    9.52554702758789,
    9.538841247558594,
    9.552358627319336
  ],