{
  "k": [
    10,
    20,
    30,
    40,
    50,
    60,
    70,
    80,
    90,
    100,
    110,
    120,
    130,
    140,
    150,
    160,
    170,
    180,
    190,
    200,
    210,
    220,
    230,
    240,
    250,
    260,
    270,
    280,
    290,
    300,
    310,
    320,
    330,
    340,
    350,
    360,
    370,
    380,
    390,
    400,
    410,
    420,
    430,
    440,
    450,
    460,
    470,
    480,
    490,
    500
  ],
  "mean_overlap": [
    0.9964799999999999,
    0.995075,
    0.9931466666666667,
    0.9905825,
    0.98692,
    0.9817599999999999,
    0.9747385714285715,
    0.96567875,
    0.9552522222222222,
    0.943725,
    0.9313763636363636,
    0.9186699999999999,
    0.9058269230769233,
    0.8929271428571428,
    0.8798026666666666,
    0.8667493749999999,
    0.8538205882352943,
    0.84119,
    0.8288057894736841,
    0.816499,
    0.8045466666666667,
    0.7928595454545455,
    0.7812052173913043,
    0.7699179166666666,
    0.7589191999999999,
    0.7483046153846155,
    0.7377996296296295,
    0.7277060714285715,
    0.717823448275862,
    0.7082273333333333,
    0.6988890322580645,
    0.6897884375,
    0.6809415151515151,
    0.6723473529411764,
    0.6640151428571429,
    0.6559844444444445,
    0.6481600000000001,
    0.6404902631578947,
    0.6329807692307691,
    0.6257699999999999,
    0.6185982926829267,
    0.6116440476190476,
    0.6048216279069768,
    0.5981818181818181,
    0.5917100000000001,
    0.5853795652173912,
    0.5791814893617022,
    0.5730947916666667,
    0.5671165306122448,
    0.5613288000000001
  ],
  "mean_exact_dist": [
    75.95116424560547,
    82.59332275390625,
    87.18022155761719,
    90.65479278564453,
    93.44728088378906,
    95.78517150878906,
    97.80452728271484,
    99.58450317382812,
    101.16380310058594,
    102.58338928222656,
    103.87206268310547,
    105.05241394042969,
    106.14189910888672,
    107.15387725830078,
    108.14089965820312,
    109.08474731445312,
    109.95652770996094,
    110.77484893798828,
    111.49138641357422,
    112.19990539550781,
    112.86433410644531,
    113.5101318359375,
    114.15705108642578,
    114.76806640625,
    115.34405517578125,
    115.8797607421875,
    116.39956665039062,
    116.87752532958984,
    117.39496612548828,
    117.89119720458984,
    118.36355590820312,
    118.75220489501953,
    119.17749786376953,
    119.47814178466797,
    119.83634948730469,
    120.25143432617188,
    120.74446105957031,
    121.15959167480469,
    121.56798553466797,
    121.98265838623047,
    122.64225769042969,
    123.3329849243164,
    123.91204071044922,
    124.70384979248047,
    125.24658966064453,
    125.90519714355469,
    126.63465118408203,
    127.45826721191406,
    128.25941467285156,
    128.82400512695312
  ],
  "mean_ann_dist": [
    75.9770736694336,
    82.6241226196289,
    87.21886444091797,
    90.70353698730469,
    93.50942993164062,
    95.86573791503906,
    97.9119873046875,
    99.7278823852539,
    101.35411071777344,
    102.83229064941406,
    104.19102478027344,
    105.4527587890625,
    106.63549041748047,
    107.7578125,
    9.086917809643588e+32,
    4.2697542306984194e+32,
    1.0059608305273913e+33,
    111.85166931152344,
    112.72314453125,
    113.59880828857422,
    114.43824005126953,
    1.5588973682786059e+32,
    2.9846450007817745e+32,
    1.4312972790136587e+32,
    1.3758510085087878e+32,
    118.42704010009766,
    3.836544851075746e+32,
    3.714602341218464e+32,
    3.601557138537284e+32,
    6.993061384921149e+32,
    1.1344409017321392e+33,
    6.626811408310897e+32,
    7.551904656855748e+32,
    5.270857384511655e+32,
    6.1873260595453094e+32,
    1.3161925503061828e+33,
    1.69425603396883e+33,
    7.86716310953531e+32,
    1.749703523070927e+33,
    9.663817984476214e+32,
    2.1251224573246507e+33,
    2.0378628493205127e+33,
    3.138737857971206e+33,
    1.488011200118758e+33,
    2.3032987029514808e+33,
    2.7495997627171117e+33,
    3.006751476347687e+33,
    3.3980661796758546e+33,
    2.2991533059874288e+33,
    2.691308570602271e+33
  ],
  "mean_barycenter_shift": [
    0.00018664538220036775,
    0.00025991504662670195,
    0.0003596757887862623,
    0.0004919935017824173,
    0.0006582775968126953,
    0.0009062778553925455,
    0.0012472133385017514,
    0.0016246418235823512,
    0.0019768700003623962,
    0.0023016619961708784,
    0.0025984745007008314,
    0.002860985230654478,
    0.003085837699472904,
    0.0033179442398250103,
    0.003539118217304349,
    0.0037506234366446733,
    0.003965451847761869,
    0.004183025564998388,
    0.004413478076457977,
    0.004654287826269865,
    0.004895456600934267,
    0.005137369967997074,
    0.005390520673245192,
    0.005635668057948351,
    0.005879838485270739,
    0.006123501807451248,
    0.006370876915752888,
    0.006613150238990784,
    0.006855240557342768,
    0.007091898936778307,
    0.007326992228627205,
    0.007557228207588196,
    0.00779084162786603,
    0.008018575608730316,
    0.00824727676808834,
    0.008471919223666191,
    0.008696610108017921,
    0.008926529437303543,
    0.009161807596683502,
    0.009402287192642689,
    0.009653055109083652,
    0.009912674315273762,
    0.0101885125041008,
    0.010477179661393166,
    0.010786022059619427,
    0.011114063672721386,
    0.011459654197096825,
    0.011825346387922764,
    0.012210662476718426,
    0.012615514919161797
  ],
  "mean_lid_diff": [
    0.04509449005126953,
    0.013446807861328125,
    -0.011744499206542969,
    -0.04514789581298828,
    -0.07430171966552734,
    -0.10785961151123047,
    -0.16401290893554688,
    -0.22766494750976562,
    -0.28957366943359375,
    -0.3676929473876953,
    -0.45696544647216797,
    -0.5430374145507812,
    -0.6371965408325195,
    -0.7326450347900391,
    -0.8425502777099609,
    -0.952174186706543,
    -1.0686140060424805,
    -1.1845622062683105,
    -1.3003191947937012,
    -1.4178762435913086,
    -1.539536476135254,
    -1.6654157638549805,
    -1.7878413200378418,
    -1.9110722541809082,
    -2.04085636138916,
    -2.1761856079101562,
    -2.3086390495300293,
    -2.442066192626953,
    -2.5817055702209473,
    -2.7245702743530273,
    -2.870288848876953,
    -3.017061233520508,
    -3.169194221496582,
    -3.3238606452941895,
    -3.4750537872314453,
    -3.6393284797668457,
    -3.805741786956787,
    -3.975651741027832,
    -4.155576705932617,
    -4.3419413566589355,
    -4.53863000869751,
    -4.7406907081604,
    -4.949947357177734,
    -5.150817394256592,
    -5.353555679321289,
    -5.5599188804626465,
    -5.761139631271362,
    -5.970110893249512,
    -6.174055099487305,
    -6.3700714111328125
  ],
  "mean_lid_exact": [
    11.215530395507812,
    9.685288429260254,
    9.175368309020996,
    8.95274829864502,
    8.840815544128418,
    8.782301902770996,
    8.756525039672852,
    8.763001441955566,
    8.769522666931152,
    8.791918754577637,
    8.819289207458496,
    8.848411560058594,
    8.879229545593262,
    8.906359672546387,
    8.94189739227295,
    8.973405838012695,
    9.005372047424316,
    9.034052848815918,
    9.06356430053711,
    9.090584754943848,
    9.11793327331543,
    9.147500991821289,
    9.173173904418945,
    9.199345588684082,
    9.224433898925781,
    9.250016212463379,
    9.273743629455566,
    9.29492473602295,
    9.317167282104492,
    9.337475776672363,
    9.358124732971191,
    9.377521514892578,
    9.395228385925293,
    9.415226936340332,
    9.430817604064941,
    9.447370529174805,
    9.46279239654541,
    9.478126525878906,
    9.491830825805664,
    9.50578784942627,
    9.52057933807373,
    9.53508472442627,
    9.548869132995605,
    9.562216758728027,
    9.575439453125,
    9.587347984313965,
    9.598531723022461,
    9.610487937927246,
    9.620942115783691,
    9.630768775939941
  ],