{
  "k": [
    10,
    20,
    30,
    40,
    50,
    60,
    70,
    80,
    90,
    100,
    110,
    120,
    130,
    140,
    150,
    160,
    170,
    180,
    190,
    200,
    210,
    220,
    230,
    240,
    250,
    260,
    270,
    280,
    290,
    300,
    310,
    320,
    330,
    340,
    350,
    360,
    370,
    380,
    390,
    400,
    410,
    420,
    430,
    440,
    450,
    460,
    470,
    480,
    490,
    500
  ],
  "mean_overlap": [
    0.9910899999999999,
    0.98885,
    0.9853466666666667,
    0.9806174999999999,
    0.9746960000000001,
    0.9667566666666666,
    0.9566400000000002,
    0.94494375,
    0.9317900000000001,
    0.917924,
    0.9035154545454545,
    0.8885208333333334,
    0.873526923076923,
    0.8582664285714287,
    0.8432113333333333,
    0.8281331249999999,
    0.813304705882353,
    0.7986922222222224,
    0.7845205263157894,
    0.7705215,
    0.7569009523809523,
    0.7436209090909092,
    0.7307191304347825,
    0.7182133333333334,
    0.7060803999999999,
    0.6942280769230769,
    0.6828003703703703,
    0.6717582142857143,
    0.6609375862068966,
    0.6505706666666666,
    0.6404858064516128,
    0.6306390625,
    0.621089393939394,
    0.6118658823529411,
    0.6029237142857142,
    0.5942480555555556,
    0.5858148648648648,
    0.5775944736842105,
    0.5695443589743591,
    0.56177475,
    0.5541968292682926,
    0.5468895238095238,
    0.5396876744186048,
    0.5327295454545454,
    0.5259124444444444,
    0.5193241304347826,
    0.5128931914893617,
    0.5066670833333333,
    0.5005346938775509,
    0.49456039999999996
  ],
  "mean_exact_dist": [
    75.8409194946289,
    82.43536376953125,
    86.94657135009766,
    90.38887786865234,
    93.17985534667969,
    95.53202056884766,
    97.55919647216797,
    99.33556365966797,
    100.91705322265625,
    102.34223175048828,
    103.63912963867188,
    104.82966613769531,
    105.94169616699219,
    106.95405578613281,
    107.9140625,
    108.81184387207031,
    109.65631866455078,
    110.46935272216797,
    111.22245788574219,
    112.0326919555664,
    112.80755615234375,
    113.54165649414062,
    114.22113037109375,
    114.8439712524414,
    115.46365356445312,
    116.17513275146484,
    116.71559143066406,
    117.31616973876953,
    118.42400360107422,
    119.4231948852539,
    120.40869140625,
    121.30000305175781,
    122.27680969238281,
    123.18492889404297,
    124.07258605957031,
    125.08267974853516,
    126.12892150878906,
    127.02633666992188,
    127.98223114013672,
    129.04029846191406,
    130.2028350830078,
    131.01022338867188,
    131.99050903320312,
    132.7041778564453,
    133.52291870117188,
    134.55210876464844,
    135.07740783691406,
    135.65243530273438,
    135.78684997558594,
    136.07510375976562
  ],
  "mean_ann_dist": [
    75.91788482666016,
    82.52017211914062,
    87.04727172851562,
    90.50926208496094,
    93.32624816894531,
    95.71278381347656,
    97.78560638427734,
    99.62110900878906,
    101.27640533447266,
    102.78948211669922,
    104.1894760131836,
    2.2685489523362156e+33,
    106.727294921875,
    2.434239644211823e+32,
    109.00810241699219,
    110.08720397949219,
    111.134033203125,
    1.8965264613227762e+32,
    1.8001404498640165e+32,
    8.576528284559144e+32,
    1.1494472108883566e+33,
    6.3054951734203445e+32,
    1.3656816792566945e+33,
    7.328869642252848e+32,
    1.7058539847118848e+33,
    3.0540011717671314e+33,
    2.7252782642502817e+33,
    2.5455394288088636e+33,
    3.733080917442372e+33,
    3.5983330010762175e+33,
    4.4073008200083885e+33,
    4.9559323245589227e+33,
    4.344007112194796e+33,
    3.7154436762176636e+33,
    4.899673520503579e+33,
    4.724712050416268e+33,
    6.17828638926469e+33,
    5.321188080575123e+33,
    6.62792416166371e+33,
    4.955568060702363e+33,
    5.03952051189155e+33,
    6.204203901927169e+33,
    8.517511504838777e+33,
    7.416431926596592e+33,
    6.583136728982404e+33,
    6.420152638260189e+33,
    9.499356412317112e+33,
    4.1914950657499057e+33,
    7.011605107739624e+33,
    1.1030763755255524e+34
  ],
  "mean_barycenter_shift": [
    0.0004940484068356454,
    0.0005699837347492576,
    0.0007203380228020251,
    0.0009388668113388121,
    0.0011740224435925484,
    0.0014852647436782718,
    0.0018799236277118325,
    0.0022752289660274982,
    0.0026464653201401234,
    0.002986870938912034,
    0.003295448375865817,
    0.003573171328753233,
    0.00384944723919034,
    0.004128109198063612,
    0.004410772118717432,
    0.0046793692745268345,
    0.0049695465713739395,
    0.005275603383779526,
    0.005592960398644209,
    0.005911132320761681,
    0.006237305235117674,
    0.006579830776900053,
    0.006924828514456749,
    0.007283349055796862,
    0.007651108782738447,
    0.00802496075630188,
    0.008406456559896469,
    0.008804714307188988,
    0.00922424253076315,
    0.009660715237259865,
    0.010130850598216057,
    0.01063563022762537,
    0.011173269711434841,
    0.01173881534487009,
    0.012331842444837093,
    0.012951334938406944,
    0.013595866039395332,
    0.01426529511809349,
    0.01495991088449955,
    0.015672987326979637,
    0.016406618058681488,
    0.01715821772813797,
    0.017928631976246834,
    0.018706977367401123,
    0.019499851390719414,
    0.020300909876823425,
    0.0211073886603117,
    0.021916961297392845,
    0.022728098556399345,
    0.023537462577223778
  ],
  "mean_lid_diff": [
    0.0149383544921875,
    -0.013891220092773438,
    -0.04252338409423828,
    -0.09236526489257812,
    -0.1392059326171875,
    -0.20395469665527344,
    -0.2721977233886719,
    -0.3544473648071289,
    -0.4331216812133789,
    -0.531498908996582,
    -0.6376953125,
    -0.759976863861084,
    -0.8897075653076172,
    -1.0215606689453125,
    -1.1520867347717285,
    -1.293635368347168,
    -1.4421439170837402,
    -1.598109245300293,
    -1.755234718322754,
    -1.9232759475708008,
    -2.0940017700195312,
    -2.2713327407836914,
    -2.455414295196533,
    -2.6429247856140137,
    -2.843817710876465,
    -3.061147689819336,
    -3.2841029167175293,
    -3.513319969177246,
    -3.7583913803100586,
    -4.0032758712768555,
    -4.250300884246826,
    -4.497893333435059,
    -4.7557373046875,
    -5.008727073669434,
    -5.261682033538818,
    -5.513037204742432,
    -5.767714023590088,
    -6.023788690567017,
    -6.272276163101196,
    -6.515208959579468,
    -6.7530858516693115,
    -6.984131813049316,
    -7.2097859382629395,
    -7.421301603317261,
    -7.619281649589539,
    -7.818101644515991,
    -8.002228021621704,
    -8.168535947799683,
    -8.325968503952026,
    -8.475965023040771
  ],
  "mean_lid_exact": [
    11.189666748046875,
    9.678772926330566,
    9.151755332946777,
    8.92019271850586,
    8.789591789245605,
    8.731404304504395,
    8.700028419494629,
    8.693490028381348,
    8.686240196228027,
    8.70059871673584,
    8.721681594848633,
    8.746597290039062,
    8.774813652038574,
    8.803258895874023,
    8.826647758483887,
    8.854053497314453,
    8.882424354553223,
    8.914691925048828,
    8.945989608764648,
    8.977972030639648,
    9.0093355178833,
    9.038050651550293,
    9.0651273727417,
    9.092148780822754,
    9.120648384094238,
    9.149796485900879,
    9.176254272460938,
    9.204669952392578,
    9.231734275817871,
    9.256725311279297,
    9.279006958007812,
    9.30236530303955,
    9.324355125427246,
    9.344680786132812,
    9.365589141845703,
    9.386211395263672,
    9.406376838684082,
    9.42652702331543,
    9.444517135620117,
    9.461812019348145,
    9.477593421936035,
    9.495132446289062,
    9.511894226074219,
    9.5261812210083,
    9.540984153747559,
    9.555222511291504,
    9.569696426391602,
    9.582456588745117,
    9.59473705291748,
    9.607583999633789
  ],