{
  "k": [
    10,
    20,
    30,
    40,
    50,
    60,
    70,
    80,
    90,
    100,
    110,
    120,
    130,
    140,
    150,
    160,
    170,
    180,
    190,
    200,
    210,
    220,
    230,
    240,
    250,
    260,
    270,
    280,
    290,
    300,
    310,
    320,
    330,
    340,
    350,
    360,
    370,
    380,
    390,
    400,
    410,
    420,
    430,
    440,
    450,
    460,
    470,
    480,
    490,
    500
  ],
  "mean_overlap": [
    0.99174,
    0.9893299999999999,
    0.9856766666666666,
    0.98105,
    0.975296,
    0.9676716666666667,
    0.9579514285714288,
    0.9465775,
    0.9336600000000003,
    0.920113,
    0.9058081818181818,
    0.8910574999999998,
    0.8762184615384616,
    0.8611114285714286,
    0.8461853333333332,
    0.8313693750000001,
    0.8166623529411765,
    0.8022488888888889,
    0.7881289473684211,
    0.7744245,
    0.7609757142857143,
    0.7479359090909091,
    0.7352060869565217,
    0.7228625,
    0.7108475999999999,
    0.6990453846153846,
    0.6877548148148147,
    0.6767839285714287,
    0.6660686206896552,
    0.6557956666666667,
    0.6457796774193548,
    0.6359425,
    0.6264769696969698,
    0.6172608823529411,
    0.6083325714285714,
    0.5996411111111112,
    0.5912372972972973,
    0.5830181578947368,
    0.5750410256410255,
    0.567258,
    0.5597039024390243,
    0.5523209523809522,
    0.5451346511627907,
    0.5381779545454545,
    0.5314084444444445,
    0.5247958695652174,
    0.5182714893617022,
    0.5119433333333332,
    0.5058,
    0.49978940000000005
  ],
  "mean_exact_dist": [
    75.47096252441406,
    82.0308837890625,
    86.59142303466797,
    90.08599090576172,
    92.91300964355469,
    95.28070068359375,
    97.31420135498047,
    99.09494018554688,
    100.67951202392578,
    102.10798645019531,
    103.408203125,
    104.60122680664062,
    105.68993377685547,
    106.6890640258789,
    107.61283111572266,
    108.50646209716797,
    109.36382293701172,
    110.20700073242188,
    111.01420593261719,
    111.76385498046875,
    112.46805572509766,
    113.1568832397461,
    113.8067626953125,
    114.37442016601562,
    114.94906616210938,
    115.57953643798828,
    116.2541275024414,
    116.97570037841797,
    117.66632843017578,
    118.32743072509766,
    118.99308776855469,
    119.72095489501953,
    120.551025390625,
    121.49681091308594,
    122.36155700683594,
    123.41598510742188,
    124.43608093261719,
    125.42451477050781,
    126.48049926757812,
    127.23960876464844,
    128.32469177246094,
    128.88841247558594,
    129.59169006347656,
    130.3961181640625,
    131.65623474121094,
    132.09817504882812,
    132.57080078125,
    133.45030212402344,
    133.998779296875,
    134.30059814453125
  ],
  "mean_ann_dist": [
    75.54713439941406,
    82.11518096923828,
    86.69119262695312,
    90.2063980102539,
    93.05916595458984,
    95.4610595703125,
    97.53913879394531,
    99.37577819824219,
    101.03019714355469,
    102.54173278808594,
    103.94007873535156,
    105.2479019165039,
    106.46781158447266,
    2.4330212404137827e+32,
    108.68238067626953,
    109.75082397460938,
    110.80438232421875,
    3.795337308874296e+32,
    7.206356132552446e+32,
    1.7159978588219204e+32,
    6.550346946934338e+32,
    4.70276089763966e+32,
    9.058093149541353e+32,
    1.0199261868530746e+33,
    2.8283209887852887e+33,
    1.794170329282058e+33,
    3.5102226187800806e+33,
    1.992285456151638e+33,
    3.6697021012510786e+33,
    2.3400506668377851e+33,
    3.627854157193056e+33,
    3.4975420894726706e+33,
    4.7132697706331533e+33,
    4.248683253289743e+33,
    5.277268443861356e+33,
    4.994603714476139e+33,
    4.609212863720962e+33,
    6.758905645460339e+33,
    6.393793181003686e+33,
    5.859079836314837e+33,
    5.49413016097335e+33,
    7.413085774670403e+33,
    6.678900675571423e+33,
    5.476256163716128e+33,
    8.47690026288e+33,
    8.636964053049541e+33,
    6.328715292108473e+33,
    8.772424403908305e+33,
    7.496262965909988e+33,
    6.310750925228383e+33
  ],
  "mean_barycenter_shift": [
    0.0004477790789678693,
    0.0005422506364993751,
    0.0007170516182668507,
    0.0009296151110902429,
    0.0011658011935651302,
    0.0014575985260307789,
    0.0018243215745314956,
    0.0021998623851686716,
    0.0025784014724195004,
    0.0029183421283960342,
    0.0032262299209833145,
    0.0034967486280947924,
    0.0037713858764618635,
    0.0040491619147360325,
    0.004307064227759838,
    0.004572001751512289,
    0.0048313261941075325,
    0.005092717707157135,
    0.005375447683036327,
    0.005666239652782679,
    0.005973290652036667,
    0.006276956759393215,
    0.0065875365398824215,
    0.006891850382089615,
    0.007204801309853792,
    0.007517250720411539,
    0.007823399268090725,
    0.008133442141115665,
    0.008459384553134441,
    0.008792421780526638,
    0.009141418151557446,
    0.009507167153060436,
    0.009882718324661255,
    0.010273449122905731,
    0.010677329264581203,
    0.011095376685261726,
    0.011529993265867233,
    0.011980830691754818,
    0.012447713874280453,
    0.012934706173837185,
    0.013436255976557732,
    0.01395096443593502,
    0.01447657123208046,
    0.015014301985502243,
    0.015557908453047276,
    0.016107533127069473,
    0.016662584617733955,
    0.017220057547092438,
    0.017778651788830757,
    0.018336007371544838
  ],
  "mean_lid_diff": [
    0.05018043518066406,
    0.004023551940917969,
    -0.038422584533691406,
    -0.0877542495727539,
    -0.12142753601074219,
    -0.1816864013671875,
    -0.24874401092529297,
    -0.3230400085449219,
    -0.4116783142089844,
    -0.5054378509521484,
    -0.6135339736938477,
    -0.7250452041625977,
    -0.8446249961853027,
    -0.9735450744628906,
    -1.1107425689697266,
    -1.246950626373291,
    -1.3909368515014648,
    -1.5432653427124023,
    -1.7001633644104004,
    -1.8615550994873047,
    -2.026515483856201,
    -2.2014007568359375,
    -2.3899383544921875,
    -2.5807933807373047,
    -2.781651496887207,
    -2.9888877868652344,
    -3.204369068145752,
    -3.4261889457702637,
    -3.6576285362243652,
    -3.89569091796875,
    -4.139440536499023,
    -4.38923978805542,
    -4.650697231292725,
    -4.9138617515563965,
    -5.177351951599121,
    -5.440911054611206,
    -5.713051795959473,
    -5.982384920120239,
    -6.23128342628479,
    -6.476948499679565,
    -6.719536542892456,
    -6.9509313106536865,
    -7.168705701828003,
    -7.376791477203369,
    -7.585766077041626,
    -7.777515172958374,
    -7.958457589149475,
    -8.130058646202087,
    -8.288908123970032,
    -8.441650390625
  ],
  "mean_lid_exact": [
    11.113395690917969,
    9.595657348632812,
    9.03540325164795,
    8.787346839904785,
    8.6644868850708,
    8.605956077575684,
    8.583338737487793,
    8.578909873962402,
    8.590932846069336,
    8.614339828491211,
    8.641937255859375,
    8.669146537780762,
    8.702982902526855,
    8.735636711120605,
    8.7714262008667,
    8.8040771484375,
    8.838804244995117,
    8.873269081115723,
    8.907807350158691,
    8.939550399780273,
    8.972356796264648,
    9.0046968460083,
    9.039222717285156,
    9.06828498840332,
    9.094979286193848,
    9.123551368713379,
    9.150249481201172,
    9.17654037475586,
    9.202851295471191,
    9.227692604064941,
    9.251763343811035,
    9.275958061218262,
    9.297104835510254,
    9.318540573120117,
    9.3385591506958,
    9.360579490661621,
    9.380472183227539,
    9.40024185180664,
    9.419011116027832,
    9.4362154006958,
    9.453031539916992,
    9.46866226196289,
    9.483881950378418,
    9.499428749084473,
    9.514997482299805,
    9.53073787689209,
    9.545132637023926,
    9.55838680267334,
    9.570035934448242,
    9.583001136779785
  ],