{
  "k": [
    10,
    20,
    30,
    40,
    50,
    60,
    70,
    80,
    90,
    100,
    110,
    120,
    130,
    140,
    150,
    160,
    170,
    180,
    190,
    200,
    210,
    220,
    230,
    240,
    250,
    260,
    270,
    280,
    290,
    300,
    310,
    320,
    330,
    340,
    350,
    360,
    370,
    380,
    390,
    400,
    410,
    420,
    430,
    440,
    450,
    460,
    470,
    480,
    490,
    500
  ],
  "mean_overlap": [
    0.9966299999999999,
    0.9956299999999999,
    0.9944866666666666,
    0.9930075,
    0.99105,
    0.98885,
    0.9860142857142858,
    0.9826175000000001,
    0.9783366666666666,
    0.9732190000000001,
    0.9672854545454546,
    0.9607766666666666,
    0.9534738461538461,
    0.9456871428571428,
    0.9374633333333333,
    0.92881625,
    0.9198935294117647,
    0.9108444444444443,
    0.9015752631578947,
    0.8921465000000001,
    0.8826123809523811,
    0.8729899999999999,
    0.8633965217391304,
    0.853885,
    0.8444688,
    0.8350334615384616,
    0.8257866666666667,
    0.8166414285714286,
    0.8075575862068964,
    0.7986770000000001,
    0.7899270967741935,
    0.78130625,
    0.7728863636363636,
    0.7646076470588234,
    0.7564325714285715,
    0.7484377777777778,
    0.7406213513513514,
    0.732878947368421,
    0.7253058974358975,
    0.7177304999999999,
    0.7103860975609756,
    0.7032021428571429,
    0.6961453488372094,
    0.6891461363636363,
    0.6822642222222223,
    0.6755152173913043,
    0.6689044680851064,
    0.66237875,
    0.6560257142857143,
    0.64978
  ],
  "mean_exact_dist": [
    75.7557601928711,
    82.41719055175781,
    86.97356414794922,
    90.43769073486328,
    93.24092102050781,
    95.60710906982422,
    97.65213775634766,
    99.44281005859375,
    101.0350341796875,
    102.46932220458984,
    103.77336883544922,
    104.96978759765625,
    106.0745849609375,
    107.10177612304688,
    108.06242370605469,
    108.96514129638672,
    109.81694793701172,
    110.62332153320312,
    111.38912200927734,
    112.11869812011719,
    112.8122787475586,
    113.47919464111328,
    114.1153335571289,
    114.72982025146484,
    115.29316711425781,
    115.83830261230469,
    116.3768310546875,
    116.92461395263672,
    117.4719467163086,
    118.00948333740234,
    118.52782440185547,
    119.06822204589844,
    119.52842712402344,
    119.98296356201172,
    120.43148803710938,
    120.8364486694336,
    121.24613952636719,
    121.60206604003906,
    121.95716857910156,
    122.30590057373047,
    122.69229125976562,
    123.07756805419922,
    123.56147766113281,
    124.06660461425781,
    124.52214050292969,
    125.06175994873047,
    125.68624114990234,
    126.2989273071289,
    126.89755249023438,
    127.49181365966797
  ],
  "mean_ann_dist": [
    75.78636169433594,
    82.4500732421875,
    87.01117706298828,
    90.48076629638672,
    93.2911148071289,
    95.66590118408203,
    97.7214584350586,
    99.52487182617188,
    101.13289642333984,
    102.58638000488281,
    103.91381072998047,
    105.13777160644531,
    106.2754135131836,
    107.34133911132812,
    108.34649658203125,
    109.30008697509766,
    110.20909881591797,
    111.07959747314453,
    111.91697692871094,
    112.7258529663086,
    113.5051498413086,
    114.26673889160156,
    115.00467681884766,
    115.7296371459961,
    116.40062713623047,
    117.05770874023438,
    1.2637169490393345e+32,
    118.3849105834961,
    2.3583305149997616e+32,
    1.1412360319790291e+32,
    2.2115139211906137e+32,
    1.0743406536780143e+32,
    2.086309826186077e+32,
    2.0284361293494856e+32,
    122.87853240966797,
    4.8117936271685064e+32,
    2.8190925713343047e+32,
    2.758434863406239e+32,
    3.600985751837901e+32,
    1.766966171376873e+32,
    8.673392450358077e+32,
    7.700670232514246e+32,
    1.0157505377293125e+33,
    8.37523227075862e+32,
    1.082998612884645e+33,
    5.812988079059639e+32,
    1.9881145266742756e+33,
    9.946286500365205e+32,
    1.5826583700498364e+33,
    1.590104424643633e+33
  ],
  "mean_barycenter_shift": [
    0.00017835611652117223,
    0.00022746145259588957,
    0.00027741442318074405,
    0.0003465685003902763,
    0.0004394244751892984,
    0.0005377558409236372,
    0.0006630675634369254,
    0.0007870143163017929,
    0.0009481006418354809,
    0.0011393734021112323,
    0.001326628727838397,
    0.0015268302522599697,
    0.0017191936494782567,
    0.0019164879340678453,
    0.0021010171622037888,
    0.0022700694389641285,
    0.0024441417772322893,
    0.002613538410514593,
    0.002775872126221657,
    0.0029333161655813456,
    0.003092123894020915,
    0.0032648106571286917,
    0.0034389107022434473,
    0.0036184159107506275,
    0.0037990284617990255,
    0.003981275949627161,
    0.004160262178629637,
    0.0043370965868234634,
    0.004520241636782885,
    0.004700393415987492,
    0.0048807840794324875,
    0.005060354247689247,
    0.005235493648797274,
    0.005413491278886795,
    0.0055888956412673,
    0.005761418957263231,
    0.005933551117777824,
    0.006103031802922487,
    0.0062710680067539215,
    0.006441554054617882,
    0.006612435914576054,
    0.0067840879783034325,
    0.006962970830500126,
    0.0071497717872262,
    0.007343754637986422,
    0.007545465137809515,
    0.007755182683467865,
    0.007973791100084782,
    0.008203363046050072,
    0.008448109030723572
  ],
  "mean_lid_diff": [
    0.012635231018066406,
    0.007767677307128906,
    -0.010970115661621094,
    -0.0230712890625,
    -0.03868865966796875,
    -0.05934906005859375,
    -0.0819406509399414,
    -0.11131954193115234,
    -0.1410350799560547,
    -0.17258739471435547,
    -0.2096271514892578,
    -0.24734783172607422,
    -0.3003082275390625,
    -0.35585689544677734,
    -0.4137887954711914,
    -0.4745597839355469,
    -0.5390634536743164,
    -0.6083202362060547,
    -0.6860971450805664,
    -0.7651195526123047,
    -0.8486289978027344,
    -0.9358730316162109,
    -1.022603988647461,
    -1.1087656021118164,
    -1.2014102935791016,
    -1.3009657859802246,
    -1.3990683555603027,
    -1.497483253479004,
    -1.5988764762878418,
    -1.7039437294006348,
    -1.809138298034668,
    -1.9195199012756348,
    -2.0291695594787598,
    -2.140377998352051,
    -2.253866672515869,
    -2.370964527130127,
    -2.4920296669006348,
    -2.6187753677368164,
    -2.7500357627868652,
    -2.8816685676574707,
    -3.020663261413574,
    -3.1690192222595215,
    -3.3197593688964844,
    -3.4737210273742676,
    -3.6377944946289062,
    -3.7998838424682617,
    -3.969498634338379,
    -4.138168811798096,
    -4.318970680236816,
    -4.494657516479492
  ],
  "mean_lid_exact": [
    11.115702629089355,
    9.605427742004395,
    9.081850051879883,
    8.856971740722656,
    8.720921516418457,
    8.666452407836914,
    8.658982276916504,
    8.665559768676758,
    8.673294067382812,
    8.69461727142334,
    8.715091705322266,
    8.741226196289062,
    8.777280807495117,
    8.808843612670898,
    8.840350151062012,
    8.873489379882812,
    8.903651237487793,
    8.933878898620605,
    8.96602725982666,
    8.999189376831055,
    9.030266761779785,
    9.061098098754883,
    9.089119911193848,
    9.116296768188477,
    9.144036293029785,
    9.172903060913086,
    9.19870662689209,
    9.223526954650879,
    9.247552871704102,
    9.270556449890137,
    9.293367385864258,
    9.315584182739258,
    9.336917877197266,
    9.355523109436035,
    9.3740816116333,
    9.392428398132324,
    9.408401489257812,
    9.424128532409668,
    9.441798210144043,
    9.456331253051758,
    9.47164249420166,
    9.486541748046875,
    9.501248359680176,
    9.514861106872559,
    9.528167724609375,
    9.540663719177246,
    9.553434371948242,
    9.564435005187988,
    9.577505111694336,
    9.587993621826172
  ],