{
  "alpha": 0.5,
  "k": [
    10,
    20,
    30,
    40,
    50,
    60,
    70,
    80,
    90,
    100,
    110,
    120,
    130,
    140,
    150,
    160,
    170,
    180,
    190,
    200,
    210,
    220,
    230,
    240,
    250,
    260,
    270,
    280,
    290,
    300,
    310,
    320,
    330,
    340,
    350,
    360,
    370,
    380,
    390,
    400,
    410,
    420,
    430,
    440,
    450,
    460,
    470,
    480,
    490,
    500
  ],
  "mean_overlap": [
    0.9935299999999999,
    0.990025,
    0.9852166666666667,
    0.9772975,
    0.964802,
    0.9492716666666665,
    0.94352,
    0.9451149999999999,
    0.9467077777777778,
    0.94768,
    0.9486645454545455,
    0.9493441666666668,
    0.9502584615384616,
    0.9514492857142858,
    0.9526833333333334,
    0.9536262500000001,
    0.9546017647058825,
    0.955325,
    0.9560889473684212,
    0.9567785,
    0.9574066666666667,
    0.9579549999999999,
    0.9584439130434783,
    0.9588533333333333,
    0.9593219999999999,
    0.9597023076923077,
    0.9600944444444445,
    0.9604982142857144,
    0.960861724137931,
    0.9611293333333333,
    0.9615083870967743,
    0.9617924999999999,
    0.9620866666666666,
    0.9624097058823529,
    0.962701142857143,
    0.9630408333333332,
    0.9633754054054054,
    0.9637213157894737,
    0.9639779487179487,
    0.96415325,
    0.9644102439024391,
    0.9645845238095236,
    0.9648260465116278,
    0.9649693181818182,
    0.9651006666666666,
    0.9652434782608696,
    0.9654236170212765,
    0.9656385416666667,
    0.9657867346938775,
    0.9658781999999999
  ],
  "mean_exact_dist": [
    75.0479965209961,
    81.63771057128906,
    86.21043395996094,
    89.6812973022461,
    92.4952621459961,
    94.86554718017578,
    96.91755676269531,
    98.7227783203125,
    100.33082580566406,
    101.78022766113281,
    103.09896850585938,
    104.30917358398438,
    105.4281005859375,
    106.4689712524414,
    107.44200134277344,
    108.35572814941406,
    109.21720123291016,
    110.0322036743164,
    110.80593872070312,
    111.54254913330078,
    112.24555206298828,
    112.91798400878906,
    113.56269073486328,
    114.18207550048828,
    114.77788543701172,
    115.35211181640625,
    115.90618896484375,
    116.44155883789062,
    116.95948791503906,
    117.46107482910156,
    117.94730377197266,
    118.41909790039062,
    118.877197265625,
    119.32244873046875,
    119.75553894042969,
    120.17707824707031,
    120.5876235961914,
    120.98776245117188,
    121.37799072265625,
    121.75875091552734,
    122.13046264648438,
    122.4935531616211,
    122.84837341308594,
    123.19535064697266,
    123.53475189208984,
    123.86689758300781,
    124.1920394897461,
    124.51045227050781,
    124.82244873046875,
    125.1282730102539
  ],
  "mean_ann_dist": [
    75.09785461425781,
    81.7005615234375,
    86.29502868652344,
    89.7965316772461,
    92.66130065917969,
    95.10807800292969,
    97.19023895263672,
    98.97986602783203,
    100.5771255493164,
    102.0186538696289,
    103.33294677734375,
    104.540771484375,
    105.65582275390625,
    106.68201446533203,
    107.64164733886719,
    108.5478515625,
    109.40322875976562,
    110.21343994140625,
    110.98397827148438,
    111.71755981445312,
    112.41788482666016,
    113.08817291259766,
    113.7309341430664,
    114.34864807128906,
    114.94200134277344,
    115.51408386230469,
    116.06639099121094,
    116.59963989257812,
    117.11589050292969,
    117.61638641357422,
    118.10005950927734,
    118.56952667236328,
    119.02592468261719,
    119.4696273803711,
    119.90088653564453,
    120.3207778930664,
    120.72930145263672,
    121.12779998779297,
    121.51676177978516,
    121.89667510986328,
    122.26732635498047,
    122.62944793701172,
    122.98321533203125,
    123.32926177978516,
    123.66788482666016,
    123.99937438964844,
    124.32361602783203,
    124.64119720458984,
    124.95248413085938,
    125.25796508789062
  ],
  "mean_barycenter_shift": [
    0.00035191059578210115,
    0.0005122458678670228,
    0.0007563622202724218,
    0.0011893011396750808,
    0.0018959006993100047,
    0.0025735883973538876,
    0.0026869254652410746,
    0.002504789736121893,
    0.0023361912462860346,
    0.0022059883922338486,
    0.0020820191130042076,
    0.0020008536521345377,
    0.0019085906678810716,
    0.0018217043252661824,
    0.001750327879562974,
    0.0016844627680256963,
    0.0016238498501479626,
    0.0015751131577417254,
    0.0015295094344764948,
    0.0014899402158334851,
    0.0014474279014393687,
    0.0014153714291751385,
    0.0013828813098371029,
    0.001356841647066176,
    0.0013299103593453765,
    0.0013056584866717458,
    0.0012841823045164347,
    0.001261953148059547,
    0.0012414607917889953,
    0.0012261973461136222,
    0.0012044914765283465,
    0.0011870177695527673,
    0.00116674171295017,
    0.0011488533345982432,
    0.0011267522349953651,
    0.0011074545327574015,
    0.0010904030641540885,
    0.001073757535777986,
    0.0010597327491268516,
    0.0010446000378578901,
    0.0010299838613718748,
    0.001019711373373866,
    0.0010048490948975086,
    0.0009955359855666757,
    0.0009864859748631716,
    0.000978066585958004,
    0.0009691341547295451,
    0.0009581897757016122,
    0.0009506965870968997,
    0.0009421356371603906
  ],
  "mean_lid_diff": [
    0.03370952606201172,
    -0.03440284729003906,
    -0.0679330825805664,
    -0.13348960876464844,
    -0.22092437744140625,
    -0.3360109329223633,
    -0.36566734313964844,
    -0.35765933990478516,
    -0.3447589874267578,
    -0.3392314910888672,
    -0.33438682556152344,
    -0.3295402526855469,
    -0.3187570571899414,
    -0.3145875930786133,
    -0.30451393127441406,
    -0.30031490325927734,
    -0.29618072509765625,
    -0.2960529327392578,
    -0.2906179428100586,
    -0.2849617004394531,
    -0.2805795669555664,
    -0.2814035415649414,
    -0.27919578552246094,
    -0.27567577362060547,
    -0.27338123321533203,
    -0.272430419921875,
    -0.27167224884033203,
    -0.27031707763671875,
    -0.26649951934814453,
    -0.2642993927001953,
    -0.25925350189208984,
    -0.2582387924194336,
    -0.2576007843017578,
    -0.2560234069824219,
    -0.25525569915771484,
    -0.2543935775756836,
    -0.2521486282348633,
    -0.24855422973632812,
    -0.24637603759765625,
    -0.2474527359008789,
    -0.24727630615234375,
    -0.24560070037841797,
    -0.24347209930419922,
    -0.2418079376220703,
    -0.24154376983642578,
    -0.2413930892944336,
    -0.2400531768798828,
    -0.2397775650024414,
    -0.23821449279785156,
    -0.23744773864746094
  ],
  "mean_lid_exact": [
    11.007865905761719,
    9.531454086303711,
    9.001206398010254,
    8.760645866394043,
    8.63895034790039,
    8.584587097167969,
    8.554620742797852,
    8.553760528564453,
    8.56108570098877,
    8.583976745605469,
    8.610902786254883,
    8.637629508972168,
    8.66049575805664,
    8.694307327270508,
    8.72366714477539,
    8.757959365844727,
    8.789752960205078,
    8.823960304260254,
    8.85480785369873,
    8.887386322021484,
    8.916894912719727,
    8.950489044189453,
    8.97860336303711,
    9.00782299041748,
    9.03617000579834,
    9.063539505004883,
    9.09067153930664,
    9.115396499633789,
    9.139023780822754,
    9.162960052490234,
    9.184759140014648,
    9.20861530303955,
    9.23033618927002,
    9.250452995300293,
    9.271903991699219,
    9.29271411895752,
    9.311972618103027,
    9.329826354980469,
    9.348104476928711,
    9.36662769317627,
    9.384439468383789,
    9.399636268615723,
    9.414512634277344,
    9.428892135620117,
    9.444042205810547,
    9.458183288574219,
    9.472654342651367,
    9.487302780151367,
    9.4993314743042,
    9.511168479919434
  ],