{
  "k": [
    10,
    20,
    30,
    40,
    50,
    60,
    70,
    80,
    90,
    100,
    110,
    120,
    130,
    140,
    150,
    160,
    170,
    180,
    190,
    200,
    210,
    220,
    230,
    240,
    250,
    260,
    270,
    280,
    290,
    300,
    310,
    320,
    330,
    340,
    350,
    360,
    370,
    380,
    390,
    400,
    410,
    420,
    430,
    440,
    450,
    460,
    470,
    480,
    490,
    500
  ],
  "mean_overlap": [
    0.9974700000000001,
    0.9970699999999999,
    0.9967133333333333,
    0.9959525,
    0.9951900000000001,
    0.9942616666666667,
    0.9931442857142858,
    0.99174125,
    0.9901088888888889,
    0.9882920000000001,
    0.986049090909091,
    0.9832916666666666,
    0.980156153846154,
    0.9764207142857143,
    0.9722546666666667,
    0.9675437500000001,
    0.9625476470588237,
    0.9569200000000001,
    0.9510605263157895,
    0.9449095,
    0.9384347619047619,
    0.9317372727272727,
    0.9248882608695652,
    0.9178420833333334,
    0.9107428,
    0.9035350000000001,
    0.8962962962962964,
    0.8889639285714286,
    0.8816775862068965,
    0.8744736666666667,
    0.8671667741935484,
    0.8598896875,
    0.8526103030303032,
    0.8454132352941176,
    0.8382439999999999,
    0.8311586111111112,
    0.8241202702702701,
    0.8171218421052632,
    0.8102656410256411,
    0.8034377499999998,
    0.79673,
    0.7900409523809524,
    0.7834660465116279,
    0.7769547727272728,
    0.7705262222222222,
    0.7640965217391305,
    0.7578097872340426,
    0.7516525,
    0.7455565306122449,
    0.7395128000000001
  ],
  "mean_exact_dist": [
    75.52649688720703,
    82.15322875976562,
    86.68850708007812,
    90.14409637451172,
    92.94852447509766,
    95.31400299072266,
    97.36738586425781,
    99.17621612548828,
    100.787353515625,
    102.23828125,
    103.55816650390625,
    104.76885223388672,
    105.88812255859375,
    106.9296646118164,
    107.90399932861328,
    108.81951141357422,
    109.68341064453125,
    110.501708984375,
    111.27925109863281,
    112.02013397216797,
    112.72769927978516,
    113.4051284790039,
    114.05493927001953,
    114.67939758300781,
    115.28050994873047,
    115.86003875732422,
    116.41944885253906,
    116.96005249023438,
    117.48300170898438,
    117.98932647705078,
    118.4800033569336,
    118.95597839355469,
    119.41809844970703,
    119.86707305908203,
    120.29810333251953,
    120.7134780883789,
    121.13211822509766,
    121.54312133789062,
    121.9703369140625,
    122.38705444335938,
    122.85067749023438,
    123.27869415283203,
    123.7227554321289,
    124.11578369140625,
    124.43486022949219,
    124.78724670410156,
    125.0777816772461,
    125.32563781738281,
    125.6132583618164,
    125.86165618896484
  ],
  "mean_ann_dist": [
    75.54708862304688,
    82.17472839355469,
    86.71212005615234,
    90.17041015625,
    92.9777603149414,
    95.34685516357422,
    97.40462493896484,
    99.21842956542969,
    100.8355484008789,
    102.29351043701172,
    103.62146759033203,
    104.84172821044922,
    105.97257232666016,
    107.02774047851562,
    108.01822662353516,
    108.95275115966797,
    109.83891296386719,
    110.68282318115234,
    111.48982238769531,
    112.26412200927734,
    113.009521484375,
    113.7292251586914,
    114.42579650878906,
    115.10142517089844,
    115.75773620605469,
    116.39640045166016,
    117.0186996459961,
    117.62582397460938,
    118.21892547607422,
    118.79911041259766,
    119.36763763427734,
    119.9256362915039,
    120.47393798828125,
    121.01358795166016,
    9.723324601595875e+31,
    122.04840087890625,
    9.206947895568305e+31,
    8.977241351294313e+31,
    1.7525737644232626e+32,
    2.569590978975877e+32,
    8.384249696804158e+31,
    3.280146123862473e+32,
    2.4109503169383735e+32,
    1.5749291753576794e+32,
    7.7256128867386005e+31,
    3.03298172361259e+32,
    2.235503264870653e+32,
    2.9312447163340194e+32,
    2.8830462946169677e+32,
    3.546824714550379e+32
  ],
  "mean_barycenter_shift": [
    0.0001346926874248311,
    0.00014712558186147362,
    0.00016038198373280466,
    0.00020052364561706781,
    0.00023748188687022775,
    0.00028198628569953144,
    0.00033050987985916436,
    0.0003902140015270561,
    0.00046206408296711743,
    0.0005360895884223282,
    0.000620111939497292,
    0.0007268360350281,
    0.0008421759703196585,
    0.0009633727022446692,
    0.0010942531516775489,
    0.0012361450353637338,
    0.0013656982919201255,
    0.0014996679965406656,
    0.001633457955904305,
    0.001762877218425274,
    0.0018891514046117663,
    0.002012490527704358,
    0.0021369261667132378,
    0.0022598765790462494,
    0.0023875273764133453,
    0.002516214270144701,
    0.002648147288709879,
    0.0027815764769911766,
    0.002917219651862979,
    0.003041525138542056,
    0.003167984541505575,
    0.003293732414022088,
    0.003417501924559474,
    0.0035359112080186605,
    0.003653367515653372,
    0.0037681786343455315,
    0.003880996722728014,
    0.003994721453636885,
    0.004109675530344248,
    0.004221708048135042,
    0.004337901249527931,
    0.004459213465452194,
    0.004586104303598404,
    0.0047166249714791775,
    0.0048514436930418015,
    0.004987994208931923,
    0.005125971976667643,
    0.005266731604933739,
    0.005411333404481411,
    0.005560874938964844
  ],
  "mean_lid_diff": [
    0.020546913146972656,
    0.02087688446044922,
    0.0015239715576171875,
    -0.0048198699951171875,
    -0.01090240478515625,
    -0.02296924591064453,
    -0.03455352783203125,
    -0.04726219177246094,
    -0.060810089111328125,
    -0.07350635528564453,
    -0.08718585968017578,
    -0.10928726196289062,
    -0.13428878784179688,
    -0.15662574768066406,
    -0.18384265899658203,
    -0.21412944793701172,
    -0.25188636779785156,
    -0.28665924072265625,
    -0.3254585266113281,
    -0.37062740325927734,
    -0.41733646392822266,
    -0.4678945541381836,
    -0.5218448638916016,
    -0.5762186050415039,
    -0.6307210922241211,
    -0.6908760070800781,
    -0.7489767074584961,
    -0.8107242584228516,
    -0.8766555786132812,
    -0.9426774978637695,
    -1.0118474960327148,
    -1.0806732177734375,
    -1.1538076400756836,
    -1.2262134552001953,
    -1.301027774810791,
    -1.3779363632202148,
    -1.4566149711608887,
    -1.5412988662719727,
    -1.6266427040100098,
    -1.7140326499938965,
    -1.8035345077514648,
    -1.893540382385254,
    -1.9863295555114746,
    -2.0814003944396973,
    -2.1780667304992676,
    -2.2760214805603027,
    -2.3792672157287598,
    -2.483191967010498,
    -2.587519645690918,
    -2.6960930824279785
  ],
  "mean_lid_exact": [
    11.1322603225708,
    9.571598052978516,
    9.055542945861816,
    8.813246726989746,
    8.693671226501465,
    8.619119644165039,
    8.584683418273926,
    8.579543113708496,
    8.584785461425781,
    8.60038948059082,
    8.622541427612305,
    8.65090560913086,
    8.676087379455566,
    8.69764232635498,
    8.727734565734863,
    8.756537437438965,
    8.786578178405762,
    8.814403533935547,
    8.840578079223633,
    8.87097454071045,
    8.89892864227295,
    8.92751407623291,
    8.955955505371094,
    8.981940269470215,
    9.005810737609863,
    9.032186508178711,
    9.056473731994629,
    9.080923080444336,
    9.10561752319336,
    9.12928581237793,
    9.152432441711426,
    9.17615795135498,
    9.199926376342773,
    9.220527648925781,
    9.240633964538574,
    9.261253356933594,
    9.280330657958984,
    9.301103591918945,
    9.319037437438965,
    9.337491989135742,
    9.354876518249512,
    9.37236213684082,
    9.388570785522461,
    9.404877662658691,
    9.42121696472168,
    9.43504810333252,
    9.44980239868164,
    9.462868690490723,
    9.47581672668457,
    9.488152503967285
  ],