{
  "k": [
    10,
    20,
    30,
    40,
    50,
    60,
    70,
    80,
    90,
    100,
    110,
    120,
    130,
    140,
    150,
    160,
    170,
    180,
    190,
    200,
    210,
    220,
    230,
    240,
    250,
    260,
    270,
    280,
    290,
    300,
    310,
    320,
    330,
    340,
    350,
    360,
    370,
    380,
    390,
    400,
    410,
    420,
    430,
    440,
    450,
    460,
    470,
    480,
    490,
    500
  ],
  "mean_overlap": [
    0.9973699999999999,
    0.9964949999999999,
    0.995,
    0.9930025,
    0.9901,
    0.985735,
    0.979167142857143,
    0.97099625,
    0.9612977777777778,
    0.950657,
    0.9393100000000001,
    0.9275391666666667,
    0.9152461538461539,
    0.9028642857142857,
    0.8901966666666667,
    0.877536875,
    0.8649152941176471,
    0.85226,
    0.8399836842105264,
    0.827729,
    0.8155961904761906,
    0.8036163636363637,
    0.79171,
    0.78019125,
    0.7688843999999999,
    0.7577561538461538,
    0.746977037037037,
    0.7363325,
    0.7260286206896551,
    0.7159983333333334,
    0.7061122580645162,
    0.6964925000000001,
    0.6870512121212121,
    0.677950294117647,
    0.6690402857142858,
    0.6603822222222221,
    0.6519562162162161,
    0.6437273684210526,
    0.6356994871794872,
    0.6279247499999999,
    0.6202590243902439,
    0.6127588095238095,
    0.6053955813953489,
    0.5982654545454544,
    0.5913184444444444,
    0.5844597826086956,
    0.5778223404255319,
    0.5712960416666667,
    0.564909387755102,
    0.5586662
  ],
  "mean_exact_dist": [
    75.95116424560547,
    82.59332275390625,
    87.18022155761719,
    90.65479278564453,
    93.44728088378906,
    95.78517150878906,
    97.80452728271484,
    99.58450317382812,
    101.16380310058594,
    102.58338928222656,
    103.87206268310547,
    105.05241394042969,
    106.14189910888672,
    107.18775939941406,
    108.22261047363281,
    109.18252563476562,
    110.00220489501953,
    110.7855453491211,
    111.5284652709961,
    112.23512268066406,
    112.91214752197266,
    113.5435791015625,
    114.15515899658203,
    114.74645233154297,
    115.337890625,
    115.92442321777344,
    116.52224731445312,
    117.12833404541016,
    117.68437957763672,
    118.2205810546875,
    118.78103637695312,
    119.30241394042969,
    119.83332824707031,
    120.41754913330078,
    121.01704406738281,
    121.6565933227539,
    122.24949645996094,
    122.79833984375,
    123.39366912841797,
    123.8760986328125,
    124.59458923339844,
    125.3583984375,
    125.99859619140625,
    126.691650390625,
    127.44271850585938,
    128.1833953857422,
    128.9349365234375,
    129.69895935058594,
    130.46226501464844,
    131.1718292236328
  ],
  "mean_ann_dist": [
    75.9755630493164,
    82.61833953857422,
    87.20960235595703,
    90.69078063964844,
    93.49244689941406,
    95.84435272216797,
    97.88505554199219,
    99.69962310791016,
    101.33152770996094,
    102.82444763183594,
    104.20812225341797,
    105.49923706054688,
    106.7154769897461,
    4.866529532861772e+32,
    2.2778882814775943e+33,
    109.9112319946289,
    110.85991668701172,
    111.78852081298828,
    112.69329071044922,
    113.57830047607422,
    114.45475006103516,
    1.559526106418871e+32,
    1.4930755161054088e+32,
    1.4327436378642457e+32,
    117.81624603271484,
    118.66154479980469,
    119.51557922363281,
    3.7229472176520346e+32,
    2.4042360396502994e+32,
    5.829347843535058e+32,
    3.401213564854485e+32,
    5.516040693842419e+32,
    7.538496218805238e+32,
    1.3695573600346872e+33,
    1.9666207927421832e+33,
    4.083943686220569e+32,
    1.510316403746602e+33,
    1.1937079000829465e+33,
    1.674322259228742e+33,
    2.0456685254957217e+33,
    2.2349853030210907e+33,
    1.6463463617659415e+33,
    1.739664912549857e+33,
    1.637881327777308e+33,
    1.7321575799241157e+33,
    2.0232650603772595e+33,
    2.223543177980481e+33,
    1.9425168622372576e+33,
    2.0459496926271444e+33,
    1.6656492513135086e+33
  ],
  "mean_barycenter_shift": [
    0.00018914637621492147,
    0.00024045472673606128,
    0.00033282150980085135,
    0.00046284522977657616,
    0.0006524111959151924,
    0.0009110611863434315,
    0.001252668327651918,
    0.0016240902477875352,
    0.001975521445274353,
    0.0023296442814171314,
    0.0026829177513718605,
    0.003027565311640501,
    0.0033464462030678988,
    0.0036555954720824957,
    0.003951624501496553,
    0.004231165628880262,
    0.004520068410784006,
    0.004806058946996927,
    0.005094018764793873,
    0.005380775313824415,
    0.00567370792850852,
    0.005958423484116793,
    0.0062561072409152985,
    0.006546776741743088,
    0.006834071129560471,
    0.007121747359633446,
    0.007412871345877647,
    0.007698270492255688,
    0.007983694784343243,
    0.008264257572591305,
    0.008544020354747772,
    0.008826634846627712,
    0.009102609008550644,
    0.00937337800860405,
    0.009644247591495514,
    0.00990670919418335,
    0.010166598483920097,
    0.010432126931846142,
    0.010700886137783527,
    0.010969139635562897,
    0.011244279332458973,
    0.011520198546350002,
    0.011806936003267765,
    0.012097062543034554,
    0.012398391030728817,
    0.01270813588052988,
    0.013022460974752903,
    0.013344387523829937,
    0.013673081994056702,
    0.014012573286890984
  ],
  "mean_lid_diff": [
    0.020961761474609375,
    0.005283355712890625,
    -0.014911651611328125,
    -0.03250885009765625,
    -0.047570228576660156,
    -0.07091140747070312,
    -0.11705493927001953,
    -0.16776275634765625,
    -0.21434879302978516,
    -0.2811450958251953,
    -0.3595418930053711,
    -0.4354286193847656,
    -0.5215463638305664,
    -0.6118230819702148,
    -0.7174501419067383,
    -0.8237104415893555,
    -0.9373970031738281,
    -1.051316261291504,
    -1.1762361526489258,
    -1.297567367553711,
    -1.4297432899475098,
    -1.5649118423461914,
    -1.7021069526672363,
    -1.8431282043457031,
    -1.9876432418823242,
    -2.1396656036376953,
    -2.289954662322998,
    -2.439852237701416,
    -2.5881128311157227,
    -2.737076759338379,
    -2.890789031982422,
    -3.044590473175049,
    -3.1998510360717773,
    -3.3589096069335938,
    -3.5190486907958984,
    -3.6811141967773438,
    -3.841522216796875,
    -4.002043724060059,
    -4.162895679473877,
    -4.320610523223877,
    -4.484084606170654,
    -4.640973091125488,
    -4.800126075744629,
    -4.952240467071533,
    -5.10511589050293,
    -5.255950927734375,
    -5.405862808227539,
    -5.552998065948486,
    -5.695113658905029,
    -5.836153507232666
  ],
  "mean_lid_exact": [
    11.215530395507812,
    9.685288429260254,
    9.175368309020996,
    8.95274829864502,
    8.840815544128418,
    8.782301902770996,
    8.756525039672852,
    8.763001441955566,
    8.769522666931152,
    8.791918754577637,
    8.819289207458496,
    8.848411560058594,
    8.879229545593262,
    8.906359672546387,
    8.94189739227295,
    8.973405838012695,
    9.005372047424316,
    9.034052848815918,
    9.06356430053711,
    9.090584754943848,
    9.11793327331543,
    9.147500991821289,
    9.173173904418945,
    9.199345588684082,
    9.224433898925781,
    9.250016212463379,
    9.273743629455566,
    9.29492473602295,
    9.317167282104492,
    9.337475776672363,
    9.358124732971191,
    9.377521514892578,
    9.395228385925293,
    9.415226936340332,
    9.430817604064941,
    9.447370529174805,
    9.46279239654541,
    9.478126525878906,
    9.491830825805664,
    9.50578784942627,
    9.52057933807373,
    9.53508472442627,
    9.548869132995605,
    9.562216758728027,
    9.575439453125,
    9.587347984313965,
    9.598531723022461,
    9.610487937927246,
    9.620942115783691,
    9.630768775939941
  ],