{
  "k": [
    10,
    20,
    30,
    40,
    50,
    60,
    70,
    80,
    90,
    100,
    110,
    120,
    130,
    140,
    150,
    160,
    170,
    180,
    190,
    200,
    210,
    220,
    230,
    240,
    250,
    260,
    270,
    280,
    290,
    300,
    310,
    320,
    330,
    340,
    350,
    360,
    370,
    380,
    390,
    400,
    410,
    420,
    430,
    440,
    450,
    460,
    470,
    480,
    490,
    500
  ],
  "mean_overlap": [
    0.99697,
    0.99624,
    0.9952,
    0.9940025,
    0.9925360000000001,
    0.990605,
    0.98825,
    0.98530875,
    0.9815122222222222,
    0.9768400000000002,
    0.9711663636363635,
    0.9646758333333333,
    0.957656923076923,
    0.9501771428571428,
    0.9420813333333333,
    0.9335018749999999,
    0.9245988235294118,
    0.9155594444444445,
    0.9063421052631578,
    0.8969815000000001,
    0.8874566666666668,
    0.8779136363636364,
    0.8684295652173912,
    0.8589820833333334,
    0.8495452000000001,
    0.8401530769230768,
    0.8309011111111111,
    0.8218825000000001,
    0.8128462068965518,
    0.8040039999999999,
    0.7952348387096775,
    0.7865715624999999,
    0.7780527272727273,
    0.7697364705882354,
    0.7616057142857143,
    0.7535402777777779,
    0.7457254054054054,
    0.737926052631579,
    0.7303553846153845,
    0.72289425,
    0.7155163414634146,
    0.7083219047619048,
    0.7013016279069767,
    0.6943697727272727,
    0.6876184444444445,
    0.6808773913043479,
    0.674285744680851,
    0.66781,
    0.6614314285714286,
    0.6551818
  ],
  "mean_exact_dist": [
    75.69612884521484,
    82.34547424316406,
    86.8810806274414,
    90.33885955810547,
    93.14575958251953,
    95.51370239257812,
    97.55909729003906,
    99.3550796508789,
    100.95387268066406,
    102.3952407836914,
    103.70793914794922,
    104.91339874267578,
    106.02783966064453,
    107.06401062011719,
    108.03276062011719,
    108.9428482055664,
    109.80127716064453,
    110.61405181884766,
    111.38577270507812,
    112.12065124511719,
    112.82203674316406,
    113.49285125732422,
    114.13165283203125,
    114.74906158447266,
    115.34290313720703,
    115.91381072998047,
    116.4655990600586,
    117.00410461425781,
    117.51789093017578,
    118.0623779296875,
    118.55943298339844,
    119.065673828125,
    119.47653198242188,
    119.93055725097656,
    120.314453125,
    120.74565887451172,
    121.10782623291016,
    121.53116607666016,
    121.92951202392578,
    122.3163833618164,
    122.6987533569336,
    123.14678192138672,
    123.6761245727539,
    124.08847045898438,
    124.62605285644531,
    125.13432312011719,
    125.8950424194336,
    126.60478210449219,
    127.32103729248047,
    128.03297424316406
  ],
  "mean_ann_dist": [
    75.72208404541016,
    82.37224578857422,
    86.91229248046875,
    90.37564086914062,
    93.18878936767578,
    95.56417846679688,
    97.61854553222656,
    99.4254150390625,
    101.0376968383789,
    102.49607849121094,
    103.82996368408203,
    105.06132507324219,
    106.20707702636719,
    107.2801742553711,
    108.29229736328125,
    109.25244903564453,
    110.16806030273438,
    111.04502868652344,
    111.88819885253906,
    112.70195007324219,
    113.4896011352539,
    1.546737992384922e+32,
    114.99053192138672,
    115.71492767333984,
    116.42263793945312,
    117.11284637451172,
    117.79266357421875,
    1.2160236648867506e+32,
    1.1758566693167595e+32,
    6.842597510271256e+32,
    7.756707135817548e+32,
    5.38967216148843e+32,
    4.1955393384869986e+32,
    5.105756803178524e+32,
    1.9904499392440137e+32,
    9.708594082269035e+31,
    1.8954699568704986e+32,
    4.638350103683117e+32,
    4.547211023709616e+32,
    6.244040348163858e+32,
    8.766842222786157e+32,
    9.510358294931251e+32,
    5.978285957086531e+32,
    1.0967378904106539e+33,
    1.5912589584727716e+33,
    2.0006605847449182e+33,
    1.5891977883073614e+33,
    1.8481188277390853e+33,
    2.619942565277508e+33,
    2.303528495571273e+33
  ],
  "mean_barycenter_shift": [
    0.00015994343266356736,
    0.00019645391148515046,
    0.0002394147595623508,
    0.0002921897394116968,
    0.0003592005814425647,
    0.0004463410878088325,
    0.0005472672055475414,
    0.0006651875446550548,
    0.0008284412324428558,
    0.001026074169203639,
    0.0012282588286325336,
    0.00144431262742728,
    0.0016479934565722942,
    0.0018433555960655212,
    0.0020369708072394133,
    0.0022109325509518385,
    0.002382044680416584,
    0.002543550683185458,
    0.0027105375193059444,
    0.002878859406337142,
    0.003053379710763693,
    0.00322681269608438,
    0.0034063912462443113,
    0.0035886531695723534,
    0.003763830289244652,
    0.003945888485759497,
    0.0041259052231907845,
    0.004306130111217499,
    0.004490351304411888,
    0.004671750124543905,
    0.004855822306126356,
    0.005035222042351961,
    0.0052160294726490974,
    0.005392739549279213,
    0.005572377238422632,
    0.005754792131483555,
    0.005927118938416243,
    0.006104504223912954,
    0.00627898657694459,
    0.0064519415609538555,
    0.006629273295402527,
    0.0068062967620790005,
    0.006983369588851929,
    0.007168737705796957,
    0.007364524994045496,
    0.007568779867142439,
    0.0077789220958948135,
    0.007997036911547184,
    0.008227042853832245,
    0.008470415137708187
  ],
  "mean_lid_diff": [
    0.07115650177001953,
    0.025377273559570312,
    0.011492729187011719,
    -0.019989967346191406,
    -0.036482810974121094,
    -0.04911994934082031,
    -0.06982612609863281,
    -0.09486007690429688,
    -0.11945533752441406,
    -0.1489877700805664,
    -0.18511390686035156,
    -0.2301321029663086,
    -0.2765645980834961,
    -0.3288125991821289,
    -0.3859748840332031,
    -0.4447813034057617,
    -0.505401611328125,
    -0.5710964202880859,
    -0.6460113525390625,
    -0.7197284698486328,
    -0.7997655868530273,
    -0.8806095123291016,
    -0.9659299850463867,
    -1.0497264862060547,
    -1.134873390197754,
    -1.2275362014770508,
    -1.319101333618164,
    -1.417332649230957,
    -1.5191407203674316,
    -1.6282577514648438,
    -1.7401752471923828,
    -1.8510370254516602,
    -1.9603476524353027,
    -2.072169303894043,
    -2.1873960494995117,
    -2.306881904602051,
    -2.430964469909668,
    -2.5577168464660645,
    -2.6908607482910156,
    -2.827113151550293,
    -2.967407703399658,
    -3.112687110900879,
    -3.264392375946045,
    -3.418287754058838,
    -3.5779953002929688,
    -3.746880531311035,
    -3.921175479888916,
    -4.0986199378967285,
    -4.279087066650391,
    -4.460677146911621
  ],
  "mean_lid_exact": [
    11.124796867370605,
    9.626130104064941,
    9.115925788879395,
    8.861918449401855,
    8.733222961425781,
    8.665934562683105,
    8.648362159729004,
    8.643661499023438,
    8.655089378356934,
    8.674294471740723,
    8.7006196975708,
    8.731932640075684,
    8.768892288208008,
    8.798320770263672,
    8.83162784576416,
    8.864445686340332,
    8.895475387573242,
    8.926457405090332,
    8.960068702697754,
    8.990849494934082,
    9.022812843322754,
    9.05300521850586,
    9.08296012878418,
    9.112180709838867,
    9.138404846191406,
    9.168631553649902,
    9.195655822753906,
    9.221932411193848,
    9.24867057800293,
    9.274788856506348,
    9.300225257873535,
    9.323192596435547,
    9.345857620239258,
    9.366439819335938,
    9.388978958129883,
    9.409563064575195,
    9.431259155273438,
    9.449609756469727,
    9.46894645690918,
    9.48786449432373,
    9.504781723022461,
    9.521956443786621,
    9.538912773132324,
    9.554821968078613,
    9.569385528564453,
    9.585665702819824,
    9.600347518920898,
    9.614912986755371,
    9.628747940063477,
    9.642245292663574
  ],