{
  "alpha": 0.5,
  "k": [
    10,
    20,
    30,
    40,
    50,
    60,
    70,
    80,
    90,
    100,
    110,
    120,
    130,
    140,
    150,
    160,
    170,
    180,
    190,
    200,
    210,
    220,
    230,
    240,
    250,
    260,
    270,
    280,
    290,
    300,
    310,
    320,
    330,
    340,
    350,
    360,
    370,
    380,
    390,
    400,
    410,
    420,
    430,
    440,
    450,
    460,
    470,
    480,
    490,
    500
  ],
  "mean_overlap": [
    0.9029200000000001,
    0.9240599999999999,
    0.93121,
    0.9343075000000001,
    0.9381800000000001,
    0.9406616666666665,
    0.9425171428571429,
    0.9440425000000001,
    0.9448955555555556,
    0.9462130000000001,
    0.9472799999999999,
    0.9487599999999998,
    0.9500438461538463,
    0.9510957142857144,
    0.9522039999999999,
    0.9532618749999999,
    0.9542211764705884,
    0.9550433333333335,
    0.9557968421052632,
    0.956347,
    0.9568880952380954,
    0.957515909090909,
    0.9579108695652174,
    0.9583200000000001,
    0.9587047999999999,
    0.9591096153846153,
    0.9594248148148148,
    0.959725,
    0.9601248275862068,
    0.9605286666666667,
    0.9608625806451612,
    0.9611575000000001,
    0.9615760606060605,
    0.9619088235294118,
    0.9621759999999998,
    0.9623772222222222,
    0.9626272972972972,
    0.9628242105263158,
    0.9630312820512822,
    0.963305,
    0.9635780487804877,
    0.9637759523809524,
    0.9638706976744186,
    0.9640318181818182,
    0.96421,
    0.9643452173913043,
    0.9644010638297872,
    0.9645635416666666,
    0.9646430612244898,
    0.9646856
  ],
  "mean_exact_dist": [
    75.78614807128906,
    82.3373031616211,
    86.83411407470703,
    90.26297760009766,
    93.044189453125,
    95.3900146484375,
    97.4149169921875,
    99.19258880615234,
    100.7761001586914,
    102.20269775390625,
    103.5004653930664,
    104.69139862060547,
    105.79177856445312,
    106.81476593017578,
    107.77132415771484,
    108.6694107055664,
    109.5162124633789,
    110.31737518310547,
    111.07806396484375,
    111.80221557617188,
    112.4933853149414,
    113.15472412109375,
    113.78898620605469,
    114.39867401123047,
    114.98584747314453,
    115.55220031738281,
    116.09915924072266,
    116.62812805175781,
    117.14012145996094,
    117.63629913330078,
    118.11762237548828,
    118.5849380493164,
    119.03900146484375,
    119.48057556152344,
    119.91024780273438,
    120.32859802246094,
    120.73616027832031,
    121.13345336914062,
    121.52093505859375,
    121.89913940429688,
    122.26848602294922,
    122.62934112548828,
    122.98204803466797,
    123.32697296142578,
    123.66441345214844,
    123.9946517944336,
    124.31803894042969,
    124.63480377197266,
    124.94517517089844,
    125.24939727783203
  ],
  "mean_ann_dist": [
    76.73649597167969,
    82.87664794921875,
    87.23946380615234,
    90.62923431396484,
    93.36713409423828,
    95.6810302734375,
    97.68826293945312,
    99.44995880126953,
    101.02394104003906,
    102.44218444824219,
    103.73169708251953,
    104.90966033935547,
    106.00080108642578,
    107.01602172851562,
    107.96507263183594,
    108.85697174072266,
    109.69786071777344,
    110.49468994140625,
    111.25122833251953,
    111.9729232788086,
    112.66220092773438,
    113.32154846191406,
    113.95475006103516,
    114.56388854980469,
    115.1499252319336,
    115.71465301513672,
    116.2607650756836,
    116.78914642333984,
    117.29947662353516,
    117.793701171875,
    118.27392578125,
    118.74015045166016,
    119.19210052490234,
    119.63233947753906,
    120.06038665771484,
    120.4775619506836,
    120.88385009765625,
    121.27977752685547,
    121.66608428955078,
    122.04229736328125,
    122.40987396240234,
    122.76954650878906,
    123.12159729003906,
    123.46571350097656,
    123.80253601074219,
    124.1322021484375,
    124.454833984375,
    124.7706527709961,
    125.08087158203125,
    125.38510131835938
  ],
  "mean_barycenter_shift": [
    0.007685720920562744,
    0.005246960557997227,
    0.004340754356235266,
    0.003756593680009246,
    0.003289302345365286,
    0.002964439569041133,
    0.0027272964362055063,
    0.0025299694389104843,
    0.002386444481089711,
    0.002242839662358165,
    0.0021055168472230434,
    0.0019976089242845774,
    0.0019015573197975755,
    0.0018226852407678962,
    0.00175320019479841,
    0.0016872816486284137,
    0.0016243254067376256,
    0.0015689940191805363,
    0.0015225389506667852,
    0.0014854123583063483,
    0.0014518259558826685,
    0.0014188410714268684,
    0.00139171676710248,
    0.0013653356581926346,
    0.001335051958449185,
    0.00131130195222795,
    0.0012905551120638847,
    0.001272580586373806,
    0.0012499550357460976,
    0.0012306852731853724,
    0.0012124874629080296,
    0.0011923250276595354,
    0.0011711838888004422,
    0.0011511543998494744,
    0.001133093610405922,
    0.0011144266463816166,
    0.001097923144698143,
    0.0010853714775294065,
    0.0010711909271776676,
    0.0010575158521533012,
    0.0010416837176308036,
    0.0010311567457392812,
    0.0010204823920503259,
    0.0010103515814989805,
    0.0010002190247178078,
    0.0009901084704324603,
    0.00098104786593467,
    0.0009728353470563889,
    0.0009654294117353857,
    0.0009584062499925494
  ],
  "mean_lid_diff": [
    -0.03207683563232422,
    -0.4047374725341797,
    -0.42430591583251953,
    -0.40616703033447266,
    -0.39801883697509766,
    -0.3928060531616211,
    -0.3742561340332031,
    -0.3665132522583008,
    -0.35558128356933594,
    -0.3465738296508789,
    -0.34238243103027344,
    -0.32625579833984375,
    -0.32373809814453125,
    -0.32294178009033203,
    -0.3121328353881836,
    -0.3093414306640625,
    -0.3041210174560547,
    -0.30300140380859375,
    -0.2932558059692383,
    -0.29099082946777344,
    -0.2898740768432617,
    -0.2849845886230469,
    -0.28386402130126953,
    -0.2814607620239258,
    -0.2832469940185547,
    -0.2820854187011719,
    -0.27675914764404297,
    -0.2716808319091797,
    -0.2715272903442383,
    -0.27163124084472656,
    -0.26650238037109375,
    -0.2675294876098633,
    -0.2637510299682617,
    -0.26200389862060547,
    -0.26241016387939453,
    -0.25958728790283203,
    -0.2567625045776367,
    -0.25716400146484375,
    -0.2560758590698242,
    -0.25501251220703125,
    -0.2535524368286133,
    -0.2523031234741211,
    -0.2517690658569336,
    -0.2496509552001953,
    -0.2486724853515625,
    -0.2489032745361328,
    -0.24733257293701172,
    -0.24530410766601562,
    -0.24675273895263672,
    -0.2458362579345703
  ],
  "mean_lid_exact": [
    11.165740966796875,
    9.66163158416748,
    9.131246566772461,
    8.9019193649292,
    8.77934741973877,
    8.720380783081055,
    8.699626922607422,
    8.697901725769043,
    8.704957962036133,
    8.724650382995605,
    8.747381210327148,
    8.77137279510498,
    8.804749488830566,
    8.83398723602295,
    8.861617088317871,
    8.896223068237305,
    8.926353454589844,
    8.95809555053711,
    8.985929489135742,
    9.01602840423584,
    9.045964241027832,
    9.074968338012695,
    9.101838111877441,
    9.127036094665527,
    9.152463912963867,
    9.179168701171875,
    9.20048999786377,
    9.223443984985352,
    9.248557090759277,
    9.271842002868652,
    9.29344367980957,
    9.31624698638916,
    9.337206840515137,
    9.357903480529785,
    9.379023551940918,
    9.397563934326172,
    9.415559768676758,
    9.435989379882812,
    9.453771591186523,
    9.471660614013672,
    9.488609313964844,
    9.504462242126465,
    9.519997596740723,
    9.534724235534668,
    9.54967212677002,
    9.564406394958496,
    9.577754020690918,
    9.590160369873047,
    9.604053497314453,
    9.6162748336792
  ],