{
  "k": [
    10,
    20,
    30,
    40,
    50,
    60,
    70,
    80,
    90,
    100,
    110,
    120,
    130,
    140,
    150,
    160,
    170,
    180,
    190,
    200,
    210,
    220,
    230,
    240,
    250,
    260,
    270,
    280,
    290,
    300,
    310,
    320,
    330,
    340,
    350,
    360,
    370,
    380,
    390,
    400,
    410,
    420,
    430,
    440,
    450,
    460,
    470,
    480,
    490,
    500
  ],
  "mean_overlap": [
    0.99471,
    0.9928899999999999,
    0.9903266666666668,
    0.9869099999999998,
    0.982308,
    0.976275,
    0.9681242857142858,
    0.95839125,
    0.9470755555555556,
    0.934775,
    0.9216036363636364,
    0.907975,
    0.8941246153846154,
    0.8802207142857144,
    0.8663246666666667,
    0.8524818750000001,
    0.8387970588235294,
    0.8254338888888888,
    0.8122284210526315,
    0.7992515,
    0.7867585714285715,
    0.7744759090909091,
    0.7625834782608696,
    0.7508637499999999,
    0.7394255999999999,
    0.728323076923077,
    0.717532962962963,
    0.7070932142857143,
    0.696933448275862,
    0.6869936666666666,
    0.677425806451613,
    0.6680962500000001,
    0.6589848484848484,
    0.6501388235294118,
    0.641506,
    0.6332194444444444,
    0.6250405405405406,
    0.6171165789473684,
    0.6093315384615384,
    0.6017445,
    0.5943421951219512,
    0.5871445238095239,
    0.5801248837209303,
    0.573235,
    0.5665873333333333,
    0.560069347826087,
    0.553664255319149,
    0.5473837500000001,
    0.5412679591836735,
    0.5352574000000001
  ],
  "mean_exact_dist": [
    75.60044860839844,
    82.18077850341797,
    86.70101165771484,
    90.14476013183594,
    92.9232406616211,
    95.2616958618164,
    97.28853607177734,
    99.07029724121094,
    100.6590347290039,
    102.09153747558594,
    103.39513397216797,
    104.59120178222656,
    105.69660186767578,
    106.72432708740234,
    107.6849365234375,
    108.60550689697266,
    109.53858184814453,
    110.33226776123047,
    111.0854263305664,
    111.80872344970703,
    112.47419738769531,
    113.17914581298828,
    113.85139465332031,
    114.48278045654297,
    115.00154876708984,
    115.49769592285156,
    116.08893585205078,
    116.62165832519531,
    117.19247436523438,
    117.69452667236328,
    118.2024917602539,
    118.71263122558594,
    119.37572479248047,
    119.94688415527344,
    120.7037582397461,
    121.47915649414062,
    122.3161849975586,
    123.14453887939453,
    123.91545867919922,
    124.5845947265625,
    125.34358978271484,
    126.07464599609375,
    126.83072662353516,
    127.75289916992188,
    128.4917755126953,
    129.21795654296875,
    129.85205078125,
    130.46493530273438,
    131.3133087158203,
    132.0977783203125
  ],
  "mean_ann_dist": [
    75.65213775634766,
    82.23542785644531,
    86.76464080810547,
    90.22167205810547,
    93.01836395263672,
    95.38082885742188,
    97.44048309326172,
    99.2656478881836,
    100.90961456298828,
    102.40992736816406,
    103.79438781738281,
    105.08521270751953,
    106.29972839355469,
    107.45172119140625,
    108.55331420898438,
    8.521545177714283e+32,
    2.0119216223691564e+32,
    111.6367416381836,
    3.602453484496979e+32,
    113.49076080322266,
    3.2636296826008326e+32,
    1.5606275829116384e+32,
    2.9924929603464504e+32,
    2.8744919355173745e+32,
    1.3849505447959943e+32,
    6.692464010869348e+32,
    1.169234599218799e+33,
    1.391654744478436e+33,
    1.7282927311214667e+33,
    1.0877433275702161e+33,
    1.0676715225157479e+33,
    2.916252488745749e+33,
    1.9562210132146517e+33,
    3.081585261207498e+33,
    3.078859007755982e+33,
    3.194496534250678e+33,
    3.203669360456773e+33,
    2.7695253361044394e+33,
    2.677152107283023e+33,
    3.528923559983545e+33,
    3.3713613371483904e+33,
    3.702342866266916e+33,
    3.9358223809812666e+33,
    3.274767042278021e+33,
    5.557179066144174e+33,
    4.3746795525481697e+33,
    3.8182818311611787e+33,
    3.993059157667646e+33,
    5.356936075089567e+33,
    6.15276996917494e+33
  ],
  "mean_barycenter_shift": [
    0.00028724828734993935,
    0.00037183682434260845,
    0.0004840351175516844,
    0.0006478157010860741,
    0.0008516546222381294,
    0.0010971304727718234,
    0.0014644735492765903,
    0.00183251837734133,
    0.0022081024944782257,
    0.0025415499694645405,
    0.0028417904395610094,
    0.003109587589278817,
    0.003378018271178007,
    0.003627926576882601,
    0.003880793694406748,
    0.004123675171285868,
    0.004371549002826214,
    0.004617974162101746,
    0.004874646198004484,
    0.005126120522618294,
    0.005379782989621162,
    0.0056421165354549885,
    0.005907909478992224,
    0.006181794684380293,
    0.006459321826696396,
    0.006732159294188023,
    0.00700872577726841,
    0.007294873241335154,
    0.0075785997323691845,
    0.007871810346841812,
    0.008163237012922764,
    0.008465375751256943,
    0.008779564872384071,
    0.009098373353481293,
    0.009431683458387852,
    0.009773589670658112,
    0.010131335817277431,
    0.010501882992684841,
    0.010889224708080292,
    0.011295031756162643,
    0.011716730892658234,
    0.012152072042226791,
    0.012602449394762516,
    0.013070708140730858,
    0.013551415875554085,
    0.01404761616140604,
    0.014557705260813236,
    0.015083773992955685,
    0.01561752613633871,
    0.016164271160960197
  ],
  "mean_lid_diff": [
    0.05471611022949219,
    0.014621734619140625,
    -0.020528793334960938,
    -0.058345794677734375,
    -0.09521102905273438,
    -0.13967418670654297,
    -0.1922283172607422,
    -0.2590198516845703,
    -0.32973289489746094,
    -0.41152477264404297,
    -0.5038833618164062,
    -0.5989999771118164,
    -0.7069616317749023,
    -0.816319465637207,
    -0.9306349754333496,
    -1.0547537803649902,
    -1.1802654266357422,
    -1.3093819618225098,
    -1.4385695457458496,
    -1.5703544616699219,
    -1.7064151763916016,
    -1.8423333168029785,
    -1.9855599403381348,
    -2.129673957824707,
    -2.281540870666504,
    -2.442718505859375,
    -2.609276294708252,
    -2.782072067260742,
    -2.959927558898926,
    -3.1465959548950195,
    -3.334514617919922,
    -3.527803897857666,
    -3.722724437713623,
    -3.931767463684082,
    -4.1417059898376465,
    -4.355897426605225,
    -4.5686421394348145,
    -4.792516231536865,
    -5.012707710266113,
    -5.236911296844482,
    -5.472218036651611,
    -5.700610876083374,
    -5.922454595565796,
    -6.1441380977630615,
    -6.361253261566162,
    -6.575300693511963,
    -6.781503915786743,
    -6.985039710998535,
    -7.184110403060913,
    -7.373036623001099
  ],
  "mean_lid_exact": [
    11.12682819366455,
    9.592001914978027,
    9.081597328186035,
    8.849260330200195,
    8.733487129211426,
    8.664432525634766,
    8.63707447052002,
    8.643159866333008,
    8.655350685119629,
    8.673441886901855,
    8.69958782196045,
    8.724100112915039,
    8.755117416381836,
    8.787567138671875,
    8.8177490234375,
    8.850823402404785,
    8.88420581817627,
    8.915345191955566,
    8.948029518127441,
    8.979625701904297,
    9.008522987365723,
    9.038714408874512,
    9.069071769714355,
    9.096099853515625,
    9.1241455078125,
    9.149534225463867,
    9.174396514892578,
    9.200657844543457,
    9.226593971252441,
    9.25322151184082,
    9.277111053466797,
    9.298871040344238,
    9.32158088684082,
    9.342672348022461,
    9.362958908081055,
    9.383233070373535,
    9.40025520324707,
    9.419355392456055,
    9.438645362854004,
    9.455509185791016,
    9.473003387451172,
    9.488834381103516,
    9.50333309173584,
    9.518378257751465,
    9.52998161315918,
    9.54333782196045,
    9.556131362915039,
    9.567658424377441,
    9.5786714553833,
    9.590386390686035
  ],