{
  "k": [
    10,
    20,
    30,
    40,
    50,
    60,
    70,
    80,
    90,
    100,
    110,
    120,
    130,
    140,
    150,
    160,
    170,
    180,
    190,
    200,
    210,
    220,
    230,
    240,
    250,
    260,
    270,
    280,
    290,
    300,
    310,
    320,
    330,
    340,
    350,
    360,
    370,
    380,
    390,
    400,
    410,
    420,
    430,
    440,
    450,
    460,
    470,
    480,
    490,
    500
  ],
  "mean_overlap": [
    0.99587,
    0.9943850000000001,
    0.9920700000000001,
    0.98893,
    0.984982,
    0.9799183333333332,
    0.9728242857142857,
    0.9639425000000001,
    0.9533811111111112,
    0.941644,
    0.9293890909090909,
    0.9167183333333333,
    0.903543076923077,
    0.8903664285714287,
    0.877258,
    0.8640550000000001,
    0.8509417647058825,
    0.8380583333333333,
    0.82537,
    0.8128725,
    0.80071,
    0.7885290909090908,
    0.7768721739130434,
    0.7654987499999999,
    0.7544224,
    0.7435496153846154,
    0.7330322222222222,
    0.7228471428571429,
    0.7128462068965518,
    0.703186,
    0.6936974193548388,
    0.6845065625,
    0.67553,
    0.6668952941176469,
    0.6583937142857144,
    0.6501330555555556,
    0.6421327027027027,
    0.6343242105263158,
    0.6267753846153845,
    0.6193110000000001,
    0.6120973170731707,
    0.6050073809523809,
    0.5980746511627907,
    0.5913063636363637,
    0.5846466666666668,
    0.578180652173913,
    0.5718855319148937,
    0.5656860416666667,
    0.5596734693877551,
    0.5537536
  ],
  "mean_exact_dist": [
    75.7557601928711,
    82.41719055175781,
    86.97356414794922,
    90.43769073486328,
    93.24092102050781,
    95.60710906982422,
    97.65213775634766,
    99.44281005859375,
    101.0350341796875,
    102.46932220458984,
    103.77336883544922,
    104.96978759765625,
    106.0745849609375,
    107.10177612304688,
    108.06242370605469,
    108.96514129638672,
    109.83123779296875,
    110.70304870605469,
    111.45674896240234,
    112.17443084716797,
    112.88611602783203,
    113.62129211425781,
    114.33421325683594,
    114.92070007324219,
    115.51390075683594,
    116.09366607666016,
    116.64461517333984,
    117.16376495361328,
    117.65005493164062,
    118.1406021118164,
    118.6003189086914,
    119.0477066040039,
    119.5054702758789,
    119.99386596679688,
    120.4493408203125,
    120.89554595947266,
    121.42290496826172,
    121.99073028564453,
    122.45001220703125,
    123.06695556640625,
    123.7468032836914,
    124.46043395996094,
    125.0886001586914,
    125.91310119628906,
    126.72718811035156,
    127.68582153320312,
    128.45089721679688,
    129.30746459960938,
    130.04330444335938,
    130.84031677246094
  ],
  "mean_ann_dist": [
    75.78861236572266,
    82.4548110961914,
    87.02081298828125,
    90.49718475341797,
    93.31573486328125,
    95.70170593261719,
    97.77372741699219,
    99.60124206542969,
    101.24177551269531,
    102.73558807373047,
    104.11087799072266,
    105.39048767089844,
    106.59130096435547,
    107.7281723022461,
    108.81379699707031,
    109.8604507446289,
    6.0134012868696476e+32,
    1.9035921975251287e+32,
    112.75528717041016,
    113.64059448242188,
    114.5284652709961,
    4.686138070905893e+32,
    2.9937040138755076e+32,
    1.4362267949357194e+32,
    2.7625926010850576e+32,
    1.3297889037860935e+32,
    119.47518157958984,
    2.478927345348714e+32,
    3.6019258125552335e+32,
    7.003856222063717e+32,
    9.093382951498756e+32,
    1.4431538238252325e+33,
    7.612434508789131e+32,
    1.1776994784649276e+33,
    1.267581894556049e+33,
    1.357187244192128e+33,
    2.0743927577122702e+33,
    1.6546574269621888e+33,
    2.674860370785296e+33,
    2.9878249205720626e+33,
    3.839510645924864e+33,
    1.9981471022376542e+33,
    3.5138175966541653e+33,
    3.362473856121351e+33,
    3.4503493392950333e+33,
    2.5118649838602227e+33,
    4.456137245073187e+33,
    4.364086190146995e+33,
    4.651482635847371e+33,
    4.852744761039319e+33
  ],
  "mean_barycenter_shift": [
    0.00021377751545514911,
    0.0002922817366197705,
    0.00040273694321513176,
    0.0005507022724486887,
    0.0007262506987899542,
    0.000952204514760524,
    0.0012920217122882605,
    0.001663376810029149,
    0.0020267153158783913,
    0.002350448165088892,
    0.002631301525980234,
    0.002882067346945405,
    0.003115709638223052,
    0.0033441672567278147,
    0.003564281389117241,
    0.003780609928071499,
    0.004014513920992613,
    0.004232840146869421,
    0.004463981371372938,
    0.004694930277764797,
    0.004925131797790527,
    0.005168381612747908,
    0.005408709868788719,
    0.005660559516400099,
    0.005910973995923996,
    0.006162040866911411,
    0.0064110830426216125,
    0.006652047857642174,
    0.006896189879626036,
    0.007136441767215729,
    0.007379262708127499,
    0.007619770243763924,
    0.007855436764657497,
    0.008093730546534061,
    0.008332526311278343,
    0.008583745919167995,
    0.008836012333631516,
    0.009098607115447521,
    0.009371109306812286,
    0.00965916458517313,
    0.009960239753127098,
    0.010276999324560165,
    0.010614603757858276,
    0.010971099138259888,
    0.01134676393121481,
    0.011739121749997139,
    0.012152004055678844,
    0.012586017139256,
    0.013038757257163525,
    0.013511409051716328
  ],
  "mean_lid_diff": [
    0.015501022338867188,
    -0.008287429809570312,
    -0.02850818634033203,
    -0.059472084045410156,
    -0.08797264099121094,
    -0.1269369125366211,
    -0.17878437042236328,
    -0.24497604370117188,
    -0.3148956298828125,
    -0.38477230072021484,
    -0.46514320373535156,
    -0.5511817932128906,
    -0.6490697860717773,
    -0.751408576965332,
    -0.8537025451660156,
    -0.9636893272399902,
    -1.0815701484680176,
    -1.2043209075927734,
    -1.3231654167175293,
    -1.448915958404541,
    -1.5720791816711426,
    -1.6960549354553223,
    -1.8235325813293457,
    -1.953531265258789,
    -2.088676929473877,
    -2.2244210243225098,
    -2.3636536598205566,
    -2.5065646171569824,
    -2.653689384460449,
    -2.808117389678955,
    -2.9657087326049805,
    -3.1306920051574707,
    -3.299813747406006,
    -3.478546619415283,
    -3.6596145629882812,
    -3.8493828773498535,
    -4.0425705909729,
    -4.241654396057129,
    -4.440110206604004,
    -4.6428985595703125,
    -4.856570720672607,
    -5.069786548614502,
    -5.287164688110352,
    -5.504707336425781,
    -5.725456714630127,
    -5.934375047683716,
    -6.146714925765991,
    -6.358430624008179,
    -6.570107460021973,
    -6.775445461273193
  ],
  "mean_lid_exact": [
    11.115702629089355,
    9.605427742004395,
    9.081850051879883,
    8.856971740722656,
    8.720921516418457,
    8.666452407836914,
    8.658982276916504,
    8.665559768676758,
    8.673294067382812,
    8.69461727142334,
    8.715091705322266,
    8.741226196289062,
    8.777280807495117,
    8.808843612670898,
    8.840350151062012,
    8.873489379882812,
    8.903651237487793,
    8.933878898620605,
    8.96602725982666,
    8.999189376831055,
    9.030266761779785,
    9.061098098754883,
    9.089119911193848,
    9.116296768188477,
    9.144036293029785,
    9.172903060913086,
    9.19870662689209,
    9.223526954650879,
    9.247552871704102,
    9.270556449890137,
    9.293367385864258,
    9.315584182739258,
    9.336917877197266,
    9.355523109436035,
    9.3740816116333,
    9.392428398132324,
    9.408401489257812,
    9.424128532409668,
    9.441798210144043,
    9.456331253051758,
    9.47164249420166,
    9.486541748046875,
    9.501248359680176,
    9.514861106872559,
    9.528167724609375,
    9.540663719177246,
    9.553434371948242,
    9.564435005187988,
    9.577505111694336,
    9.587993621826172
  ],