{
  "k": [
    10,
    20,
    30,
    40,
    50,
    60,
    70,
    80,
    90,
    100,
    110,
    120,
    130,
    140,
    150,
    160,
    170,
    180,
    190,
    200,
    210,
    220,
    230,
    240,
    250,
    260,
    270,
    280,
    290,
    300,
    310,
    320,
    330,
    340,
    350,
    360,
    370,
    380,
    390,
    400,
    410,
    420,
    430,
    440,
    450,
    460,
    470,
    480,
    490,
    500
  ],
  "mean_overlap": [
    0.9829200000000001,
    0.97359,
    0.9543166666666668,
    0.9265849999999999,
    0.894742,
    0.8620533333333333,
    0.8308485714285715,
    0.8013174999999999,
    0.7731933333333334,
    0.746843,
    0.7221509090909092,
    0.6989833333333333,
    0.677356923076923,
    0.657165,
    0.6380779999999999,
    0.620139375,
    0.6031376470588234,
    0.5871250000000001,
    0.5721278947368421,
    0.5578190000000001,
    0.5442619047619048,
    0.531415,
    0.5192013043478262,
    0.5075941666666668,
    0.49651080000000003,
    0.4858965384615384,
    0.47586999999999996,
    0.4662928571428572,
    0.4570496551724138,
    0.44824366666666665,
    0.43977806451612905,
    0.43175718750000003,
    0.4239681818181818,
    0.4165397058823529,
    0.4092914285714286,
    0.4023466666666667,
    0.395612972972973,
    0.3891181578947368,
    0.38289307692307695,
    0.37685925,
    0.37108317073170727,
    0.3653914285714286,
    0.3599260465116279,
    0.3545975,
    0.349448,
    0.3444710869565218,
    0.3396387234042554,
    0.33494749999999995,
    0.3303642857142857,
    0.32592100000000007
  ],
  "mean_exact_dist": [
    75.81864166259766,
    82.44774627685547,
    86.98003387451172,
    90.44184112548828,
    93.24794006347656,
    95.61129760742188,
    97.65985107421875,
    99.44407653808594,
    101.0276107788086,
    102.47107696533203,
    103.74468994140625,
    104.8318862915039,
    105.88468933105469,
    106.77946472167969,
    107.67442321777344,
    108.51181030273438,
    109.53607177734375,
    110.63964080810547,
    111.9259262084961,
    113.24590301513672,
    114.62071990966797,
    115.99369812011719,
    117.25874328613281,
    118.24456024169922,
    119.5192642211914,
    121.18965911865234,
    123.0285873413086,
    125.23217010498047,
    127.20152282714844,
    129.98562622070312,
    132.23570251464844,
    134.8090057373047,
    137.47544860839844,
    140.55545043945312,
    142.51181030273438,
    145.5172119140625,
    147.90135192871094,
    152.21878051757812,
    154.78233337402344,
    159.93373107910156,
    165.19189453125,
    170.1123046875,
    174.0335693359375,
    177.39956665039062,
    181.12081909179688,
    181.580078125,
    180.58741760253906,
    186.9779052734375,
    192.12762451171875,
    197.51182556152344
  ],
  "mean_ann_dist": [
    75.96351623535156,
    82.62954711914062,
    87.24669647216797,
    90.86687469482422,
    93.9144515991211,
    96.59358978271484,
    4.861176215904387e+32,
    101.1646499633789,
    3.7839420708126744e+32,
    2.387467793647543e+33,
    2.1813571215492284e+33,
    2.3061390016291162e+33,
    3.2295577815283286e+33,
    4.8170623773469574e+33,
    6.532724096762586e+33,
    7.241043676680737e+33,
    8.68003136804626e+33,
    1.347119294492127e+34,
    1.261874000622912e+34,
    1.1856527944640719e+34,
    1.2635548756082537e+34,
    1.338850969175736e+34,
    1.8192531608730484e+34,
    1.4476147717052983e+34,
    1.9179148775060265e+34,
    1.93238033065908e+34,
    1.9117810084053713e+34,
    2.357786293347116e+34,
    3.0209809781292528e+34,
    1.3707244589552244e+34,
    2.1510054933570353e+34,
    1.75239028623519e+34,
    2.3413251570567304e+34,
    3.1089116115316855e+34,
    3.1170901861952283e+34,
    2.259510937800399e+34,
    1.6298161484213638e+34,
    1.9346788139300212e+34,
    2.0692146711674463e+34,
    1.7099616245047386e+34,
    1.536957275722536e+34,
    181.0283203125,
    2.198206166350924e+34,
    1.6631590730274841e+34,
    2.0717341267354e+34,
    1.3449895424485403e+34,
    1.5404362586149397e+34,
    1.7723039135011386e+34,
    1.8769020477985057e+34,
    209.54745483398438
  ],
  "mean_barycenter_shift": [
    0.0009738698718138039,
    0.001412312500178814,
    0.0025593123864382505,
    0.003921715077012777,
    0.004996566567569971,
    0.005774070043116808,
    0.006281252950429916,
    0.006712061353027821,
    0.007124868221580982,
    0.007563980761915445,
    0.00801941566169262,
    0.008511219173669815,
    0.009021441452205181,
    0.009592593647539616,
    0.01021046657115221,
    0.010874559171497822,
    0.011590654030442238,
    0.012376070022583008,
    0.013226809911429882,
    0.014155490323901176,
    0.015157774090766907,
    0.016229042783379555,
    0.017372531816363335,
    0.018569622188806534,
    0.019812937825918198,
    0.021085092797875404,
    0.022387981414794922,
    0.02371722087264061,
    0.025063611567020416,
    0.026410769671201706,
    0.027755655348300934,
    0.029087956994771957,
    0.030394934117794037,
    0.03167685121297836,
    0.0329238660633564,
    0.034135449677705765,
    0.035306453704833984,
    0.03643551468849182,
    0.037516653537750244,
    0.03855336830019951,
    0.03954562544822693,
    0.0404939129948616,
    0.0413992665708065,
    0.04226316139101982,
    0.043086957186460495,
    0.04387437179684639,
    0.04462497681379318,
    0.045340776443481445,
    0.04602237418293953,
    0.046673182398080826
  ],
  "mean_lid_diff": [
    0.055396080017089844,
    -0.08080005645751953,
    -0.2622995376586914,
    -0.4576702117919922,
    -0.6872520446777344,
    -0.9239916801452637,
    -1.1552691459655762,
    -1.3886303901672363,
    -1.6405329704284668,
    -1.8978424072265625,
    -2.1573758125305176,
    -2.4342751502990723,
    -2.714174747467041,
    -3.0083937644958496,
    -3.3129611015319824,
    -3.639031410217285,
    -3.9728951454162598,
    -4.308959484100342,
    -4.665186882019043,
    -5.027908802032471,
    -5.3932037353515625,
    -5.764212131500244,
    -6.127209424972534,
    -6.47379207611084,
    -6.814631462097168,
    -7.140087366104126,
    -7.443618178367615,
    -7.711598873138428,
    -7.972293138504028,
    -8.189995646476746,
    -8.38022667169571,
    -8.544802844524384,
    -8.693928718566895,
    -8.818814486265182,
    -8.921868771314621,
    -9.005388170480728,
    -9.075328767299652,
    -9.131335034966469,
    -9.181599140167236,
    -9.223188504576683,
    -9.257703214883804,
    -9.288715049624443,
    -9.316284909844398,
    -9.339763954281807,
    -9.365054726600647,
    -9.386846341192722,
    -9.406686276197433,
    -9.422722153365612,
    -9.438272036612034,
    -9.454187914729118
  ],
  "mean_lid_exact": [
    11.100669860839844,
    9.601051330566406,
    9.09062385559082,
    8.830921173095703,
    8.719403266906738,
    8.661224365234375,
    8.636129379272461,
    8.632508277893066,
    8.643606185913086,
    8.665428161621094,
    8.681184768676758,
    8.70518684387207,
    8.731841087341309,
    8.763144493103027,
    8.791651725769043,
    8.822086334228516,
    8.855108261108398,
    8.884162902832031,
    8.911463737487793,
    8.945486068725586,
    8.974410057067871,
    9.006318092346191,
    9.029471397399902,
    9.056347846984863,
    9.082695960998535,
    9.107673645019531,
    9.133155822753906,
    9.156044960021973,
    9.181163787841797,
    9.20467472076416,
    9.226963996887207,
    9.248579978942871,
    9.270329475402832,
    9.29169750213623,
    9.310914039611816,
    9.329453468322754,
    9.34935188293457,
    9.367764472961426,
    9.385721206665039,
    9.403462409973145,
    9.419387817382812,
    9.436360359191895,
    9.451903343200684,
    9.46611213684082,
    9.482134819030762,
    9.496445655822754,
    9.512073516845703,
    9.52554702758789,
    9.538841247558594,
    9.552358627319336
  ],