{
  "alpha": 2.0,
  "k": [
    10,
    20,
    30,
    40,
    50,
    60,
    70,
    80,
    90,
    100,
    110,
    120,
    130,
    140,
    150,
    160,
    170,
    180,
    190,
    200,
    210,
    220,
    230,
    240,
    250,
    260,
    270,
    280,
    290,
    300,
    310,
    320,
    330,
    340,
    350,
    360,
    370,
    380,
    390,
    400,
    410,
    420,
    430,
    440,
    450,
    460,
    470,
    480,
    490,
    500
  ],
  "mean_overlap": [
    0.99331,
    0.9928099999999999,
    0.9951233333333334,
    0.9962549999999999,
    0.9968739999999999,
    0.9973350000000001,
    0.9976028571428571,
    0.9979175000000001,
    0.9981066666666666,
    0.998309,
    0.9984727272727272,
    0.9985783333333332,
    0.9986861538461539,
    0.9987757142857143,
    0.998864,
    0.998946875,
    0.9990088235294117,
    0.9990527777777778,
    0.9991252631578947,
    0.999167,
    0.9992200000000001,
    0.9992627272727274,
    0.9993034782608696,
    0.9993320833333333,
    0.9993675999999999,
    0.9993980769230769,
    0.9994274074074073,
    0.9994485714285715,
    0.999475172413793,
    0.9994896666666667,
    0.9995132258064515,
    0.999525,
    0.9995460606060605,
    0.9995647058823528,
    0.999581142857143,
    0.9995958333333332,
    0.9996091891891893,
    0.9996268421052631,
    0.9996335897435898,
    0.9996450000000001,
    0.9996553658536584,
    0.9996714285714287,
    0.9996839534883722,
    0.9996895454545455,
    0.9996982222222222,
    0.999705,
    0.999712340425532,
    0.9997208333333334,
    0.9997251020408163,
    0.9997334000000001
  ],
  "mean_exact_dist": [
    75.23616790771484,
    81.74767303466797,
    86.28350067138672,
    89.75487518310547,
    92.56043243408203,
    94.92469024658203,
    96.9655990600586,
    98.7541732788086,
    100.34425354003906,
    101.77494812011719,
    103.07511901855469,
    104.2673110961914,
    105.36892700195312,
    106.39315032958984,
    107.35072326660156,
    108.2505874633789,
    109.0995864868164,
    109.90331268310547,
    110.66667175292969,
    111.3938980102539,
    112.0885009765625,
    112.7534408569336,
    113.39119720458984,
    114.00401306152344,
    114.59392547607422,
    115.16267395019531,
    115.71186065673828,
    116.2427978515625,
    116.7566909790039,
    117.2547378540039,
    117.73786163330078,
    118.20698547363281,
    118.66282653808594,
    119.10618591308594,
    119.53775024414062,
    119.95819091796875,
    120.3680648803711,
    120.76789855957031,
    121.15816497802734,
    121.53927612304688,
    121.91161346435547,
    122.27552795410156,
    122.63137817382812,
    122.9795150756836,
    123.32022857666016,
    123.65382385253906,
    123.98056030273438,
    124.30067443847656,
    124.61444854736328,
    124.9220962524414
  ],
  "mean_ann_dist": [
    75.29302978515625,
    81.80062866210938,
    86.31651306152344,
    89.77900695800781,
    92.58007049560547,
    94.9415512084961,
    96.9802474975586,
    98.76677703857422,
    100.35575866699219,
    101.78514099121094,
    103.08442687988281,
    104.27588653564453,
    105.37689971923828,
    106.40059661865234,
    107.35762786865234,
    108.25707244873047,
    109.10578918457031,
    109.90918731689453,
    110.67216491699219,
    111.39910125732422,
    112.09347534179688,
    112.75814056396484,
    113.39573669433594,
    114.00833892822266,
    114.59795379638672,
    115.16649627685547,
    115.71540069580078,
    116.24620056152344,
    116.7599868774414,
    117.25794982910156,
    117.74091339111328,
    118.20988464355469,
    118.66558837890625,
    119.1088638305664,
    119.54031372070312,
    119.96064758300781,
    120.37043762207031,
    120.77014923095703,
    121.16034698486328,
    121.54137420654297,
    121.91365051269531,
    122.2774658203125,
    122.63324737548828,
    122.9813232421875,
    123.32195281982422,
    123.65550231933594,
    123.98214721679688,
    124.3022232055664,
    124.61597442626953,
    124.92357635498047
  ],
  "mean_barycenter_shift": [
    0.00034783667069859803,
    0.0003715595230460167,
    0.0002390237059444189,
    0.00018063302559312433,
    0.00015023877494968474,
    0.0001288843632210046,
    0.00011323382932459936,
    9.775858779903501e-05,
    8.752785652177408e-05,
    7.923952944111079e-05,
    7.193982310127467e-05,
    6.640402716584504e-05,
    6.065445995773189e-05,
    5.7013727200683206e-05,
    5.3013158321846277e-05,
    4.951682058162987e-05,
    4.596122744260356e-05,
    4.4057473132852465e-05,
    4.091230584890582e-05,
    3.922412724932656e-05,
    3.67180400644429e-05,
    3.4385582694085315e-05,
    3.2614494557492435e-05,
    3.108374949079007e-05,
    2.9488170184777118e-05,
    2.8248059606994502e-05,
    2.6962870833813213e-05,
    2.606146335892845e-05,
    2.450682586641051e-05,
    2.3890490410849452e-05,
    2.2890058971825056e-05,
    2.221176509920042e-05,
    2.099661469401326e-05,
    2.0205525288474746e-05,
    1.9635794160421938e-05,
    1.9120443539577536e-05,
    1.8457029000273906e-05,
    1.7818934793467633e-05,
    1.7557136743562296e-05,
    1.699113090580795e-05,
    1.6440253602922894e-05,
    1.5870440620346926e-05,
    1.5274308680091053e-05,
    1.5249251191562507e-05,
    1.4895762433297932e-05,
    1.465186505811289e-05,
    1.4357681720866822e-05,
    1.3951095752418041e-05,
    1.377508306177333e-05,
    1.3589251466328278e-05
  ],
  "mean_lid_diff": [
    0.037621498107910156,
    0.0007772445678710938,
    -0.004530906677246094,
    -0.004596710205078125,
    -0.005715370178222656,
    -0.008847236633300781,
    -0.007233619689941406,
    -0.0072078704833984375,
    -0.0040760040283203125,
    -0.007445335388183594,
    -0.006131172180175781,
    -0.005885124206542969,
    -0.00499725341796875,
    -0.004441261291503906,
    -0.004708290100097656,
    -0.0039577484130859375,
    -0.0023317337036132812,
    -0.0038309097290039062,
    -0.0032281875610351562,
    -0.0021038055419921875,
    -0.0036773681640625,
    -0.0025663375854492188,
    -0.0024175643920898438,
    -0.0024776458740234375,
    -0.0026187896728515625,
    -0.002685546875,
    -0.0027265548706054688,
    -0.003490447998046875,
    -0.0031881332397460938,
    -0.0030794143676757812,
    -0.0023946762084960938,
    -0.0032196044921875,
    -0.00267791748046875,
    -0.0028057098388671875,
    -0.0023088455200195312,
    -0.002483367919921875,
    -0.0022068023681640625,
    -0.0025043487548828125,
    -0.0024805068969726562,
    -0.00274658203125,
    -0.0024652481079101562,
    -0.0025758743286132812,
    -0.0020589828491210938,
    -0.0023088455200195312,
    -0.0025110244750976562,
    -0.0021066665649414062,
    -0.0025625228881835938,
    -0.002140045166015625,
    -0.0020809173583984375,
    -0.0021467208862304688
  ],