{
  "k": [
    10,
    20,
    30,
    40,
    50,
    60,
    70,
    80,
    90,
    100,
    110,
    120,
    130,
    140,
    150,
    160,
    170,
    180,
    190,
    200,
    210,
    220,
    230,
    240,
    250,
    260,
    270,
    280,
    290,
    300,
    310,
    320,
    330,
    340,
    350,
    360,
    370,
    380,
    390,
    400,
    410,
    420,
    430,
    440,
    450,
    460,
    470,
    480,
    490,
    500
  ],
  "mean_overlap": [
    0.9864900000000002,
    0.9797349999999998,
    0.9677466666666668,
    0.9489850000000001,
    0.92589,
    0.9002,
    0.8735585714285716,
    0.8468987499999999,
    0.8215022222222224,
    0.7970079999999999,
    0.77371,
    0.75154,
    0.7307392307692308,
    0.7109949999999999,
    0.6922026666666666,
    0.674461875,
    0.6573658823529411,
    0.6413744444444445,
    0.6260178947368421,
    0.611414,
    0.5974019047619047,
    0.5840972727272727,
    0.5714452173913043,
    0.5593549999999999,
    0.547846,
    0.5368107692307693,
    0.526185925925926,
    0.5160417857142856,
    0.5063058620689656,
    0.4969663333333333,
    0.4879706451612903,
    0.4793721875,
    0.4710475757575758,
    0.46300323529411763,
    0.45531314285714286,
    0.44789194444444436,
    0.44067810810810815,
    0.433761052631579,
    0.4270307692307692,
    0.42053900000000005,
    0.41424609756097563,
    0.40815952380952386,
    0.4022644186046512,
    0.3965481818181818,
    0.39099266666666666,
    0.3856341304347826,
    0.38041659574468084,
    0.37533875,
    0.3703773469387755,
    0.3655352
  ],
  "mean_exact_dist": [
    76.3860092163086,
    83.12767028808594,
    87.7303466796875,
    91.22197723388672,
    94.04851531982422,
    96.42997741699219,
    98.47911071777344,
    100.27063751220703,
    101.86175537109375,
    103.27936553955078,
    104.59050750732422,
    105.7142105102539,
    106.75452423095703,
    107.72415161132812,
    108.69349670410156,
    109.5300521850586,
    110.390625,
    111.34159088134766,
    112.12149810791016,
    112.96405792236328,
    113.79753112792969,
    114.72919464111328,
    115.49655151367188,
    116.59236145019531,
    117.78392028808594,
    119.14559936523438,
    120.27803802490234,
    120.93445587158203,
    121.68582916259766,
    123.09554290771484,
    124.54203033447266,
    126.17924499511719,
    127.42194366455078,
    129.34158325195312,
    131.88037109375,
    134.006103515625,
    135.86354064941406,
    136.62741088867188,
    138.48873901367188,
    141.2867889404297,
    142.88246154785156,
    143.10366821289062,
    146.58082580566406,
    148.80807495117188,
    150.43170166015625,
    152.32522583007812,
    150.7665557861328,
    153.31179809570312,
    153.1642608642578,
    154.28695678710938
  ],
  "mean_ann_dist": [
    76.5083236694336,
    83.27177429199219,
    87.92328643798828,
    91.5007095336914,
    94.4611587524414,
    97.0235595703125,
    99.29273223876953,
    101.34111022949219,
    103.2240982055664,
    104.95825958251953,
    1.5518590408424358e+33,
    8.563578658035694e+32,
    2.6464022569915678e+32,
    2.2172403610129643e+33,
    1.1581319792339632e+33,
    2.4100557118318587e+33,
    3.9707199106887215e+33,
    3.418912470967401e+33,
    5.27672622612415e+33,
    6.306479413122829e+33,
    6.058956397117815e+33,
    6.607571189477819e+33,
    9.482685073808056e+33,
    9.152400195446638e+33,
    1.2749204031089328e+34,
    8.090706917494356e+33,
    1.1525112827023433e+34,
    1.1517100879089178e+34,
    1.5306181561633674e+34,
    2.0752389825746247e+34,
    1.9527204282685624e+34,
    1.8515705759506247e+34,
    1.9011341050974974e+34,
    2.1130777340214177e+34,
    2.192578243344325e+34,
    1.3224850304743714e+34,
    1.5671710592913547e+34,
    1.6821168867891004e+34,
    1.6871910792161273e+34,
    1.7390920867451786e+34,
    3.233598417816556e+34,
    1.6111853984181267e+34,
    1.4440771104550325e+34,
    1.3997628184567416e+34,
    8.402033363124138e+33,
    5.173036677918616e+33,
    6.581863507651999e+33,
    1.5753812014258992e+34,
    162.4518280029297,
    2.2313596861310337e+34
  ],
  "mean_barycenter_shift": [
    0.0007246265304274857,
    0.0010731861693784595,
    0.0016705188900232315,
    0.0026692417450249195,
    0.003618992166593671,
    0.004337545484304428,
    0.004904929548501968,
    0.005344781558960676,
    0.00573180615901947,
    0.006100760307163,
    0.006494611967355013,
    0.006898326799273491,
    0.0073245796374976635,
    0.007768605835735798,
    0.008230706676840782,
    0.008715140633285046,
    0.00923866406083107,
    0.009803097695112228,
    0.010422385297715664,
    0.011097867973148823,
    0.011832411400973797,
    0.012645160779356956,
    0.013529416173696518,
    0.01447794958949089,
    0.015503459610044956,
    0.016617372632026672,
    0.017809201031923294,
    0.019071292132139206,
    0.020390523597598076,
    0.021755920723080635,
    0.02316136844456196,
    0.024598728865385056,
    0.026061486452817917,
    0.027535222470760345,
    0.02901223674416542,
    0.030485233291983604,
    0.03194747865200043,
    0.03338739275932312,
    0.03479646518826485,
    0.03617061302065849,
    0.03750646486878395,
    0.03879926726222038,
    0.04004821926355362,
    0.041251394897699356,
    0.04241042956709862,
    0.043522220104932785,
    0.04458853602409363,
    0.04561192914843559,
    0.04659215733408928,
    0.04753117263317108
  ],
  "mean_lid_diff": [
    0.08056354522705078,
    -0.038822174072265625,
    -0.16410160064697266,
    -0.31055545806884766,
    -0.46790504455566406,
    -0.6502017974853516,
    -0.8406286239624023,
    -1.0430107116699219,
    -1.2415075302124023,
    -1.4641461372375488,
    -1.6790528297424316,
    -1.908473014831543,
    -2.140542507171631,
    -2.3809471130371094,
    -2.6217198371887207,
    -2.882047653198242,
    -3.1545228958129883,
    -3.440207004547119,
    -3.746063232421875,
    -4.0542192459106445,
    -4.376161098480225,
    -4.704339027404785,
    -5.0477070808410645,
    -5.405071258544922,
    -5.770286321640015,
    -6.124438762664795,
    -6.471996545791626,
    -6.7965168952941895,
    -7.118910551071167,
    -7.423972725868225,
    -7.711537957191467,
    -7.972112774848938,
    -8.20480227470398,
    -8.41514265537262,
    -8.604652523994446,
    -8.76345020532608,
    -8.895640969276428,
    -9.01403632760048,
    -9.112316101789474,
    -9.193464875221252,
    -9.269931375980377,
    -9.331910207867622,
    -9.382484138011932,
    -9.423308163881302,
    -9.460154742002487,
    -9.490906432271004,
    -9.518606662750244,
    -9.541687600314617,
    -9.56125669926405,
    -9.578660175204277
  ],
  "mean_lid_exact": [
    10.996475219726562,
    9.567937850952148,
    9.092788696289062,
    8.86896800994873,
    8.756924629211426,
    8.703058242797852,
    8.683945655822754,
    8.690606117248535,
    8.695237159729004,
    8.72542667388916,
    8.754201889038086,
    8.788507461547852,
    8.818124771118164,
    8.854358673095703,
    8.888816833496094,
    8.924312591552734,
    8.95751953125,
    8.991827964782715,
    9.029470443725586,
    9.06154727935791,
    9.091219902038574,
    9.119490623474121,
    9.149149894714355,
    9.176682472229004,
    9.205205917358398,
    9.235150337219238,
    9.261761665344238,
    9.286431312561035,
    9.312701225280762,
    9.336847305297852,
    9.361105918884277,
    9.382407188415527,
    9.403413772583008,
    9.423199653625488,
    9.443562507629395,
    9.462357521057129,
    9.483094215393066,
    9.501259803771973,
    9.518342018127441,
    9.535828590393066,
    9.55195426940918,
    9.568601608276367,
    9.583741188049316,
    9.599356651306152,
    9.61565113067627,
    9.629172325134277,
    9.641616821289062,
    9.65477180480957,
    9.667396545410156,
    9.67839241027832
  ],