{
  "alpha": 0.25,
  "k": [
    10,
    20,
    30,
    40,
    50,
    60,
    70,
    80,
    90,
    100,
    110,
    120,
    130,
    140,
    150,
    160,
    170,
    180,
    190,
    200,
    210,
    220,
    230,
    240,
    250,
    260,
    270,
    280,
    290,
    300,
    310,
    320,
    330,
    340,
    350,
    360,
    370,
    380,
    390,
    400,
    410,
    420,
    430,
    440,
    450,
    460,
    470,
    480,
    490,
    500
  ],
  "mean_overlap": [
    0.9931200000000001,
    0.9897100000000001,
    0.9847433333333334,
    0.9763424999999999,
    0.9634520000000001,
    0.9469449999999999,
    0.9282185714285716,
    0.90823,
    0.8877733333333333,
    0.8674559999999999,
    0.8476436363636364,
    0.8281058333333334,
    0.809266153846154,
    0.8136542857142859,
    0.8106960000000001,
    0.8144593749999999,
    0.8117817647058824,
    0.8152683333333333,
    0.8130589473684211,
    0.8163185000000001,
    0.8144957142857143,
    0.8175918181818181,
    0.8159165217391304,
    0.8187274999999999,
    0.8174684000000001,
    0.8199938461538463,
    0.8187696296296296,
    0.8212550000000001,
    0.8200834482758621,
    0.8223836666666666,
    0.821163870967742,
    0.8232659374999999,
    0.8221987878787879,
    0.8240002941176472,
    0.8228594285714287,
    0.8246680555555554,
    0.8236770270270269,
    0.8256042105263157,
    0.8247843589743592,
    0.82648125,
    0.8256400000000002,
    0.8272364285714285,
    0.8263641860465115,
    0.8278345454545455,
    0.8269568888888889,
    0.8284256521739131,
    0.8275393617021276,
    0.8288924999999999,
    0.8280526530612246,
    0.82952
  ],
  "mean_exact_dist": [
    75.86603546142578,
    82.51177978515625,
    87.10372924804688,
    90.62568664550781,
    93.46857452392578,
    95.8508529663086,
    97.89720916748047,
    99.68855285644531,
    101.28204345703125,
    102.7127685546875,
    104.07769775390625,
    105.27706909179688,
    106.37911224365234,
    107.4031753540039,
    108.35980224609375,
    109.26048278808594,
    110.0902099609375,
    110.89090728759766,
    111.66324615478516,
    112.38291931152344,
    113.06304168701172,
    113.71068572998047,
    114.31340789794922,
    114.91704559326172,
    115.49996185302734,
    116.06761169433594,
    116.60899353027344,
    117.14207458496094,
    117.65538787841797,
    118.14076232910156,
    118.62353515625,
    119.08634948730469,
    119.53612518310547,
    119.97364807128906,
    120.39287567138672,
    120.81433868408203,
    121.21179962158203,
    121.61283874511719,
    121.99050903320312,
    122.37303924560547,
    122.739501953125,
    123.09209442138672,
    123.44268035888672,
    123.77777862548828,
    124.11274719238281,
    124.43952941894531,
    124.75540161132812,
    125.0645980834961,
    125.37187194824219,
    125.67967987060547
  ],
  "mean_ann_dist": [
    75.92145538330078,
    82.57805633544922,
    87.19052124023438,
    90.74396514892578,
    93.63939666748047,
    96.09906768798828,
    98.2514877319336,
    100.17866516113281,
    101.93567657470703,
    103.5472183227539,
    3.1024731008616127e+32,
    106.51165771484375,
    107.85466003417969,
    108.82109832763672,
    2.2756034310213358e+32,
    2.133806297215228e+32,
    2.0084898204665e+32,
    112.29342651367188,
    1.7970697782821954e+32,
    113.78398895263672,
    3.252493251378674e+32,
    115.10552978515625,
    1.4828991654121551e+32,
    116.32259368896484,
    116.93067169189453,
    117.46756744384766,
    118.03213500976562,
    118.53900146484375,
    119.07362365722656,
    119.52865600585938,
    120.03517150878906,
    120.47107696533203,
    120.93900299072266,
    1.0008304201483304e+32,
    121.79032897949219,
    9.452287301400898e+31,
    122.60504913330078,
    8.954798852378987e+31,
    123.37517547607422,
    123.73674774169922,
    124.11785888671875,
    124.45004272460938,
    7.91433394430569e+31,
    125.13202667236328,
    125.48152160644531,
    125.78973388671875,
    126.11904907226562,
    126.41210174560547,
    126.73323822021484,
    127.02630615234375
  ],
  "mean_barycenter_shift": [
    0.0003713881887961179,
    0.0005378052010200918,
    0.0007887600804679096,
    0.0012391540221869946,
    0.0019465511431917548,
    0.002657613018527627,
    0.003243852173909545,
    0.00370127079077065,
    0.004109634552150965,
    0.004451824352145195,
    0.004758446477353573,
    0.005082674324512482,
    0.005383429117500782,
    0.005149878561496735,
    0.005110471043735743,
    0.00492837792262435,
    0.00491225766018033,
    0.004767886828631163,
    0.004755035508424044,
    0.0046155801974236965,
    0.004594277124851942,
    0.004450696054846048,
    0.004435441456735134,
    0.004332378040999174,
    0.00433236313983798,
    0.0042472342029213905,
    0.00424502557143569,
    0.004179265815764666,
    0.004188585560768843,
    0.004121650476008654,
    0.004125657491385937,
    0.00406688591465354,
    0.004062529653310776,
    0.004008384887129068,
    0.004008052404969931,
    0.003943558316677809,
    0.003934825770556927,
    0.0038693321403115988,
    0.003861725330352783,
    0.0037948309909552336,
    0.0037815547548234463,
    0.0037194862961769104,
    0.0037074931897222996,
    0.0036484389565885067,
    0.0036374034825712442,
    0.0035782833583652973,
    0.00356939691118896,
    0.0035181145649403334,
    0.003506649285554886,
    0.003453300567343831
  ],
  "mean_lid_diff": [
    0.059380531311035156,
    -0.009263992309570312,
    -0.05992603302001953,
    -0.13655662536621094,
    -0.23209190368652344,
    -0.3367910385131836,
    -0.4627256393432617,
    -0.5986261367797852,
    -0.740532398223877,
    -0.8834776878356934,
    -1.0447344779968262,
    -1.2062606811523438,
    -1.3627510070800781,
    -1.3424859046936035,
    -1.3765196800231934,
    -1.3531765937805176,
    -1.3831839561462402,
    -1.3634939193725586,
    -1.3937878608703613,
    -1.3767781257629395,
    -1.3987021446228027,
    -1.377634048461914,
    -1.3994121551513672,
    -1.3811140060424805,
    -1.4027705192565918,
    -1.389986515045166,
    -1.4092473983764648,
    -1.3956618309020996,
    -1.4134440422058105,
    -1.4033665657043457,
    -1.419891357421875,
    -1.4051475524902344,
    -1.4234790802001953,
    -1.4114227294921875,
    -1.4298019409179688,
    -1.4166479110717773,
    -1.4329938888549805,
    -1.421555519104004,
    -1.4369087219238281,
    -1.4282598495483398,
    -1.4442577362060547,
    -1.435389518737793,
    -1.4509353637695312,
    -1.4418840408325195,
    -1.4571151733398438,
    -1.4477109909057617,
    -1.4616661071777344,
    -1.4546985626220703,
    -1.4690895080566406,
    -1.4605798721313477
  ],
  "mean_lid_exact": [
    11.12174129486084,
    9.595296859741211,
    9.056166648864746,
    8.837066650390625,
    8.739181518554688,
    8.686026573181152,
    8.66765022277832,
    8.670998573303223,
    8.684711456298828,
    8.70559024810791,
    8.734942436218262,
    8.769085884094238,
    8.79924488067627,
    8.840621948242188,
    8.873286247253418,
    8.908406257629395,
    8.945664405822754,
    8.979973793029785,
    9.016620635986328,
    9.052742958068848,
    9.085184097290039,
    9.116326332092285,
    9.149813652038574,
    9.181717872619629,
    9.212260246276855,
    9.243837356567383,
    9.274223327636719,
    9.304156303405762,
    9.33092975616455,
    9.357851028442383,
    9.38123893737793,
    9.404986381530762,
    9.42873477935791,
    9.450957298278809,
    9.473140716552734,
    9.492895126342773,
    9.513031005859375,
    9.532125473022461,
    9.552115440368652,
    9.571782112121582,
    9.590489387512207,
    9.608085632324219,
    9.625401496887207,
    9.642910957336426,
    9.658679008483887,
    9.672687530517578,
    9.6869535446167,
    9.701991081237793,
    9.714591026306152,
    9.728715896606445
  ],