{
  "k": [
    10,
    20,
    30,
    40,
    50,
    60,
    70,
    80,
    90,
    100,
    110,
    120,
    130,
    140,
    150,
    160,
    170,
    180,
    190,
    200,
    210,
    220,
    230,
    240,
    250,
    260,
    270,
    280,
    290,
    300,
    310,
    320,
    330,
    340,
    350,
    360,
    370,
    380,
    390,
    400,
    410,
    420,
    430,
    440,
    450,
    460,
    470,
    480,
    490,
    500
  ],
  "mean_overlap": [
    0.9943200000000001,
    0.9925450000000001,
    0.9899966666666667,
    0.9865575000000001,
    0.9820560000000002,
    0.9762033333333333,
    0.9682571428571429,
    0.9583875,
    0.9472822222222222,
    0.9349299999999999,
    0.9220954545454546,
    0.9087325,
    0.8949353846153848,
    0.8809735714285715,
    0.8671953333333333,
    0.8535324999999999,
    0.8399382352941178,
    0.8267472222222223,
    0.8136594736842105,
    0.8008185,
    0.7883766666666668,
    0.7760436363636364,
    0.7640369565217391,
    0.7523595833333333,
    0.7411008,
    0.7300103846153846,
    0.7192048148148148,
    0.7087596428571429,
    0.6985303448275864,
    0.6886686666666667,
    0.6789506451612904,
    0.6695424999999999,
    0.6603960606060606,
    0.6515061764705882,
    0.6428425714285714,
    0.6344202777777779,
    0.6262597297297298,
    0.6182626315789473,
    0.6105394871794871,
    0.6029527499999999,
    0.5955480487804878,
    0.5882992857142857,
    0.5813167441860465,
    0.5744402272727274,
    0.5676684444444445,
    0.5610752173913043,
    0.5546631914893616,
    0.5483466666666666,
    0.5422961224489796,
    0.5363442
  ],
  "mean_exact_dist": [
    75.7557601928711,
    82.41719055175781,
    86.97356414794922,
    90.43769073486328,
    93.24092102050781,
    95.60710906982422,
    97.65213775634766,
    99.44281005859375,
    101.0350341796875,
    102.46932220458984,
    103.77336883544922,
    104.96978759765625,
    106.0745849609375,
    107.10177612304688,
    108.05789947509766,
    109.00712585449219,
    109.88917541503906,
    110.6783447265625,
    111.43165588378906,
    112.13656616210938,
    112.83179473876953,
    113.64974975585938,
    114.29379272460938,
    114.91117858886719,
    115.51443481445312,
    116.0787124633789,
    116.62315368652344,
    117.16109466552734,
    117.66761779785156,
    118.1104736328125,
    118.58988952636719,
    119.13276672363281,
    119.70829010009766,
    120.28211975097656,
    120.85833740234375,
    121.4892807006836,
    122.19173431396484,
    122.99752807617188,
    123.96314239501953,
    124.89976501464844,
    125.8843994140625,
    126.676513671875,
    127.78091430664062,
    128.49078369140625,
    129.17657470703125,
    130.18064880371094,
    131.38720703125,
    132.0109405517578,
    132.56439208984375,
    133.17132568359375
  ],
  "mean_ann_dist": [
    75.80619049072266,
    82.4724349975586,
    87.0390396118164,
    90.51705932617188,
    93.33799743652344,
    95.72748565673828,
    97.80406951904297,
    99.63780212402344,
    101.28596496582031,
    102.78839111328125,
    104.17362213134766,
    105.46481323242188,
    106.6791763305664,
    107.8318099975586,
    108.93221282958984,
    1.2807977555591975e+33,
    111.00675964355469,
    1.9053189304518007e+32,
    112.88473510742188,
    113.77875518798828,
    3.272197388241474e+32,
    3.1316824895166824e+32,
    1.5003432879907353e+32,
    2.8826737520363952e+32,
    2.7721576221698486e+32,
    4.010556279554158e+32,
    1.0335663518046881e+33,
    5.0146239129052195e+32,
    4.866808069370611e+32,
    1.4246696768711478e+33,
    2.3297994401149678e+33,
    1.9543243343319615e+33,
    1.7032683921973324e+33,
    2.027568758923835e+33,
    3.256504950818483e+33,
    2.8068318971283436e+33,
    3.1499811388930055e+33,
    3.9778900593962624e+33,
    2.9979503416383875e+33,
    3.9983414478152766e+33,
    3.741807156779295e+33,
    4.8020740183213097e+33,
    3.8064174138246676e+33,
    3.923075931366765e+33,
    3.8033272060016015e+33,
    3.964938421220249e+33,
    4.444475230933099e+33,
    6.202288189716375e+33,
    5.86174326430936e+33,
    5.688611160115103e+33
  ],
  "mean_barycenter_shift": [
    0.00030750990845263004,
    0.0003858721465803683,
    0.0004971767193637788,
    0.000652315269690007,
    0.000853861216455698,
    0.0011040600948035717,
    0.0014661001041531563,
    0.0018577289301902056,
    0.002222820185124874,
    0.0025532387662678957,
    0.0028317992109805346,
    0.0031006918288767338,
    0.0033410682808607817,
    0.0035829972475767136,
    0.003821972291916609,
    0.004049099050462246,
    0.004288039170205593,
    0.004526613745838404,
    0.004769045393913984,
    0.00501253129914403,
    0.005258462391793728,
    0.005514855030924082,
    0.0057772379368543625,
    0.006050005555152893,
    0.006320214830338955,
    0.006599283777177334,
    0.006872867699712515,
    0.007145910523831844,
    0.007421933114528656,
    0.007697215303778648,
    0.00797360111027956,
    0.008252929896116257,
    0.008538292720913887,
    0.00883451197296381,
    0.009142590686678886,
    0.009468963369727135,
    0.009813083335757256,
    0.010172475129365921,
    0.010550984181463718,
    0.010949371382594109,
    0.011365323327481747,
    0.011810040101408958,
    0.012279330752789974,
    0.01277183834463358,
    0.013287341222167015,
    0.013817301951348782,
    0.014364099130034447,
    0.014927228912711143,
    0.01550554670393467,
    0.016097351908683777
  ],
  "mean_lid_diff": [
    0.040022850036621094,
    -0.0019197463989257812,
    -0.029705047607421875,
    -0.05942726135253906,
    -0.09238052368164062,
    -0.13826465606689453,
    -0.19765758514404297,
    -0.27077388763427734,
    -0.34210681915283203,
    -0.4197120666503906,
    -0.5069189071655273,
    -0.6031837463378906,
    -0.7081661224365234,
    -0.8175249099731445,
    -0.9306893348693848,
    -1.05718994140625,
    -1.1799635887145996,
    -1.305666446685791,
    -1.4360685348510742,
    -1.5697736740112305,
    -1.700819969177246,
    -1.8385934829711914,
    -1.9769654273986816,
    -2.1188998222351074,
    -2.267627716064453,
    -2.4234771728515625,
    -2.58396577835083,
    -2.7494301795959473,
    -2.917654037475586,
    -3.100722312927246,
    -3.294811725616455,
    -3.493302345275879,
    -3.692469596862793,
    -3.8989624977111816,
    -4.112761497497559,
    -4.328458309173584,
    -4.543535232543945,
    -4.768974781036377,
    -4.998845100402832,
    -5.231977939605713,
    -5.464191913604736,
    -5.688775062561035,
    -5.915689706802368,
    -6.134735345840454,
    -6.359131097793579,
    -6.5735509395599365,
    -6.78300929069519,
    -6.986418724060059,
    -7.186150074005127,
    -7.380931377410889
  ],
  "mean_lid_exact": [
    11.115702629089355,
    9.605427742004395,
    9.081850051879883,
    8.856971740722656,
    8.720921516418457,
    8.666452407836914,
    8.658982276916504,
    8.665559768676758,
    8.673294067382812,
    8.69461727142334,
    8.715091705322266,
    8.741226196289062,
    8.777280807495117,
    8.808843612670898,
    8.840350151062012,
    8.873489379882812,
    8.903651237487793,
    8.933878898620605,
    8.96602725982666,
    8.999189376831055,
    9.030266761779785,
    9.061098098754883,
    9.089119911193848,
    9.116296768188477,
    9.144036293029785,
    9.172903060913086,
    9.19870662689209,
    9.223526954650879,
    9.247552871704102,
    9.270556449890137,
    9.293367385864258,
    9.315584182739258,
    9.336917877197266,
    9.355523109436035,
    9.3740816116333,
    9.392428398132324,
    9.408401489257812,
    9.424128532409668,
    9.441798210144043,
    9.456331253051758,
    9.47164249420166,
    9.486541748046875,
    9.501248359680176,
    9.514861106872559,
    9.528167724609375,
    9.540663719177246,
    9.553434371948242,
    9.564435005187988,
    9.577505111694336,
    9.587993621826172
  ],