{
  "k": [
    10,
    20,
    30,
    40,
    50,
    60,
    70,
    80,
    90,
    100,
    110,
    120,
    130,
    140,
    150,
    160,
    170,
    180,
    190,
    200,
    210,
    220,
    230,
    240,
    250,
    260,
    270,
    280,
    290,
    300,
    310,
    320,
    330,
    340,
    350,
    360,
    370,
    380,
    390,
    400,
    410,
    420,
    430,
    440,
    450,
    460,
    470,
    480,
    490,
    500
  ],
  "mean_overlap": [
    0.9940200000000001,
    0.9926200000000001,
    0.9903733333333333,
    0.9872475000000001,
    0.983126,
    0.9774649999999998,
    0.9700514285714288,
    0.96059125,
    0.9495877777777779,
    0.9374900000000002,
    0.9247454545454544,
    0.9115233333333334,
    0.8978800000000001,
    0.8840335714285713,
    0.870174,
    0.856475,
    0.8429717647058825,
    0.8295966666666668,
    0.8165015789473684,
    0.803575,
    0.7909704761904762,
    0.77865,
    0.76651,
    0.7548391666666667,
    0.7434636,
    0.7324465384615385,
    0.7216881481481482,
    0.7110982142857143,
    0.7008472413793103,
    0.6908316666666666,
    0.6811225806451613,
    0.6716696875,
    0.6624384848484849,
    0.6535270588235293,
    0.6448942857142858,
    0.6363544444444444,
    0.62808,
    0.6200281578947369,
    0.6121589743589744,
    0.60454825,
    0.5971251219512196,
    0.5898421428571429,
    0.5827890697674418,
    0.5758734090909091,
    0.5691484444444445,
    0.5625686956521739,
    0.5561393617021276,
    0.549878125,
    0.5437734693877551,
    0.5378008
  ],
  "mean_exact_dist": [
    75.0479965209961,
    81.63771057128906,
    86.21043395996094,
    89.6812973022461,
    92.4952621459961,
    94.86554718017578,
    96.91755676269531,
    98.7227783203125,
    100.33082580566406,
    101.78022766113281,
    103.09896850585938,
    104.30917358398438,
    105.408203125,
    106.4593734741211,
    107.43956756591797,
    108.34646606445312,
    109.28851318359375,
    110.09697723388672,
    110.86603546142578,
    111.57373046875,
    112.28233337402344,
    112.97705841064453,
    113.61795043945312,
    114.29359436035156,
    114.97896575927734,
    115.61510467529297,
    116.1469497680664,
    116.6424331665039,
    117.13677215576172,
    117.72012329101562,
    118.29578399658203,
    118.90543365478516,
    119.56349182128906,
    120.19017791748047,
    120.75230407714844,
    121.3969955444336,
    122.05660247802734,
    122.74691009521484,
    123.50254821777344,
    124.34852600097656,
    125.14186096191406,
    126.09890747070312,
    126.85555267333984,
    127.69154357910156,
    128.7685546875,
    129.8257598876953,
    130.465576171875,
    131.34657287597656,
    132.42138671875,
    133.03298950195312
  ],
  "mean_ann_dist": [
    75.1136703491211,
    81.70155334472656,
    86.28105926513672,
    89.76258850097656,
    92.59173583984375,
    94.98313903808594,
    97.06477355957031,
    98.9098892211914,
    100.57162475585938,
    102.08834838867188,
    103.4875259399414,
    104.79146575927734,
    105.99716186523438,
    4.869942378807577e+32,
    2.2740066817987888e+32,
    109.31037902832031,
    8.05173300598004e+32,
    1.9024428475699047e+32,
    1.803403195580058e+32,
    1.714614267399888e+32,
    1.634118763770405e+32,
    114.98434448242188,
    2.991282873958049e+32,
    8.617360963042447e+32,
    8.329196375547695e+32,
    6.710995199544926e+32,
    1.3002217698024834e+32,
    5.040099945201188e+32,
    1.7170923138735273e+33,
    7.204030352703639e+32,
    1.882619752406454e+33,
    1.8519774868415378e+33,
    2.2896827552018858e+33,
    1.7090682960238893e+33,
    1.8149298100283491e+33,
    2.1495327779892995e+33,
    2.1514353370871762e+33,
    3.5197002877208495e+33,
    2.643300017938745e+33,
    3.5051746087848846e+33,
    3.811512775026366e+33,
    3.545448202597946e+33,
    5.512917757979564e+33,
    4.5385506273085326e+33,
    5.513694565354216e+33,
    2.67972176131957e+33,
    5.292219045715806e+33,
    4.637515267869124e+33,
    5.216554293604625e+33,
    3.088017288166615e+33
  ],
  "mean_barycenter_shift": [
    0.00031189608853310347,
    0.0003718801017384976,
    0.00046870947699062526,
    0.0006248469580896199,
    0.0008083002176135778,
    0.001067649805918336,
    0.001396440900862217,
    0.0017943597631528974,
    0.0021534329280257225,
    0.002475392073392868,
    0.0027630669064819813,
    0.0030267233960330486,
    0.0032556885853409767,
    0.0034947663079947233,
    0.0037219750229269266,
    0.0039452919736504555,
    0.004171791952103376,
    0.004408159758895636,
    0.004655059892684221,
    0.004906610585749149,
    0.005165699869394302,
    0.005433619488030672,
    0.005707740783691406,
    0.005980559159070253,
    0.006258899345993996,
    0.006545001175254583,
    0.006835093721747398,
    0.0071350401267409325,
    0.007430482655763626,
    0.00772663950920105,
    0.008033175021409988,
    0.00834822840988636,
    0.00866777915507555,
    0.009007088840007782,
    0.009362871758639812,
    0.00973917730152607,
    0.010133175179362297,
    0.010543483309447765,
    0.010979557409882545,
    0.011432590894401073,
    0.011911935172975063,
    0.012415922246873379,
    0.012945574708282948,
    0.01350270863622427,
    0.014079872518777847,
    0.014679376035928726,
    0.01530128438025713,
    0.015939729288220406,
    0.016599679365754128,
    0.017274847254157066
  ],
  "mean_lid_diff": [
    0.05839061737060547,
    0.02077770233154297,
    -0.0035238265991210938,
    -0.035674095153808594,
    -0.0732412338256836,
    -0.12784862518310547,
    -0.17218589782714844,
    -0.23455429077148438,
    -0.30612850189208984,
    -0.38502979278564453,
    -0.47452640533447266,
    -0.5732231140136719,
    -0.670163631439209,
    -0.7749876976013184,
    -0.8804483413696289,
    -0.9980802536010742,
    -1.1212434768676758,
    -1.2465462684631348,
    -1.3736658096313477,
    -1.504626750946045,
    -1.63157320022583,
    -1.7706880569458008,
    -1.9114603996276855,
    -2.058600902557373,
    -2.2122349739074707,
    -2.366969108581543,
    -2.5288944244384766,
    -2.6914310455322266,
    -2.8617544174194336,
    -3.037764549255371,
    -3.219707489013672,
    -3.4127326011657715,
    -3.6140384674072266,
    -3.8200464248657227,
    -4.02859354019165,
    -4.239785194396973,
    -4.4540910720825195,
    -4.6700921058654785,
    -4.894941329956055,
    -5.1270432472229,
    -5.358926296234131,
    -5.587786674499512,
    -5.813451766967773,
    -6.038026571273804,
    -6.259601593017578,
    -6.479416608810425,
    -6.696757078170776,
    -6.902705907821655,
    -7.100513935089111,
    -7.284204721450806
  ],
  "mean_lid_exact": [
    11.007865905761719,
    9.531454086303711,
    9.001206398010254,
    8.760645866394043,
    8.63895034790039,
    8.584587097167969,
    8.554620742797852,
    8.553760528564453,
    8.56108570098877,
    8.583976745605469,
    8.610902786254883,
    8.637629508972168,
    8.66049575805664,
    8.694307327270508,
    8.72366714477539,
    8.757959365844727,
    8.789752960205078,
    8.823960304260254,
    8.85480785369873,
    8.887386322021484,
    8.916894912719727,
    8.950489044189453,
    8.97860336303711,
    9.00782299041748,
    9.03617000579834,
    9.063539505004883,
    9.09067153930664,
    9.115396499633789,
    9.139023780822754,
    9.162960052490234,
    9.184759140014648,
    9.20861530303955,
    9.23033618927002,
    9.250452995300293,
    9.271903991699219,
    9.29271411895752,
    9.311972618103027,
    9.329826354980469,
    9.348104476928711,
    9.36662769317627,
    9.384439468383789,
    9.399636268615723,
    9.414512634277344,
    9.428892135620117,
    9.444042205810547,
    9.458183288574219,
    9.472654342651367,
    9.487302780151367,
    9.4993314743042,
    9.511168479919434
  ],