{
  "k": [
    10,
    20,
    30,
    40,
    50,
    60,
    70,
    80,
    90,
    100,
    110,
    120,
    130,
    140,
    150,
    160,
    170,
    180,
    190,
    200,
    210,
    220,
    230,
    240,
    250,
    260,
    270,
    280,
    290,
    300,
    310,
    320,
    330,
    340,
    350,
    360,
    370,
    380,
    390,
    400,
    410,
    420,
    430,
    440,
    450,
    460,
    470,
    480,
    490,
    500
  ],
  "mean_overlap": [
    0.99519,
    0.993835,
    0.99182,
    0.9890099999999998,
    0.985182,
    0.9798733333333332,
    0.9725542857142858,
    0.96344375,
    0.9529311111111112,
    0.941544,
    0.9293063636363637,
    0.9167975,
    0.9039015384615386,
    0.8907792857142857,
    0.8776786666666667,
    0.8644975,
    0.8513741176470591,
    0.8385283333333333,
    0.8259752631578947,
    0.8136305,
    0.8013728571428572,
    0.7896159090909091,
    0.7780117391304348,
    0.76660875,
    0.7555244,
    0.7447492307692308,
    0.7343022222222223,
    0.7242485714285715,
    0.7144334482758621,
    0.7047393333333334,
    0.6953158064516128,
    0.6862943749999999,
    0.6773818181818182,
    0.6688855882352941,
    0.660576,
    0.6523541666666666,
    0.644334054054054,
    0.6366226315789474,
    0.6290061538461538,
    0.62159025,
    0.6143853658536585,
    0.6073180952380952,
    0.6004153488372094,
    0.5936820454545455,
    0.587212,
    0.5807863043478261,
    0.5745193617021276,
    0.5683777083333333,
    0.5624016326530612,
    0.5565273999999999
  ],
  "mean_exact_dist": [
    76.34443664550781,
    83.01134490966797,
    87.59410095214844,
    91.07886505126953,
    93.90230560302734,
    96.2839584350586,
    98.33944702148438,
    100.14348602294922,
    101.7494888305664,
    103.19564819335938,
    104.51126098632812,
    105.71849822998047,
    106.8334732055664,
    107.87965393066406,
    108.84481048583984,
    109.80006408691406,
    110.66043853759766,
    111.46531677246094,
    112.2101821899414,
    112.94277954101562,
    113.6192398071289,
    114.2364501953125,
    114.86868286132812,
    115.48138427734375,
    116.06256866455078,
    116.59967041015625,
    117.13391876220703,
    117.70643615722656,
    118.18818664550781,
    118.68919372558594,
    119.17803955078125,
    119.79874420166016,
    120.33854675292969,
    120.82024383544922,
    121.3166732788086,
    121.8362808227539,
    122.29022216796875,
    122.77825164794922,
    123.20655822753906,
    123.76148223876953,
    124.48704528808594,
    125.3499984741211,
    126.00475311279297,
    126.8873519897461,
    127.754150390625,
    128.6634521484375,
    129.40760803222656,
    130.1602020263672,
    131.4429931640625,
    132.46031188964844
  ],
  "mean_ann_dist": [
    76.38504791259766,
    83.05664825439453,
    87.646728515625,
    91.14220428466797,
    93.98014831542969,
    96.38166046142578,
    98.46573638916016,
    100.30864715576172,
    101.96443176269531,
    103.47209930419922,
    104.86122131347656,
    106.15570068359375,
    2.0942545771875747e+33,
    108.51325225830078,
    109.60385131835938,
    110.66468048095703,
    2.008691372579146e+32,
    1.898240234564662e+32,
    113.50572967529297,
    114.41107940673828,
    115.26300048828125,
    116.05986022949219,
    116.88298034667969,
    1.4294214129978791e+32,
    2.7483682831774063e+32,
    3.9704064023737725e+32,
    5.107618742368862e+32,
    2.469106225418296e+32,
    3.590536764193808e+32,
    5.816792423542868e+32,
    7.94272696953329e+32,
    7.794424847677e+32,
    8.722001713425667e+32,
    8.558677962905173e+32,
    1.4735621187227238e+33,
    4.153026156400365e+32,
    1.4376448359079076e+33,
    1.9323245924088112e+33,
    1.6199004034491928e+33,
    1.92765802268822e+33,
    3.155730132435447e+33,
    2.4694825591902386e+33,
    3.439311246934745e+33,
    3.179099964497076e+33,
    2.604160067716659e+33,
    2.897461487404426e+33,
    2.750691935316771e+33,
    5.437784082145236e+33,
    3.9739849775423367e+33,
    4.285181439467994e+33
  ],
  "mean_barycenter_shift": [
    0.0002593865501694381,
    0.00030607322696596384,
    0.0003970143443439156,
    0.0005395454354584217,
    0.000710786844138056,
    0.0009567373199388385,
    0.0013042001519352198,
    0.001673372695222497,
    0.0020282657351344824,
    0.00233269645832479,
    0.002616660203784704,
    0.0028655240312218666,
    0.003089930396527052,
    0.0033120689913630486,
    0.0035288806539028883,
    0.0037347273901104927,
    0.003947993274778128,
    0.0041666291654109955,
    0.004385172855108976,
    0.004603399429470301,
    0.00481551606208086,
    0.0050323233008384705,
    0.0052544474601745605,
    0.005469312891364098,
    0.005688487086445093,
    0.005901348311454058,
    0.006113260518759489,
    0.006321643013507128,
    0.006528924684971571,
    0.006738825235515833,
    0.006950969807803631,
    0.007156527601182461,
    0.007372126914560795,
    0.007596133276820183,
    0.007821699604392052,
    0.008057191036641598,
    0.008302551694214344,
    0.00855247676372528,
    0.008814770728349686,
    0.009085291065275669,
    0.009362231008708477,
    0.009655880741775036,
    0.009960337541997433,
    0.010282550938427448,
    0.010622150264680386,
    0.010979686863720417,
    0.011355128139257431,
    0.011751052923500538,
    0.012161088176071644,
    0.01258844044059515
  ],
  "mean_lid_diff": [
    0.058714866638183594,
    0.00296783447265625,
    -0.012451171875,
    -0.04619121551513672,
    -0.07682323455810547,
    -0.12656593322753906,
    -0.16876888275146484,
    -0.22964191436767578,
    -0.29761409759521484,
    -0.3728513717651367,
    -0.45014095306396484,
    -0.5428018569946289,
    -0.6417703628540039,
    -0.7464447021484375,
    -0.8529367446899414,
    -0.9637885093688965,
    -1.0727500915527344,
    -1.18983793258667,
    -1.3047833442687988,
    -1.4217901229858398,
    -1.5427894592285156,
    -1.664888858795166,
    -1.7879743576049805,
    -1.9131975173950195,
    -2.0435519218444824,
    -2.180992603302002,
    -2.316493511199951,
    -2.4545235633850098,
    -2.59820556640625,
    -2.7492570877075195,
    -2.9059815406799316,
    -3.067744731903076,
    -3.2300662994384766,
    -3.398136615753174,
    -3.570117950439453,
    -3.746774673461914,
    -3.932288646697998,
    -4.122786045074463,
    -4.3186259269714355,
    -4.524693489074707,
    -4.730690956115723,
    -4.944428443908691,
    -5.160697937011719,
    -5.3787431716918945,
    -5.600489139556885,
    -5.821679353713989,
    -6.040315866470337,
    -6.263440370559692,
    -6.490697622299194,
    -6.703035593032837
  ],
  "mean_lid_exact": [
    11.08183479309082,
    9.5997953414917,
    9.085956573486328,
    8.832717895507812,
    8.721407890319824,
    8.671453475952148,
    8.652294158935547,
    8.652742385864258,
    8.674560546875,
    8.694835662841797,
    8.722476959228516,
    8.753727912902832,
    8.79063892364502,
    8.826568603515625,
    8.86155891418457,
    8.893763542175293,
    8.923263549804688,
    8.95948314666748,
    8.99084758758545,
    9.022686958312988,
    9.052871704101562,
    9.081148147583008,
    9.11239242553711,
    9.141478538513184,
    9.170536994934082,
    9.201550483703613,
    9.229066848754883,
    9.254679679870605,
    9.280529975891113,
    9.305414199829102,
    9.327940940856934,
    9.348550796508789,
    9.371424674987793,
    9.39285659790039,
    9.41197395324707,
    9.432727813720703,
    9.452157974243164,
    9.4718656539917,
    9.490175247192383,
    9.507261276245117,
    9.522390365600586,
    9.539767265319824,
    9.554984092712402,
    9.570291519165039,
    9.584482192993164,
    9.597248077392578,
    9.610724449157715,
    9.62332820892334,
    9.635839462280273,
    9.646746635437012
  ],