{
  "k": [
    10,
    20,
    30,
    40,
    50,
    60,
    70,
    80,
    90,
    100,
    110,
    120,
    130,
    140,
    150,
    160,
    170,
    180,
    190,
    200,
    210,
    220,
    230,
    240,
    250,
    260,
    270,
    280,
    290,
    300,
    310,
    320,
    330,
    340,
    350,
    360,
    370,
    380,
    390,
    400,
    410,
    420,
    430,
    440,
    450,
    460,
    470,
    480,
    490,
    500
  ],
  "mean_overlap": [
    0.9977300000000001,
    0.9969950000000001,
    0.9965333333333332,
    0.995825,
    0.9949540000000001,
    0.9939866666666667,
    0.9927914285714285,
    0.9913512500000001,
    0.9897466666666667,
    0.9878520000000001,
    0.9855127272727272,
    0.9827049999999999,
    0.9795007692307692,
    0.9757528571428571,
    0.9715280000000001,
    0.9669731250000001,
    0.9619223529411766,
    0.9564772222222222,
    0.950671052631579,
    0.9445084999999999,
    0.9381252380952381,
    0.9316063636363636,
    0.9248082608695651,
    0.9178391666666667,
    0.9107132000000001,
    0.9035288461538461,
    0.8962637037037037,
    0.8890171428571428,
    0.8816510344827586,
    0.8743200000000001,
    0.8670022580645161,
    0.8597375,
    0.8525660606060607,
    0.8454267647058823,
    0.8383280000000001,
    0.8313422222222222,
    0.8243062162162164,
    0.8173855263157895,
    0.8105517948717951,
    0.803754,
    0.7970768292682927,
    0.7904509523809524,
    0.7839409302325581,
    0.7775209090909091,
    0.771191111111111,
    0.7648971739130435,
    0.7586695744680851,
    0.752534375,
    0.7464724489795919,
    0.7405210000000001
  ],
  "mean_exact_dist": [
    75.78614807128906,
    82.3373031616211,
    86.83411407470703,
    90.26297760009766,
    93.044189453125,
    95.3900146484375,
    97.4149169921875,
    99.19258880615234,
    100.7761001586914,
    102.20269775390625,
    103.5004653930664,
    104.69139862060547,
    105.79177856445312,
    106.81476593017578,
    107.77132415771484,
    108.6694107055664,
    109.5162124633789,
    110.31737518310547,
    111.07806396484375,
    111.80221557617188,
    112.4933853149414,
    113.15472412109375,
    113.78898620605469,
    114.39867401123047,
    114.98584747314453,
    115.55220031738281,
    116.09915924072266,
    116.62812805175781,
    117.14012145996094,
    117.63629913330078,
    118.11762237548828,
    118.5849380493164,
    119.03900146484375,
    119.48057556152344,
    119.91024780273438,
    120.3077392578125,
    120.70345306396484,
    121.085205078125,
    121.44470977783203,
    121.80281829833984,
    122.14103698730469,
    122.48287963867188,
    122.83740997314453,
    123.22571563720703,
    123.61723327636719,
    123.98323822021484,
    124.3032455444336,
    124.60584259033203,
    124.95512390136719,
    125.25186920166016
  ],
  "mean_ann_dist": [
    75.8078842163086,
    82.36246490478516,
    86.86103820800781,
    90.29244995117188,
    93.07673645019531,
    95.42608642578125,
    97.4551010131836,
    99.23780059814453,
    100.82714080810547,
    102.26042175292969,
    103.56627655029297,
    104.76687622070312,
    105.8785629272461,
    106.91497802734375,
    107.88737487792969,
    108.80377197265625,
    109.67179107666016,
    110.49727630615234,
    111.28547668457031,
    112.0406723022461,
    112.7667236328125,
    113.46714782714844,
    114.14544677734375,
    114.80457305908203,
    115.44615173339844,
    116.07158660888672,
    116.681884765625,
    117.27799987792969,
    117.86125946044922,
    118.43266296386719,
    118.9931411743164,
    119.54341125488281,
    120.0844497680664,
    120.61698913574219,
    121.14191436767578,
    9.454178061382776e+31,
    122.13460540771484,
    122.62165832519531,
    4.369585584029015e+32,
    8.537794881583084e+31,
    8.345469290792232e+31,
    8.158252136944744e+31,
    2.3973167285432187e+32,
    6.270347734567459e+32,
    3.0817441817600413e+32,
    3.0267767425938033e+32,
    3.7181850170634086e+32,
    1.4641089764689833e+32,
    1.4431707681295202e+32,
    4.265081007050117e+32
  ],
  "mean_barycenter_shift": [
    0.00011954884394071996,
    0.00014734134310856462,
    0.00016319655696861446,
    0.00019659410463646054,
    0.00023847214470151812,
    0.0002847677387762815,
    0.0003401068679522723,
    0.00040617623017169535,
    0.0004718503914773464,
    0.0005484068533405662,
    0.0006395408418029547,
    0.0007439819746650755,
    0.0008616701234132051,
    0.0009838787373155355,
    0.0011167501797899604,
    0.0012485074112191796,
    0.0013777429703623056,
    0.0015158040914684534,
    0.0016442249761894345,
    0.0017752376152202487,
    0.001911235973238945,
    0.0020400392822921276,
    0.0021697445772588253,
    0.002303337911143899,
    0.002436300739645958,
    0.002576093655079603,
    0.0027200388722121716,
    0.0028620685916393995,
    0.0030079777352511883,
    0.003154467325657606,
    0.003294971538707614,
    0.003433320904150605,
    0.003566940315067768,
    0.003698712447658181,
    0.0038280982989817858,
    0.00395601661875844,
    0.004084588028490543,
    0.004214216023683548,
    0.004334387835115194,
    0.004450573120266199,
    0.004566716030240059,
    0.00468348478898406,
    0.004799031186848879,
    0.004913870710879564,
    0.005029323510825634,
    0.0051503716967999935,
    0.005279115866869688,
    0.005407491233199835,
    0.005537413526326418,
    0.005672354716807604
  ],
  "mean_lid_diff": [
    0.0045261383056640625,
    0.0020236968994140625,
    -0.00533294677734375,
    -0.010425567626953125,
    -0.018889427185058594,
    -0.025603294372558594,
    -0.03591442108154297,
    -0.04559040069580078,
    -0.05794525146484375,
    -0.07159709930419922,
    -0.09108352661132812,
    -0.10779571533203125,
    -0.1324014663696289,
    -0.15760040283203125,
    -0.18213176727294922,
    -0.2146768569946289,
    -0.25011348724365234,
    -0.28972339630126953,
    -0.3278379440307617,
    -0.37166786193847656,
    -0.4161376953125,
    -0.46668338775634766,
    -0.5208425521850586,
    -0.5769510269165039,
    -0.6359891891479492,
    -0.6949453353881836,
    -0.7515649795532227,
    -0.8126611709594727,
    -0.877741813659668,
    -0.9432287216186523,
    -1.009232521057129,
    -1.0810184478759766,
    -1.1517314910888672,
    -1.2247028350830078,
    -1.3005170822143555,
    -1.3748798370361328,
    -1.4512829780578613,
    -1.532416820526123,
    -1.6155714988708496,
    -1.7039833068847656,
    -1.790696144104004,
    -1.8796238899230957,
    -1.971815586090088,
    -2.067600727081299,
    -2.167571544647217,
    -2.269437789916992,
    -2.373915195465088,
    -2.478642463684082,
    -2.58890962600708,
    -2.6998214721679688
  ],
  "mean_lid_exact": [
    11.165740966796875,
    9.66163158416748,
    9.131246566772461,
    8.9019193649292,
    8.77934741973877,
    8.720380783081055,
    8.699626922607422,
    8.697901725769043,
    8.704957962036133,
    8.724650382995605,
    8.747381210327148,
    8.77137279510498,
    8.804749488830566,
    8.83398723602295,
    8.861617088317871,
    8.896223068237305,
    8.926353454589844,
    8.95809555053711,
    8.985929489135742,
    9.01602840423584,
    9.045964241027832,
    9.074968338012695,
    9.101838111877441,
    9.127036094665527,
    9.152463912963867,
    9.179168701171875,
    9.20048999786377,
    9.223443984985352,
    9.248557090759277,
    9.271842002868652,
    9.29344367980957,
    9.31624698638916,
    9.337206840515137,
    9.357903480529785,
    9.379023551940918,
    9.397563934326172,
    9.415559768676758,
    9.435989379882812,
    9.453771591186523,
    9.471660614013672,
    9.488609313964844,
    9.504462242126465,
    9.519997596740723,
    9.534724235534668,
    9.54967212677002,
    9.564406394958496,
    9.577754020690918,
    9.590160369873047,
    9.604053497314453,
    9.6162748336792
  ],