{
  "k": [
    10,
    20,
    30,
    40,
    50,
    60,
    70,
    80,
    90,
    100,
    110,
    120,
    130,
    140,
    150,
    160,
    170,
    180,
    190,
    200,
    210,
    220,
    230,
    240,
    250,
    260,
    270,
    280,
    290,
    300,
    310,
    320,
    330,
    340,
    350,
    360,
    370,
    380,
    390,
    400,
    410,
    420,
    430,
    440,
    450,
    460,
    470,
    480,
    490,
    500
  ],
  "mean_overlap": [
    0.99493,
    0.993015,
    0.9906300000000001,
    0.9875224999999999,
    0.9834,
    0.9777549999999999,
    0.9702128571428573,
    0.9608450000000001,
    0.9500966666666667,
    0.938408,
    0.9258854545454546,
    0.9128483333333334,
    0.8996469230769231,
    0.886175,
    0.8727013333333334,
    0.8590637499999999,
    0.8455017647058825,
    0.8323844444444445,
    0.8194199999999999,
    0.8065105,
    0.7940552380952381,
    0.7818418181818182,
    0.7699321739130435,
    0.7581933333333333,
    0.746884,
    0.7357411538461539,
    0.7249462962962963,
    0.7143296428571428,
    0.7040820689655172,
    0.6941803333333333,
    0.6844645161290323,
    0.6750621875,
    0.6658921212121213,
    0.6569055882352941,
    0.6482634285714286,
    0.6398152777777777,
    0.6314994594594595,
    0.6234186842105264,
    0.6156187179487178,
    0.60796675,
    0.6004543902439025,
    0.5931740476190477,
    0.5860725581395348,
    0.5790670454545455,
    0.5722668888888889,
    0.5656015217391306,
    0.5590817021276595,
    0.5527377083333332,
    0.5465297959183674,
    0.5404884
  ],
  "mean_exact_dist": [
    74.93516540527344,
    81.4910659790039,
    86.0159683227539,
    89.47679901123047,
    92.28780364990234,
    94.65686798095703,
    96.70157623291016,
    98.50007629394531,
    100.10346221923828,
    101.55014038085938,
    102.86760711669922,
    104.07740020751953,
    105.19613647460938,
    106.23680114746094,
    107.21001434326172,
    108.12820434570312,
    109.02477264404297,
    109.83447265625,
    110.60542297363281,
    111.34638977050781,
    112.05558013916016,
    112.72270965576172,
    113.38030242919922,
    114.01470947265625,
    114.6469497680664,
    115.27007293701172,
    115.87889099121094,
    116.4582748413086,
    117.17607879638672,
    117.79661560058594,
    118.32754516601562,
    118.92813110351562,
    119.58395385742188,
    120.29298400878906,
    120.85519409179688,
    121.44343566894531,
    122.02406311035156,
    122.70681762695312,
    123.47968292236328,
    124.24919128417969,
    124.955078125,
    125.63362121582031,
    126.22439575195312,
    126.88172149658203,
    127.49671173095703,
    128.18515014648438,
    128.81056213378906,
    129.38792419433594,
    129.9319305419922,
    130.4061279296875
  ],
  "mean_ann_dist": [
    74.97820281982422,
    81.54149627685547,
    86.07696533203125,
    89.55137634277344,
    92.37947845458984,
    94.7708969116211,
    96.84674072265625,
    98.68658447265625,
    100.34246063232422,
    101.8531265258789,
    103.24604034423828,
    104.54315948486328,
    105.76156616210938,
    106.9151840209961,
    108.01512145996094,
    2.3408455790855113e+33,
    2.009497967885993e+32,
    111.06170654296875,
    112.01179504394531,
    1.7089311554789122e+32,
    113.85336303710938,
    114.7362060546875,
    7.450339413757628e+32,
    4.292158624271911e+32,
    9.643628729860519e+32,
    5.327274954377037e+32,
    1.290767099466507e+32,
    1.7572936429367955e+33,
    2.087440955211348e+33,
    1.9269898445520158e+33,
    2.0178032689239324e+33,
    2.457740388432607e+33,
    1.974064990425921e+33,
    1.9560953623006642e+33,
    1.9467606754344328e+33,
    3.09760606222591e+33,
    3.348076613464462e+33,
    4.070891852272626e+33,
    5.799433409341989e+33,
    4.2317661836828886e+33,
    4.4409108920749866e+33,
    4.1632622957289535e+33,
    3.107411785277089e+33,
    5.615749723222883e+33,
    4.0170922161053224e+33,
    3.1674531151224695e+33,
    4.0288817380694567e+33,
    3.591452839822879e+33,
    5.259768304495999e+33,
    4.332599185247771e+33
  ],
  "mean_barycenter_shift": [
    0.00027265152311883867,
    0.0003535761497914791,
    0.00046644266694784164,
    0.0006074293050915003,
    0.0007865905063226819,
    0.0010383918415755033,
    0.001379738561809063,
    0.0017575566889718175,
    0.0021281971130520105,
    0.0024571814574301243,
    0.002739371033385396,
    0.0029948484152555466,
    0.003229571972042322,
    0.003457750426605344,
    0.003674562554806471,
    0.0038967139553278685,
    0.0041240518912673,
    0.004359348211437464,
    0.004597436636686325,
    0.004852785263210535,
    0.005110318772494793,
    0.005364066921174526,
    0.005614308640360832,
    0.005877796094864607,
    0.00613895058631897,
    0.0064042191952466965,
    0.006667980924248695,
    0.006929510273039341,
    0.007197357248514891,
    0.007473927456885576,
    0.007755961734801531,
    0.008047418668866158,
    0.008354635909199715,
    0.008675851859152317,
    0.009010865353047848,
    0.009364606812596321,
    0.00973501242697239,
    0.010119111277163029,
    0.01051927451044321,
    0.01094353199005127,
    0.011389455758035183,
    0.011858313344419003,
    0.01234604511409998,
    0.012856350280344486,
    0.013382925651967525,
    0.013924390077590942,
    0.014483815059065819,
    0.015057377517223358,
    0.01564314216375351,
    0.016239263117313385
  ],
  "mean_lid_diff": [
    0.02613544464111328,
    -0.007487297058105469,
    -0.039699554443359375,
    -0.06852054595947266,
    -0.10087108612060547,
    -0.13338375091552734,
    -0.1908559799194336,
    -0.25081729888916016,
    -0.32179737091064453,
    -0.3950691223144531,
    -0.4831275939941406,
    -0.568364143371582,
    -0.6664605140686035,
    -0.7694220542907715,
    -0.8766927719116211,
    -0.9961771965026855,
    -1.1111817359924316,
    -1.2292180061340332,
    -1.35209321975708,
    -1.4787864685058594,
    -1.6054043769836426,
    -1.741410255432129,
    -1.877960205078125,
    -2.0182037353515625,
    -2.1651177406311035,
    -2.318368911743164,
    -2.4790754318237305,
    -2.6485438346862793,
    -2.830932140350342,
    -3.019392967224121,
    -3.209183692932129,
    -3.4042887687683105,
    -3.6050634384155273,
    -3.8065686225891113,
    -4.015808582305908,
    -4.241347312927246,
    -4.467125415802002,
    -4.696628570556641,
    -4.935879707336426,
    -5.166103363037109,
    -5.396217107772827,
    -5.619400262832642,
    -5.844486236572266,
    -6.07438063621521,
    -6.289577960968018,
    -6.500744819641113,
    -6.7053892612457275,
    -6.908661603927612,
    -7.1117353439331055,
    -7.304405927658081
  ],
  "mean_lid_exact": [
    11.09469223022461,
    9.545917510986328,
    9.058534622192383,
    8.783001899719238,
    8.65365982055664,
    8.573585510253906,
    8.540382385253906,
    8.526015281677246,
    8.528909683227539,
    8.543625831604004,
    8.566545486450195,
    8.588101387023926,
    8.616583824157715,
    8.643595695495605,
    8.675383567810059,
    8.709178924560547,
    8.7406005859375,
    8.773618698120117,
    8.805899620056152,
    8.837300300598145,
    8.867600440979004,
    8.89920711517334,
    8.929143905639648,
    8.957993507385254,
    8.986777305603027,
    9.013835906982422,
    9.040810585021973,
    9.066048622131348,
    9.092368125915527,
    9.118513107299805,
    9.141432762145996,
    9.165904998779297,
    9.188210487365723,
    9.209929466247559,
    9.230238914489746,
    9.25136661529541,
    9.272289276123047,
    9.291553497314453,
    9.310997009277344,
    9.328320503234863,
    9.348238945007324,
    9.364509582519531,
    9.381742477416992,
    9.39902114868164,
    9.415090560913086,
    9.429563522338867,
    9.444345474243164,
    9.458879470825195,
    9.474642753601074,
    9.488367080688477
  ],