{
  "k": [
    10,
    20,
    30,
    40,
    50,
    60,
    70,
    80,
    90,
    100,
    110,
    120,
    130,
    140,
    150,
    160,
    170,
    180,
    190,
    200,
    210,
    220,
    230,
    240,
    250,
    260,
    270,
    280,
    290,
    300,
    310,
    320,
    330,
    340,
    350,
    360,
    370,
    380,
    390,
    400,
    410,
    420,
    430,
    440,
    450,
    460,
    470,
    480,
    490,
    500
  ],
  "mean_overlap": [
    0.9964299999999999,
    0.9950600000000001,
    0.9934333333333334,
    0.9910125,
    0.987776,
    0.9830616666666665,
    0.9763971428571429,
    0.9675650000000001,
    0.9574577777777779,
    0.946234,
    0.9337227272727272,
    0.9209758333333335,
    0.9078584615384616,
    0.8947171428571428,
    0.8814106666666667,
    0.868026875,
    0.8549729411764707,
    0.8420905555555556,
    0.8294026315789473,
    0.8169055000000001,
    0.8045952380952381,
    0.7926200000000001,
    0.7808760869565218,
    0.7694741666666666,
    0.7585028,
    0.7477276923076923,
    0.7372103703703704,
    0.7270217857142858,
    0.7171386206896552,
    0.707648,
    0.6982806451612903,
    0.6891665625,
    0.6802339393939395,
    0.6715461764705882,
    0.6631377142857142,
    0.6549780555555555,
    0.6469813513513514,
    0.6391949999999998,
    0.6316720512820513,
    0.6242667500000001,
    0.6170873170731708,
    0.6100992857142857,
    0.6031983720930232,
    0.5965331818181817,
    0.5900131111111111,
    0.5835930434782608,
    0.5773274468085107,
    0.5712020833333332,
    0.5651936734693878,
    0.5593464000000001
  ],
  "mean_exact_dist": [
    75.52649688720703,
    82.15322875976562,
    86.68850708007812,
    90.14409637451172,
    92.94852447509766,
    95.31400299072266,
    97.36738586425781,
    99.17621612548828,
    100.787353515625,
    102.23828125,
    103.55816650390625,
    104.76885223388672,
    105.88812255859375,
    106.9140396118164,
    107.89057159423828,
    108.92884826660156,
    109.78517150878906,
    110.59300994873047,
    111.35906219482422,
    112.0931396484375,
    112.79855346679688,
    113.47013854980469,
    114.14895629882812,
    114.83641052246094,
    115.46681213378906,
    116.11866760253906,
    116.7093276977539,
    117.29786682128906,
    117.82825469970703,
    118.3050308227539,
    118.7356948852539,
    119.14645385742188,
    119.62487030029297,
    119.9875717163086,
    120.40167236328125,
    120.80451965332031,
    121.26455688476562,
    121.76708221435547,
    122.32433319091797,
    123.01996612548828,
    123.65338897705078,
    124.1144790649414,
    124.81646728515625,
    125.31246948242188,
    126.03096008300781,
    126.67262268066406,
    127.3801498413086,
    128.08480834960938,
    128.89744567871094,
    129.6096649169922
  ],
  "mean_ann_dist": [
    75.55187225341797,
    82.1832275390625,
    86.72592163085938,
    90.19117736816406,
    93.00826263427734,
    95.39107513427734,
    97.46968841552734,
    99.31317138671875,
    100.96991729736328,
    102.47896575927734,
    103.8707046508789,
    105.167724609375,
    1.0470226052892153e+33,
    107.514892578125,
    108.61527252197266,
    8.554106095597587e+32,
    110.74887084960938,
    111.7108383178711,
    112.64305114746094,
    113.55287170410156,
    114.44391632080078,
    1.5588973682786059e+32,
    4.479226451602161e+32,
    2.8683857962735994e+32,
    4.136333308683126e+32,
    7.973872767209186e+32,
    3.849043016341119e+32,
    7.445894435304069e+32,
    4.808472079300599e+32,
    3.503370311177626e+32,
    9.086796336777234e+32,
    1.219602278740941e+33,
    1.0872613820386718e+33,
    1.4899645147582453e+33,
    9.390552779066786e+32,
    1.127468668688379e+33,
    1.4117924698399963e+33,
    9.971936617979198e+32,
    1.786727988508379e+33,
    2.279915563034429e+33,
    3.2617098697136583e+33,
    2.28336105964877e+33,
    1.8977320601785353e+33,
    3.334358380919121e+33,
    2.871321145534876e+33,
    3.333589001184705e+33,
    3.730336094890267e+33,
    3.155114257265902e+33,
    4.37680942838576e+33,
    3.3708584240074307e+33
  ],
  "mean_barycenter_shift": [
    0.00018902705051004887,
    0.00025043965433724225,
    0.00032890489092096686,
    0.00045229849638417363,
    0.0006091615068726242,
    0.0008439020020887256,
    0.0011825870024040341,
    0.0015672622248530388,
    0.0019334314856678247,
    0.0022549391724169254,
    0.0025476638693362474,
    0.002800628310069442,
    0.0030302274972200394,
    0.0032429622951895,
    0.003470043884590268,
    0.0037103621289134026,
    0.003933310974389315,
    0.004165965132415295,
    0.004409117624163628,
    0.00465208338573575,
    0.004902600310742855,
    0.005143283866345882,
    0.005380572751164436,
    0.0056135631166398525,
    0.005846340209245682,
    0.006077023223042488,
    0.006305880844593048,
    0.006533899810165167,
    0.006760112941265106,
    0.0069808210246264935,
    0.007200338877737522,
    0.007420670241117477,
    0.007646503392606974,
    0.007875336334109306,
    0.00811169482767582,
    0.008354767225682735,
    0.008609123528003693,
    0.008870348334312439,
    0.009141214191913605,
    0.009426108561456203,
    0.00972835160791874,
    0.010050793178379536,
    0.010397638194262981,
    0.010765752755105495,
    0.011152133345603943,
    0.011563178151845932,
    0.011997419409453869,
    0.012451721355319023,
    0.012930680997669697,
    0.013429053127765656
  ],
  "mean_lid_diff": [
    0.03806114196777344,
    0.012078285217285156,
    -0.02185821533203125,
    -0.043206214904785156,
    -0.07101154327392578,
    -0.11050701141357422,
    -0.15382671356201172,
    -0.21184730529785156,
    -0.2672233581542969,
    -0.3433218002319336,
    -0.42119789123535156,
    -0.5148410797119141,
    -0.611109733581543,
    -0.7034893035888672,
    -0.8098125457763672,
    -0.9206032752990723,
    -1.0337624549865723,
    -1.1426987648010254,
    -1.253648281097412,
    -1.3662347793579102,
    -1.4837756156921387,
    -1.603987693786621,
    -1.7263493537902832,
    -1.845482349395752,
    -1.9665050506591797,
    -2.0932459831237793,
    -2.2190399169921875,
    -2.3509349822998047,
    -2.485352039337158,
    -2.6252779960632324,
    -2.769076347351074,
    -2.9213757514953613,
    -3.079792022705078,
    -3.2344021797180176,
    -3.3900113105773926,
    -3.554718017578125,
    -3.7196602821350098,
    -3.89485502243042,
    -4.080069541931152,
    -4.268889427185059,
    -4.455284118652344,
    -4.6514892578125,
    -4.847683906555176,
    -5.054589748382568,
    -5.259971618652344,
    -5.461912155151367,
    -5.668346881866455,
    -5.86841607093811,
    -6.080484390258789,
    -6.2828168869018555
  ],
  "mean_lid_exact": [
    11.1322603225708,
    9.571598052978516,
    9.055542945861816,
    8.813246726989746,
    8.693671226501465,
    8.619119644165039,
    8.584683418273926,
    8.579543113708496,
    8.584785461425781,
    8.60038948059082,
    8.622541427612305,
    8.65090560913086,
    8.676087379455566,
    8.69764232635498,
    8.727734565734863,
    8.756537437438965,
    8.786578178405762,
    8.814403533935547,
    8.840578079223633,
    8.87097454071045,
    8.89892864227295,
    8.92751407623291,
    8.955955505371094,
    8.981940269470215,
    9.005810737609863,
    9.032186508178711,
    9.056473731994629,
    9.080923080444336,
    9.10561752319336,
    9.12928581237793,
    9.152432441711426,
    9.17615795135498,
    9.199926376342773,
    9.220527648925781,
    9.240633964538574,
    9.261253356933594,
    9.280330657958984,
    9.301103591918945,
    9.319037437438965,
    9.337491989135742,
    9.354876518249512,
    9.37236213684082,
    9.388570785522461,
    9.404877662658691,
    9.42121696472168,
    9.43504810333252,
    9.44980239868164,
    9.462868690490723,
    9.47581672668457,
    9.488152503967285
  ],