{
  "k": [
    10,
    20,
    30,
    40,
    50,
    60,
    70,
    80,
    90,
    100,
    110,
    120,
    130,
    140,
    150,
    160,
    170,
    180,
    190,
    200,
    210,
    220,
    230,
    240,
    250,
    260,
    270,
    280,
    290,
    300,
    310,
    320,
    330,
    340,
    350,
    360,
    370,
    380,
    390,
    400,
    410,
    420,
    430,
    440,
    450,
    460,
    470,
    480,
    490,
    500
  ],
  "mean_overlap": [
    0.9960899999999999,
    0.99434,
    0.9921,
    0.9893,
    0.98556,
    0.9801833333333332,
    0.9727328571428572,
    0.9635524999999999,
    0.9532488888888889,
    0.9416610000000001,
    0.9294309090909092,
    0.9166641666666666,
    0.9035753846153848,
    0.8903507142857143,
    0.8770533333333332,
    0.8637706250000001,
    0.850854117647059,
    0.8378933333333333,
    0.8252626315789474,
    0.812772,
    0.8005476190476191,
    0.7885922727272727,
    0.7768530434782608,
    0.7653495833333335,
    0.7542884,
    0.7434530769230768,
    0.7329581481481481,
    0.7228171428571428,
    0.7128800000000001,
    0.7032423333333333,
    0.693922258064516,
    0.6848859375,
    0.6760236363636364,
    0.6673841176470588,
    0.6589908571428572,
    0.6508947222222223,
    0.6429024324324324,
    0.6351918421052631,
    0.6276758974358975,
    0.62032725,
    0.6131348780487804,
    0.6061240476190476,
    0.5993148837209302,
    0.5926079545454545,
    0.5860713333333333,
    0.5797580434782609,
    0.5735140425531916,
    0.567425625,
    0.561410612244898,
    0.5555519999999999
  ],
  "mean_exact_dist": [
    75.9557113647461,
    82.60398864746094,
    87.15373229980469,
    90.62386322021484,
    93.44083404541016,
    95.81050872802734,
    97.85332489013672,
    99.64713287353516,
    101.24351501464844,
    102.68009185791016,
    103.98558807373047,
    105.18211364746094,
    106.28713989257812,
    107.31396484375,
    108.28865051269531,
    109.18865203857422,
    110.03939056396484,
    110.84564208984375,
    111.6120376586914,
    112.35499572753906,
    113.02438354492188,
    113.68598937988281,
    114.25187683105469,
    114.85638427734375,
    115.45863342285156,
    116.0404052734375,
    116.63187408447266,
    117.17325592041016,
    117.6544418334961,
    118.14459991455078,
    118.65670776367188,
    119.2331771850586,
    119.73758697509766,
    120.3053970336914,
    120.81356811523438,
    121.28665924072266,
    121.74334716796875,
    122.23145294189453,
    122.70075225830078,
    123.36974334716797,
    124.11053466796875,
    124.91961669921875,
    125.57762908935547,
    126.30792236328125,
    126.94308471679688,
    127.66902160644531,
    128.40919494628906,
    128.85899353027344,
    129.6417999267578,
    130.44073486328125
  ],
  "mean_ann_dist": [
    75.99332427978516,
    82.64547729492188,
    87.20355224609375,
    90.68497467041016,
    93.51646423339844,
    95.90599822998047,
    97.97711944580078,
    99.80892181396484,
    101.45357513427734,
    102.94979095458984,
    104.32599639892578,
    105.60502624511719,
    106.8046875,
    107.9395751953125,
    109.02752685546875,
    110.06005096435547,
    111.05543518066406,
    112.01976776123047,
    112.95683288574219,
    1.704992185016411e+32,
    1.6257570590894257e+32,
    4.659317326242251e+32,
    1.4879698838699467e+32,
    117.11210632324219,
    2.7480907138092228e+32,
    5.2960173552413434e+32,
    2.556140180164648e+32,
    2.470612063419208e+32,
    2.395156910030928e+32,
    9.304005296070246e+32,
    1.4738592243321523e+33,
    1.2193480368053728e+33,
    1.3070565528162567e+33,
    6.4217543779285196e+32,
    1.476439246116528e+33,
    7.286203265086353e+32,
    2.1591195403960304e+33,
    2.3433879984411936e+33,
    3.15172261104327e+33,
    2.4428023207210552e+33,
    2.8650961640473296e+33,
    2.909515309566948e+33,
    2.8511563402349566e+33,
    2.797773270890873e+33,
    3.5064274041046414e+33,
    3.815428379370626e+33,
    4.0518350033078666e+33,
    3.5919009741171005e+33,
    4.4627518681880986e+33,
    2.574970524787844e+33
  ],
  "mean_barycenter_shift": [
    0.00021452984947245568,
    0.00028974833549000323,
    0.0004048057598993182,
    0.0005472470656968653,
    0.0007195017533376813,
    0.000967473431956023,
    0.001316293841227889,
    0.001696539344266057,
    0.002034831326454878,
    0.002350655384361744,
    0.0026174767408519983,
    0.002874654019251466,
    0.0030952307861298323,
    0.0033097167033702135,
    0.0035271637607365847,
    0.003734234254807234,
    0.003953886218369007,
    0.004174510948359966,
    0.0043989853002130985,
    0.004623194690793753,
    0.004850046243518591,
    0.005080364178866148,
    0.005314768757671118,
    0.005554898642003536,
    0.005787477362900972,
    0.006023606285452843,
    0.006254632491618395,
    0.00648189103230834,
    0.006703817751258612,
    0.006924187298864126,
    0.007140071131289005,
    0.007354640867561102,
    0.0075716134160757065,
    0.0077882688492536545,
    0.008007099851965904,
    0.00823045801371336,
    0.008467850275337696,
    0.008710615336894989,
    0.00895723607391119,
    0.00921622198075056,
    0.009487352333962917,
    0.009768152609467506,
    0.010064947418868542,
    0.010378767736256123,
    0.010713811963796616,
    0.011065048165619373,
    0.01143378484994173,
    0.01181859988719225,
    0.012219944968819618,
    0.012636221013963223
  ],
  "mean_lid_diff": [
    0.02574920654296875,
    -0.0050506591796875,
    -0.032932281494140625,
    -0.05584239959716797,
    -0.08523941040039062,
    -0.12153434753417969,
    -0.17600059509277344,
    -0.22417736053466797,
    -0.29552364349365234,
    -0.37017345428466797,
    -0.4511070251464844,
    -0.5384435653686523,
    -0.6363096237182617,
    -0.7334356307983398,
    -0.8394031524658203,
    -0.9434518814086914,
    -1.0613737106323242,
    -1.178706169128418,
    -1.2918157577514648,
    -1.4106316566467285,
    -1.5374832153320312,
    -1.6602463722229004,
    -1.7859463691711426,
    -1.911552906036377,
    -2.0391674041748047,
    -2.1684517860412598,
    -2.3015785217285156,
    -2.440066337585449,
    -2.584481716156006,
    -2.73280668258667,
    -2.8884034156799316,
    -3.0514402389526367,
    -3.2189650535583496,
    -3.386795997619629,
    -3.5672483444213867,
    -3.744236469268799,
    -3.93076753616333,
    -4.122556209564209,
    -4.325674057006836,
    -4.5323076248168945,
    -4.7469258308410645,
    -4.9708075523376465,
    -5.192312240600586,
    -5.4116692543029785,
    -5.629538059234619,
    -5.848602533340454,
    -6.067080497741699,
    -6.285473823547363,
    -6.4911439418792725,
    -6.693210601806641
  ],
  "mean_lid_exact": [
    11.066308975219727,
    9.623932838439941,
    9.074748039245605,
    8.835159301757812,
    8.727450370788574,
    8.665196418762207,
    8.650708198547363,
    8.646918296813965,
    8.665413856506348,
    8.684715270996094,
    8.716498374938965,
    8.746047973632812,
    8.781673431396484,
    8.812849044799805,
    8.848405838012695,
    8.879361152648926,
    8.915395736694336,
    8.949546813964844,
    8.980382919311523,
    9.010878562927246,
    9.044816017150879,
    9.074440002441406,
    9.106545448303223,
    9.135231971740723,
    9.162604331970215,
    9.19001579284668,
    9.218523979187012,
    9.2449951171875,
    9.270258903503418,
    9.295412063598633,
    9.319156646728516,
    9.34331226348877,
    9.364402770996094,
    9.3862943649292,
    9.40832233428955,
    9.428116798400879,
    9.449488639831543,
    9.46756362915039,
    9.48579216003418,
    9.504362106323242,
    9.523361206054688,
    9.540604591369629,
    9.557212829589844,
    9.573655128479004,
    9.588706016540527,
    9.603253364562988,
    9.617293357849121,
    9.630261421203613,
    9.642951011657715,
    9.654679298400879
  ],