{
  "alpha": 4.0,
  "k": [
    10,
    20,
    30,
    40,
    50,
    60,
    70,
    80,
    90,
    100,
    110,
    120,
    130,
    140,
    150,
    160,
    170,
    180,
    190,
    200,
    210,
    220,
    230,
    240,
    250,
    260,
    270,
    280,
    290,
    300,
    310,
    320,
    330,
    340,
    350,
    360,
    370,
    380,
    390,
    400,
    410,
    420,
    430,
    440,
    450,
    460,
    470,
    480,
    490,
    500
  ],
  "mean_overlap": [
    0.99492,
    0.99756,
    0.9983200000000001,
    0.9987800000000001,
    0.99903,
    0.9991883333333335,
    0.9993228571428572,
    0.99941875,
    0.9994844444444443,
    0.9995450000000001,
    0.99959,
    0.9996325,
    0.9996646153846154,
    0.9997135714285714,
    0.9997220000000001,
    0.9997524999999999,
    0.9997835294117647,
    0.9998011111111111,
    0.9998163157894738,
    0.9998295,
    0.9998409523809524,
    0.999850909090909,
    0.9998595652173914,
    0.9998720833333334,
    0.9998788000000001,
    0.9998865384615385,
    0.9998937037037036,
    0.9999046428571428,
    0.9999120689655172,
    0.9999193333333333,
    0.9999222580645163,
    0.9999293750000001,
    0.9999327272727274,
    0.9999364705882353,
    0.9999414285714285,
    0.9999430555555555,
    0.9999456756756757,
    0.9999492105263158,
    0.9999523076923077,
    0.9999550000000001,
    0.9999563414634147,
    0.9999585714285713,
    0.999963488372093,
    0.9999647727272728,
    0.999967111111111,
    0.9999686956521738,
    0.999969574468085,
    0.99997,
    0.9999708163265306,
    0.9999736000000001
  ],
  "mean_exact_dist": [
    75.3465805053711,
    81.9303970336914,
    86.3762435913086,
    89.74821472167969,
    92.4827651977539,
    94.79617309570312,
    96.81319427490234,
    98.60040283203125,
    100.19419860839844,
    101.62964630126953,
    102.93486022949219,
    104.1328125,
    105.23967742919922,
    106.26858520507812,
    107.22969818115234,
    108.13216400146484,
    108.98313903808594,
    109.78829956054688,
    110.552734375,
    111.28060150146484,
    111.9755859375,
    112.64077758789062,
    113.27874755859375,
    113.89189910888672,
    114.4822006225586,
    115.05127716064453,
    115.6006851196289,
    116.13177490234375,
    116.64582824707031,
    117.14391326904297,
    117.62711334228516,
    118.0964126586914,
    118.55252838134766,
    118.99610137939453,
    119.42776489257812,
    119.84809875488281,
    120.2576904296875,
    120.65705108642578,
    121.04661560058594,
    121.42684936523438,
    121.79820251464844,
    122.16100311279297,
    122.515625,
    122.86239624023438,
    123.20162200927734,
    123.53365325927734,
    123.8587646484375,
    124.1772232055664,
    124.48932647705078,
    124.79524993896484
  ],
  "mean_ann_dist": [
    75.38562774658203,
    81.94776153564453,
    86.38729095458984,
    89.75662231445312,
    92.48928833007812,
    94.80175018310547,
    96.81798553466797,
    98.60448455810547,
    100.19778442382812,
    101.63300323486328,
    102.93773651123047,
    104.13542175292969,
    105.24192810058594,
    106.27058410644531,
    107.23162841796875,
    108.1338882446289,
    108.98472595214844,
    109.78974914550781,
    110.55400085449219,
    111.28173828125,
    111.97664642333984,
    112.64178466796875,
    113.27970123291016,
    113.89275360107422,
    114.48300170898438,
    115.05206298828125,
    115.60142517089844,
    116.13248443603516,
    116.64647674560547,
    117.14452362060547,
    117.62770080566406,
    118.09696197509766,
    118.55304718017578,
    118.99662780761719,
    119.42825317382812,
    119.84856414794922,
    120.25814056396484,
    120.65746307373047,
    121.04701232910156,
    121.42723846435547,
    121.79857635498047,
    122.16136169433594,
    122.51596069335938,
    122.86270904541016,
    123.20191192626953,
    123.53392791748047,
    123.85902404785156,
    124.17747497558594,
    124.48956298828125,
    124.79546356201172
  ],
  "mean_barycenter_shift": [
    0.00027065054746344686,
    0.00012622724170796573,
    8.548847836209461e-05,
    6.149771070340648e-05,
    4.9042650061892346e-05,
    4.118027209187858e-05,
    3.4622855309862643e-05,
    2.8875705538666807e-05,
    2.576148835942149e-05,
    2.2445670765591785e-05,
    1.986202914849855e-05,
    1.8256425391882658e-05,
    1.6536530893063173e-05,
    1.4452642062678933e-05,
    1.3764111827185843e-05,
    1.2552585758385248e-05,
    1.088301360141486e-05,
    9.872944247035775e-06,
    9.068619874597061e-06,
    8.40174743643729e-06,
    7.749842552584596e-06,
    7.169054242694983e-06,
    6.79058894093032e-06,
    6.2218873608799186e-06,
    5.83442169954651e-06,
    5.527079792955192e-06,
    5.13237409904832e-06,
    4.533656465355307e-06,
    4.0941386032500304e-06,
    3.7710656215494964e-06,
    3.7122488265595166e-06,
    3.383497869435814e-06,
    3.2587840905762278e-06,
    3.0223986868804786e-06,
    2.8053661935700802e-06,
    2.821614543790929e-06,
    2.69243901129812e-06,
    2.5567210286681075e-06,
    2.3906641217763536e-06,
    2.279751697642496e-06,
    2.2013439320289763e-06,
    2.1362013740144903e-06,
    1.8759850490823737e-06,
    1.766736772879085e-06,
    1.6310804085151176e-06,
    1.5531123835899052e-06,
    1.5324244486691896e-06,
    1.5390571661555441e-06,
    1.492301635153126e-06,
    1.315615008934401e-06
  ],
  "mean_lid_diff": [
    0.02257537841796875,
    0.0060825347900390625,
    -0.0032176971435546875,
    0.0014047622680664062,
    0.0012903213500976562,
    -0.0025482177734375,
    -0.0012693405151367188,
    -0.00034618377685546875,
    0.0007181167602539062,
    0.0002727508544921875,
    -0.0011730194091796875,
    -0.0007610321044921875,
    -0.0005960464477539062,
    -0.00047588348388671875,
    -7.2479248046875e-05,
    -0.000102996826171875,
    -0.00039577484130859375,
    -0.0005245208740234375,
    -0.0007991790771484375,
    -0.000576019287109375,
    -0.0011005401611328125,
    -0.0006923675537109375,
    -0.00101470947265625,
    -0.0010404586791992188,
    -0.000743865966796875,
    -0.0009250640869140625,
    -0.0005035400390625,
    -0.000392913818359375,
    -0.0007066726684570312,
    -0.0008182525634765625,
    -0.000843048095703125,
    -0.0007839202880859375,
    -0.0007886886596679688,
    -0.0008754730224609375,
    -0.000667572021484375,
    -0.0006275177001953125,
    -0.0005121231079101562,
    -0.000537872314453125,
    -0.0005979537963867188,
    -0.000408172607421875,
    -0.0004253387451171875,
    -0.00045299530029296875,
    -0.00055694580078125,
    -0.0004596710205078125,
    -0.0005960464477539062,
    -0.00044155120849609375,
    -0.00040721893310546875,
    -0.00049591064453125,
    -0.0005474090576171875,
    -0.00044155120849609375
  ],
  "mean_lid_exact": [
    11.127166748046875,
    9.591514587402344,
    9.109856605529785,
    8.869894981384277,
    8.750004768371582,
    8.673412322998047,
    8.63559627532959,
    8.625983238220215,
    8.639481544494629,
    8.659671783447266,
    8.68704891204834,
    8.712798118591309,
    8.741908073425293,
    8.775221824645996,
    8.807697296142578,
    8.840590476989746,
    8.871755599975586,
    8.90386962890625,
    8.936796188354492,
    8.966869354248047,
    8.996798515319824,
    9.027505874633789,
    9.054141998291016,
    9.080364227294922,
    9.106772422790527,
    9.1342191696167,
    9.159627914428711,
    9.185630798339844,
    9.20871639251709,
    9.233834266662598,
    9.2561674118042,
    9.275808334350586,
    9.296192169189453,
    9.316105842590332,
    9.336008071899414,
    9.35588550567627,
    9.374585151672363,
    9.392230033874512,
    9.409022331237793,
    9.425323486328125,
    9.441228866577148,
    9.455697059631348,
    9.470396995544434,
    9.484896659851074,
    9.49851131439209,
    9.511353492736816,
    9.523924827575684,
    9.53568172454834,
    9.547663688659668,
    9.559054374694824
  ],