{
  "alpha": 0.25,
  "k": [
    10,
    20,
    30,
    40,
    50,
    60,
    70,
    80,
    90,
    100,
    110,
    120,
    130,
    140,
    150,
    160,
    170,
    180,
    190,
    200,
    210,
    220,
    230,
    240,
    250,
    260,
    270,
    280,
    290,
    300,
    310,
    320,
    330,
    340,
    350,
    360,
    370,
    380,
    390,
    400,
    410,
    420,
    430,
    440,
    450,
    460,
    470,
    480,
    490,
    500
  ],
  "mean_overlap": [
    0.7321799999999999,
    0.8063049999999999,
    0.8003866666666667,
    0.8158224999999999,
    0.8065200000000001,
    0.8152266666666667,
    0.8091100000000001,
    0.8152512500000001,
    0.8101566666666667,
    0.8156370000000001,
    0.8118599999999999,
    0.8169458333333334,
    0.8141046153846155,
    0.8180414285714285,
    0.815384,
    0.8188606250000001,
    0.8164882352941177,
    0.8199077777777779,
    0.8176757894736842,
    0.8206779999999999,
    0.8188185714285715,
    0.8217459090909092,
    0.8202443478260869,
    0.8232179166666667,
    0.8216732,
    0.8242203846153847,
    0.8229618518518519,
    0.8255560714285713,
    0.8241958620689654,
    0.8265566666666666,
    0.8252841935483871,
    0.827624375,
    0.8266224242424243,
    0.8287076470588236,
    0.82749,
    0.8292905555555555,
    0.8282448648648649,
    0.8302865789473685,
    0.8293287179487181,
    0.8309349999999999,
    0.8300209756097562,
    0.8315090476190476,
    0.8307613953488372,
    0.83235,
    0.8313768888888888,
    0.8327823913043477,
    0.8318697872340425,
    0.8331897916666666,
    0.8322536734693878,
    0.8335493999999999
  ],
  "mean_exact_dist": [
    75.85939025878906,
    82.40481567382812,
    86.89728546142578,
    90.30349731445312,
    93.06611633300781,
    95.40543365478516,
    97.41853332519531,
    99.17980194091797,
    100.74494171142578,
    102.15760803222656,
    103.4505386352539,
    104.64412689208984,
    105.7418441772461,
    106.76502227783203,
    107.72305297851562,
    108.62855529785156,
    109.5315170288086,
    110.32318878173828,
    111.07891845703125,
    111.78285217285156,
    112.4886474609375,
    113.13272094726562,
    113.76289367675781,
    114.36837768554688,
    114.96051788330078,
    115.5330581665039,
    116.08356475830078,
    116.6274642944336,
    117.14083099365234,
    117.64386749267578,
    118.12601470947266,
    118.59671783447266,
    119.05885314941406,
    119.49861145019531,
    119.92577362060547,
    120.34654235839844,
    120.75732421875,
    121.15886688232422,
    121.54122161865234,
    121.91948699951172,
    122.28264617919922,
    122.64331817626953,
    122.9974594116211,
    123.34841918945312,
    123.68297576904297,
    124.01576232910156,
    124.33895874023438,
    124.66187286376953,
    124.9721908569336,
    125.27639770507812
  ],
  "mean_ann_dist": [
    3.4028235832468283e+33,
    84.1807632446289,
    88.6761703491211,
    91.82964324951172,
    94.70292663574219,
    1.1347284133062633e+33,
    98.98280334472656,
    100.6531982421875,
    3.7839420708126744e+32,
    3.4052070820499674e+32,
    3.096262510427023e+32,
    2.8382406023200824e+32,
    2.620176690687438e+32,
    108.20677947998047,
    2.2712745094464597e+32,
    110.0665054321289,
    4.0165765367077076e+32,
    111.72636413574219,
    112.52154541015625,
    1.7067026699800674e+32,
    113.9287109375,
    1.5510810342133711e+32,
    2.9640158905958705e+32,
    115.7702407836914,
    116.38710021972656,
    116.92787170410156,
    1.2610615676550674e+32,
    118.01277923583984,
    1.1739744201726523e+32,
    119.02254486083984,
    119.52410888671875,
    119.96623992919922,
    120.44619750976562,
    120.85789489746094,
    121.30330657958984,
    121.70525360107422,
    122.13518524169922,
    122.51271057128906,
    122.91023254394531,
    123.27000427246094,
    123.6481704711914,
    123.99214935302734,
    1.5830251097864747e+32,
    124.69699096679688,
    125.04788208007812,
    125.36593627929688,
    125.7063980102539,
    126.01456451416016,
    126.340576171875,
    126.6311264038086
  ],
  "mean_barycenter_shift": [
    0.020770182833075523,
    0.012278866954147816,
    0.010497021488845348,
    0.008656698279082775,
    0.008147832937538624,
    0.007212398573756218,
    0.006901513785123825,
    0.006359569262713194,
    0.006204722449183464,
    0.005812584422528744,
    0.005715005099773407,
    0.005400368478149176,
    0.00530263502150774,
    0.005071206483989954,
    0.00501145888119936,
    0.0048112282529473305,
    0.004776358604431152,
    0.004609611351042986,
    0.004584027919918299,
    0.0044514574110507965,
    0.004448645748198032,
    0.004327490460127592,
    0.0043080528266727924,
    0.004199851769953966,
    0.004201769828796387,
    0.004124999977648258,
    0.004133138805627823,
    0.004055471159517765,
    0.004064437933266163,
    0.003999081440269947,
    0.004004773683845997,
    0.00393524207174778,
    0.003935942426323891,
    0.003867291146889329,
    0.003862682031467557,
    0.003804104635491967,
    0.003799320198595524,
    0.0037331420462578535,
    0.0037213165778666735,
    0.0036613852716982365,
    0.0036528706550598145,
    0.0035937256179749966,
    0.0035711468663066626,
    0.003516002558171749,
    0.003513479605317116,
    0.0034615490585565567,
    0.0034541962668299675,
    0.0034059665631502867,
    0.003400319255888462,
    0.003352590836584568
  ],
  "mean_lid_diff": [
    -0.7916393280029297,
    -1.199995994567871,
    -1.368788719177246,
    -1.2807111740112305,
    -1.341616153717041,
    -1.2735943794250488,
    -1.3455138206481934,
    -1.3183441162109375,
    -1.3661298751831055,
    -1.3179969787597656,
    -1.359001636505127,
    -1.311668872833252,
    -1.3467402458190918,
    -1.3154568672180176,
    -1.347729206085205,
    -1.3268752098083496,
    -1.3591504096984863,
    -1.3343791961669922,
    -1.3642239570617676,
    -1.3472318649291992,
    -1.372511386871338,
    -1.3528156280517578,
    -1.3703317642211914,
    -1.3526153564453125,
    -1.3715810775756836,
    -1.3515839576721191,
    -1.3706841468811035,
    -1.3564023971557617,
    -1.3753600120544434,
    -1.3613481521606445,
    -1.3794331550598145,
    -1.3609423637390137,
    -1.3774948120117188,
    -1.3650321960449219,
    -1.3806819915771484,
    -1.367147445678711,
    -1.3835296630859375,
    -1.3702154159545898,
    -1.383927345275879,
    -1.3734683990478516,
    -1.3907079696655273,
    -1.379899024963379,
    -1.3946294784545898,
    -1.3838577270507812,
    -1.398808479309082,
    -1.3899908065795898,
    -1.4062013626098633,
    -1.3986444473266602,
    -1.4135246276855469,
    -1.4052715301513672
  ],
  "mean_lid_exact": [
    11.081929206848145,
    9.589584350585938,
    9.098677635192871,
    8.87187385559082,
    8.75511360168457,
    8.706165313720703,
    8.695828437805176,
    8.705862998962402,
    8.718581199645996,
    8.733996391296387,
    8.756845474243164,
    8.775971412658691,
    8.805023193359375,
    8.835185050964355,
    8.86732006072998,
    8.897375106811523,
    8.93073558807373,
    8.961284637451172,
    8.996330261230469,
    9.0286226272583,
    9.059356689453125,
    9.089195251464844,
    9.117877006530762,
    9.1492919921875,
    9.176535606384277,
    9.201735496520996,
    9.228631973266602,
    9.255193710327148,
    9.279930114746094,
    9.304330825805664,
    9.32701301574707,
    9.348457336425781,
    9.369470596313477,
    9.390238761901855,
    9.409079551696777,
    9.426918983459473,
    9.444540977478027,
    9.462788581848145,
    9.47822380065918,
    9.494006156921387,
    9.510287284851074,
    9.525247573852539,
    9.540115356445312,
    9.554123878479004,
    9.56879997253418,
    9.581286430358887,
    9.593689918518066,
    9.606345176696777,
    9.617822647094727,
    9.62902545928955
  ],