{
  "k": [
    10,
    20,
    30,
    40,
    50,
    60,
    70,
    80,
    90,
    100,
    110,
    120,
    130,
    140,
    150,
    160,
    170,
    180,
    190,
    200,
    210,
    220,
    230,
    240,
    250,
    260,
    270,
    280,
    290,
    300,
    310,
    320,
    330,
    340,
    350,
    360,
    370,
    380,
    390,
    400,
    410,
    420,
    430,
    440,
    450,
    460,
    470,
    480,
    490,
    500
  ],
  "mean_overlap": [
    0.9913,
    0.9889049999999999,
    0.9851233333333334,
    0.98041,
    0.9745540000000001,
    0.9668316666666665,
    0.9574414285714287,
    0.94605375,
    0.9332888888888888,
    0.9193180000000001,
    0.9046709090909091,
    0.8898075000000001,
    0.8746207692307693,
    0.8594478571428572,
    0.8442866666666666,
    0.829456875,
    0.8147317647058824,
    0.8002272222222221,
    0.7861015789473683,
    0.7722754999999999,
    0.7588538095238094,
    0.7456822727272727,
    0.7330291304347826,
    0.7206183333333334,
    0.7086404000000001,
    0.6968707692307693,
    0.6854481481481481,
    0.6743299999999999,
    0.6634827586206897,
    0.6529906666666667,
    0.6428093548387097,
    0.633014375,
    0.6234727272727273,
    0.6142161764705882,
    0.6052017142857143,
    0.5963752777777778,
    0.5878551351351351,
    0.5796147368421052,
    0.5715102564102562,
    0.5636804999999999,
    0.5560941463414634,
    0.5487007142857143,
    0.5414927906976744,
    0.5345061363636364,
    0.5276322222222222,
    0.520911304347826,
    0.5144221276595745,
    0.5081041666666666,
    0.501975918367347,
    0.49595079999999997
  ],
  "mean_exact_dist": [
    75.3465805053711,
    81.9303970336914,
    86.3762435913086,
    89.74821472167969,
    92.4827651977539,
    94.79617309570312,
    96.81319427490234,
    98.60040283203125,
    100.19419860839844,
    101.62964630126953,
    102.93486022949219,
    104.1328125,
    105.23967742919922,
    106.27090454101562,
    107.2299575805664,
    108.19296264648438,
    109.10626983642578,
    109.94358825683594,
    110.76631164550781,
    111.54722595214844,
    112.23589324951172,
    113.01039123535156,
    113.62171936035156,
    114.21363830566406,
    114.81201934814453,
    115.46083068847656,
    116.15550231933594,
    116.84973907470703,
    117.57763671875,
    118.44409942626953,
    119.3831787109375,
    120.36125183105469,
    121.3365707397461,
    122.48124694824219,
    123.64515686035156,
    124.73761749267578,
    125.71437072753906,
    126.90341186523438,
    127.71326446533203,
    128.82150268554688,
    129.3392333984375,
    130.25326538085938,
    131.29757690429688,
    132.24209594726562,
    132.88796997070312,
    133.32191467285156,
    133.90646362304688,
    134.22328186035156,
    134.72128295898438,
    135.2560272216797
  ],
  "mean_ann_dist": [
    75.4223403930664,
    82.01485443115234,
    86.47697448730469,
    89.86935424804688,
    92.63016510009766,
    94.9774398803711,
    97.03857421875,
    98.88224792480469,
    100.54576110839844,
    102.06509399414062,
    103.4709701538086,
    104.7863540649414,
    106.02909851074219,
    107.21117401123047,
    108.34163665771484,
    1.7070450377721823e+33,
    110.56412506103516,
    9.521796860894248e+32,
    9.052566520978468e+32,
    5.180912916676064e+32,
    3.3062480895908055e+32,
    1.2700301530974933e+33,
    1.3768376854057245e+33,
    2.366769900418206e+33,
    2.1525505663200674e+33,
    1.680794055011621e+33,
    3.018037156715832e+33,
    3.1023046636450174e+33,
    2.002823111251045e+33,
    4.1270553349449445e+33,
    3.6037808657041027e+33,
    3.4913424857559294e+33,
    4.6209822691594577e+33,
    4.563056578841216e+33,
    5.2415421132976e+33,
    4.374708644139093e+33,
    4.638812319545285e+33,
    4.661529757206211e+33,
    6.790029933928052e+33,
    4.56369133259636e+33,
    6.870796236941128e+33,
    8.27856988918609e+33,
    6.205178779708106e+33,
    3.898649517481605e+33,
    4.5396920080247537e+33,
    7.560098581975778e+33,
    5.890210314482746e+33,
    6.027799303239061e+33,
    6.780671107231054e+33,
    8.243717544290069e+33
  ],
  "mean_barycenter_shift": [
    0.00048731628339737654,
    0.0005848215078003705,
    0.0007513438467867672,
    0.0009674728498794138,
    0.0011960549745708704,
    0.0014812733279541135,
    0.0018600187031552196,
    0.0022536779288202524,
    0.002610452938824892,
    0.0029554066713899374,
    0.0032735709100961685,
    0.003559074131771922,
    0.0038333346601575613,
    0.004093816038221121,
    0.00435934541746974,
    0.00463468860834837,
    0.0049353102222085,
    0.005240446887910366,
    0.00557017233222723,
    0.005921104922890663,
    0.006287675816565752,
    0.006658309139311314,
    0.00704243453219533,
    0.007443810347467661,
    0.007851533591747284,
    0.00827536266297102,
    0.008712605573236942,
    0.00917144026607275,
    0.009649991989135742,
    0.010158509947359562,
    0.010694881901144981,
    0.011268693953752518,
    0.011881763115525246,
    0.012531419284641743,
    0.01321806013584137,
    0.013942082412540913,
    0.014707137830555439,
    0.015504729002714157,
    0.01633380353450775,
    0.017189938575029373,
    0.018069028854370117,
    0.01896488666534424,
    0.019874708727002144,
    0.020794028416275978,
    0.021718258038163185,
    0.022644326090812683,
    0.02357071451842785,
    0.024498071521520615,
    0.025419870391488075,
    0.026337509974837303
  ],
  "mean_lid_diff": [
    0.052987098693847656,
    -0.0013399124145507812,
    -0.03394889831542969,
    -0.08164405822753906,
    -0.1356801986694336,
    -0.1923360824584961,
    -0.2535667419433594,
    -0.3252420425415039,
    -0.41082286834716797,
    -0.5130729675292969,
    -0.6208915710449219,
    -0.7320427894592285,
    -0.8510031700134277,
    -0.9830617904663086,
    -1.1196637153625488,
    -1.263667106628418,
    -1.414902687072754,
    -1.5747838020324707,
    -1.740274429321289,
    -1.9063115119934082,
    -2.082278251647949,
    -2.2676916122436523,
    -2.4529857635498047,
    -2.651181221008301,
    -2.850492477416992,
    -3.062084197998047,
    -3.2781553268432617,
    -3.5042572021484375,
    -3.7356786727905273,
    -3.981205940246582,
    -4.2285332679748535,
    -4.475994110107422,
    -4.733179569244385,
    -4.989535331726074,
    -5.2505879402160645,
    -5.507039308547974,
    -5.755610227584839,
    -6.0045061111450195,
    -6.250792980194092,
    -6.482514142990112,
    -6.708905935287476,
    -6.921568870544434,
    -7.126590728759766,
    -7.3252928256988525,
    -7.5116881132125854,
    -7.696022629737854,
    -7.86815333366394,
    -8.030587434768677,
    -8.186576247215271,
    -8.329471826553345
  ],
  "mean_lid_exact": [
    11.127166748046875,
    9.591514587402344,
    9.109856605529785,
    8.869894981384277,
    8.750004768371582,
    8.673412322998047,
    8.63559627532959,
    8.625983238220215,
    8.639481544494629,
    8.659671783447266,
    8.68704891204834,
    8.712798118591309,
    8.741908073425293,
    8.775221824645996,
    8.807697296142578,
    8.840590476989746,
    8.871755599975586,
    8.90386962890625,
    8.936796188354492,
    8.966869354248047,
    8.996798515319824,
    9.027505874633789,
    9.054141998291016,
    9.080364227294922,
    9.106772422790527,
    9.1342191696167,
    9.159627914428711,
    9.185630798339844,
    9.20871639251709,
    9.233834266662598,
    9.2561674118042,
    9.275808334350586,
    9.296192169189453,
    9.316105842590332,
    9.336008071899414,
    9.35588550567627,
    9.374585151672363,
    9.392230033874512,
    9.409022331237793,
    9.425323486328125,
    9.441228866577148,
    9.455697059631348,
    9.470396995544434,
    9.484896659851074,
    9.49851131439209,
    9.511353492736816,
    9.523924827575684,
    9.53568172454834,
    9.547663688659668,
    9.559054374694824
  ],