{
  "k": [
    10,
    20,
    30,
    40,
    50,
    60,
    70,
    80,
    90,
    100,
    110,
    120,
    130,
    140,
    150,
    160,
    170,
    180,
    190,
    200,
    210,
    220,
    230,
    240,
    250,
    260,
    270,
    280,
    290,
    300,
    310,
    320,
    330,
    340,
    350,
    360,
    370,
    380,
    390,
    400,
    410,
    420,
    430,
    440,
    450,
    460,
    470,
    480,
    490,
    500
  ],
  "mean_overlap": [
    0.9908300000000001,
    0.9882799999999999,
    0.9849,
    0.9800125,
    0.9741699999999999,
    0.9666449999999999,
    0.957,
    0.9454600000000001,
    0.9324466666666668,
    0.918625,
    0.9038272727272728,
    0.8886908333333333,
    0.873509230769231,
    0.8583942857142858,
    0.843152,
    0.8279712499999999,
    0.8132529411764706,
    0.7988472222222222,
    0.784528947368421,
    0.7705854999999999,
    0.7569323809523809,
    0.7436022727272726,
    0.7306191304347825,
    0.7180425,
    0.7058903999999999,
    0.6941057692307693,
    0.6826551851851851,
    0.6714239285714286,
    0.6605206896551724,
    0.6500906666666667,
    0.6398712903225807,
    0.629944375,
    0.6202984848484848,
    0.6109276470588234,
    0.6019174285714285,
    0.5931644444444446,
    0.5845972972972974,
    0.576221052631579,
    0.5682387179487179,
    0.5603575,
    0.5527317073170732,
    0.5452854761904762,
    0.538043488372093,
    0.5310290909090909,
    0.5241586666666667,
    0.5174717391304348,
    0.5109408510638298,
    0.5045835416666667,
    0.49838489795918367,
    0.492375
  ],
  "mean_exact_dist": [
    75.52649688720703,
    82.15322875976562,
    86.68850708007812,
    90.14409637451172,
    92.94852447509766,
    95.31400299072266,
    97.36738586425781,
    99.17621612548828,
    100.787353515625,
    102.23828125,
    103.55816650390625,
    104.76885223388672,
    105.88812255859375,
    106.91783142089844,
    107.95722961425781,
    108.91232299804688,
    109.77457427978516,
    110.6386947631836,
    111.47811126708984,
    112.25808715820312,
    113.0068359375,
    113.6996078491211,
    114.43002319335938,
    115.12828826904297,
    115.73690795898438,
    116.40869140625,
    117.01447296142578,
    117.65365600585938,
    118.3911361694336,
    119.15019989013672,
    120.01325988769531,
    121.0323715209961,
    121.9433364868164,
    122.8237533569336,
    123.67520141601562,
    124.46439361572266,
    125.41954040527344,
    126.49223327636719,
    127.44080352783203,
    128.2795867919922,
    129.1846923828125,
    130.1548614501953,
    130.9329376220703,
    131.69882202148438,
    132.3544158935547,
    133.41690063476562,
    134.17430114746094,
    135.16464233398438,
    135.8728790283203,
    136.6376190185547
  ],
  "mean_ann_dist": [
    75.61068725585938,
    82.24410247802734,
    86.79366302490234,
    90.26976013183594,
    93.10050964355469,
    95.5004653930664,
    97.60002899169922,
    99.46753692626953,
    101.15127563476562,
    102.69092559814453,
    104.11673736572266,
    105.45262145996094,
    106.7176742553711,
    2.4337520118932234e+32,
    1.1384868766367861e+33,
    110.20243072509766,
    6.048532090903255e+32,
    1.9085890264368254e+32,
    5.4353861922891406e+32,
    1.207286554888858e+33,
    1.4850844003808774e+33,
    4.757242251912347e+32,
    1.6828015295278272e+33,
    1.6293641455645198e+33,
    5.749833794242971e+32,
    1.117539306375776e+33,
    2.0517228260003518e+33,
    2.5511643188623666e+33,
    3.1824269283526556e+33,
    3.70245799469057e+33,
    2.653977250777581e+33,
    5.08539238004727e+33,
    5.29914160641549e+33,
    5.116861434815924e+33,
    5.094682191587077e+33,
    5.533614258526357e+33,
    4.5282228030457845e+33,
    6.612193038614491e+33,
    5.909817427794968e+33,
    6.054230561017843e+33,
    6.74021151292709e+33,
    7.139141404406922e+33,
    8.170926669980088e+33,
    6.945778884090663e+33,
    4.91179790524834e+33,
    8.821481491785106e+33,
    6.539751882365609e+33,
    8.322768681378715e+33,
    1.0154748484825637e+34,
    7.310039645800288e+33
  ],
  "mean_barycenter_shift": [
    0.0005018923548050225,
    0.0006107797380536795,
    0.0007628974271938205,
    0.0009812936186790466,
    0.0012192055583000183,
    0.0015044281026348472,
    0.0018686624243855476,
    0.002256331965327263,
    0.002639946062117815,
    0.0029727520886808634,
    0.003279628697782755,
    0.0035569535102695227,
    0.003831942332908511,
    0.0040913731791079044,
    0.004369119182229042,
    0.004657777491956949,
    0.004949809052050114,
    0.005254862364381552,
    0.005577240604907274,
    0.005907051265239716,
    0.006241708528250456,
    0.006589236669242382,
    0.00694629829376936,
    0.0073083071038126945,
    0.007679997943341732,
    0.00806613638997078,
    0.008464650250971317,
    0.008874384686350822,
    0.009309201501309872,
    0.009762437082827091,
    0.010249331593513489,
    0.010769047774374485,
    0.011328622698783875,
    0.011925378814339638,
    0.012561374343931675,
    0.013231695629656315,
    0.013940639793872833,
    0.014682781882584095,
    0.015457098372280598,
    0.016261575743556023,
    0.01709200255572796,
    0.017945796251296997,
    0.018819011747837067,
    0.01970391534268856,
    0.020598188042640686,
    0.021496448665857315,
    0.02239939197897911,
    0.023300232365727425,
    0.024199608713388443,
    0.025094373151659966
  ],
  "mean_lid_diff": [
    0.05723857879638672,
    0.022953033447265625,
    -0.02460193634033203,
    -0.06712913513183594,
    -0.11545372009277344,
    -0.17908573150634766,
    -0.24564266204833984,
    -0.32142066955566406,
    -0.40976619720458984,
    -0.5093297958374023,
    -0.6172161102294922,
    -0.738823413848877,
    -0.8601360321044922,
    -0.987189769744873,
    -1.1305079460144043,
    -1.2761263847351074,
    -1.4265193939208984,
    -1.581336498260498,
    -1.7401742935180664,
    -1.907240867614746,
    -2.0807394981384277,
    -2.26010799407959,
    -2.4509034156799316,
    -2.644561767578125,
    -2.835665702819824,
    -3.0401296615600586,
    -3.2576379776000977,
    -3.4830641746520996,
    -3.720027446746826,
    -3.971940517425537,
    -4.22750997543335,
    -4.491920471191406,
    -4.757419109344482,
    -5.015672206878662,
    -5.281710624694824,
    -5.546063184738159,
    -5.808140754699707,
    -6.072817325592041,
    -6.32175350189209,
    -6.5701024532318115,
    -6.803900957107544,
    -7.030180215835571,
    -7.242794513702393,
    -7.44446873664856,
    -7.642862915992737,
    -7.827579498291016,
    -7.997840762138367,
    -8.16293478012085,
    -8.31693959236145,
    -8.456601977348328
  ],
  "mean_lid_exact": [
    11.1322603225708,
    9.571598052978516,
    9.055542945861816,
    8.813246726989746,
    8.693671226501465,
    8.619119644165039,
    8.584683418273926,
    8.579543113708496,
    8.584785461425781,
    8.60038948059082,
    8.622541427612305,
    8.65090560913086,
    8.676087379455566,
    8.69764232635498,
    8.727734565734863,
    8.756537437438965,
    8.786578178405762,
    8.814403533935547,
    8.840578079223633,
    8.87097454071045,
    8.89892864227295,
    8.92751407623291,
    8.955955505371094,
    8.981940269470215,
    9.005810737609863,
    9.032186508178711,
    9.056473731994629,
    9.080923080444336,
    9.10561752319336,
    9.12928581237793,
    9.152432441711426,
    9.17615795135498,
    9.199926376342773,
    9.220527648925781,
    9.240633964538574,
    9.261253356933594,
    9.280330657958984,
    9.301103591918945,
    9.319037437438965,
    9.337491989135742,
    9.354876518249512,
    9.37236213684082,
    9.388570785522461,
    9.404877662658691,
    9.42121696472168,
    9.43504810333252,
    9.44980239868164,
    9.462868690490723,
    9.47581672668457,
    9.488152503967285
  ],