{
  "k": [
    10,
    20,
    30,
    40,
    50,
    60,
    70,
    80,
    90,
    100,
    110,
    120,
    130,
    140,
    150,
    160,
    170,
    180,
    190,
    200,
    210,
    220,
    230,
    240,
    250,
    260,
    270,
    280,
    290,
    300,
    310,
    320,
    330,
    340,
    350,
    360,
    370,
    380,
    390,
    400,
    410,
    420,
    430,
    440,
    450,
    460,
    470,
    480,
    490,
    500
  ],
  "mean_overlap": [
    0.9938299999999999,
    0.9923299999999999,
    0.9898566666666667,
    0.98674,
    0.9823879999999999,
    0.9764299999999999,
    0.9683700000000001,
    0.9584875,
    0.9472155555555557,
    0.935103,
    0.9220454545454544,
    0.9087225,
    0.8952784615384617,
    0.881575,
    0.8677686666666666,
    0.8541212499999999,
    0.840499411764706,
    0.8271922222222221,
    0.8142284210526315,
    0.8015355000000001,
    0.7890614285714287,
    0.7768631818181819,
    0.7648230434782608,
    0.7531483333333333,
    0.7417552,
    0.7307219230769231,
    0.7200466666666667,
    0.7096574999999999,
    0.6995220689655173,
    0.689638,
    0.6800790322580645,
    0.67083125,
    0.6617087878787878,
    0.6528852941176471,
    0.6443477142857144,
    0.6358741666666666,
    0.6276275675675677,
    0.6197050000000001,
    0.6119351282051281,
    0.6043314999999999,
    0.59696,
    0.5896945238095239,
    0.582673488372093,
    0.5758118181818183,
    0.5691668888888889,
    0.5626469565217391,
    0.5562512765957447,
    0.5500585416666667,
    0.5439816326530612,
    0.5380158
  ],
  "mean_exact_dist": [
    76.34443664550781,
    83.01134490966797,
    87.59410095214844,
    91.07886505126953,
    93.90230560302734,
    96.2839584350586,
    98.33944702148438,
    100.14348602294922,
    101.7494888305664,
    103.19564819335938,
    104.51126098632812,
    105.73318481445312,
    106.84209442138672,
    107.87712860107422,
    108.84434509277344,
    109.7564697265625,
    110.59352111816406,
    111.40235137939453,
    112.17252349853516,
    112.89513397216797,
    113.56581115722656,
    114.22407531738281,
    114.85363006591797,
    115.44515991210938,
    116.0577392578125,
    116.61417388916016,
    117.11693572998047,
    117.64754486083984,
    118.27155303955078,
    118.8274917602539,
    119.39112854003906,
    119.9114990234375,
    120.46526336669922,
    120.94684600830078,
    121.57948303222656,
    122.20783996582031,
    123.02710723876953,
    123.9858627319336,
    124.7425308227539,
    125.69351196289062,
    126.47835540771484,
    127.25016784667969,
    128.3502960205078,
    129.27491760253906,
    130.06158447265625,
    131.38128662109375,
    132.11924743652344,
    133.01004028320312,
    133.766357421875,
    134.31700134277344
  ],
  "mean_ann_dist": [
    76.40308380126953,
    83.07257843017578,
    87.66387176513672,
    91.16097259521484,
    94.00088500976562,
    96.4055404663086,
    98.49348449707031,
    100.3411865234375,
    102.00270080566406,
    103.51702880859375,
    104.91594696044922,
    106.2239761352539,
    107.435546875,
    108.58934783935547,
    109.68901824951172,
    6.38987896934197e+32,
    111.72277069091797,
    112.6983871459961,
    113.65180969238281,
    114.56554412841797,
    115.43325805664062,
    4.664938347733131e+32,
    5.9584715661889816e+32,
    1.4305752118001193e+32,
    6.896683110587635e+32,
    1.330194425863025e+32,
    9.019665943296886e+32,
    6.256018191756468e+32,
    1.8345643127639398e+33,
    1.1977554997838949e+33,
    2.115905993732171e+33,
    1.5050593366272716e+33,
    1.7083478149210252e+33,
    3.0375922765464036e+33,
    1.899115148687427e+33,
    2.890607632376923e+33,
    3.004405889458251e+33,
    3.031338512952944e+33,
    2.4935586360442803e+33,
    3.68270944672886e+33,
    4.4577196419284035e+33,
    3.500027563586546e+33,
    4.345371941088108e+33,
    5.67515598982811e+33,
    4.5634044399922553e+33,
    5.631855323133986e+33,
    4.2640423753571567e+33,
    4.962916163290551e+33,
    4.1014278097366684e+33,
    5.0245355572010104e+33
  ],
  "mean_barycenter_shift": [
    0.00032503510010428727,
    0.00037882878677919507,
    0.00048759294440969825,
    0.0006393164512701333,
    0.0008287546224892139,
    0.0010843905620276928,
    0.0014422485837712884,
    0.001826605061069131,
    0.00218999688513577,
    0.002495665568858385,
    0.002800785005092621,
    0.003060930175706744,
    0.003297150135040283,
    0.0035336848814040422,
    0.003759142244234681,
    0.0039839292876422405,
    0.0041982252150774,
    0.0044180662371218204,
    0.004644596949219704,
    0.004872272722423077,
    0.005100416485220194,
    0.005334931891411543,
    0.005575685296207666,
    0.005806037224829197,
    0.006050965748727322,
    0.006283372640609741,
    0.006518609821796417,
    0.006753289606422186,
    0.0069942716509103775,
    0.007238407153636217,
    0.007490108720958233,
    0.007748161908239126,
    0.0080222487449646,
    0.008305138908326626,
    0.008591287769377232,
    0.008894442580640316,
    0.009209005162119865,
    0.00953559298068285,
    0.009879139252007008,
    0.010239134542644024,
    0.01062028855085373,
    0.011019897647202015,
    0.011437766253948212,
    0.011880442500114441,
    0.01234438642859459,
    0.012826689518988132,
    0.013330268673598766,
    0.013854509219527245,
    0.014391872100532055,
    0.01494415570050478
  ],
  "mean_lid_diff": [
    0.1025543212890625,
    0.03412628173828125,
    -0.012461662292480469,
    -0.03706073760986328,
    -0.08446311950683594,
    -0.13455486297607422,
    -0.1886615753173828,
    -0.2532062530517578,
    -0.3303518295288086,
    -0.4092874526977539,
    -0.5020294189453125,
    -0.5979433059692383,
    -0.7015562057495117,
    -0.8167972564697266,
    -0.9344744682312012,
    -1.0529847145080566,
    -1.172952651977539,
    -1.29866361618042,
    -1.4229450225830078,
    -1.5541391372680664,
    -1.6864209175109863,
    -1.8213067054748535,
    -1.9622611999511719,
    -2.1043190956115723,
    -2.2594075202941895,
    -2.414623737335205,
    -2.576040267944336,
    -2.7413430213928223,
    -2.9196596145629883,
    -3.100111961364746,
    -3.282240867614746,
    -3.4670634269714355,
    -3.6571006774902344,
    -3.8546042442321777,
    -4.0582733154296875,
    -4.26673698425293,
    -4.4807515144348145,
    -4.707597732543945,
    -4.935835361480713,
    -5.169090270996094,
    -5.40362548828125,
    -5.645057439804077,
    -5.878164052963257,
    -6.119257211685181,
    -6.351567506790161,
    -6.579907178878784,
    -6.79444694519043,
    -7.013439893722534,
    -7.219316720962524,
    -7.414450645446777
  ],
  "mean_lid_exact": [
    11.08183479309082,
    9.5997953414917,
    9.085956573486328,
    8.832717895507812,
    8.721407890319824,
    8.671453475952148,
    8.652294158935547,
    8.652742385864258,
    8.674560546875,
    8.694835662841797,
    8.722476959228516,
    8.753727912902832,
    8.79063892364502,
    8.826568603515625,
    8.86155891418457,
    8.893763542175293,
    8.923263549804688,
    8.95948314666748,
    8.99084758758545,
    9.022686958312988,
    9.052871704101562,
    9.081148147583008,
    9.11239242553711,
    9.141478538513184,
    9.170536994934082,
    9.201550483703613,
    9.229066848754883,
    9.254679679870605,
    9.280529975891113,
    9.305414199829102,
    9.327940940856934,
    9.348550796508789,
    9.371424674987793,
    9.39285659790039,
    9.41197395324707,
    9.432727813720703,
    9.452157974243164,
    9.4718656539917,
    9.490175247192383,
    9.507261276245117,
    9.522390365600586,
    9.539767265319824,
    9.554984092712402,
    9.570291519165039,
    9.584482192993164,
    9.597248077392578,
    9.610724449157715,
    9.62332820892334,
    9.635839462280273,
    9.646746635437012
  ],