{
  "alpha": 0.25,
  "k": [
    10,
    20,
    30,
    40,
    50,
    60,
    70,
    80,
    90,
    100,
    110,
    120,
    130,
    140,
    150,
    160,
    170,
    180,
    190,
    200,
    210,
    220,
    230,
    240,
    250,
    260,
    270,
    280,
    290,
    300,
    310,
    320,
    330,
    340,
    350,
    360,
    370,
    380,
    390,
    400,
    410,
    420,
    430,
    440,
    450,
    460,
    470,
    480,
    490,
    500
  ],
  "mean_overlap": [
    0.99359,
    0.9899600000000001,
    0.9843733333333333,
    0.9758574999999999,
    0.962572,
    0.9461616666666665,
    0.9274928571428572,
    0.90728125,
    0.88682,
    0.8664799999999999,
    0.8465872727272729,
    0.8270891666666667,
    0.8085046153846154,
    0.8131,
    0.81012,
    0.813980625,
    0.8117176470588237,
    0.8155294444444444,
    0.8136094736842105,
    0.816499,
    0.8146880952380954,
    0.8180431818181818,
    0.8160795652173913,
    0.8188566666666667,
    0.8172292,
    0.8199473076923077,
    0.8184044444444444,
    0.8210717857142857,
    0.8198137931034482,
    0.822349,
    0.821328064516129,
    0.8237625,
    0.8228142424242424,
    0.82509,
    0.8241042857142858,
    0.8263952777777777,
    0.8255451351351352,
    0.8275039473684211,
    0.8265982051282051,
    0.828342,
    0.8274773170731708,
    0.829285,
    0.8284262790697674,
    0.83001,
    0.8292284444444443,
    0.830925,
    0.8300708510638298,
    0.8314693750000001,
    0.8305263265306123,
    0.831918
  ],
  "mean_exact_dist": [
    75.95116424560547,
    82.59332275390625,
    87.18022155761719,
    90.65479278564453,
    93.44728088378906,
    95.78517150878906,
    97.80452728271484,
    99.58450317382812,
    101.16380310058594,
    102.58338928222656,
    103.87380981445312,
    105.07449340820312,
    106.20341491699219,
    107.27506256103516,
    108.20596313476562,
    109.14832305908203,
    109.95977020263672,
    110.74688720703125,
    111.49138641357422,
    112.19990539550781,
    112.8772201538086,
    113.52557373046875,
    114.13941955566406,
    114.75106048583984,
    115.32715606689453,
    115.89722442626953,
    116.4350357055664,
    116.94072723388672,
    117.431884765625,
    117.8776626586914,
    118.33685302734375,
    118.7589111328125,
    119.1988296508789,
    119.63153076171875,
    120.05421447753906,
    120.46299743652344,
    120.86504364013672,
    121.26426696777344,
    121.63969421386719,
    122.01123809814453,
    122.37667846679688,
    122.72831726074219,
    123.08343505859375,
    123.4253921508789,
    123.76011657714844,
    124.08196258544922,
    124.40303039550781,
    124.72382354736328,
    125.01766967773438,
    125.32030487060547
  ],
  "mean_ann_dist": [
    76.0013427734375,
    82.6552963256836,
    87.26445007324219,
    90.77237701416016,
    93.61888122558594,
    96.03681182861328,
    98.17027282714844,
    100.08306121826172,
    101.81883239746094,
    103.41746520996094,
    104.91065216064453,
    2.8379566498235713e+32,
    1.3123215118033374e+33,
    2.441820479527397e+32,
    6.842597510271256e+32,
    4.280496455389318e+32,
    2.016177428110462e+32,
    112.14543914794922,
    112.92573547363281,
    113.59880828857422,
    114.31004333496094,
    114.91862487792969,
    115.56656646728516,
    116.14034271240234,
    116.7455825805664,
    117.28485870361328,
    117.85159301757812,
    118.32865142822266,
    118.84675598144531,
    119.2809066772461,
    119.76841735839844,
    1.0658337811846156e+32,
    120.62928009033203,
    121.03535461425781,
    121.47858428955078,
    121.8631591796875,
    122.2816162109375,
    122.6576919555664,
    123.04995727539062,
    123.4012680053711,
    123.78186798095703,
    124.11155700683594,
    124.48435974121094,
    124.80657958984375,
    125.15679168701172,
    125.45695495605469,
    125.79412078857422,
    126.09868621826172,
    126.4079818725586,
    126.69499969482422
  ],
  "mean_barycenter_shift": [
    0.00035269599175080657,
    0.0005439819069579244,
    0.0008362047956325114,
    0.0012747434666380286,
    0.0019728546030819416,
    0.0026678608264774084,
    0.003275615628808737,
    0.003732492448762059,
    0.004130275920033455,
    0.00447399215772748,
    0.004789294674992561,
    0.005082234274595976,
    0.005372231360524893,
    0.005144498776644468,
    0.005114165600389242,
    0.004932731855660677,
    0.004913001321256161,
    0.0047653717920184135,
    0.004761116579174995,
    0.004654287826269865,
    0.004663523752242327,
    0.004546999931335449,
    0.004575643222779036,
    0.004495337605476379,
    0.004516448825597763,
    0.004448109772056341,
    0.004478398710489273,
    0.004385361447930336,
    0.004366470500826836,
    0.0042397934012115,
    0.0042332992888987064,
    0.004149025306105614,
    0.00414892565459013,
    0.0040801577270030975,
    0.004083146341145039,
    0.004013530444353819,
    0.004003755748271942,
    0.003936625085771084,
    0.003926298581063747,
    0.0038619034457951784,
    0.0038502514362335205,
    0.003781895386055112,
    0.0037694168277084827,
    0.00370458303950727,
    0.0036876967642456293,
    0.003624304663389921,
    0.0036093322560191154,
    0.0035519276279956102,
    0.0035405380185693502,
    0.003484101500362158
  ],
  "mean_lid_diff": [
    0.038407325744628906,
    -0.026618003845214844,
    -0.0756082534790039,
    -0.14937686920166016,
    -0.2416667938232422,
    -0.3496971130371094,
    -0.484619140625,
    -0.623967170715332,
    -0.7640838623046875,
    -0.9223179817199707,
    -1.0739774703979492,
    -1.238935947418213,
    -1.406874179840088,
    -1.3757047653198242,
    -1.4211950302124023,
    -1.3972291946411133,
    -1.4288272857666016,
    -1.4049506187438965,
    -1.4356637001037598,
    -1.4178762435913086,
    -1.4454455375671387,
    -1.4312753677368164,
    -1.4570870399475098,
    -1.4386401176452637,
    -1.4626922607421875,
    -1.4438371658325195,
    -1.4674043655395508,
    -1.446965217590332,
    -1.4669628143310547,
    -1.447737693786621,
    -1.4624910354614258,
    -1.443615436553955,
    -1.4565744400024414,
    -1.442110538482666,
    -1.4521856307983398,
    -1.4353828430175781,
    -1.4498634338378906,
    -1.435708999633789,
    -1.4489250183105469,
    -1.4368114471435547,
    -1.4520502090454102,
    -1.4405908584594727,
    -1.4552125930786133,
    -1.4451236724853516,
    -1.459329605102539,
    -1.448904037475586,
    -1.4612550735473633,
    -1.4530649185180664,
    -1.4672012329101562,
    -1.4574041366577148
  ],
  "mean_lid_exact": [
    11.215530395507812,
    9.685288429260254,
    9.175368309020996,
    8.95274829864502,
    8.840815544128418,
    8.782301902770996,
    8.756525039672852,
    8.763001441955566,
    8.769522666931152,
    8.791918754577637,
    8.819289207458496,
    8.848411560058594,
    8.879229545593262,
    8.906359672546387,
    8.94189739227295,
    8.973405838012695,
    9.005372047424316,
    9.034052848815918,
    9.06356430053711,
    9.090584754943848,
    9.11793327331543,
    9.147500991821289,
    9.173173904418945,
    9.199345588684082,
    9.224433898925781,
    9.250016212463379,
    9.273743629455566,
    9.29492473602295,
    9.317167282104492,
    9.337475776672363,
    9.358124732971191,
    9.377521514892578,
    9.395228385925293,
    9.415226936340332,
    9.430817604064941,
    9.447370529174805,
    9.46279239654541,
    9.478126525878906,
    9.491830825805664,
    9.50578784942627,
    9.52057933807373,
    9.53508472442627,
    9.548869132995605,
    9.562216758728027,
    9.575439453125,
    9.587347984313965,
    9.598531723022461,
    9.610487937927246,
    9.620942115783691,
    9.630768775939941
  ],