{
  "k": [
    10,
    20,
    30,
    40,
    50,
    60,
    70,
    80,
    90,
    100,
    110,
    120,
    130,
    140,
    150,
    160,
    170,
    180,
    190,
    200,
    210,
    220,
    230,
    240,
    250,
    260,
    270,
    280,
    290,
    300,
    310,
    320,
    330,
    340,
    350,
    360,
    370,
    380,
    390,
    400,
    410,
    420,
    430,
    440,
    450,
    460,
    470,
    480,
    490,
    500
  ],
  "mean_overlap": [
    0.99513,
    0.99308,
    0.9906300000000001,
    0.9870975000000001,
    0.9826860000000001,
    0.97665,
    0.9686557142857144,
    0.9589774999999999,
    0.9479522222222224,
    0.9361060000000001,
    0.9234454545454545,
    0.9103816666666668,
    0.8970784615384617,
    0.8833642857142857,
    0.8699266666666666,
    0.856378125,
    0.8429835294117649,
    0.8298494444444444,
    0.8168763157894736,
    0.8041950000000001,
    0.791774761904762,
    0.7796295454545455,
    0.7677747826086957,
    0.7562358333333333,
    0.7449736000000001,
    0.7338873076923077,
    0.7232822222222222,
    0.7129067857142857,
    0.702786551724138,
    0.6929860000000001,
    0.6834341935483871,
    0.6740896875000001,
    0.6649536363636364,
    0.6561579411764705,
    0.6475542857142859,
    0.6391783333333334,
    0.6310662162162162,
    0.623105,
    0.6153641025641026,
    0.607755,
    0.6003487804878048,
    0.5931607142857143,
    0.5861565116279069,
    0.5793279545454546,
    0.5727175555555556,
    0.5661945652173913,
    0.5597736170212766,
    0.5535125,
    0.5474087755102042,
    0.5414289999999999
  ],
  "mean_exact_dist": [
    75.47096252441406,
    82.0308837890625,
    86.59142303466797,
    90.08599090576172,
    92.91300964355469,
    95.28070068359375,
    97.31420135498047,
    99.09494018554688,
    100.67951202392578,
    102.10798645019531,
    103.408203125,
    104.60122680664062,
    105.70417785644531,
    106.7301254272461,
    107.6897964477539,
    108.57079315185547,
    109.4121322631836,
    110.21265411376953,
    110.97834014892578,
    111.70101928710938,
    112.41316223144531,
    113.12858581542969,
    113.8138427734375,
    114.449951171875,
    115.06948852539062,
    115.63937377929688,
    116.15779113769531,
    116.59679412841797,
    117.086669921875,
    117.58404541015625,
    118.123046875,
    118.76947021484375,
    119.38697052001953,
    119.87995147705078,
    120.54924011230469,
    121.20285034179688,
    121.77043151855469,
    122.31419372558594,
    123.03234100341797,
    123.79366302490234,
    124.5384292602539,
    125.39612579345703,
    126.28111267089844,
    127.18618774414062,
    127.84190368652344,
    128.6266326904297,
    129.3494110107422,
    130.1040496826172,
    130.7084197998047,
    131.1217498779297
  ],
  "mean_ann_dist": [
    75.51010131835938,
    82.07786560058594,
    86.64990997314453,
    90.15880584716797,
    93.00457000732422,
    95.39680480957031,
    97.46320343017578,
    99.28622436523438,
    100.92393493652344,
    102.4162368774414,
    103.79203796386719,
    105.07344818115234,
    106.27764129638672,
    107.41848754882812,
    108.50728607177734,
    2.1284674873676785e+32,
    110.5063705444336,
    1.8942459436566552e+32,
    112.40257263183594,
    113.30836486816406,
    3.256742480563521e+32,
    4.673395025626499e+32,
    1.4930755161054088e+32,
    1.4328884188204027e+32,
    117.67724609375,
    7.97873322928843e+32,
    1.0287154063894959e+33,
    1.2482478243937424e+33,
    7.285857415587878e+32,
    1.3030829200326556e+33,
    2.2055851555430924e+33,
    1.9461189582665682e+33,
    2.4852639735535536e+33,
    1.5688754551374428e+33,
    2.889588188754571e+33,
    2.661991365106905e+33,
    2.2177044337851914e+33,
    3.7967723134935854e+33,
    3.158847574939377e+33,
    3.213675629794317e+33,
    3.511311077559622e+33,
    3.709908227331999e+33,
    4.196201404294259e+33,
    3.9633718081005333e+33,
    5.1557931016264e+33,
    5.489752804994437e+33,
    4.8783530981769864e+33,
    5.686936846211969e+33,
    7.225712408264208e+33,
    5.959700840647992e+33
  ],
  "mean_barycenter_shift": [
    0.00026852439623326063,
    0.00036140321753919125,
    0.0004805000207852572,
    0.0006549608078785241,
    0.0008482633857056499,
    0.0011047304142266512,
    0.00143691326957196,
    0.0017973053036257625,
    0.002150553511455655,
    0.002475110348314047,
    0.002774182939901948,
    0.0030270693823695183,
    0.003268931293860078,
    0.0035252373199909925,
    0.003754698671400547,
    0.0039766267873346806,
    0.004194872919470072,
    0.0044122678227722645,
    0.004642541985958815,
    0.00487368693575263,
    0.005113599356263876,
    0.005353114102035761,
    0.005597274750471115,
    0.0058397348038852215,
    0.006089746952056885,
    0.006344600580632687,
    0.0065914602018892765,
    0.006835827603936195,
    0.007082652300596237,
    0.007322820369154215,
    0.00756940059363842,
    0.007812811061739922,
    0.008057127706706524,
    0.008306486532092094,
    0.008562343195080757,
    0.008826171047985554,
    0.009098626673221588,
    0.009381601586937904,
    0.009673459455370903,
    0.009979008696973324,
    0.010298730805516243,
    0.01063226442784071,
    0.010979716666042805,
    0.011341346427798271,
    0.011712705716490746,
    0.01209949143230915,
    0.012497655116021633,
    0.01290766429156065,
    0.013330044224858284,
    0.013763134367763996
  ],
  "mean_lid_diff": [
    0.03079509735107422,
    -0.010150909423828125,
    -0.039206504821777344,
    -0.06960201263427734,
    -0.09556961059570312,
    -0.14470195770263672,
    -0.2005462646484375,
    -0.25188446044921875,
    -0.32558155059814453,
    -0.40703678131103516,
    -0.49307823181152344,
    -0.5870656967163086,
    -0.6852903366088867,
    -0.7888412475585938,
    -0.9003276824951172,
    -1.0151433944702148,
    -1.1309151649475098,
    -1.2557754516601562,
    -1.382063388824463,
    -1.5089292526245117,
    -1.6380491256713867,
    -1.775754451751709,
    -1.915616512298584,
    -2.0553054809570312,
    -2.1963090896606445,
    -2.3480324745178223,
    -2.505265712738037,
    -2.67195463180542,
    -2.840721607208252,
    -3.0179481506347656,
    -3.2010936737060547,
    -3.395386219024658,
    -3.5923376083374023,
    -3.796200752258301,
    -4.000791549682617,
    -4.216442108154297,
    -4.433748245239258,
    -4.664572715759277,
    -4.893610954284668,
    -5.127927303314209,
    -5.360842704772949,
    -5.593085765838623,
    -5.828962326049805,
    -6.06102728843689,
    -6.288813829421997,
    -6.50958514213562,
    -6.723740577697754,
    -6.928833484649658,
    -7.1314496994018555,
    -7.328996658325195
  ],
  "mean_lid_exact": [
    11.113395690917969,
    9.595657348632812,
    9.03540325164795,
    8.787346839904785,
    8.6644868850708,
    8.605956077575684,
    8.583338737487793,
    8.578909873962402,
    8.590932846069336,
    8.614339828491211,
    8.641937255859375,
    8.669146537780762,
    8.702982902526855,
    8.735636711120605,
    8.7714262008667,
    8.8040771484375,
    8.838804244995117,
    8.873269081115723,
    8.907807350158691,
    8.939550399780273,
    8.972356796264648,
    9.0046968460083,
    9.039222717285156,
    9.06828498840332,
    9.094979286193848,
    9.123551368713379,
    9.150249481201172,
    9.17654037475586,
    9.202851295471191,
    9.227692604064941,
    9.251763343811035,
    9.275958061218262,
    9.297104835510254,
    9.318540573120117,
    9.3385591506958,
    9.360579490661621,
    9.380472183227539,
    9.40024185180664,
    9.419011116027832,
    9.4362154006958,
    9.453031539916992,
    9.46866226196289,
    9.483881950378418,
    9.499428749084473,
    9.514997482299805,
    9.53073787689209,
    9.545132637023926,
    9.55838680267334,
    9.570035934448242,
    9.583001136779785
  ],