{
  "k": [
    10,
    20,
    30,
    40,
    50,
    60,
    70,
    80,
    90,
    100,
    110,
    120,
    130,
    140,
    150,
    160,
    170,
    180,
    190,
    200,
    210,
    220,
    230,
    240,
    250,
    260,
    270,
    280,
    290,
    300,
    310,
    320,
    330,
    340,
    350,
    360,
    370,
    380,
    390,
    400,
    410,
    420,
    430,
    440,
    450,
    460,
    470,
    480,
    490,
    500
  ],
  "mean_overlap": [
    0.99219,
    0.9892700000000001,
    0.9855300000000001,
    0.9807049999999999,
    0.9745860000000001,
    0.9666316666666666,
    0.9569585714285714,
    0.9451462500000002,
    0.9321733333333334,
    0.918134,
    0.9034072727272727,
    0.8883333333333332,
    0.8730030769230771,
    0.8578607142857143,
    0.8424193333333334,
    0.8270487499999999,
    0.8120235294117648,
    0.7974822222222223,
    0.7830515789473684,
    0.768949,
    0.755262380952381,
    0.7420504545454545,
    0.7291026086956521,
    0.7164941666666667,
    0.7042476000000001,
    0.6923873076923077,
    0.6808492592592593,
    0.6696857142857143,
    0.6589410344827585,
    0.6485223333333333,
    0.6383164516129033,
    0.6284,
    0.6187996969696969,
    0.6094655882352942,
    0.6004797142857143,
    0.5916975,
    0.5833045945945946,
    0.5750728947368421,
    0.5670464102564102,
    0.5592759999999999,
    0.5516856097560976,
    0.5443207142857143,
    0.5371741860465117,
    0.5301472727272728,
    0.5233782222222222,
    0.5167243478260869,
    0.5101946808510638,
    0.5039133333333333,
    0.4977551020408163,
    0.4917576
  ],
  "mean_exact_dist": [
    75.69612884521484,
    82.34547424316406,
    86.8810806274414,
    90.33885955810547,
    93.14575958251953,
    95.51370239257812,
    97.55909729003906,
    99.3550796508789,
    100.95387268066406,
    102.3952407836914,
    103.70793914794922,
    104.92189025878906,
    106.05084228515625,
    107.06851196289062,
    108.03470611572266,
    108.95087432861328,
    109.84928131103516,
    110.6445541381836,
    111.45661926269531,
    112.29450988769531,
    113.1004867553711,
    113.74869537353516,
    114.42710876464844,
    115.12373352050781,
    115.790771484375,
    116.43680572509766,
    117.15618896484375,
    117.8105697631836,
    118.49777221679688,
    119.43436431884766,
    120.24444580078125,
    121.1033935546875,
    122.06426239013672,
    123.10545349121094,
    124.0646743774414,
    124.98407745361328,
    126.07784271240234,
    127.0642318725586,
    128.05303955078125,
    129.10035705566406,
    130.2304229736328,
    130.89712524414062,
    131.72943115234375,
    132.90097045898438,
    133.91952514648438,
    134.61944580078125,
    135.36683654785156,
    136.08160400390625,
    136.2135772705078,
    136.63449096679688
  ],
  "mean_ann_dist": [
    75.76237487792969,
    82.4222640991211,
    86.97500610351562,
    90.45499420166016,
    93.28953552246094,
    95.6920394897461,
    97.78192138671875,
    99.6359634399414,
    101.30641174316406,
    102.83599090576172,
    104.25479125976562,
    1.1346149096789113e+33,
    106.83038330078125,
    108.00064086914062,
    2.2753751858265926e+32,
    6.406560985083865e+32,
    111.31362915039062,
    112.3278579711914,
    1.80667793384023e+32,
    8.60602762198279e+32,
    8.244592458412834e+32,
    2.2205017140464616e+33,
    1.0702097638237976e+33,
    2.2186154029116005e+33,
    2.4465214020840783e+33,
    1.5413876155351305e+33,
    2.333135533778337e+33,
    3.517493659600823e+33,
    3.219537894850353e+33,
    4.002380227193445e+33,
    3.0754970720942925e+33,
    4.588780353887547e+33,
    5.064091764761306e+33,
    4.6063324867345545e+33,
    5.289325979843996e+33,
    5.572245415392297e+33,
    5.743289114740279e+33,
    6.270867592012706e+33,
    6.210098353424226e+33,
    5.338438156052545e+33,
    8.126210418851041e+33,
    7.295604645972201e+33,
    7.784483879676528e+33,
    5.740106370899276e+33,
    4.7784073901352616e+33,
    6.87068977409775e+33,
    7.687576695461229e+33,
    8.935985374688826e+33,
    7.145922839942127e+33,
    8.234080800054252e+33
  ],
  "mean_barycenter_shift": [
    0.00042105407919734716,
    0.0005693748826161027,
    0.0007486111717298627,
    0.0009563438361510634,
    0.0012022205628454685,
    0.0014985456364229321,
    0.0018701181979849935,
    0.0022691532503813505,
    0.002649332396686077,
    0.0030006766319274902,
    0.0033104103058576584,
    0.0036031403578817844,
    0.0038897281046956778,
    0.004172582644969225,
    0.004457349423319101,
    0.00473459716886282,
    0.005025671329349279,
    0.005315739661455154,
    0.005615818779915571,
    0.00592776108533144,
    0.006246792618185282,
    0.0065759276039898396,
    0.0069115920923650265,
    0.007257889024913311,
    0.007613638415932655,
    0.007986505515873432,
    0.008363386616110802,
    0.00875229761004448,
    0.009157711640000343,
    0.009573331102728844,
    0.010012373328208923,
    0.010467802174389362,
    0.010948620736598969,
    0.01145315170288086,
    0.011986696161329746,
    0.012550240382552147,
    0.01312985084950924,
    0.01373538188636303,
    0.014355850405991077,
    0.014993450604379177,
    0.01564750075340271,
    0.016316823661327362,
    0.01699783280491829,
    0.01768735609948635,
    0.01838718354701996,
    0.019093042239546776,
    0.019800173118710518,
    0.02050677128136158,
    0.02121002785861492,
    0.021908976137638092
  ],
  "mean_lid_diff": [
    0.04999732971191406,
    0.008408546447753906,
    -0.051418304443359375,
    -0.09742164611816406,
    -0.14432239532470703,
    -0.2000904083251953,
    -0.26819801330566406,
    -0.34856319427490234,
    -0.4322338104248047,
    -0.5268402099609375,
    -0.6383686065673828,
    -0.7593388557434082,
    -0.8943190574645996,
    -1.0236644744873047,
    -1.1601886749267578,
    -1.302018165588379,
    -1.4525504112243652,
    -1.6083588600158691,
    -1.772017002105713,
    -1.9396800994873047,
    -2.117833137512207,
    -2.303750514984131,
    -2.493736743927002,
    -2.6942663192749023,
    -2.899472713470459,
    -3.1115822792053223,
    -3.3344130516052246,
    -3.571779251098633,
    -3.8146018981933594,
    -4.061525344848633,
    -4.321970462799072,
    -4.588842391967773,
    -4.8565192222595215,
    -5.119852542877197,
    -5.387363910675049,
    -5.650218963623047,
    -5.9100182056427,
    -6.1648688316345215,
    -6.420254945755005,
    -6.671271800994873,
    -6.90412974357605,
    -7.140340805053711,
    -7.361006259918213,
    -7.5693299770355225,
    -7.764969348907471,
    -7.944700479507446,
    -8.11625063419342,
    -8.279323101043701,
    -8.43238890171051,
    -8.574131965637207
  ],
  "mean_lid_exact": [
    11.124796867370605,
    9.626130104064941,
    9.115925788879395,
    8.861918449401855,
    8.733222961425781,
    8.665934562683105,
    8.648362159729004,
    8.643661499023438,
    8.655089378356934,
    8.674294471740723,
    8.7006196975708,
    8.731932640075684,
    8.768892288208008,
    8.798320770263672,
    8.83162784576416,
    8.864445686340332,
    8.895475387573242,
    8.926457405090332,
    8.960068702697754,
    8.990849494934082,
    9.022812843322754,
    9.05300521850586,
    9.08296012878418,
    9.112180709838867,
    9.138404846191406,
    9.168631553649902,
    9.195655822753906,
    9.221932411193848,
    9.24867057800293,
    9.274788856506348,
    9.300225257873535,
    9.323192596435547,
    9.345857620239258,
    9.366439819335938,
    9.388978958129883,
    9.409563064575195,
    9.431259155273438,
    9.449609756469727,
    9.46894645690918,
    9.48786449432373,
    9.504781723022461,
    9.521956443786621,
    9.538912773132324,
    9.554821968078613,
    9.569385528564453,
    9.585665702819824,
    9.600347518920898,
    9.614912986755371,
    9.628747940063477,
    9.642245292663574
  ],