{
  "alpha": 0.5,
  "k": [
    10,
    20,
    30,
    40,
    50,
    60,
    70,
    80,
    90,
    100,
    110,
    120,
    130,
    140,
    150,
    160,
    170,
    180,
    190,
    200,
    210,
    220,
    230,
    240,
    250,
    260,
    270,
    280,
    290,
    300,
    310,
    320,
    330,
    340,
    350,
    360,
    370,
    380,
    390,
    400,
    410,
    420,
    430,
    440,
    450,
    460,
    470,
    480,
    490,
    500
  ],
  "mean_overlap": [
    0.8991100000000001,
    0.9217449999999999,
    0.9299233333333333,
    0.93399,
    0.935844,
    0.9384449999999999,
    0.9396728571428572,
    0.9408087500000002,
    0.9420977777777778,
    0.943591,
    0.9449672727272725,
    0.9464016666666667,
    0.9482,
    0.9495514285714286,
    0.9509426666666666,
    0.952149375,
    0.9532558823529412,
    0.9540199999999999,
    0.9547257894736842,
    0.95541,
    0.9560595238095239,
    0.956780909090909,
    0.9573152173913044,
    0.95782375,
    0.9583288000000001,
    0.9587561538461538,
    0.9591896296296297,
    0.9596232142857143,
    0.959951724137931,
    0.9603176666666666,
    0.9607309677419354,
    0.961003125,
    0.9613236363636363,
    0.9616055882352941,
    0.9619337142857143,
    0.9622575000000001,
    0.9626278378378378,
    0.9629118421052631,
    0.9631484615384616,
    0.96340725,
    0.9636809756097562,
    0.9638947619047618,
    0.9640879069767442,
    0.9642900000000001,
    0.964442,
    0.964675,
    0.9648408510638299,
    0.9650070833333333,
    0.9651395918367347,
    0.9652914
  ],
  "mean_exact_dist": [
    76.3860092163086,
    83.12767028808594,
    87.7303466796875,
    91.22197723388672,
    94.04851531982422,
    96.42997741699219,
    98.47911071777344,
    100.27063751220703,
    101.86175537109375,
    103.29212188720703,
    104.59063720703125,
    105.77973937988281,
    106.87802124023438,
    107.89898681640625,
    108.85322570800781,
    109.74933624267578,
    110.59451293945312,
    111.39443969726562,
    112.15373992919922,
    112.87692260742188,
    113.56747436523438,
    114.22858428955078,
    114.86280059814453,
    115.47232818603516,
    116.05916595458984,
    116.6248779296875,
    117.17093658447266,
    117.69877624511719,
    118.20953369140625,
    118.70436096191406,
    119.1842269897461,
    119.65006256103516,
    120.10272216796875,
    120.54293823242188,
    120.97132873535156,
    121.38851165771484,
    121.79499053955078,
    122.1912841796875,
    122.57788848876953,
    122.95525360107422,
    123.32379913330078,
    123.68392181396484,
    124.03596496582031,
    124.38028717041016,
    124.71717834472656,
    125.04698944091797,
    125.3699722290039,
    125.6864242553711,
    125.99659729003906,
    126.30072784423828
  ],
  "mean_ann_dist": [
    77.23238372802734,
    83.63663482666016,
    88.13261413574219,
    91.57487487792969,
    94.37483978271484,
    96.73091125488281,
    98.76517486572266,
    100.5465316772461,
    102.12786102294922,
    103.546875,
    104.83580017089844,
    106.01419067382812,
    107.09797668457031,
    108.10966491699219,
    109.05664825439453,
    109.94587707519531,
    110.7849349975586,
    111.58073425292969,
    112.33642578125,
    113.05606079101562,
    113.74411010742188,
    114.40201568603516,
    115.03388977050781,
    115.64177703857422,
    116.22682189941406,
    116.79157257080078,
    117.33623504638672,
    117.86247253417969,
    118.37149047851562,
    118.86505889892578,
    119.34346008300781,
    119.80840301513672,
    120.26004791259766,
    120.69902801513672,
    121.12580871582031,
    121.54138946533203,
    121.94597625732422,
    122.34053802490234,
    122.72571563720703,
    123.10136413574219,
    123.4683837890625,
    123.82711029052734,
    124.1775894165039,
    124.52055358886719,
    124.85647583007812,
    125.18478393554688,
    125.50656127929688,
    125.82215881347656,
    126.13179779052734,
    126.4352035522461
  ],
  "mean_barycenter_shift": [
    0.007812963798642159,
    0.0052598766051232815,
    0.004262423142790794,
    0.003637519897893071,
    0.003317367983981967,
    0.002991822548210621,
    0.0027824859134852886,
    0.002605437533929944,
    0.0024235285818576813,
    0.002277443651109934,
    0.0021416209638118744,
    0.002017882652580738,
    0.001907456200569868,
    0.0018260179786011577,
    0.0017458846559748054,
    0.0016746873734518886,
    0.0016122341621667147,
    0.0015638001495972276,
    0.001519317040219903,
    0.0014778482727706432,
    0.0014454788761213422,
    0.001411013538017869,
    0.001381533220410347,
    0.0013537057675421238,
    0.001325943972915411,
    0.001304906327277422,
    0.001282359124161303,
    0.0012622252106666565,
    0.0012435829266905785,
    0.0012266478734090924,
    0.0012042461894452572,
    0.0011929782340303063,
    0.0011705482611432672,
    0.0011568082263693213,
    0.001139075611717999,
    0.0011203163303434849,
    0.0010987418936565518,
    0.0010779526783153415,
    0.001064626849256456,
    0.0010492095025256276,
    0.0010326170595362782,
    0.001016523689031601,
    0.0010023617651313543,
    0.000988651067018509,
    0.0009762717527337372,
    0.0009602661011740565,
    0.000950116547755897,
    0.0009400248527526855,
    0.0009333585621789098,
    0.0009262214880436659
  ],
  "mean_lid_diff": [
    -0.2606334686279297,
    -0.4554758071899414,
    -0.44209861755371094,
    -0.42458152770996094,
    -0.4224262237548828,
    -0.4131498336791992,
    -0.3977632522583008,
    -0.38952159881591797,
    -0.3671693801879883,
    -0.36677074432373047,
    -0.3539571762084961,
    -0.3489227294921875,
    -0.33440685272216797,
    -0.32919979095458984,
    -0.3217620849609375,
    -0.3162670135498047,
    -0.30989646911621094,
    -0.30885791778564453,
    -0.30864810943603516,
    -0.30469322204589844,
    -0.3026914596557617,
    -0.2998027801513672,
    -0.2969684600830078,
    -0.2905845642089844,
    -0.2875995635986328,
    -0.2886524200439453,
    -0.28812694549560547,
    -0.28216075897216797,
    -0.2811470031738281,
    -0.27808666229248047,
    -0.27597522735595703,
    -0.27483177185058594,
    -0.2736167907714844,
    -0.27134227752685547,
    -0.2707042694091797,
    -0.26760387420654297,
    -0.2670860290527344,
    -0.2648601531982422,
    -0.2626314163208008,
    -0.26108837127685547,
    -0.25931358337402344,
    -0.2594461441040039,
    -0.257965087890625,
    -0.25566577911376953,
    -0.2562074661254883,
    -0.25559234619140625,
    -0.25406837463378906,
    -0.25226593017578125,
    -0.25343799591064453,
    -0.25216197967529297
  ],
  "mean_lid_exact": [
    10.996475219726562,
    9.567937850952148,
    9.092788696289062,
    8.86896800994873,
    8.756924629211426,
    8.703058242797852,
    8.683945655822754,
    8.690606117248535,
    8.695237159729004,
    8.72542667388916,
    8.754201889038086,
    8.788507461547852,
    8.818124771118164,
    8.854358673095703,
    8.888816833496094,
    8.924312591552734,
    8.95751953125,
    8.991827964782715,
    9.029470443725586,
    9.06154727935791,
    9.091219902038574,
    9.119490623474121,
    9.149149894714355,
    9.176682472229004,
    9.205205917358398,
    9.235150337219238,
    9.261761665344238,
    9.286431312561035,
    9.312701225280762,
    9.336847305297852,
    9.361105918884277,
    9.382407188415527,
    9.403413772583008,
    9.423199653625488,
    9.443562507629395,
    9.462357521057129,
    9.483094215393066,
    9.501259803771973,
    9.518342018127441,
    9.535828590393066,
    9.55195426940918,
    9.568601608276367,
    9.583741188049316,
    9.599356651306152,
    9.61565113067627,
    9.629172325134277,
    9.641616821289062,
    9.65477180480957,
    9.667396545410156,
    9.67839241027832
  ],