{
  "k": [
    10,
    20,
    30,
    40,
    50,
    60,
    70,
    80,
    90,
    100,
    110,
    120,
    130,
    140,
    150,
    160,
    170,
    180,
    190,
    200,
    210,
    220,
    230,
    240,
    250,
    260,
    270,
    280,
    290,
    300,
    310,
    320,
    330,
    340,
    350,
    360,
    370,
    380,
    390,
    400,
    410,
    420,
    430,
    440,
    450,
    460,
    470,
    480,
    490,
    500
  ],
  "mean_overlap": [
    0.99416,
    0.99235,
    0.9898933333333334,
    0.9864475,
    0.98159,
    0.9751083333333332,
    0.9663442857142858,
    0.9561975,
    0.9446966666666667,
    0.9322879999999999,
    0.9191372727272726,
    0.9055258333333334,
    0.8916692307692309,
    0.8775914285714285,
    0.8636093333333335,
    0.8497056249999999,
    0.8360011764705884,
    0.8225283333333333,
    0.8092078947368421,
    0.796231,
    0.7835057142857142,
    0.77107,
    0.7589282608695652,
    0.7471791666666667,
    0.7357484000000001,
    0.7245138461538462,
    0.7136481481481481,
    0.7031503571428571,
    0.6928586206896552,
    0.682934,
    0.6733332258064516,
    0.6638609375,
    0.654730303030303,
    0.6458373529411764,
    0.6372411428571428,
    0.6288777777777779,
    0.6206894594594594,
    0.612747894736842,
    0.6049266666666665,
    0.5973792499999999,
    0.5900570731707317,
    0.5829204761904763,
    0.5759206976744187,
    0.5691140909090909,
    0.5624553333333333,
    0.5558978260869565,
    0.5495489361702128,
    0.54336875,
    0.5372720408163265,
    0.5313048
  ],
  "mean_exact_dist": [
    75.8409194946289,
    82.43536376953125,
    86.94657135009766,
    90.38887786865234,
    93.17985534667969,
    95.53202056884766,
    97.55919647216797,
    99.33556365966797,
    100.91705322265625,
    102.34223175048828,
    103.63912963867188,
    104.82966613769531,
    105.9417724609375,
    106.96215057373047,
    107.91911315917969,
    108.80646514892578,
    109.6631851196289,
    110.46534729003906,
    111.23444366455078,
    111.9527587890625,
    112.63905334472656,
    113.30610656738281,
    113.89591979980469,
    114.57328033447266,
    115.28900146484375,
    115.94698333740234,
    116.49264526367188,
    117.0560073852539,
    117.59371185302734,
    118.0392074584961,
    118.55847930908203,
    119.16000366210938,
    119.73319244384766,
    120.38679504394531,
    121.10960388183594,
    121.91671752929688,
    122.71229553222656,
    123.52651977539062,
    124.2803955078125,
    125.2896499633789,
    126.29522705078125,
    127.11388397216797,
    128.31967163085938,
    129.29258728027344,
    130.00076293945312,
    130.8152618408203,
    131.63894653320312,
    132.4692840576172,
    133.1384735107422,
    134.01583862304688
  ],
  "mean_ann_dist": [
    75.8913345336914,
    82.49072265625,
    87.01256561279297,
    90.46790313720703,
    93.27758026123047,
    95.6548843383789,
    97.71754455566406,
    99.54147338867188,
    101.18306732177734,
    102.68045043945312,
    104.06292724609375,
    105.3540267944336,
    2.623327828371813e+32,
    107.68122100830078,
    108.77041625976562,
    109.80046844482422,
    110.81378936767578,
    1.8967166011756852e+32,
    112.74125671386719,
    1.7082446790415023e+32,
    114.55036926269531,
    115.43712615966797,
    4.46705479302215e+32,
    4.291292839956936e+32,
    4.136752274015172e+32,
    9.336031578599084e+32,
    6.4597896987793006e+32,
    8.764742366994519e+32,
    1.7083427084183632e+33,
    7.177438626947264e+32,
    1.4112084716264634e+33,
    2.4370870610446844e+33,
    1.9577503333906838e+33,
    2.85918871417986e+33,
    3.1940146660903864e+33,
    3.7717711859451877e+33,
    3.553108266076034e+33,
    4.4089451138655693e+33,
    3.420255016940006e+33,
    4.692719965981016e+33,
    3.8127835204766927e+33,
    5.1814128897094306e+33,
    4.0515248993280256e+33,
    4.599361027403319e+33,
    4.616842907153097e+33,
    4.639712920923865e+33,
    4.250815914492422e+33,
    4.6085462330098066e+33,
    6.560973269489058e+33,
    5.540311514138891e+33
  ],
  "mean_barycenter_shift": [
    0.00031382785527966917,
    0.00037840212462469935,
    0.0005066593876108527,
    0.000672896218020469,
    0.0008775566820986569,
    0.0011575936805456877,
    0.0015265566762536764,
    0.0019141659140586853,
    0.0022664645221084356,
    0.0025976032484322786,
    0.0028930131811648607,
    0.0031642229296267033,
    0.003420494496822357,
    0.003675526473671198,
    0.003925454802811146,
    0.004164241254329681,
    0.004406576510518789,
    0.0046548242680728436,
    0.004915488883852959,
    0.00517214136198163,
    0.005436789244413376,
    0.00569877540692687,
    0.005962378811091185,
    0.006224324926733971,
    0.006489385385066271,
    0.006753227207809687,
    0.007023320067673922,
    0.007293435744941235,
    0.007578291930258274,
    0.007866236381232738,
    0.00815715454518795,
    0.008461138233542442,
    0.008779346942901611,
    0.009111854247748852,
    0.009461023844778538,
    0.009834549389779568,
    0.01022912748157978,
    0.01064868550747633,
    0.011094413697719574,
    0.01156242098659277,
    0.01205610204488039,
    0.01257367990911007,
    0.013118095695972443,
    0.013682695105671883,
    0.014270292595028877,
    0.014879908412694931,
    0.015504736453294754,
    0.016145355999469757,
    0.01680024340748787,
    0.01746792159974575
  ],
  "mean_lid_diff": [
    0.024626731872558594,
    0.012682914733886719,
    -0.023736953735351562,
    -0.06581878662109375,
    -0.10646343231201172,
    -0.15239524841308594,
    -0.2132720947265625,
    -0.28684520721435547,
    -0.3542928695678711,
    -0.4366931915283203,
    -0.5307159423828125,
    -0.6317644119262695,
    -0.7484445571899414,
    -0.8605666160583496,
    -0.9717288017272949,
    -1.0865845680236816,
    -1.2093148231506348,
    -1.3388795852661133,
    -1.4697661399841309,
    -1.6008882522583008,
    -1.7372794151306152,
    -1.873922348022461,
    -2.015814781188965,
    -2.159575939178467,
    -2.3117966651916504,
    -2.4710240364074707,
    -2.6336216926574707,
    -2.8011608123779297,
    -2.984811782836914,
    -3.175245761871338,
    -3.369814395904541,
    -3.57228946685791,
    -3.7796730995178223,
    -3.9857802391052246,
    -4.200343608856201,
    -4.421142578125,
    -4.641602039337158,
    -4.874835014343262,
    -5.1067118644714355,
    -5.33814001083374,
    -5.566328525543213,
    -5.800991773605347,
    -6.027652740478516,
    -6.251148700714111,
    -6.465754747390747,
    -6.679712772369385,
    -6.8926496505737305,
    -7.096621513366699,
    -7.3025572299957275,
    -7.494790554046631
  ],
  "mean_lid_exact": [
    11.189666748046875,
    9.678772926330566,
    9.151755332946777,
    8.92019271850586,
    8.789591789245605,
    8.731404304504395,
    8.700028419494629,
    8.693490028381348,
    8.686240196228027,
    8.70059871673584,
    8.721681594848633,
    8.746597290039062,
    8.774813652038574,
    8.803258895874023,
    8.826647758483887,
    8.854053497314453,
    8.882424354553223,
    8.914691925048828,
    8.945989608764648,
    8.977972030639648,
    9.0093355178833,
    9.038050651550293,
    9.0651273727417,
    9.092148780822754,
    9.120648384094238,
    9.149796485900879,
    9.176254272460938,
    9.204669952392578,
    9.231734275817871,
    9.256725311279297,
    9.279006958007812,
    9.30236530303955,
    9.324355125427246,
    9.344680786132812,
    9.365589141845703,
    9.386211395263672,
    9.406376838684082,
    9.42652702331543,
    9.444517135620117,
    9.461812019348145,
    9.477593421936035,
    9.495132446289062,
    9.511894226074219,
    9.5261812210083,
    9.540984153747559,
    9.555222511291504,
    9.569696426391602,
    9.582456588745117,
    9.59473705291748,
    9.607583999633789
  ],