{
  "alpha": 2.0,
  "k": [
    10,
    20,
    30,
    40,
    50,
    60,
    70,
    80,
    90,
    100,
    110,
    120,
    130,
    140,
    150,
    160,
    170,
    180,
    190,
    200,
    210,
    220,
    230,
    240,
    250,
    260,
    270,
    280,
    290,
    300,
    310,
    320,
    330,
    340,
    350,
    360,
    370,
    380,
    390,
    400,
    410,
    420,
    430,
    440,
    450,
    460,
    470,
    480,
    490,
    500
  ],
  "mean_overlap": [
    0.99359,
    0.9929399999999999,
    0.9950833333333334,
    0.9962700000000001,
    0.996856,
    0.9972983333333334,
    0.9976657142857144,
    0.99796625,
    0.9982622222222223,
    0.99836,
    0.9985263636363637,
    0.9986883333333333,
    0.998796153846154,
    0.998875,
    0.9989773333333333,
    0.9990575,
    0.9991294117647059,
    0.9991788888888888,
    0.9992110526315789,
    0.9992504999999999,
    0.9992919047619047,
    0.9993331818181818,
    0.9993713043478261,
    0.9993925000000001,
    0.9994276000000002,
    0.99946,
    0.9994911111111111,
    0.9995192857142858,
    0.9995386206896552,
    0.9995566666666668,
    0.9995732258064516,
    0.9995884374999999,
    0.9996054545454545,
    0.9996261764705884,
    0.9996414285714287,
    0.9996527777777777,
    0.9996621621621622,
    0.9996742105263158,
    0.9996858974358974,
    0.9996905,
    0.9996997560975611,
    0.9997107142857143,
    0.9997244186046511,
    0.9997327272727274,
    0.9997437777777777,
    0.9997530434782608,
    0.9997631914893617,
    0.99976875,
    0.9997789795918367,
    0.9997874
  ],
  "mean_exact_dist": [
    75.95116424560547,
    82.59332275390625,
    87.18022155761719,
    90.65479278564453,
    93.44728088378906,
    95.78517150878906,
    97.80452728271484,
    99.58450317382812,
    101.16380310058594,
    102.58338928222656,
    103.87206268310547,
    105.05241394042969,
    106.14189910888672,
    107.15387725830078,
    108.0989990234375,
    108.98574829101562,
    109.82127380371094,
    110.61136627197266,
    111.36115264892578,
    112.07485961914062,
    112.75628662109375,
    113.40828704833984,
    114.0333251953125,
    114.6338119506836,
    115.21177673339844,
    115.76887512207031,
    116.30668640136719,
    116.82669067382812,
    117.3301010131836,
    117.81800079345703,
    118.29135131835938,
    118.75105285644531,
    119.19789123535156,
    119.63252258300781,
    120.0556869506836,
    120.46806335449219,
    120.87014770507812,
    121.26245880126953,
    121.64544677734375,
    122.01952362060547,
    122.38506317138672,
    122.74243927001953,
    123.09200286865234,
    123.43403625488281,
    123.76883697509766,
    124.09672546386719,
    124.41796112060547,
    124.73277282714844,
    125.04139709472656,
    125.34412384033203
  ],
  "mean_ann_dist": [
    76.0013427734375,
    82.63482666015625,
    87.20870208740234,
    90.67593383789062,
    93.46471405029297,
    95.79993438720703,
    97.81725311279297,
    99.59571075439453,
    101.1734619140625,
    102.59228515625,
    103.88006591796875,
    105.05966186523438,
    106.14861297607422,
    107.16018676757812,
    108.10482788085938,
    108.99095916748047,
    109.82620239257812,
    110.61599731445312,
    111.36558532714844,
    112.07913970947266,
    112.7603759765625,
    113.41217803955078,
    114.03702545166016,
    114.6374282836914,
    115.21522521972656,
    115.77214050292969,
    116.309814453125,
    116.82962799072266,
    117.33293914794922,
    117.82073974609375,
    118.29399108886719,
    118.75358581542969,
    119.20030212402344,
    119.63483428955078,
    120.0578842163086,
    120.47017669677734,
    120.8722152709961,
    121.26448822021484,
    121.64739990234375,
    122.02144622802734,
    122.38692474365234,
    122.7442398071289,
    123.0937271118164,
    123.43572235107422,
    123.77046203613281,
    124.09829711914062,
    124.41950225830078,
    124.73426055908203,
    125.04286193847656,
    125.34552764892578
  ],
  "mean_barycenter_shift": [
    0.00035269599175080657,
    0.000376992131350562,
    0.0002571588847786188,
    0.00019153773610014468,
    0.0001565915154060349,
    0.00013481828500516713,
    0.00011435501801315695,
    9.881838195724413e-05,
    8.472280023852363e-05,
    8.009166776901111e-05,
    7.094119064277038e-05,
    6.256034248508513e-05,
    5.706319643650204e-05,
    5.229805537965149e-05,
    4.813890700461343e-05,
    4.4712520320899785e-05,
    4.118142896913923e-05,
    3.8959740777499974e-05,
    3.75226118194405e-05,
    3.565825682017021e-05,
    3.3369411539752036e-05,
    3.167193790432066e-05,
    2.9397988328128122e-05,
    2.881811815313995e-05,
    2.700092227314599e-05,
    2.5789853680180386e-05,
    2.4170165488612838e-05,
    2.278795000165701e-05,
    2.1962649043416604e-05,
    2.1206153178354725e-05,
    2.0413219317561015e-05,
    1.976215025933925e-05,
    1.8936350898002274e-05,
    1.7872727767098695e-05,
    1.7139835108537227e-05,
    1.6641304682707414e-05,
    1.595592220837716e-05,
    1.5421333955600858e-05,
    1.4923928574717138e-05,
    1.4748751709703356e-05,
    1.4054958228371106e-05,
    1.3665613550983835e-05,
    1.2928073374496307e-05,
    1.2659938875003718e-05,
    1.2099297237000428e-05,
    1.1526505659276154e-05,
    1.0977924830513075e-05,
    1.078740297089098e-05,
    1.0312382983101998e-05,
    9.90858916338766e-06
  ],
  "mean_lid_diff": [
    0.038407325744628906,
    -0.006794929504394531,
    -0.0048770904541015625,
    -0.013506889343261719,
    -0.013575553894042969,
    -0.010442733764648438,
    -0.010209083557128906,
    -0.011895179748535156,
    -0.008477210998535156,
    -0.008635520935058594,
    -0.007588386535644531,
    -0.007657051086425781,
    -0.007700920104980469,
    -0.007358551025390625,
    -0.0051898956298828125,
    -0.0054073333740234375,
    -0.0049610137939453125,
    -0.004847526550292969,
    -0.004506111145019531,
    -0.0034132003784179688,
    -0.0034437179565429688,
    -0.0036029815673828125,
    -0.0027828216552734375,
    -0.0023860931396484375,
    -0.0024194717407226562,
    -0.0024433135986328125,
    -0.00252532958984375,
    -0.00246429443359375,
    -0.0024890899658203125,
    -0.002197265625,
    -0.0018777847290039062,
    -0.0021457672119140625,
    -0.0020818710327148438,
    -0.0022144317626953125,
    -0.0025234222412109375,
    -0.002246856689453125,
    -0.0024013519287109375,
    -0.0020952224731445312,
    -0.002033233642578125,
    -0.0019140243530273438,
    -0.001949310302734375,
    -0.0019273757934570312,
    -0.0015668869018554688,
    -0.0013885498046875,
    -0.0017242431640625,
    -0.0017156600952148438,
    -0.0016384124755859375,
    -0.0016145706176757812,
    -0.0014247894287109375,
    -0.0013837814331054688
  ],
  "mean_lid_exact": [
    11.215530395507812,
    9.685288429260254,
    9.175368309020996,
    8.95274829864502,
    8.840815544128418,
    8.782301902770996,
    8.756525039672852,
    8.763001441955566,
    8.769522666931152,
    8.791918754577637,
    8.819289207458496,
    8.848411560058594,
    8.879229545593262,
    8.906359672546387,
    8.94189739227295,
    8.973405838012695,
    9.005372047424316,
    9.034052848815918,
    9.06356430053711,
    9.090584754943848,
    9.11793327331543,
    9.147500991821289,
    9.173173904418945,
    9.199345588684082,
    9.224433898925781,
    9.250016212463379,
    9.273743629455566,
    9.29492473602295,
    9.317167282104492,
    9.337475776672363,
    9.358124732971191,
    9.377521514892578,
    9.395228385925293,
    9.415226936340332,
    9.430817604064941,
    9.447370529174805,
    9.46279239654541,
    9.478126525878906,
    9.491830825805664,
    9.50578784942627,
    9.52057933807373,
    9.53508472442627,
    9.548869132995605,
    9.562216758728027,
    9.575439453125,
    9.587347984313965,
    9.598531723022461,
    9.610487937927246,
    9.620942115783691,
    9.630768775939941
  ],