{
  "alpha": 1.0,
  "k": [
    10,
    20,
    30,
    40,
    50,
    60,
    70,
    80,
    90,
    100,
    110,
    120,
    130,
    140,
    150,
    160,
    170,
    180,
    190,
    200,
    210,
    220,
    230,
    240,
    250,
    260,
    270,
    280,
    290,
    300,
    310,
    320,
    330,
    340,
    350,
    360,
    370,
    380,
    390,
    400,
    410,
    420,
    430,
    440,
    450,
    460,
    470,
    480,
    490,
    500
  ],
  "mean_overlap": [
    0.9678400000000001,
    0.9788999999999998,
    0.9826400000000002,
    0.9852350000000001,
    0.9870060000000002,
    0.9885716666666667,
    0.9897185714285716,
    0.9906524999999999,
    0.9914177777777778,
    0.9920440000000003,
    0.9924309090909091,
    0.9928891666666666,
    0.9934469230769232,
    0.9938307142857142,
    0.9942113333333332,
    0.9945587500000002,
    0.9948382352941179,
    0.994993888888889,
    0.9952394736842107,
    0.995444,
    0.9955980952380953,
    0.9957450000000001,
    0.9959139130434783,
    0.9960445833333335,
    0.9961880000000001,
    0.9963142307692308,
    0.9964337037037038,
    0.9965396428571428,
    0.9966220689655172,
    0.996741,
    0.9968490322580644,
    0.9969237499999999,
    0.9970206060606058,
    0.9970961764705882,
    0.9971914285714285,
    0.9972533333333333,
    0.9973367567567568,
    0.9974131578947368,
    0.9974643589743589,
    0.9975240000000002,
    0.9975731707317075,
    0.9976269047619047,
    0.997669069767442,
    0.9977211363636362,
    0.9977646666666667,
    0.9978160869565219,
    0.9978574468085106,
    0.997890625,
    0.9979281632653061,
    0.9979663999999999
  ],
  "mean_exact_dist": [
    75.7557601928711,
    82.41719055175781,
    86.97356414794922,
    90.43769073486328,
    93.24092102050781,
    95.60710906982422,
    97.65213775634766,
    99.44281005859375,
    101.0350341796875,
    102.46932220458984,
    103.77336883544922,
    104.96978759765625,
    106.0745849609375,
    107.10177612304688,
    108.06242370605469,
    108.96514129638672,
    109.81694793701172,
    110.62332153320312,
    111.38912200927734,
    112.11869812011719,
    112.81552124023438,
    113.48252868652344,
    114.12222290039062,
    114.73680877685547,
    115.32820129394531,
    115.89817810058594,
    116.44831085205078,
    116.9801025390625,
    117.49473571777344,
    117.9932861328125,
    118.47679901123047,
    118.94615173339844,
    119.40223693847656,
    119.84574890136719,
    120.27733612060547,
    120.69762420654297,
    121.10726165771484,
    121.5067367553711,
    121.896484375,
    122.27693939208984,
    122.64852142333984,
    123.01166534423828,
    123.36666107177734,
    123.71379852294922,
    124.0534896850586,
    124.38600158691406,
    124.71160125732422,
    125.03056335449219,
    125.3431625366211,
    125.64965057373047
  ],
  "mean_ann_dist": [
    76.02286529541016,
    82.55396270751953,
    87.07408142089844,
    90.51555633544922,
    93.30557250976562,
    95.66207122802734,
    97.70111846923828,
    99.48592376708984,
    101.07405090332031,
    102.50506591796875,
    103.80733489990234,
    105.00166320800781,
    106.1036605834961,
    107.12877655029297,
    108.08757781982422,
    108.98885345458984,
    109.83944702148438,
    110.6448745727539,
    111.40955352783203,
    112.13829803466797,
    112.83436584472656,
    113.50053405761719,
    114.1396255493164,
    114.7535629272461,
    115.34420013427734,
    115.91355895996094,
    116.46324920654297,
    116.99452209472656,
    117.50879669189453,
    118.00685119628906,
    118.49003601074219,
    118.95905303955078,
    119.41473388671875,
    119.85798645019531,
    120.28921508789062,
    120.70917510986328,
    121.11848449707031,
    121.51766204833984,
    121.90717315673828,
    122.28731536865234,
    122.65859985351562,
    123.0214614868164,
    123.37625122070312,
    123.72317504882812,
    124.06266021728516,
    124.39495086669922,
    124.72032165527344,
    125.0391616821289,
    125.35160064697266,
    125.65792846679688
  ],
  "mean_barycenter_shift": [
    0.0019231176702305675,
    0.0011563536245375872,
    0.0008964064763858914,
    0.0007346112979575992,
    0.0006306783761829138,
    0.0005523657891899347,
    0.0004854392900597304,
    0.00043908547377213836,
    0.00039643552736379206,
    0.0003707516298163682,
    0.0003478694998193532,
    0.00032565966830588877,
    0.00030092510860413313,
    0.00028566535911522806,
    0.0002681809710338712,
    0.0002536553656682372,
    0.00024044964811764657,
    0.00023161101853474975,
    0.0002204276534030214,
    0.000210323283681646,
    0.0002027882292168215,
    0.00019505174714140594,
    0.00018674202146939933,
    0.00018201333296019584,
    0.0001740144653012976,
    0.00016864892677403986,
    0.0001634450745768845,
    0.00015800369146745652,
    0.00015452966908924282,
    0.00014848924183752388,
    0.00014448471483774483,
    0.00014103787543717772,
    0.0001373878913000226,
    0.00013480393681675196,
    0.00012944226909894496,
    0.00012672758020926267,
    0.00012359381071291864,
    0.00012005884491372854,
    0.00011809876014012843,
    0.00011558712867554277,
    0.0001130227537942119,
    0.00011044468556065112,
    0.00010899447079282254,
    0.00010743548773461953,
    0.00010509398998692632,
    0.00010323761671315879,
    0.00010124390246346593,
    9.980368486139923e-05,
    9.799157123779878e-05,
    9.655860776547343e-05
  ],
  "mean_lid_diff": [
    -0.04936695098876953,
    -0.10099601745605469,
    -0.08889579772949219,
    -0.09166717529296875,
    -0.08531951904296875,
    -0.07634449005126953,
    -0.07032108306884766,
    -0.06843852996826172,
    -0.06251335144042969,
    -0.05512237548828125,
    -0.05489921569824219,
    -0.047738075256347656,
    -0.04557514190673828,
    -0.04058361053466797,
    -0.04077339172363281,
    -0.039063453674316406,
    -0.03732585906982422,
    -0.03545188903808594,
    -0.033416748046875,
    -0.0335845947265625,
    -0.03268241882324219,
    -0.030986785888671875,
    -0.031152725219726562,
    -0.0292205810546875,
    -0.028054237365722656,
    -0.026534080505371094,
    -0.027599334716796875,
    -0.026589393615722656,
    -0.025496482849121094,
    -0.02525043487548828,
    -0.025333404541015625,
    -0.02442169189453125,
    -0.023517608642578125,
    -0.022482872009277344,
    -0.021933555603027344,
    -0.02315998077392578,
    -0.02237224578857422,
    -0.021013259887695312,
    -0.020966529846191406,
    -0.02030181884765625,
    -0.020723342895507812,
    -0.020295143127441406,
    -0.019896507263183594,
    -0.018877029418945312,
    -0.018209457397460938,
    -0.018077850341796875,
    -0.018114089965820312,
    -0.0174713134765625,
    -0.01801013946533203,
    -0.017249107360839844
  ],