{
  "alpha": 0.5,
  "k": [
    10,
    20,
    30,
    40,
    50,
    60,
    70,
    80,
    90,
    100,
    110,
    120,
    130,
    140,
    150,
    160,
    170,
    180,
    190,
    200,
    210,
    220,
    230,
    240,
    250,
    260,
    270,
    280,
    290,
    300,
    310,
    320,
    330,
    340,
    350,
    360,
    370,
    380,
    390,
    400,
    410,
    420,
    430,
    440,
    450,
    460,
    470,
    480,
    490,
    500
  ],
  "mean_overlap": [
    0.9938800000000001,
    0.990135,
    0.9850233333333334,
    0.9767425,
    0.9640200000000001,
    0.94799,
    0.9419714285714286,
    0.9433137500000001,
    0.9447544444444446,
    0.945901,
    0.9469136363636363,
    0.94786,
    0.9491276923076924,
    0.9504635714285714,
    0.9514393333333333,
    0.9526325000000001,
    0.9537776470588236,
    0.9547527777777778,
    0.9556036842105262,
    0.9565024999999999,
    0.9571452380952382,
    0.9576540909090909,
    0.9582813043478261,
    0.9586833333333334,
    0.9592916000000001,
    0.959656923076923,
    0.9600096296296297,
    0.9605260714285714,
    0.9609393103448276,
    0.96136,
    0.9616864516129031,
    0.9620134375,
    0.9624575757575758,
    0.9627461764705882,
    0.963066857142857,
    0.9633272222222222,
    0.9636213513513514,
    0.9638486842105264,
    0.9640548717948719,
    0.9642709999999999,
    0.9645695121951219,
    0.9647992857142855,
    0.9649513953488373,
    0.9651936363636363,
    0.9654211111111112,
    0.9656328260869567,
    0.9657936170212766,
    0.966018125,
    0.966184693877551,
    0.966342
  ],
  "mean_exact_dist": [
    75.9557113647461,
    82.60398864746094,
    87.15373229980469,
    90.62386322021484,
    93.44083404541016,
    95.81050872802734,
    97.85332489013672,
    99.64713287353516,
    101.24351501464844,
    102.68009185791016,
    103.98558807373047,
    105.18211364746094,
    106.28713989257812,
    107.31396484375,
    108.27308654785156,
    109.17352294921875,
    110.02257537841797,
    110.826171875,
    111.58940124511719,
    112.3165512084961,
    113.01083374023438,
    113.67537689208984,
    114.31266021728516,
    114.92487335205078,
    115.5140151977539,
    116.08186340332031,
    116.62979125976562,
    117.15926361083984,
    117.67154693603516,
    118.16777801513672,
    118.64891052246094,
    119.11585998535156,
    119.56941223144531,
    120.01029968261719,
    120.43914031982422,
    120.85665130615234,
    121.26329803466797,
    121.65958404541016,
    122.04607391357422,
    122.42313385009766,
    122.79119873046875,
    123.15068817138672,
    123.50201416015625,
    123.84548950195312,
    124.18146514892578,
    124.51020050048828,
    124.83207702636719,
    125.14732360839844,
    125.45621490478516,
    125.75900268554688
  ],
  "mean_ann_dist": [
    76.00288391113281,
    82.66313934326172,
    87.23490905761719,
    90.73776245117188,
    93.60733795166016,
    96.05597686767578,
    98.12892150878906,
    99.90827178955078,
    101.49256896972656,
    102.91975402832031,
    104.21572875976562,
    105.40483856201172,
    106.50127410888672,
    107.52018737792969,
    108.47276306152344,
    109.36585235595703,
    110.20921325683594,
    111.00702667236328,
    111.76687622070312,
    112.49007415771484,
    113.18187713623047,
    113.8442611694336,
    114.47918701171875,
    115.09014892578125,
    115.6770248413086,
    116.2431411743164,
    116.78890991210938,
    117.31625366210938,
    117.82640075683594,
    118.32054901123047,
    118.79979705810547,
    119.26487731933594,
    119.71620178222656,
    120.15560150146484,
    120.58260345458984,
    120.99856567382812,
    121.40381622314453,
    121.79867553710938,
    122.18399047851562,
    122.5599365234375,
    122.92657470703125,
    123.28497314453125,
    123.63529968261719,
    123.97762298583984,
    124.3124771118164,
    124.6404037475586,
    124.96122741699219,
    125.27572631835938,
    125.58407592773438,
    125.8863525390625
  ],
  "mean_barycenter_shift": [
    0.00034630633308552206,
    0.0005345325917005539,
    0.0007914521265774965,
    0.0012393753277137876,
    0.0019345771288499236,
    0.0026398201007395983,
    0.00273817777633667,
    0.0025470093823969364,
    0.0023694473784416914,
    0.002238017041236162,
    0.0021166824735701084,
    0.0020283472258597612,
    0.0019302123691886663,
    0.0018400001572445035,
    0.0017677547875791788,
    0.0016951925354078412,
    0.0016338116256520152,
    0.0015757768414914608,
    0.001523066544905305,
    0.0014750774716958404,
    0.0014338110340759158,
    0.001403034315444529,
    0.0013724163873121142,
    0.0013503399677574635,
    0.0013238289393484592,
    0.0012987364316359162,
    0.0012763729318976402,
    0.0012499046279117465,
    0.0012274328619241714,
    0.0012102153850719333,
    0.001188192400150001,
    0.001170353265479207,
    0.001149416551925242,
    0.0011364585952833295,
    0.0011153059313073754,
    0.0010976530611515045,
    0.0010818197624757886,
    0.0010672123171389103,
    0.0010506244143471122,
    0.0010349140502512455,
    0.0010203283745795488,
    0.0010068257106468081,
    0.0009955078130587935,
    0.000981668010354042,
    0.0009673014865256846,
    0.0009561014012433589,
    0.0009478083811700344,
    0.0009372685453854501,
    0.000927363580558449,
    0.0009172019781544805
  ],
  "mean_lid_diff": [
    0.006866455078125,
    -0.043994903564453125,
    -0.09626007080078125,
    -0.15913867950439453,
    -0.24381542205810547,
    -0.34180164337158203,
    -0.3872537612915039,
    -0.3711967468261719,
    -0.36185741424560547,
    -0.3521003723144531,
    -0.34348583221435547,
    -0.3356761932373047,
    -0.3291034698486328,
    -0.32285499572753906,
    -0.3172588348388672,
    -0.3064737319946289,
    -0.30055713653564453,
    -0.2989654541015625,
    -0.2927398681640625,
    -0.28952693939208984,
    -0.28921031951904297,
    -0.2838020324707031,
    -0.28216075897216797,
    -0.2818460464477539,
    -0.27794933319091797,
    -0.27335643768310547,
    -0.26987266540527344,
    -0.2708415985107422,
    -0.26754283905029297,
    -0.26465702056884766,
    -0.2634000778198242,
    -0.2625885009765625,
    -0.2579078674316406,
    -0.25618457794189453,
    -0.2554645538330078,
    -0.25376415252685547,
    -0.2528266906738281,
    -0.25162601470947266,
    -0.24938106536865234,
    -0.2469043731689453,
    -0.245147705078125,
    -0.2444171905517578,
    -0.2432575225830078,
    -0.2417278289794922,
    -0.2409839630126953,
    -0.24135780334472656,
    -0.23972415924072266,
    -0.23868274688720703,
    -0.23631668090820312,
    -0.23361873626708984
  ],
  "mean_lid_exact": [
    11.066308975219727,
    9.623932838439941,
    9.074748039245605,
    8.835159301757812,
    8.727450370788574,
    8.665196418762207,
    8.650708198547363,
    8.646918296813965,
    8.665413856506348,
    8.684715270996094,
    8.716498374938965,
    8.746047973632812,
    8.781673431396484,
    8.812849044799805,
    8.848405838012695,
    8.879361152648926,
    8.915395736694336,
    8.949546813964844,
    8.980382919311523,
    9.010878562927246,
    9.044816017150879,
    9.074440002441406,
    9.106545448303223,
    9.135231971740723,
    9.162604331970215,
    9.19001579284668,
    9.218523979187012,
    9.2449951171875,
    9.270258903503418,
    9.295412063598633,
    9.319156646728516,
    9.34331226348877,
    9.364402770996094,
    9.3862943649292,
    9.40832233428955,
    9.428116798400879,
    9.449488639831543,
    9.46756362915039,
    9.48579216003418,
    9.504362106323242,
    9.523361206054688,
    9.540604591369629,
    9.557212829589844,
    9.573655128479004,
    9.588706016540527,
    9.603253364562988,
    9.617293357849121,
    9.630261421203613,
    9.642951011657715,
    9.654679298400879
  ],