{
  "alpha": 1.0,
  "k": [
    10,
    20,
    30,
    40,
    50,
    60,
    70,
    80,
    90,
    100,
    110,
    120,
    130,
    140,
    150,
    160,
    170,
    180,
    190,
    200,
    210,
    220,
    230,
    240,
    250,
    260,
    270,
    280,
    290,
    300,
    310,
    320,
    330,
    340,
    350,
    360,
    370,
    380,
    390,
    400,
    410,
    420,
    430,
    440,
    450,
    460,
    470,
    480,
    490,
    500
  ],
  "mean_overlap": [
    0.9931200000000001,
    0.9897100000000001,
    0.9847433333333334,
    0.9850549999999999,
    0.9866299999999999,
    0.9880383333333334,
    0.9891,
    0.9898674999999999,
    0.9905355555555556,
    0.991175,
    0.9915818181818182,
    0.9920125,
    0.9924369230769231,
    0.992815,
    0.9930479999999999,
    0.9933587500000002,
    0.9936623529411766,
    0.9939055555555555,
    0.9942094736842105,
    0.9944625,
    0.9946533333333333,
    0.9948077272727273,
    0.9949839130434782,
    0.9951716666666667,
    0.9953364,
    0.9954850000000001,
    0.9956111111111111,
    0.9957600000000001,
    0.9958937931034483,
    0.9960206666666667,
    0.9961170967741935,
    0.996249375,
    0.9963454545454546,
    0.9964570588235292,
    0.9965459999999999,
    0.9966355555555556,
    0.9967183783783785,
    0.996793947368421,
    0.9968766666666666,
    0.9969305,
    0.9969980487804878,
    0.9970619047619048,
    0.9971216279069768,
    0.997186590909091,
    0.997252,
    0.9973247826086957,
    0.9973842553191489,
    0.9974527083333334,
    0.9974863265306121,
    0.9975376
  ],
  "mean_exact_dist": [
    75.86603546142578,
    82.51177978515625,
    87.10372924804688,
    90.62568664550781,
    93.46857452392578,
    95.8508529663086,
    97.89720916748047,
    99.68855285644531,
    101.28204345703125,
    102.7173843383789,
    104.02298736572266,
    105.22007751464844,
    106.32575225830078,
    107.35282135009766,
    108.31196594238281,
    109.21219635009766,
    110.06009674072266,
    110.86170196533203,
    111.62203979492188,
    112.34529876708984,
    113.03526306152344,
    113.69512176513672,
    114.3275146484375,
    114.93462371826172,
    115.5185775756836,
    116.08111572265625,
    116.62380981445312,
    117.14810180664062,
    117.65538787841797,
    118.1468734741211,
    118.62353515625,
    119.08634948730469,
    119.53612518310547,
    119.97364807128906,
    120.39949798583984,
    120.81433868408203,
    121.21861267089844,
    121.61283874511719,
    121.99749755859375,
    122.37303924560547,
    122.73983764648438,
    123.09822845458984,
    123.44856262207031,
    123.7911605834961,
    124.12628936767578,
    124.4543228149414,
    124.7754898071289,
    125.09004974365234,
    125.39824676513672,
    125.70034790039062
  ],
  "mean_ann_dist": [
    75.92145538330078,
    82.57805633544922,
    87.19052124023438,
    90.70563507080078,
    93.53720092773438,
    95.91136169433594,
    97.9502182006836,
    99.73680877685547,
    101.32621002197266,
    102.75796508789062,
    104.06114959716797,
    105.25572204589844,
    106.3592529296875,
    107.38469696044922,
    108.3425521850586,
    109.24138641357422,
    110.0876235961914,
    110.88817596435547,
    111.64741516113281,
    112.36955261230469,
    113.05852508544922,
    113.71749877929688,
    114.34905242919922,
    114.95525360107422,
    115.53851318359375,
    116.10044860839844,
    116.64261627197266,
    117.166259765625,
    117.6729507446289,
    118.1639404296875,
    118.64017486572266,
    119.10238647460938,
    119.55178833007812,
    119.98882293701172,
    120.41436004638672,
    120.82882690429688,
    121.23273468017578,
    121.62664031982422,
    122.010986328125,
    122.38623809814453,
    122.75276184082031,
    123.11082458496094,
    123.46085357666016,
    123.80316162109375,
    124.13807678222656,
    124.46582794189453,
    124.78679656982422,
    125.10113525390625,
    125.40911102294922,
    125.71099853515625
  ],
  "mean_barycenter_shift": [
    0.0003713881887961179,
    0.0005378052010200918,
    0.0007887600804679096,
    0.0007414640276692808,
    0.0006505881901830435,
    0.0005687953671440482,
    0.0005152836092747748,
    0.00047456874744966626,
    0.0004403932543937117,
    0.0004040690837427974,
    0.00038465094985440373,
    0.0003647139819804579,
    0.00034160437644459307,
    0.00032293619005940855,
    0.00031257251976057887,
    0.00029827121761627495,
    0.0002849102020263672,
    0.00027284095995128155,
    0.0002595211553853005,
    0.0002488447062205523,
    0.00024151238903868943,
    0.00023500420502386987,
    0.00022731015633326024,
    0.0002191991516156122,
    0.000211436374229379,
    0.00020390863937791437,
    0.00019859948952216655,
    0.00019097323820460588,
    0.000186138364369981,
    0.0001799812016543001,
    0.00017531040066387504,
    0.00017004398978315294,
    0.000166743848240003,
    0.0001620828697923571,
    0.00015777077351231128,
    0.000154389621457085,
    0.00015017867553979158,
    0.00014802157238591462,
    0.00014487796579487622,
    0.00014153266965877265,
    0.00013885486987419426,
    0.00013638188829645514,
    0.00013340736040845513,
    0.00013048810069449246,
    0.0001279783173231408,
    0.00012545983190648258,
    0.00012327020522207022,
    0.00012041445006616414,
    0.00011894870840478688,
    0.00011604920291574672
  ],
  "mean_lid_diff": [
    0.059380531311035156,
    -0.009263992309570312,
    -0.05992603302001953,
    -0.07718181610107422,
    -0.07269287109375,
    -0.06070995330810547,
    -0.05894947052001953,
    -0.05598163604736328,
    -0.05388164520263672,
    -0.05052661895751953,
    -0.050563812255859375,
    -0.046257972717285156,
    -0.04121208190917969,
    -0.041736602783203125,
    -0.042026519775390625,
    -0.03964805603027344,
    -0.039084434509277344,
    -0.03781318664550781,
    -0.03444957733154297,
    -0.032891273498535156,
    -0.034050941467285156,
    -0.033057212829589844,
    -0.032360076904296875,
    -0.030115127563476562,
    -0.03034496307373047,
    -0.028697967529296875,
    -0.02742767333984375,
    -0.027669906616210938,
    -0.02682971954345703,
    -0.027986526489257812,
    -0.025836944580078125,
    -0.025694847106933594,
    -0.025163650512695312,
    -0.024949073791503906,
    -0.025787353515625,
    -0.024402618408203125,
    -0.023802757263183594,
    -0.022861480712890625,
    -0.02200794219970703,
    -0.021950721740722656,
    -0.02200031280517578,
    -0.021535873413085938,
    -0.021509170532226562,
    -0.021657943725585938,
    -0.021587371826171875,
    -0.020750045776367188,
    -0.019652366638183594,
    -0.019872665405273438,
    -0.01880645751953125,
    -0.01952362060546875
  ],
  "mean_lid_exact": [
    11.12174129486084,
    9.595296859741211,
    9.056166648864746,
    8.837066650390625,
    8.739181518554688,
    8.686026573181152,
    8.66765022277832,
    8.670998573303223,
    8.684711456298828,
    8.70559024810791,
    8.734942436218262,
    8.769085884094238,
    8.79924488067627,
    8.840621948242188,
    8.873286247253418,
    8.908406257629395,
    8.945664405822754,
    8.979973793029785,
    9.016620635986328,
    9.052742958068848,
    9.085184097290039,
    9.116326332092285,
    9.149813652038574,
    9.181717872619629,
    9.212260246276855,
    9.243837356567383,
    9.274223327636719,
    9.304156303405762,
    9.33092975616455,
    9.357851028442383,
    9.38123893737793,
    9.404986381530762,
    9.42873477935791,
    9.450957298278809,
    9.473140716552734,
    9.492895126342773,
    9.513031005859375,
    9.532125473022461,
    9.552115440368652,
    9.571782112121582,
    9.590489387512207,
    9.608085632324219,
    9.625401496887207,
    9.642910957336426,
    9.658679008483887,
    9.672687530517578,
    9.6869535446167,
    9.701991081237793,
    9.714591026306152,
    9.728715896606445
  ],