{
  "alpha": 0.25,
  "k": [
    10,
    20,
    30,
    40,
    50,
    60,
    70,
    80,
    90,
    100,
    110,
    120,
    130,
    140,
    150,
    160,
    170,
    180,
    190,
    200,
    210,
    220,
    230,
    240,
    250,
    260,
    270,
    280,
    290,
    300,
    310,
    320,
    330,
    340,
    350,
    360,
    370,
    380,
    390,
    400,
    410,
    420,
    430,
    440,
    450,
    460,
    470,
    480,
    490,
    500
  ],
  "mean_overlap": [
    0.9934400000000001,
    0.9897799999999999,
    0.9844700000000001,
    0.9758199999999999,
    0.963,
    0.9473616666666667,
    0.929837142857143,
    0.9106412500000001,
    0.8911233333333335,
    0.8713569999999999,
    0.8518281818181819,
    0.832775,
    0.814433076923077,
    0.8185450000000001,
    0.8159179999999999,
    0.8194950000000001,
    0.8169523529411765,
    0.8203388888888888,
    0.8182294736842106,
    0.8212415000000001,
    0.8192300000000001,
    0.8220349999999998,
    0.8205060869565217,
    0.823235,
    0.821774,
    0.8244588461538462,
    0.8231492592592593,
    0.8257621428571429,
    0.8245582758620691,
    0.8269436666666666,
    0.8257506451612904,
    0.828128125,
    0.827019696969697,
    0.8291532352941177,
    0.8279485714285715,
    0.8298105555555556,
    0.8287670270270271,
    0.8307450000000001,
    0.8297948717948719,
    0.8316094999999999,
    0.8306914634146342,
    0.832305,
    0.8315223255813953,
    0.832986590909091,
    0.8320557777777778,
    0.8333634782608695,
    0.8325565957446808,
    0.8338735416666666,
    0.8329857142857143,
    0.834284
  ],
  "mean_exact_dist": [
    75.85939025878906,
    82.40481567382812,
    86.89728546142578,
    90.30349731445312,
    93.06490325927734,
    95.3984146118164,
    97.40972137451172,
    99.17232513427734,
    100.74213409423828,
    102.15910339355469,
    103.45179748535156,
    104.64131164550781,
    105.7400131225586,
    106.76905822753906,
    107.73489379882812,
    108.64805603027344,
    109.54075622558594,
    110.33279418945312,
    111.09149169921875,
    111.81785583496094,
    112.50054931640625,
    113.12712860107422,
    113.7624740600586,
    114.36884307861328,
    114.96051788330078,
    115.52851104736328,
    116.07691192626953,
    116.64310455322266,
    117.15650939941406,
    117.65379333496094,
    118.1341781616211,
    118.60664367675781,
    119.0506820678711,
    119.49853515625,
    119.92854309082031,
    120.34654235839844,
    120.75407409667969,
    121.15886688232422,
    121.54122161865234,
    121.9161376953125,
    122.2887954711914,
    122.64949035644531,
    123.003662109375,
    123.34577941894531,
    123.68297576904297,
    124.01576232910156,
    124.325439453125,
    124.66187286376953,
    124.96803283691406,
    125.27639770507812
  ],
  "mean_ann_dist": [
    75.9087142944336,
    82.46753692626953,
    86.98216247558594,
    90.42218780517578,
    93.23722839355469,
    95.6485595703125,
    97.7607650756836,
    99.65139770507812,
    101.37674713134766,
    102.97315216064453,
    104.46810150146484,
    105.88140869140625,
    2.620176690687438e+32,
    108.19298553466797,
    6.813823915195641e+32,
    1.0654066338426228e+33,
    6.027888667035647e+32,
    111.72457122802734,
    112.52072143554688,
    3.4161466034346274e+32,
    1.6272265326016837e+32,
    114.52327728271484,
    115.19102478027344,
    1.4196886897233912e+32,
    116.38143157958984,
    116.9136962890625,
    117.48477172851562,
    118.02362060546875,
    118.55705261230469,
    119.02560424804688,
    1.0980143226480358e+32,
    1.0635950439948205e+32,
    120.43061828613281,
    120.8540267944336,
    9.725270488595127e+31,
    1.890835612276555e+32,
    122.12693786621094,
    122.51045227050781,
    122.90858459472656,
    123.2607421875,
    123.6519775390625,
    123.99407196044922,
    1.582866788861138e+32,
    124.68971252441406,
    125.04298400878906,
    125.362060546875,
    125.6868896484375,
    126.00997161865234,
    6.945232410934571e+31,
    126.62480163574219
  ],
  "mean_barycenter_shift": [
    0.00035948242293670774,
    0.000548939686268568,
    0.0008250160026364028,
    0.0012730407761409879,
    0.0019379887962713838,
    0.002602138090878725,
    0.0031545485835522413,
    0.0036025536246597767,
    0.003991467412561178,
    0.00434469198808074,
    0.004677902907133102,
    0.004995488561689854,
    0.005293187685310841,
    0.005053618457168341,
    0.004990795161575079,
    0.004783230368047953,
    0.0047523025423288345,
    0.004588474985212088,
    0.00455762492492795,
    0.004415762145072222,
    0.004416933283209801,
    0.004289307631552219,
    0.004266362637281418,
    0.004164116457104683,
    0.004162628203630447,
    0.004080325365066528,
    0.004087747540324926,
    0.004015069920569658,
    0.0040184808894991875,
    0.003955494146794081,
    0.003961519803851843,
    0.0038930068258196115,
    0.003895345376804471,
    0.0038285471964627504,
    0.003828431712463498,
    0.003769961651414633,
    0.0037674312479794025,
    0.003702745772898197,
    0.0036936248652637005,
    0.003629162907600403,
    0.003620204981416464,
    0.003559720702469349,
    0.0035455042961984873,
    0.0034919811878353357,
    0.0034872081596404314,
    0.0034379211720079184,
    0.0034317821264266968,
    0.0033829810563474894,
    0.003376574022695422,
    0.0033294856548309326
  ],
  "mean_lid_diff": [
    0.02028942108154297,
    -0.03454017639160156,
    -0.0901041030883789,
    -0.1625051498413086,
    -0.2427692413330078,
    -0.34782981872558594,
    -0.4542102813720703,
    -0.5996284484863281,
    -0.7423062324523926,
    -0.8860869407653809,
    -1.0352096557617188,
    -1.1768136024475098,
    -1.3365716934204102,
    -1.310197353363037,
    -1.3448920249938965,
    -1.3248915672302246,
    -1.3540678024291992,
    -1.3307228088378906,
    -1.3590850830078125,
    -1.340280532836914,
    -1.3663549423217773,
    -1.3475422859191895,
    -1.367048740386963,
    -1.351968765258789,
    -1.3700666427612305,
    -1.3475284576416016,
    -1.3684711456298828,
    -1.3517341613769531,
    -1.370020866394043,
    -1.3560700416564941,
    -1.374560832977295,
    -1.3570165634155273,
    -1.3733978271484375,
    -1.3590402603149414,
    -1.3756351470947266,
    -1.3634309768676758,
    -1.3774709701538086,
    -1.3648395538330078,
    -1.37908935546875,
    -1.3671588897705078,
    -1.3827753067016602,
    -1.3737869262695312,
    -1.3880434036254883,
    -1.3778934478759766,
    -1.3933897018432617,
    -1.3865070343017578,
    -1.4017200469970703,
    -1.3938312530517578,
    -1.4082202911376953,
    -1.400172233581543
  ],
  "mean_lid_exact": [
    11.081929206848145,
    9.589584350585938,
    9.098677635192871,
    8.87187385559082,
    8.75511360168457,
    8.706165313720703,
    8.695828437805176,
    8.705862998962402,
    8.718581199645996,
    8.733996391296387,
    8.756845474243164,
    8.775971412658691,
    8.805023193359375,
    8.835185050964355,
    8.86732006072998,
    8.897375106811523,
    8.93073558807373,
    8.961284637451172,
    8.996330261230469,
    9.0286226272583,
    9.059356689453125,
    9.089195251464844,
    9.117877006530762,
    9.1492919921875,
    9.176535606384277,
    9.201735496520996,
    9.228631973266602,
    9.255193710327148,
    9.279930114746094,
    9.304330825805664,
    9.32701301574707,
    9.348457336425781,
    9.369470596313477,
    9.390238761901855,
    9.409079551696777,
    9.426918983459473,
    9.444540977478027,
    9.462788581848145,
    9.47822380065918,
    9.494006156921387,
    9.510287284851074,
    9.525247573852539,
    9.540115356445312,
    9.554123878479004,
    9.56879997253418,
    9.581286430358887,
    9.593689918518066,
    9.606345176696777,
    9.617822647094727,
    9.62902545928955
  ],