{
  "alpha": 4.0,
  "k": [
    10,
    20,
    30,
    40,
    50,
    60,
    70,
    80,
    90,
    100,
    110,
    120,
    130,
    140,
    150,
    160,
    170,
    180,
    190,
    200,
    210,
    220,
    230,
    240,
    250,
    260,
    270,
    280,
    290,
    300,
    310,
    320,
    330,
    340,
    350,
    360,
    370,
    380,
    390,
    400,
    410,
    420,
    430,
    440,
    450,
    460,
    470,
    480,
    490,
    500
  ],
  "mean_overlap": [
    0.9950100000000001,
    0.9977650000000001,
    0.9984633333333334,
    0.9988625,
    0.999028,
    0.9991899999999999,
    0.9993614285714286,
    0.9994475,
    0.9995144444444444,
    0.9995729999999999,
    0.9996136363636364,
    0.9996625,
    0.9996846153846154,
    0.9997185714285716,
    0.9997360000000001,
    0.9997637500000001,
    0.9997782352941176,
    0.9997977777777778,
    0.9998042105263157,
    0.9998275,
    0.9998414285714285,
    0.9998436363636365,
    0.9998552173913043,
    0.9998666666666668,
    0.9998672000000001,
    0.9998765384615385,
    0.9998851851851852,
    0.999892142857143,
    0.9998975862068966,
    0.9999066666666666,
    0.9999116129032259,
    0.9999206250000001,
    0.9999242424242424,
    0.9999261764705883,
    0.9999308571428571,
    0.9999330555555555,
    0.999937027027027,
    0.9999381578947368,
    0.9999392307692307,
    0.99994475,
    0.9999458536585365,
    0.9999492857142858,
    0.9999509302325581,
    0.9999524999999999,
    0.9999551111111111,
    0.999955652173913,
    0.9999589361702128,
    0.9999610416666667,
    0.9999622448979593,
    0.9999654
  ],
  "mean_exact_dist": [
    75.81864166259766,
    82.44774627685547,
    86.98003387451172,
    90.44184112548828,
    93.24794006347656,
    95.61129760742188,
    97.65985107421875,
    99.45526885986328,
    101.05122375488281,
    102.48777770996094,
    103.79525756835938,
    104.99588775634766,
    106.1061782836914,
    107.13945007324219,
    108.10616302490234,
    109.01487731933594,
    109.87229919433594,
    110.6842269897461,
    111.45527648925781,
    112.18971252441406,
    112.89117431640625,
    113.56278991699219,
    114.2073974609375,
    114.82710266113281,
    115.42369842529297,
    115.99896240234375,
    116.5544662475586,
    117.09149932861328,
    117.61125183105469,
    118.11479949951172,
    118.60316467285156,
    119.0771255493164,
    119.53753662109375,
    119.98512268066406,
    120.42052459716797,
    120.84441375732422,
    121.25733947753906,
    121.65985107421875,
    122.05237579345703,
    122.43544006347656,
    122.80946350097656,
    123.17483520507812,
    123.53195190429688,
    123.8812026977539,
    124.222900390625,
    124.55731201171875,
    124.88473510742188,
    125.20543670654297,
    125.51968383789062,
    125.82775115966797
  ],
  "mean_ann_dist": [
    75.85427856445312,
    82.46257781982422,
    86.99015045166016,
    90.4488754272461,
    93.25389862060547,
    95.6162338256836,
    97.66395568847656,
    99.45892333984375,
    101.05460357666016,
    102.49071502685547,
    103.79795837402344,
    104.998291015625,
    106.10847473144531,
    107.14156341552734,
    108.10807800292969,
    109.01667785644531,
    109.87394714355469,
    110.68577575683594,
    111.45672607421875,
    112.19102478027344,
    112.89238739013672,
    113.56396484375,
    114.20845031738281,
    114.82810974121094,
    115.42469787597656,
    115.99993896484375,
    116.55535888671875,
    117.09237670898438,
    117.61207580566406,
    118.1155776977539,
    118.60389709472656,
    119.07777404785156,
    119.5381851196289,
    119.9857406616211,
    120.42111206054688,
    120.84498596191406,
    121.25789642333984,
    121.6603775024414,
    122.05290222167969,
    122.43592834472656,
    122.80992126464844,
    123.17527770996094,
    123.53238677978516,
    123.88162231445312,
    124.22329711914062,
    124.55770874023438,
    124.8851089477539,
    125.2057876586914,
    125.52002716064453,
    125.82804870605469
  ],
  "mean_barycenter_shift": [
    0.00027090540970675647,
    0.00011559708218555897,
    7.899754564277828e-05,
    5.747075192630291e-05,
    4.9241614760831e-05,
    3.969207318732515e-05,
    3.234183895983733e-05,
    2.774994936771691e-05,
    2.4539313017157838e-05,
    2.131913061020896e-05,
    1.918684756674338e-05,
    1.6746032997616567e-05,
    1.5083385733305477e-05,
    1.3832009244652e-05,
    1.2921533198095858e-05,
    1.1323012586217374e-05,
    1.0677758837118745e-05,
    9.806325579120312e-06,
    9.528615009912755e-06,
    8.100301783997566e-06,
    7.459052085323492e-06,
    7.276454653037945e-06,
    6.674842552456539e-06,
    6.053489414625801e-06,
    6.06144521952956e-06,
    5.6545941333752126e-06,
    5.374759439291665e-06,
    5.061922365712235e-06,
    4.784021712112008e-06,
    4.3734771679737605e-06,
    4.191294465272222e-06,
    3.8687271626258735e-06,
    3.6378241929924116e-06,
    3.6234378057997674e-06,
    3.3804524264269276e-06,
    3.2193026981985895e-06,
    3.0898359000275377e-06,
    2.9808013550791657e-06,
    2.8990009468543576e-06,
    2.6319321477785707e-06,
    2.614237700981903e-06,
    2.491025725248619e-06,
    2.396965328443912e-06,
    2.38894631365838e-06,
    2.2509866539621726e-06,
    2.2634312699665315e-06,
    2.098729282806744e-06,
    1.98105499293888e-06,
    1.9715271264431067e-06,
    1.7694413827484823e-06
  ],
  "mean_lid_diff": [
    0.020233154296875,
    -0.00714111328125,
    -0.010201454162597656,
    -0.003875732421875,
    -0.006337165832519531,
    -0.0031833648681640625,
    -0.004153251647949219,
    -0.003482818603515625,
    -0.0022735595703125,
    -0.0011625289916992188,
    -0.0015478134155273438,
    -0.0014162063598632812,
    -0.0015001296997070312,
    -0.001049041748046875,
    -0.000736236572265625,
    -0.00034236907958984375,
    -0.0007181167602539062,
    -0.000682830810546875,
    -0.0005464553833007812,
    -0.00038623809814453125,
    -0.0006103515625,
    -0.0007238388061523438,
    -0.0008335113525390625,
    -0.0003452301025390625,
    -0.0008211135864257812,
    -0.00049591064453125,
    -0.0004215240478515625,
    -0.00029659271240234375,
    -0.0002613067626953125,
    -0.00038051605224609375,
    -0.00042629241943359375,
    -0.0003032684326171875,
    -0.00018215179443359375,
    -0.0001316070556640625,
    -0.0003299713134765625,
    -0.00011348724365234375,
    -8.58306884765625e-06,
    3.528594970703125e-05,
    -6.961822509765625e-05,
    -0.0003337860107421875,
    -3.62396240234375e-05,
    -3.147125244140625e-05,
    -4.1961669921875e-05,
    -9.72747802734375e-05,
    1.33514404296875e-05,
    -9.441375732421875e-05,
    -0.00020122528076171875,
    -4.291534423828125e-05,
    -0.00011730194091796875,
    -9.632110595703125e-05
  ],