{
  "alpha": 1.0,
  "k": [
    10,
    20,
    30,
    40,
    50,
    60,
    70,
    80,
    90,
    100,
    110,
    120,
    130,
    140,
    150,
    160,
    170,
    180,
    190,
    200,
    210,
    220,
    230,
    240,
    250,
    260,
    270,
    280,
    290,
    300,
    310,
    320,
    330,
    340,
    350,
    360,
    370,
    380,
    390,
    400,
    410,
    420,
    430,
    440,
    450,
    460,
    470,
    480,
    490,
    500
  ],
  "mean_overlap": [
    0.99324,
    0.9903200000000001,
    0.9852800000000002,
    0.9858449999999999,
    0.9875440000000001,
    0.9887616666666666,
    0.9897142857142857,
    0.9906475,
    0.991371111111111,
    0.991949,
    0.9924736363636364,
    0.9929225,
    0.9933915384615384,
    0.993727857142857,
    0.994066,
    0.994356875,
    0.9946023529411765,
    0.9948005555555556,
    0.9950457894736843,
    0.9952435,
    0.9954476190476191,
    0.9956586363636365,
    0.9958208695652174,
    0.9960016666666667,
    0.9961268,
    0.9963053846153845,
    0.9964411111111111,
    0.9965589285714286,
    0.9966706896551725,
    0.9967833333333334,
    0.9969019354838711,
    0.9969965625000001,
    0.9970821212121213,
    0.9971617647058824,
    0.9972228571428572,
    0.997313611111111,
    0.9973983783783784,
    0.9974710526315789,
    0.9975415384615386,
    0.9975977500000001,
    0.9976665853658536,
    0.9977159523809523,
    0.9977704651162791,
    0.9978265909090909,
    0.9978764444444443,
    0.9979300000000001,
    0.9979680851063829,
    0.9980260416666666,
    0.9980661224489795,
    0.9981015999999999
  ],
  "mean_exact_dist": [
    75.81864166259766,
    82.44774627685547,
    86.98003387451172,
    90.44184112548828,
    93.24794006347656,
    95.61129760742188,
    97.65985107421875,
    99.45526885986328,
    101.05122375488281,
    102.48777770996094,
    103.79525756835938,
    104.99588775634766,
    106.1061782836914,
    107.13945007324219,
    108.10616302490234,
    109.01487731933594,
    109.87229919433594,
    110.6842269897461,
    111.45527648925781,
    112.18971252441406,
    112.89117431640625,
    113.56278991699219,
    114.2073974609375,
    114.82710266113281,
    115.42369842529297,
    115.99896240234375,
    116.5544662475586,
    117.09149932861328,
    117.61125183105469,
    118.11479949951172,
    118.60316467285156,
    119.0771255493164,
    119.53753662109375,
    119.98512268066406,
    120.42052459716797,
    120.84441375732422,
    121.25733947753906,
    121.65985107421875,
    122.05237579345703,
    122.43544006347656,
    122.80946350097656,
    123.17483520507812,
    123.53195190429688,
    123.8812026977539,
    124.222900390625,
    124.55731201171875,
    124.88473510742188,
    125.20543670654297,
    125.51968383789062,
    125.82775115966797
  ],
  "mean_ann_dist": [
    75.86539459228516,
    82.50951385498047,
    87.06300354003906,
    90.5161361694336,
    93.30975341796875,
    95.66529083251953,
    97.70845031738281,
    99.49837493896484,
    101.09029388427734,
    102.52384948730469,
    103.82921600341797,
    105.0278091430664,
    106.13574981689453,
    107.16743469238281,
    108.13249969482422,
    109.03945922851562,
    109.89566040039062,
    110.7066879272461,
    111.47664642333984,
    112.21028900146484,
    112.91100311279297,
    113.58182525634766,
    114.22557830810547,
    114.84445190429688,
    115.44041442871094,
    116.01486206054688,
    116.56974029541016,
    117.10623931884766,
    117.6254653930664,
    118.1285400390625,
    118.61640167236328,
    119.08999633789062,
    119.550048828125,
    119.99722290039062,
    120.432373046875,
    120.85594940185547,
    121.26847839355469,
    121.67062377929688,
    122.06285095214844,
    122.44566345214844,
    122.81947326660156,
    123.18458557128906,
    123.54148864746094,
    123.89047241210938,
    124.23194885253906,
    124.56612396240234,
    124.89334106445312,
    125.21383666992188,
    125.52792358398438,
    125.83582305908203
  ],
  "mean_barycenter_shift": [
    0.0003743683628272265,
    0.0005113762454129755,
    0.0007733817328698933,
    0.0007066390244290233,
    0.0006070163799449801,
    0.0005335804307833314,
    0.00048003820120356977,
    0.00043351546628400683,
    0.00039957737317308784,
    0.0003680011723190546,
    0.00033962263842113316,
    0.0003213040763512254,
    0.0002975144307129085,
    0.0002790375438053161,
    0.0002594944089651108,
    0.0002477283705957234,
    0.0002377691271249205,
    0.00022736293612979352,
    0.00021440973796416074,
    0.00020600826246663928,
    0.00019683501159306616,
    0.00018753243784885854,
    0.00018059606372844428,
    0.00017295405268669128,
    0.00016744120512157679,
    0.00016052542196121067,
    0.00015587880625389516,
    0.00015022509614937007,
    0.00014513170754071325,
    0.00014023564290255308,
    0.00013439345639199018,
    0.00013042583304923028,
    0.00012744846753776073,
    0.00012439012061804533,
    0.00012070189404767007,
    0.00011672968685161322,
    0.00011276267468929291,
    0.00011073911446146667,
    0.00010730762733146548,
    0.00010574569751042873,
    0.00010161320824408904,
    0.00010011020640376955,
    9.761352703208104e-05,
    9.534903801977634e-05,
    9.335811046184972e-05,
    9.094654524233192e-05,
    8.913571946322918e-05,
    8.648908260511234e-05,
    8.51731383590959e-05,
    8.36951076053083e-05
  ],
  "mean_lid_diff": [
    0.013856887817382812,
    -0.030182838439941406,
    -0.09956741333007812,
    -0.09031486511230469,
    -0.0861215591430664,
    -0.07663249969482422,
    -0.07254600524902344,
    -0.065460205078125,
    -0.06097602844238281,
    -0.05933952331542969,
    -0.05450630187988281,
    -0.053139686584472656,
    -0.04937744140625,
    -0.046477317810058594,
    -0.044960975646972656,
    -0.04238605499267578,
    -0.043082237243652344,
    -0.04165172576904297,
    -0.036194801330566406,
    -0.03706550598144531,
    -0.03390979766845703,
    -0.03488349914550781,
    -0.03354454040527344,
    -0.03179454803466797,
    -0.030823707580566406,
    -0.028967857360839844,
    -0.02892017364501953,
    -0.02676677703857422,
    -0.026605606079101562,
    -0.026882171630859375,
    -0.025020599365234375,
    -0.024934768676757812,
    -0.02343463897705078,
    -0.02326488494873047,
    -0.023398399353027344,
    -0.02140045166015625,
    -0.021309852600097656,
    -0.021394729614257812,
    -0.020809173583984375,
    -0.02082061767578125,
    -0.019181251525878906,
    -0.019661903381347656,
    -0.018944740295410156,
    -0.018134117126464844,
    -0.018779754638671875,
    -0.017787933349609375,
    -0.018074989318847656,
    -0.017459869384765625,
    -0.01612091064453125,
    -0.015832901000976562
  ],
  "mean_lid_exact": [
    11.100669860839844,
    9.601051330566406,
    9.09062385559082,
    8.830921173095703,
    8.719403266906738,
    8.661224365234375,
    8.636129379272461,
    8.632508277893066,
    8.643606185913086,
    8.665428161621094,
    8.681184768676758,
    8.70518684387207,
    8.731841087341309,
    8.763144493103027,
    8.791651725769043,
    8.822086334228516,
    8.855108261108398,
    8.884162902832031,
    8.911463737487793,
    8.945486068725586,
    8.974410057067871,
    9.006318092346191,
    9.029471397399902,
    9.056347846984863,
    9.082695960998535,
    9.107673645019531,
    9.133155822753906,
    9.156044960021973,
    9.181163787841797,
    9.20467472076416,
    9.226963996887207,
    9.248579978942871,
    9.270329475402832,
    9.29169750213623,
    9.310914039611816,
    9.329453468322754,
    9.34935188293457,
    9.367764472961426,
    9.385721206665039,
    9.403462409973145,
    9.419387817382812,
    9.436360359191895,
    9.451903343200684,
    9.46611213684082,
    9.482134819030762,
    9.496445655822754,
    9.512073516845703,
    9.52554702758789,
    9.538841247558594,
    9.552358627319336
  ],