{
  "k": [
    10,
    20,
    30,
    40,
    50,
    60,
    70,
    80,
    90,
    100,
    110,
    120,
    130,
    140,
    150,
    160,
    170,
    180,
    190,
    200,
    210,
    220,
    230,
    240,
    250,
    260,
    270,
    280,
    290,
    300,
    310,
    320,
    330,
    340,
    350,
    360,
    370,
    380,
    390,
    400,
    410,
    420,
    430,
    440,
    450,
    460,
    470,
    480,
    490,
    500
  ],
  "mean_overlap": [
    0.99677,
    0.995375,
    0.9932766666666667,
    0.9903,
    0.9867299999999999,
    0.9818100000000001,
    0.9750614285714286,
    0.9664775,
    0.9566055555555557,
    0.945574,
    0.9338118181818181,
    0.9214116666666666,
    0.9088146153846155,
    0.895977857142857,
    0.8832260000000001,
    0.8702931250000001,
    0.8577052941176473,
    0.8451533333333333,
    0.8327689473684211,
    0.8206779999999999,
    0.8088266666666668,
    0.7971618181818181,
    0.7857617391304348,
    0.7746925000000001,
    0.7638576,
    0.7534384615384615,
    0.7431903703703703,
    0.7332292857142857,
    0.7235572413793104,
    0.7140740000000001,
    0.7048651612903226,
    0.6958490625,
    0.6870975757575758,
    0.6786102941176471,
    0.6702945714285714,
    0.6622416666666667,
    0.6544383783783785,
    0.6468373684210527,
    0.6394028205128205,
    0.63204275,
    0.6249565853658536,
    0.6180785714285714,
    0.6113667441860465,
    0.6048284090909092,
    0.59831,
    0.5919726086956522,
    0.5858078723404254,
    0.5796933333333334,
    0.5737212244897959,
    0.5678948
  ],
  "mean_exact_dist": [
    75.85939025878906,
    82.40481567382812,
    86.89728546142578,
    90.30349731445312,
    93.06490325927734,
    95.3984146118164,
    97.40972137451172,
    99.17232513427734,
    100.74213409423828,
    102.15910339355469,
    103.45179748535156,
    104.64131164550781,
    105.74299621582031,
    106.76930236816406,
    107.72979736328125,
    108.63308715820312,
    109.48551177978516,
    110.2879867553711,
    111.05072021484375,
    111.78285217285156,
    112.50811004638672,
    113.16313171386719,
    113.81079864501953,
    114.41039276123047,
    115.01599884033203,
    115.57465362548828,
    116.15411376953125,
    116.75251007080078,
    117.31532287597656,
    117.8314437866211,
    118.29334259033203,
    118.73795318603516,
    119.21630859375,
    119.7147445678711,
    120.25228881835938,
    120.66109466552734,
    121.16453552246094,
    121.65189361572266,
    122.2259750366211,
    122.80838012695312,
    123.43084716796875,
    123.95501708984375,
    124.56947326660156,
    125.263427734375,
    125.90270233154297,
    126.64622497558594,
    127.33892059326172,
    127.96142578125,
    128.47747802734375,
    129.11474609375
  ],
  "mean_ann_dist": [
    75.88725280761719,
    82.43701171875,
    86.9368667602539,
    90.35408782958984,
    93.1296157836914,
    95.48130798339844,
    97.51807403564453,
    99.31536102294922,
    100.93103790283203,
    102.40571594238281,
    103.76761627197266,
    105.03743743896484,
    106.23007202148438,
    107.35870361328125,
    108.43354797363281,
    109.46356201171875,
    110.45626068115234,
    3.782049569977617e+32,
    112.3018569946289,
    1.7067026699800674e+32,
    1.6275534261433075e+32,
    114.90791320800781,
    1.4887185474515177e+32,
    116.5366439819336,
    1.37086249700673e+32,
    1.319465934569437e+32,
    3.818720448791348e+32,
    8.618233710770143e+32,
    2.3888178833172623e+32,
    4.6391594069837996e+32,
    7.897014486157628e+32,
    7.69610842346948e+32,
    8.59836245200204e+32,
    9.472577138644786e+32,
    1.0356148330846956e+33,
    1.630583207018206e+33,
    1.709259248274949e+33,
    1.895934571241493e+33,
    1.7869313201598317e+33,
    1.9802279201689983e+33,
    2.4780751010029184e+33,
    1.5901787010459901e+33,
    2.2897406288987224e+33,
    2.811520595027137e+33,
    1.7276052101721486e+33,
    2.984084484743362e+33,
    1.988162342108293e+33,
    3.078114077337342e+33,
    3.376422036028989e+33,
    3.8032872824353345e+33
  ],
  "mean_barycenter_shift": [
    0.00016820733435451984,
    0.00024270085850730538,
    0.0003496736171655357,
    0.0004919240600429475,
    0.0006505532655864954,
    0.0008850679150782526,
    0.001207891502417624,
    0.0015720009105280042,
    0.001922587980516255,
    0.002245100447908044,
    0.002538540633395314,
    0.0027906037867069244,
    0.0030190672259777784,
    0.0032441902440041304,
    0.0034404597245156765,
    0.0036403427366167307,
    0.0038432995788753033,
    0.004037132486701012,
    0.004239420872181654,
    0.0044514574110507965,
    0.004675295669585466,
    0.004902589600533247,
    0.005131817422807217,
    0.005364112090319395,
    0.0056030540727078915,
    0.005827512592077255,
    0.006057341583073139,
    0.006281378213316202,
    0.006504069548100233,
    0.0067335073836147785,
    0.006965319626033306,
    0.007202225271612406,
    0.007444676943123341,
    0.007691076025366783,
    0.007954171858727932,
    0.008229676634073257,
    0.008523807860910892,
    0.008834357373416424,
    0.009167100302875042,
    0.009527012705802917,
    0.009911649860441685,
    0.010326656512916088,
    0.01076928898692131,
    0.011243578046560287,
    0.01174988318234682,
    0.012284563854336739,
    0.012847543694078922,
    0.013443724252283573,
    0.014066415838897228,
    0.014718861319124699
  ],
  "mean_lid_diff": [
    0.0067806243896484375,
    -0.01088714599609375,
    -0.035927772521972656,
    -0.0674428939819336,
    -0.0832204818725586,
    -0.12479496002197266,
    -0.1661357879638672,
    -0.22367382049560547,
    -0.2895631790161133,
    -0.36441516876220703,
    -0.4465818405151367,
    -0.5233297348022461,
    -0.6167964935302734,
    -0.707061767578125,
    -0.8080501556396484,
    -0.904843807220459,
    -1.008941650390625,
    -1.1157751083374023,
    -1.2324457168579102,
    -1.3472318649291992,
    -1.4628005027770996,
    -1.5780296325683594,
    -1.6928558349609375,
    -1.8132848739624023,
    -1.9311285018920898,
    -2.0522541999816895,
    -2.179114818572998,
    -2.3092093467712402,
    -2.4431533813476562,
    -2.583024024963379,
    -2.7264647483825684,
    -2.871706485748291,
    -3.02377986907959,
    -3.1793789863586426,
    -3.341491222381592,
    -3.509161949157715,
    -3.6825151443481445,
    -3.8625683784484863,
    -4.044142723083496,
    -4.233701705932617,
    -4.428118705749512,
    -4.61917781829834,
    -4.811886310577393,
    -5.011443614959717,
    -5.20891809463501,
    -5.4072346687316895,
    -5.607412576675415,
    -5.8048083782196045,
    -6.013594627380371,
    -6.214497804641724
  ],
  "mean_lid_exact": [
    11.081929206848145,
    9.589584350585938,
    9.098677635192871,
    8.87187385559082,
    8.75511360168457,
    8.706165313720703,
    8.695828437805176,
    8.705862998962402,
    8.718581199645996,
    8.733996391296387,
    8.756845474243164,
    8.775971412658691,
    8.805023193359375,
    8.835185050964355,
    8.86732006072998,
    8.897375106811523,
    8.93073558807373,
    8.961284637451172,
    8.996330261230469,
    9.0286226272583,
    9.059356689453125,
    9.089195251464844,
    9.117877006530762,
    9.1492919921875,
    9.176535606384277,
    9.201735496520996,
    9.228631973266602,
    9.255193710327148,
    9.279930114746094,
    9.304330825805664,
    9.32701301574707,
    9.348457336425781,
    9.369470596313477,
    9.390238761901855,
    9.409079551696777,
    9.426918983459473,
    9.444540977478027,
    9.462788581848145,
    9.47822380065918,
    9.494006156921387,
    9.510287284851074,
    9.525247573852539,
    9.540115356445312,
    9.554123878479004,
    9.56879997253418,
    9.581286430358887,
    9.593689918518066,
    9.606345176696777,
    9.617822647094727,
    9.62902545928955
  ],