{
  "k": [
    10,
    20,
    30,
    40,
    50,
    60,
    70,
    80,
    90,
    100,
    110,
    120,
    130,
    140,
    150,
    160,
    170,
    180,
    190,
    200,
    210,
    220,
    230,
    240,
    250,
    260,
    270,
    280,
    290,
    300,
    310,
    320,
    330,
    340,
    350,
    360,
    370,
    380,
    390,
    400,
    410,
    420,
    430,
    440,
    450,
    460,
    470,
    480,
    490,
    500
  ],
  "mean_overlap": [
    0.9976700000000001,
    0.9967799999999999,
    0.9952799999999999,
    0.99325,
    0.9904080000000002,
    0.9863583333333332,
    0.98036,
    0.9726112499999999,
    0.9635322222222223,
    0.9529820000000001,
    0.9417763636363635,
    0.9300799999999999,
    0.9178976923076924,
    0.9053478571428571,
    0.8927446666666666,
    0.8800225,
    0.8673558823529413,
    0.8546988888888889,
    0.8420405263157894,
    0.8296175000000001,
    0.8172914285714287,
    0.8052304545454545,
    0.793197391304348,
    0.7813629166666666,
    0.7696772,
    0.7584396153846154,
    0.7472962962962962,
    0.7364799999999999,
    0.7259772413793104,
    0.7156733333333334,
    0.7056522580645161,
    0.695799375,
    0.6861927272727273,
    0.676860294117647,
    0.6677322857142857,
    0.6587847222222223,
    0.6501421621621621,
    0.6416676315789474,
    0.6334664102564102,
    0.6254087500000002,
    0.6175392682926829,
    0.6098888095238095,
    0.6023804651162791,
    0.5951227272727272,
    0.58795,
    0.5810126086956522,
    0.5741746808510638,
    0.5675591666666666,
    0.5611089795918368,
    0.554804
  ],
  "mean_exact_dist": [
    76.0631103515625,
    82.7497787475586,
    87.32213592529297,
    90.79087829589844,
    93.59700012207031,
    95.9721908569336,
    98.03675079345703,
    99.8511962890625,
    101.46672821044922,
    102.92196655273438,
    104.24561309814453,
    105.45967864990234,
    106.58097839355469,
    107.62266540527344,
    108.59598541259766,
    109.62943267822266,
    110.49553680419922,
    111.30523681640625,
    112.07379913330078,
    112.80535125732422,
    113.50364685058594,
    114.1644058227539,
    114.8204345703125,
    115.521484375,
    116.22123718261719,
    116.83917999267578,
    117.44365692138672,
    118.06400299072266,
    118.68350982666016,
    119.35546112060547,
    120.01454162597656,
    120.6690673828125,
    121.28863525390625,
    121.81913757324219,
    122.46720886230469,
    123.03816986083984,
    123.68244171142578,
    124.32164764404297,
    125.04399108886719,
    125.80184173583984,
    126.47440338134766,
    127.2142562866211,
    127.99140167236328,
    128.74818420410156,
    129.6378631591797,
    130.51620483398438,
    131.3282928466797,
    132.16868591308594,
    132.96990966796875,
    133.81903076171875
  ],
  "mean_ann_dist": [
    76.08161163330078,
    82.7702407836914,
    87.34767150878906,
    90.82361602783203,
    93.63945770263672,
    96.0281982421875,
    98.11437225341797,
    99.96182250976562,
    101.62394714355469,
    103.14147186279297,
    104.54149627685547,
    105.84825134277344,
    107.07941436767578,
    108.25272369384766,
    2.2685489136505894e+32,
    8.548948527908914e+32,
    111.37043762207031,
    112.33539581298828,
    113.27778625488281,
    114.20379638671875,
    115.11878967285156,
    1.5557614147025255e+32,
    2.9825389552899403e+32,
    2.8669358590025864e+32,
    1.3821379063411117e+32,
    5.331072335447545e+32,
    9.013215501979684e+32,
    7.483338252929829e+32,
    9.688408889644094e+32,
    5.899076750529118e+32,
    9.212630620633019e+32,
    5.6341123199393604e+32,
    1.2118317291143467e+33,
    1.5069505995222898e+33,
    8.467104443349135e+32,
    8.323422932689477e+32,
    1.4347612093288973e+33,
    1.3173292887472566e+33,
    1.8129215617996184e+33,
    1.80276735862738e+33,
    1.7951483019130933e+33,
    1.792248891598582e+33,
    1.891286880106501e+33,
    1.994504308929552e+33,
    1.2052325028786737e+33,
    1.310709404387178e+33,
    1.620151086307148e+33,
    1.6311108789599514e+33,
    2.5659686890496755e+33,
    2.0752087149406642e+33
  ],
  "mean_barycenter_shift": [
    0.00015040214930195361,
    0.00020658873836509883,
    0.00029973217169754207,
    0.000437186419731006,
    0.0006234245374798775,
    0.0008689859532751143,
    0.0012012941297143698,
    0.0015552481636404991,
    0.0019079118501394987,
    0.0022625557612627745,
    0.0026025711558759212,
    0.002920628758147359,
    0.0032263356260955334,
    0.00352887948974967,
    0.003817432327196002,
    0.004101018887013197,
    0.00438750209286809,
    0.004676148761063814,
    0.004968148190528154,
    0.005259647965431213,
    0.00555894710123539,
    0.0058554308488965034,
    0.006159034091979265,
    0.006465670187026262,
    0.00677386112511158,
    0.007082066498696804,
    0.007398176472634077,
    0.007714137900620699,
    0.008030821569263935,
    0.00834790337830782,
    0.008675401099026203,
    0.009008890949189663,
    0.00934955570846796,
    0.009701743721961975,
    0.010061599314212799,
    0.010429788380861282,
    0.010811537504196167,
    0.011203674599528313,
    0.011608864180743694,
    0.012026983313262463,
    0.012461256235837936,
    0.012909318320453167,
    0.01337575726211071,
    0.013858565129339695,
    0.01435588113963604,
    0.014869187958538532,
    0.015399389900267124,
    0.01594443805515766,
    0.016500256955623627,
    0.017067451030015945
  ],
  "mean_lid_diff": [
    0.007129669189453125,
    -0.008867263793945312,
    -0.018744468688964844,
    -0.03206157684326172,
    -0.054741859436035156,
    -0.07727527618408203,
    -0.11047935485839844,
    -0.15134143829345703,
    -0.2047443389892578,
    -0.2684764862060547,
    -0.3326702117919922,
    -0.4069204330444336,
    -0.4895801544189453,
    -0.5774717330932617,
    -0.67388916015625,
    -0.7769021987915039,
    -0.8862237930297852,
    -1.0003466606140137,
    -1.1212434768676758,
    -1.2519550323486328,
    -1.385725975036621,
    -1.5183539390563965,
    -1.657705307006836,
    -1.8016552925109863,
    -1.9490065574645996,
    -2.098045825958252,
    -2.2510299682617188,
    -2.404904365539551,
    -2.5641250610351562,
    -2.724785327911377,
    -2.8877506256103516,
    -3.04990816116333,
    -3.2125377655029297,
    -3.3744235038757324,
    -3.5423974990844727,
    -3.705972671508789,
    -3.873467445373535,
    -4.041361331939697,
    -4.21322774887085,
    -4.380972862243652,
    -4.549766540527344,
    -4.716341972351074,
    -4.882742881774902,
    -5.046098232269287,
    -5.2079339027404785,
    -5.36299467086792,
    -5.516971588134766,
    -5.669326305389404,
    -5.8190600872039795,
    -5.966996431350708
  ],
  "mean_lid_exact": [
    11.097311019897461,
    9.549288749694824,
    9.05971908569336,
    8.843080520629883,
    8.72189998626709,
    8.65167236328125,
    8.627705574035645,
    8.622525215148926,
    8.635029792785645,
    8.658787727355957,
    8.677685737609863,
    8.706653594970703,
    8.741418838500977,
    8.774191856384277,
    8.806694984436035,
    8.842804908752441,
    8.882826805114746,
    8.91665267944336,
    8.95147705078125,
    8.989729881286621,
    9.023919105529785,
    9.053628921508789,
    9.086265563964844,
    9.11777114868164,
    9.14588451385498,
    9.175178527832031,
    9.202940940856934,
    9.229448318481445,
    9.256117820739746,
    9.282136917114258,
    9.305744171142578,
    9.329793930053711,
    9.354000091552734,
    9.376928329467773,
    9.39945125579834,
    9.420798301696777,
    9.44316291809082,
    9.462104797363281,
    9.482574462890625,
    9.502066612243652,
    9.520282745361328,
    9.53801441192627,
    9.555319786071777,
    9.571693420410156,
    9.587301254272461,
    9.602117538452148,
    9.617133140563965,
    9.63100528717041,
    9.64429759979248,
    9.658988952636719
  ],