{
  "k": [
    10,
    20,
    30,
    40,
    50,
    60,
    70,
    80,
    90,
    100,
    110,
    120,
    130,
    140,
    150,
    160,
    170,
    180,
    190,
    200,
    210,
    220,
    230,
    240,
    250,
    260,
    270,
    280,
    290,
    300,
    310,
    320,
    330,
    340,
    350,
    360,
    370,
    380,
    390,
    400,
    410,
    420,
    430,
    440,
    450,
    460,
    470,
    480,
    490,
    500
  ],
  "mean_overlap": [
    0.9978100000000001,
    0.9973200000000001,
    0.9966166666666668,
    0.995865,
    0.994886,
    0.99385,
    0.9925928571428573,
    0.9912075,
    0.9893222222222222,
    0.9872850000000001,
    0.9848436363636364,
    0.9819391666666667,
    0.9786184615384617,
    0.9749621428571429,
    0.970824,
    0.9662149999999999,
    0.961154705882353,
    0.9558027777777776,
    0.9501294736842104,
    0.944031,
    0.9377038095238096,
    0.9310872727272729,
    0.9242765217391304,
    0.9173291666666666,
    0.9102819999999999,
    0.9031153846153845,
    0.8959566666666667,
    0.8887096428571429,
    0.8814551724137931,
    0.874192,
    0.8669932258064517,
    0.8597103125,
    0.8525627272727273,
    0.8454829411764706,
    0.8383702857142858,
    0.8313897222222222,
    0.824508108108108,
    0.8176686842105263,
    0.8108433333333334,
    0.804071,
    0.7974221951219513,
    0.7908166666666666,
    0.7842586046511627,
    0.7777722727272727,
    0.7713493333333333,
    0.7649739130434782,
    0.7587497872340425,
    0.7525475,
    0.746448163265306,
    0.740391
  ],
  "mean_exact_dist": [
    75.7557601928711,
    82.41719055175781,
    86.97356414794922,
    90.43769073486328,
    93.24092102050781,
    95.60710906982422,
    97.65213775634766,
    99.44281005859375,
    101.0350341796875,
    102.46932220458984,
    103.77336883544922,
    104.96978759765625,
    106.0745849609375,
    107.10177612304688,
    108.06242370605469,
    108.96514129638672,
    109.81694793701172,
    110.62332153320312,
    111.38912200927734,
    112.11869812011719,
    112.81552124023438,
    113.48252868652344,
    114.12222290039062,
    114.73680877685547,
    115.32820129394531,
    115.89817810058594,
    116.44831085205078,
    116.9801025390625,
    117.49473571777344,
    117.9932861328125,
    118.47679901123047,
    118.94615173339844,
    119.40223693847656,
    119.84574890136719,
    120.25579071044922,
    120.67245483398438,
    121.07675170898438,
    121.47167205810547,
    121.90657043457031,
    122.31629943847656,
    122.66910552978516,
    123.06230163574219,
    123.4300765991211,
    123.76090240478516,
    124.04161071777344,
    124.34911346435547,
    124.65617370605469,
    124.99858093261719,
    125.26830291748047,
    125.57894134521484
  ],
  "mean_ann_dist": [
    75.77490997314453,
    82.43781280517578,
    86.99667358398438,
    90.46382904052734,
    93.270751953125,
    95.64105224609375,
    97.69087219238281,
    99.48709869384766,
    101.0859146118164,
    102.52779388427734,
    103.84075927734375,
    105.04751586914062,
    106.16429901123047,
    107.20565032958984,
    108.18270111083984,
    109.1042251586914,
    109.97781372070312,
    110.8090591430664,
    111.60322570800781,
    112.36478424072266,
    113.09764862060547,
    113.80460357666016,
    114.48856353759766,
    115.15184783935547,
    115.79652404785156,
    116.42402648925781,
    117.03583526611328,
    117.63324737548828,
    118.21746063232422,
    118.7894515991211,
    119.35031127929688,
    119.9010009765625,
    120.44237518310547,
    120.97540283203125,
    121.47557067871094,
    121.98943328857422,
    122.49246978759766,
    8.968250811759003e+31,
    8.747933268970466e+31,
    8.54208124896911e+31,
    8.343791301754607e+31,
    1.6326369108577542e+32,
    7.990249166503882e+31,
    7.815755231552346e+31,
    3.06426079327084e+32,
    3.7600092081469275e+32,
    2.217020626655991e+32,
    1.4518155548804205e+32,
    4.279267413044065e+32,
    4.2166338367564215e+32
  ],
  "mean_barycenter_shift": [
    0.00012055113620590419,
    0.00014407718845177442,
    0.0001702648150967434,
    0.00020432203018572181,
    0.000251253426540643,
    0.0002988888300023973,
    0.0003526465152390301,
    0.0004106615961063653,
    0.0004907723632641137,
    0.0005734525038860738,
    0.0006567221716977656,
    0.0007631596527062356,
    0.000879497907590121,
    0.000998975127004087,
    0.0011208646465092897,
    0.0012540043098852038,
    0.0013905939413234591,
    0.0015166689408943057,
    0.001647968078032136,
    0.0017728285165503621,
    0.0019005208741873503,
    0.0020267118234187365,
    0.0021545428317040205,
    0.00229701679199934,
    0.0024327686987817287,
    0.00257076695561409,
    0.0027076597325503826,
    0.002841672860085964,
    0.0029785612132400274,
    0.003114779479801655,
    0.003248929511755705,
    0.0033850029576569796,
    0.0035133541096001863,
    0.0036410538014024496,
    0.003764378372579813,
    0.0038843315560370684,
    0.004001338966190815,
    0.004117280710488558,
    0.004232181701809168,
    0.004345551133155823,
    0.004456010647118092,
    0.004568271338939667,
    0.004681418649852276,
    0.004797987174242735,
    0.004916059784591198,
    0.005035176873207092,
    0.00515194796025753,
    0.0052717034704983234,
    0.005390289705246687,
    0.005514844786375761
  ],
  "mean_lid_diff": [
    0.010927200317382812,
    0.012887954711914062,
    -0.0035238265991210938,
    -0.011793136596679688,
    -0.01940441131591797,
    -0.027637481689453125,
    -0.04129505157470703,
    -0.05615997314453125,
    -0.06806659698486328,
    -0.08111763000488281,
    -0.0996551513671875,
    -0.11758995056152344,
    -0.13971328735351562,
    -0.1659564971923828,
    -0.19161605834960938,
    -0.22396087646484375,
    -0.25525856018066406,
    -0.2918548583984375,
    -0.3332185745239258,
    -0.37978076934814453,
    -0.4291982650756836,
    -0.4776287078857422,
    -0.5327186584472656,
    -0.5854148864746094,
    -0.6418628692626953,
    -0.7036581039428711,
    -0.7628116607666016,
    -0.8280086517333984,
    -0.8934812545776367,
    -0.9607610702514648,
    -1.030055046081543,
    -1.1029977798461914,
    -1.1754522323608398,
    -1.2486419677734375,
    -1.324483871459961,
    -1.4033236503601074,
    -1.4805278778076172,
    -1.5609130859375,
    -1.6429481506347656,
    -1.7257037162780762,
    -1.8120112419128418,
    -1.900038719177246,
    -1.990035057067871,
    -2.081392288208008,
    -2.178309917449951,
    -2.2777175903320312,
    -2.377267360687256,
    -2.4770169258117676,
    -2.5835185050964355,
    -2.6909546852111816
  ],
  "mean_lid_exact": [
    11.115702629089355,
    9.605427742004395,
    9.081850051879883,
    8.856971740722656,
    8.720921516418457,
    8.666452407836914,
    8.658982276916504,
    8.665559768676758,
    8.673294067382812,
    8.69461727142334,
    8.715091705322266,
    8.741226196289062,
    8.777280807495117,
    8.808843612670898,
    8.840350151062012,
    8.873489379882812,
    8.903651237487793,
    8.933878898620605,
    8.96602725982666,
    8.999189376831055,
    9.030266761779785,
    9.061098098754883,
    9.089119911193848,
    9.116296768188477,
    9.144036293029785,
    9.172903060913086,
    9.19870662689209,
    9.223526954650879,
    9.247552871704102,
    9.270556449890137,
    9.293367385864258,
    9.315584182739258,
    9.336917877197266,
    9.355523109436035,
    9.3740816116333,
    9.392428398132324,
    9.408401489257812,
    9.424128532409668,
    9.441798210144043,
    9.456331253051758,
    9.47164249420166,
    9.486541748046875,
    9.501248359680176,
    9.514861106872559,
    9.528167724609375,
    9.540663719177246,
    9.553434371948242,
    9.564435005187988,
    9.577505111694336,
    9.587993621826172
  ],