{
  "k": [
    10,
    20,
    30,
    40,
    50,
    60,
    70,
    80,
    90,
    100,
    110,
    120,
    130,
    140,
    150,
    160,
    170,
    180,
    190,
    200,
    210,
    220,
    230,
    240,
    250,
    260,
    270,
    280,
    290,
    300,
    310,
    320,
    330,
    340,
    350,
    360,
    370,
    380,
    390,
    400,
    410,
    420,
    430,
    440,
    450,
    460,
    470,
    480,
    490,
    500
  ],
  "mean_overlap": [
    0.9958799999999999,
    0.9944099999999999,
    0.9925166666666668,
    0.9897175000000001,
    0.986086,
    0.9811216666666666,
    0.9743571428571429,
    0.9654587500000001,
    0.9551955555555556,
    0.943934,
    0.931400909090909,
    0.9184508333333333,
    0.905022307692308,
    0.8917921428571428,
    0.8782386666666667,
    0.8647174999999999,
    0.8515482352941177,
    0.83868,
    0.8259063157894736,
    0.8132459999999999,
    0.8008309523809525,
    0.7887040909090909,
    0.7769039130434783,
    0.7653933333333335,
    0.7542412000000001,
    0.7434523076923076,
    0.7329248148148149,
    0.7226457142857143,
    0.7126534482758621,
    0.7030033333333333,
    0.6935887096774194,
    0.6843371874999999,
    0.6753190909090909,
    0.6665376470588235,
    0.6580062857142857,
    0.6498008333333333,
    0.6417172972972974,
    0.6337155263157894,
    0.6260541025641025,
    0.6185247500000001,
    0.611230975609756,
    0.6040911904761906,
    0.5971388372093023,
    0.5903477272727274,
    0.5836595555555556,
    0.5771280434782609,
    0.5707748936170214,
    0.5645408333333334,
    0.5584448979591837,
    0.5525242
  ],
  "mean_exact_dist": [
    75.52649688720703,
    82.15322875976562,
    86.68850708007812,
    90.14409637451172,
    92.94852447509766,
    95.31400299072266,
    97.36738586425781,
    99.17621612548828,
    100.787353515625,
    102.23828125,
    103.55816650390625,
    104.76885223388672,
    105.87845611572266,
    106.91574096679688,
    108.00871276855469,
    108.91976928710938,
    109.77779388427734,
    110.58695983886719,
    111.35408020019531,
    112.08135986328125,
    112.80753326416016,
    113.50540161132812,
    114.20230102539062,
    114.8540267944336,
    115.52245330810547,
    116.14086151123047,
    116.675048828125,
    117.16605377197266,
    117.6875,
    118.1385269165039,
    118.67393493652344,
    119.11912536621094,
    119.50745391845703,
    120.00382232666016,
    120.3979721069336,
    120.91523742675781,
    121.47300720214844,
    122.12030792236328,
    122.71463012695312,
    123.3451919555664,
    124.11150360107422,
    124.81616973876953,
    125.52023315429688,
    126.06876373291016,
    126.93694305419922,
    127.7115249633789,
    128.30018615722656,
    129.16517639160156,
    129.8412628173828,
    130.58139038085938
  ],
  "mean_ann_dist": [
    75.55603790283203,
    82.18878173828125,
    86.73262023925781,
    90.19961547851562,
    93.01874542236328,
    95.40383911132812,
    97.48501586914062,
    99.33052825927734,
    100.98941040039062,
    102.50102996826172,
    103.89669036865234,
    105.20027160644531,
    106.4066390991211,
    2.4337520118932234e+32,
    2.2827018565778506e+32,
    109.78294372558594,
    110.79109954833984,
    111.76166534423828,
    112.70056915283203,
    113.6071548461914,
    3.266590293576036e+32,
    3.122515350097643e+32,
    1.4956414369790245e+32,
    4.306499385914508e+32,
    4.144309511098747e+32,
    6.659093789685362e+32,
    5.153040696691554e+32,
    8.738632664140941e+32,
    4.85372226944284e+32,
    8.255272786101768e+32,
    9.227150883581312e+32,
    1.3508985087925583e+33,
    8.818032590835657e+32,
    1.730979061006716e+33,
    1.2786959654862483e+33,
    1.472482789750972e+33,
    2.396633192213402e+33,
    1.457757957211187e+33,
    1.9815751084167506e+33,
    3.248168972078945e+33,
    2.00804567079178e+33,
    3.10502008512119e+33,
    3.694362795288673e+33,
    4.312466566388873e+33,
    3.188243389627238e+33,
    3.1673160132631186e+33,
    4.115728183585483e+33,
    3.2744643659384156e+33,
    3.529791355951084e+33,
    4.3660925814656666e+33
  ],
  "mean_barycenter_shift": [
    0.0002152931410819292,
    0.00027570672682486475,
    0.00037393427919596434,
    0.0005113939987495542,
    0.0006829133490100503,
    0.0009179514599964023,
    0.001237597898580134,
    0.0016139305662363768,
    0.0019828842487186193,
    0.002294685458764434,
    0.0025870022363960743,
    0.0028455324936658144,
    0.0030837960075587034,
    0.003313983092084527,
    0.003557383781298995,
    0.003809400601312518,
    0.004051486030220985,
    0.00429181195795536,
    0.0045393118634819984,
    0.0047837006859481335,
    0.005031859036535025,
    0.005279844626784325,
    0.0055249352008104324,
    0.005766952410340309,
    0.006009165197610855,
    0.006247557699680328,
    0.0064912461675703526,
    0.006726420484483242,
    0.006968657486140728,
    0.007207945920526981,
    0.007451229728758335,
    0.007699455134570599,
    0.007957186549901962,
    0.008216611109673977,
    0.008486815728247166,
    0.008767159655690193,
    0.009062710218131542,
    0.009371480904519558,
    0.009701705537736416,
    0.010049648582935333,
    0.010422558523714542,
    0.010820935480296612,
    0.01124738622456789,
    0.011698789894580841,
    0.012175030075013638,
    0.012678120285272598,
    0.013208530843257904,
    0.01376216858625412,
    0.014339141547679901,
    0.014937606640160084
  ],
  "mean_lid_diff": [
    0.014399528503417969,
    0.0057220458984375,
    -0.029508590698242188,
    -0.05414581298828125,
    -0.0808868408203125,
    -0.12313556671142578,
    -0.1678447723388672,
    -0.2263040542602539,
    -0.28741931915283203,
    -0.3624458312988281,
    -0.44585323333740234,
    -0.5410232543945312,
    -0.6368064880371094,
    -0.7326946258544922,
    -0.8465175628662109,
    -0.9549031257629395,
    -1.066368579864502,
    -1.182436466217041,
    -1.2957701683044434,
    -1.415304183959961,
    -1.537008285522461,
    -1.6625218391418457,
    -1.7874274253845215,
    -1.9180965423583984,
    -2.0499606132507324,
    -2.1850500106811523,
    -2.3271613121032715,
    -2.472536563873291,
    -2.622589111328125,
    -2.7776265144348145,
    -2.9391050338745117,
    -3.1024112701416016,
    -3.270407199859619,
    -3.440279006958008,
    -3.6172409057617188,
    -3.7997050285339355,
    -3.989777088165283,
    -4.190770149230957,
    -4.395805358886719,
    -4.604869842529297,
    -4.812248706817627,
    -5.029191493988037,
    -5.243897914886475,
    -5.463487863540649,
    -5.688748121261597,
    -5.906875133514404,
    -6.122153997421265,
    -6.331017971038818,
    -6.5335564613342285,
    -6.731623888015747
  ],
  "mean_lid_exact": [
    11.1322603225708,
    9.571598052978516,
    9.055542945861816,
    8.813246726989746,
    8.693671226501465,
    8.619119644165039,
    8.584683418273926,
    8.579543113708496,
    8.584785461425781,
    8.60038948059082,
    8.622541427612305,
    8.65090560913086,
    8.676087379455566,
    8.69764232635498,
    8.727734565734863,
    8.756537437438965,
    8.786578178405762,
    8.814403533935547,
    8.840578079223633,
    8.87097454071045,
    8.89892864227295,
    8.92751407623291,
    8.955955505371094,
    8.981940269470215,
    9.005810737609863,
    9.032186508178711,
    9.056473731994629,
    9.080923080444336,
    9.10561752319336,
    9.12928581237793,
    9.152432441711426,
    9.17615795135498,
    9.199926376342773,
    9.220527648925781,
    9.240633964538574,
    9.261253356933594,
    9.280330657958984,
    9.301103591918945,
    9.319037437438965,
    9.337491989135742,
    9.354876518249512,
    9.37236213684082,
    9.388570785522461,
    9.404877662658691,
    9.42121696472168,
    9.43504810333252,
    9.44980239868164,
    9.462868690490723,
    9.47581672668457,
    9.488152503967285
  ],