{
  "k": [
    10,
    20,
    30,
    40,
    50,
    60,
    70,
    80,
    90,
    100,
    110,
    120,
    130,
    140,
    150,
    160,
    170,
    180,
    190,
    200,
    210,
    220,
    230,
    240,
    250,
    260,
    270,
    280,
    290,
    300,
    310,
    320,
    330,
    340,
    350,
    360,
    370,
    380,
    390,
    400,
    410,
    420,
    430,
    440,
    450,
    460,
    470,
    480,
    490,
    500
  ],
  "mean_overlap": [
    0.9877600000000001,
    0.980505,
    0.9684000000000001,
    0.949125,
    0.9262060000000001,
    0.9012833333333332,
    0.8758557142857144,
    0.850115,
    0.8252633333333333,
    0.801056,
    0.7782445454545455,
    0.7563808333333333,
    0.7356084615384616,
    0.7159742857142857,
    0.69747,
    0.67992125,
    0.6632723529411765,
    0.6475883333333333,
    0.6324573684210527,
    0.6180220000000001,
    0.6043390476190476,
    0.5912672727272728,
    0.5787639130434784,
    0.5669474999999999,
    0.5555376000000001,
    0.5447415384615384,
    0.5343774074074074,
    0.5243357142857143,
    0.5146703448275862,
    0.5053543333333333,
    0.4964035483870968,
    0.48778062499999997,
    0.47951909090909095,
    0.47151000000000004,
    0.46383857142857143,
    0.4564063888888889,
    0.4491913513513513,
    0.4421928947368421,
    0.43545538461538463,
    0.4288817499999999,
    0.4226170731707317,
    0.41650119047619044,
    0.4105593023255814,
    0.40483227272727274,
    0.3992357777777778,
    0.3937967391304348,
    0.38854808510638295,
    0.38340520833333336,
    0.3783844897959184,
    0.37356940000000005
  ],
  "mean_exact_dist": [
    75.85939025878906,
    82.40481567382812,
    86.89728546142578,
    90.30349731445312,
    93.06490325927734,
    95.3984146118164,
    97.40972137451172,
    99.17017364501953,
    100.7443618774414,
    102.1819076538086,
    103.54808807373047,
    104.69711303710938,
    105.79121398925781,
    106.78852844238281,
    107.75003814697266,
    108.6764907836914,
    109.49371337890625,
    110.27613830566406,
    111.00502014160156,
    111.93701934814453,
    112.97581481933594,
    114.04814147949219,
    114.85498809814453,
    115.77133178710938,
    116.655029296875,
    117.65241241455078,
    118.64484405517578,
    119.94613647460938,
    120.82736206054688,
    121.13961791992188,
    122.53658294677734,
    123.7842788696289,
    125.26477813720703,
    126.32884979248047,
    128.15158081054688,
    129.9761199951172,
    131.6195831298828,
    132.94955444335938,
    133.8587188720703,
    136.32241821289062,
    138.5484161376953,
    142.89990234375,
    145.6031494140625,
    145.96685791015625,
    148.59165954589844,
    152.50909423828125,
    154.15977478027344,
    154.77386474609375,
    158.02438354492188,
    162.64816284179688
  ],
  "mean_ann_dist": [
    75.95970916748047,
    82.53514099121094,
    87.07969665527344,
    90.57280731201172,
    93.4700698852539,
    95.9811782836914,
    98.20732879638672,
    1.7017520703917127e+33,
    3.7835633385319055e+32,
    103.85073852539062,
    1.2446091317620204e+33,
    8.57048017375471e+32,
    2.6399964975726593e+32,
    9.83446569775413e+32,
    1.1557718465490656e+33,
    2.615142452775179e+33,
    2.2779091717157573e+33,
    2.587486562812534e+33,
    4.2435235192060015e+33,
    7.159079666679652e+33,
    7.615323087128299e+33,
    7.43088178170515e+33,
    9.388808366808928e+33,
    8.97973665155725e+33,
    1.0064898177804284e+34,
    1.2177561697088557e+34,
    1.5473223000834647e+34,
    1.420987919400309e+34,
    1.3262855063949775e+34,
    1.2161629408782954e+34,
    1.4509459445570114e+34,
    1.6166842042786284e+34,
    1.7086923645824593e+34,
    1.4285573037705196e+34,
    1.7378583557020268e+34,
    1.3391670152677655e+34,
    1.6698138672966705e+34,
    2.2367714648067736e+34,
    1.9937862418097646e+34,
    1.6495682245121856e+34,
    1.8634609900279608e+34,
    1.7845727658484842e+34,
    1.0900196981372055e+34,
    1.892861199402961e+34,
    1.3443252638234598e+34,
    1.2329070702616616e+34,
    9.653400100075608e+33,
    1.2222784884663691e+34,
    1.560570239207881e+34,
    2.796841287732297e+34
  ],
  "mean_barycenter_shift": [
    0.000659727375023067,
    0.001034214161336422,
    0.0016486862441524863,
    0.0026965320575982332,
    0.0036351389717310667,
    0.004316640552133322,
    0.004858324769884348,
    0.005322469864040613,
    0.005758223123848438,
    0.006195894908159971,
    0.006627995986491442,
    0.007069319020956755,
    0.007499495521187782,
    0.007928946986794472,
    0.008382373489439487,
    0.008862143382430077,
    0.00937667302787304,
    0.009914078749716282,
    0.010500993579626083,
    0.011154846288263798,
    0.01190111692994833,
    0.012738020159304142,
    0.013685840182006359,
    0.014738962054252625,
    0.015904633328318596,
    0.017170589417219162,
    0.018543846905231476,
    0.020012032240629196,
    0.021572481840848923,
    0.023203449323773384,
    0.024890372529625893,
    0.02661680243909359,
    0.028377512469887733,
    0.030161431059241295,
    0.03195795789361,
    0.033753108233213425,
    0.03553517907857895,
    0.03729384019970894,
    0.03902445733547211,
    0.04072265699505806,
    0.04238201677799225,
    0.043997906148433685,
    0.04556573927402496,
    0.04708246886730194,
    0.04854557290673256,
    0.049953896552324295,
    0.05130920931696892,
    0.052609797567129135,
    0.053856879472732544,
    0.05505293607711792
  ],
  "mean_lid_diff": [
    0.0026454925537109375,
    -0.071014404296875,
    -0.18683528900146484,
    -0.3248939514160156,
    -0.46851634979248047,
    -0.6338319778442383,
    -0.822934627532959,
    -1.029719352722168,
    -1.230386734008789,
    -1.4360089302062988,
    -1.6447267532348633,
    -1.8434181213378906,
    -2.0535154342651367,
    -2.272277355194092,
    -2.501556873321533,
    -2.7313385009765625,
    -2.9857068061828613,
    -3.2533392906188965,
    -3.544344902038574,
    -3.84158992767334,
    -4.1540374755859375,
    -4.486898422241211,
    -4.8366875648498535,
    -5.189863204956055,
    -5.5492918491363525,
    -5.9041948318481445,
    -6.25417685508728,
    -6.587726354598999,
    -6.902928113937378,
    -7.199511766433716,
    -7.480130195617676,
    -7.74333119392395,
    -7.984228014945984,
    -8.200123190879822,
    -8.394622087478638,
    -8.564838826656342,
    -8.718491971492767,
    -8.864147067070007,
    -8.985884994268417,
    -9.084551125764847,
    -9.166589677333832,
    -9.235969215631485,
    -9.293582543730736,
    -9.345317721366882,
    -9.387029945850372,
    -9.420278429985046,
    -9.4486845433712,
    -9.478186264634132,
    -9.501317523419857,
    -9.52062164992094
  ],
  "mean_lid_exact": [
    11.081929206848145,
    9.589584350585938,
    9.098677635192871,
    8.87187385559082,
    8.75511360168457,
    8.706165313720703,
    8.695828437805176,
    8.705862998962402,
    8.718581199645996,
    8.733996391296387,
    8.756845474243164,
    8.775971412658691,
    8.805023193359375,
    8.835185050964355,
    8.86732006072998,
    8.897375106811523,
    8.93073558807373,
    8.961284637451172,
    8.996330261230469,
    9.0286226272583,
    9.059356689453125,
    9.089195251464844,
    9.117877006530762,
    9.1492919921875,
    9.176535606384277,
    9.201735496520996,
    9.228631973266602,
    9.255193710327148,
    9.279930114746094,
    9.304330825805664,
    9.32701301574707,
    9.348457336425781,
    9.369470596313477,
    9.390238761901855,
    9.409079551696777,
    9.426918983459473,
    9.444540977478027,
    9.462788581848145,
    9.47822380065918,
    9.494006156921387,
    9.510287284851074,
    9.525247573852539,
    9.540115356445312,
    9.554123878479004,
    9.56879997253418,
    9.581286430358887,
    9.593689918518066,
    9.606345176696777,
    9.617822647094727,
    9.62902545928955
  ],