{
  "k": [
    10,
    20,
    30,
    40,
    50,
    60,
    70,
    80,
    90,
    100,
    110,
    120,
    130,
    140,
    150,
    160,
    170,
    180,
    190,
    200,
    210,
    220,
    230,
    240,
    250,
    260,
    270,
    280,
    290,
    300,
    310,
    320,
    330,
    340,
    350,
    360,
    370,
    380,
    390,
    400,
    410,
    420,
    430,
    440,
    450,
    460,
    470,
    480,
    490,
    500
  ],
  "mean_overlap": [
    0.9837400000000002,
    0.9728449999999998,
    0.9531266666666668,
    0.9245999999999999,
    0.8931600000000001,
    0.8613666666666666,
    0.8300257142857143,
    0.800095,
    0.771808888888889,
    0.745194,
    0.7204345454545455,
    0.6972983333333334,
    0.6756923076923077,
    0.6553057142857144,
    0.6364633333333333,
    0.6185256249999999,
    0.6015758823529412,
    0.5857922222222224,
    0.5708221052631579,
    0.5565114999999999,
    0.5431442857142857,
    0.5302668181818181,
    0.5181669565217392,
    0.50656125,
    0.49555479999999996,
    0.4850580769230769,
    0.4750337037037037,
    0.46545642857142855,
    0.45627896551724134,
    0.44748533333333335,
    0.43903000000000003,
    0.4308434375,
    0.4230348484848485,
    0.4155091176470588,
    0.4082605714285714,
    0.4013280555555556,
    0.3946513513513513,
    0.38817789473684206,
    0.3819628205128205,
    0.37589525,
    0.37003951219512193,
    0.36436833333333335,
    0.35889255813953486,
    0.3535879545454545,
    0.34842777777777784,
    0.34343065217391305,
    0.3385985106382979,
    0.33387333333333336,
    0.32929938775510204,
    0.3248382
  ],
  "mean_exact_dist": [
    75.7557601928711,
    82.41719055175781,
    86.97356414794922,
    90.43769073486328,
    93.24092102050781,
    95.60710906982422,
    97.65420532226562,
    99.4134521484375,
    100.98873901367188,
    102.43408966064453,
    103.70602416992188,
    104.84652709960938,
    105.94577026367188,
    106.98886108398438,
    107.9934310913086,
    108.95074462890625,
    109.70976257324219,
    110.45989227294922,
    111.25774383544922,
    112.10432434082031,
    112.78012084960938,
    113.72240447998047,
    114.53839111328125,
    115.69506072998047,
    117.36219024658203,
    118.97008514404297,
    120.67303466796875,
    122.76776123046875,
    124.65139770507812,
    126.55267333984375,
    128.6562042236328,
    131.49203491210938,
    133.40673828125,
    135.90277099609375,
    137.0900421142578,
    139.82896423339844,
    141.24790954589844,
    142.14962768554688,
    141.19618225097656,
    140.66647338867188,
    139.807373046875,
    139.56961059570312,
    140.12240600585938,
    142.8444061279297,
    145.6560821533203,
    150.98214721679688,
    149.8279266357422,
    157.11611938476562,
    157.95143127441406,
    161.99412536621094
  ],
  "mean_ann_dist": [
    75.88992309570312,
    82.59378814697266,
    87.24130249023438,
    90.86668395996094,
    93.9062728881836,
    96.57862854003906,
    98.97542572021484,
    101.1274642944336,
    3.78735336933343e+32,
    1.02432977168657e+33,
    2.811398967418277e+33,
    3.179668488460118e+33,
    4.039023561841302e+33,
    3.296916265460915e+33,
    6.518125688849313e+33,
    6.739828370484932e+33,
    8.117583833687281e+33,
    8.642344759430295e+33,
    8.824635763005205e+33,
    1.2003688066810768e+34,
    1.2009619037538985e+34,
    1.2193809660104178e+34,
    1.455558137761377e+34,
    1.7448748760506924e+34,
    1.7285112894354026e+34,
    1.8901678132594879e+34,
    1.8739228212999615e+34,
    2.364714053394965e+34,
    2.4079775818879103e+34,
    2.786769655160679e+34,
    2.9569700697539e+34,
    2.6830503344972004e+34,
    2.4314566002610047e+34,
    1.645200648259583e+34,
    2.117390964706296e+34,
    3.0846625944541556e+34,
    1.6374159861165407e+34,
    2.517413214476793e+34,
    1.3562468739897859e+34,
    1.126762748855227e+34,
    1.2867548622964932e+34,
    2.3597944796788447e+34,
    9.891928243755174e+33,
    152.5128936767578,
    1.3748781191690387e+34,
    1.6438760524175475e+34,
    3.8105527525259004e+34,
    2.625635418239168e+34,
    167.91400146484375,
    172.28627014160156
  ],
  "mean_barycenter_shift": [
    0.0009209411800839007,
    0.0014703091001138091,
    0.002598437247797847,
    0.003963145427405834,
    0.004951024428009987,
    0.0056714643724262714,
    0.00623107235878706,
    0.006719541270285845,
    0.007157576736062765,
    0.007581707555800676,
    0.008030782453715801,
    0.008507986553013325,
    0.009028647094964981,
    0.009582551196217537,
    0.010179328732192516,
    0.010812301188707352,
    0.011500833556056023,
    0.012239391915500164,
    0.013025066815316677,
    0.013869892805814743,
    0.014774172566831112,
    0.01574462652206421,
    0.016764173284173012,
    0.017848238348960876,
    0.018986910581588745,
    0.020189352333545685,
    0.021438265219330788,
    0.02272229641675949,
    0.02403399907052517,
    0.025361889973282814,
    0.02669345773756504,
    0.028013458475470543,
    0.029314862564206123,
    0.03059190697968006,
    0.03183336928486824,
    0.033036552369594574,
    0.034196555614471436,
    0.03531152009963989,
    0.03637777641415596,
    0.037397876381874084,
    0.038372721523046494,
    0.03930134326219559,
    0.04018573462963104,
    0.041026659309864044,
    0.04182868078351021,
    0.04259032756090164,
    0.04331519827246666,
    0.04400577023625374,
    0.044663868844509125,
    0.04529065266251564
  ],
  "mean_lid_diff": [
    0.03072834014892578,
    -0.1161203384399414,
    -0.2739534378051758,
    -0.49109935760498047,
    -0.7136898040771484,
    -0.9421539306640625,
    -1.1895442008972168,
    -1.4424290657043457,
    -1.6881723403930664,
    -1.9392623901367188,
    -2.1993699073791504,
    -2.4755334854125977,
    -2.761845588684082,
    -3.0569119453430176,
    -3.3633246421813965,
    -3.685582160949707,
    -4.015050411224365,
    -4.358468532562256,
    -4.723006725311279,
    -5.098771095275879,
    -5.47027850151062,
    -5.849870443344116,
    -6.228071689605713,
    -6.600355386734009,
    -6.96866250038147,
    -7.301326155662537,
    -7.603169798851013,
    -7.887347221374512,
    -8.143076539039612,
    -8.357507824897766,
    -8.548049569129944,
    -8.710975229740143,
    -8.84348452091217,
    -8.95175713300705,
    -9.047641515731812,
    -9.120936095714569,
    -9.180049508810043,
    -9.234299466013908,
    -9.276691272854805,
    -9.31070439517498,
    -9.337807580828667,
    -9.365092746913433,
    -9.388355001807213,
    -9.40701611340046,
    -9.425364516675472,
    -9.441082626581192,
    -9.457474328577518,
    -9.471026420593262,
    -9.484514780342579,
    -9.49535085260868
  ],
  "mean_lid_exact": [
    11.115702629089355,
    9.605427742004395,
    9.081850051879883,
    8.856971740722656,
    8.720921516418457,
    8.666452407836914,
    8.658982276916504,
    8.665559768676758,
    8.673294067382812,
    8.69461727142334,
    8.715091705322266,
    8.741226196289062,
    8.777280807495117,
    8.808843612670898,
    8.840350151062012,
    8.873489379882812,
    8.903651237487793,
    8.933878898620605,
    8.96602725982666,
    8.999189376831055,
    9.030266761779785,
    9.061098098754883,
    9.089119911193848,
    9.116296768188477,
    9.144036293029785,
    9.172903060913086,
    9.19870662689209,
    9.223526954650879,
    9.247552871704102,
    9.270556449890137,
    9.293367385864258,
    9.315584182739258,
    9.336917877197266,
    9.355523109436035,
    9.3740816116333,
    9.392428398132324,
    9.408401489257812,
    9.424128532409668,
    9.441798210144043,
    9.456331253051758,
    9.47164249420166,
    9.486541748046875,
    9.501248359680176,
    9.514861106872559,
    9.528167724609375,
    9.540663719177246,
    9.553434371948242,
    9.564435005187988,
    9.577505111694336,
    9.587993621826172
  ],