{
  "alpha": 0.25,
  "k": [
    10,
    20,
    30,
    40,
    50,
    60,
    70,
    80,
    90,
    100,
    110,
    120,
    130,
    140,
    150,
    160,
    170,
    180,
    190,
    200,
    210,
    220,
    230,
    240,
    250,
    260,
    270,
    280,
    290,
    300,
    310,
    320,
    330,
    340,
    350,
    360,
    370,
    380,
    390,
    400,
    410,
    420,
    430,
    440,
    450,
    460,
    470,
    480,
    490,
    500
  ],
  "mean_overlap": [
    0.7287,
    0.8035050000000001,
    0.79818,
    0.8136075,
    0.805188,
    0.8137933333333335,
    0.8067842857142858,
    0.812525,
    0.8069733333333333,
    0.811604,
    0.8074936363636364,
    0.8122433333333333,
    0.8083484615384615,
    0.8126335714285715,
    0.8099993333333332,
    0.81367875,
    0.811234705882353,
    0.8148094444444443,
    0.8127142105263158,
    0.8161579999999999,
    0.8143433333333334,
    0.8175636363636364,
    0.8158852173913043,
    0.8189045833333334,
    0.8177312,
    0.8208453846153847,
    0.8194496296296296,
    0.822,
    0.8207824137931035,
    0.8231853333333332,
    0.8220648387096775,
    0.8244081250000002,
    0.8232887878787879,
    0.8254179411764706,
    0.8244034285714286,
    0.8262922222222222,
    0.8253740540540541,
    0.827105,
    0.8260835897435898,
    0.8278684999999999,
    0.826919268292683,
    0.8286080952380951,
    0.8276897674418604,
    0.8291897727272728,
    0.8283095555555555,
    0.8297610869565216,
    0.8289144680851065,
    0.8302731250000001,
    0.8294091836734695,
    0.8307705999999998
  ],
  "mean_exact_dist": [
    76.3860092163086,
    83.12767028808594,
    87.71074676513672,
    91.2096176147461,
    94.04851531982422,
    96.42997741699219,
    98.47911071777344,
    100.25801849365234,
    101.86175537109375,
    103.29212188720703,
    104.5902099609375,
    105.78133392333984,
    106.87775421142578,
    107.9223403930664,
    108.85187530517578,
    109.75431060791016,
    110.60527801513672,
    111.45336151123047,
    112.1907958984375,
    112.91529083251953,
    113.59938049316406,
    114.2517318725586,
    114.86482238769531,
    115.44921875,
    116.03621673583984,
    116.59773254394531,
    117.14258575439453,
    117.6795425415039,
    118.18942260742188,
    118.69835662841797,
    119.17819213867188,
    119.65006256103516,
    120.10272216796875,
    120.54293823242188,
    120.97132873535156,
    121.38851165771484,
    121.79499053955078,
    122.1912841796875,
    122.57788848876953,
    122.95525360107422,
    123.32865905761719,
    123.68392181396484,
    124.03596496582031,
    124.38028717041016,
    124.71717834472656,
    125.04698944091797,
    125.3699722290039,
    125.6864242553711,
    125.99659729003906,
    126.30072784423828
  ],
  "mean_ann_dist": [
    1.0208470130770465e+34,
    1.7014117916234142e+33,
    89.51683807373047,
    92.78048706054688,
    95.7204360961914,
    97.95388793945312,
    4.861176215904387e+32,
    101.73300170898438,
    103.39739990234375,
    3.402823660618081e+32,
    106.09890747070312,
    1.418410497290016e+33,
    1.8341236061099542e+33,
    109.35926818847656,
    110.3365478515625,
    111.19462585449219,
    1.2054567247682893e+33,
    3.801442674405547e+32,
    113.63957214355469,
    114.31745147705078,
    115.03028106689453,
    115.6514892578125,
    116.30039978027344,
    116.85974884033203,
    1.3641304243305912e+32,
    117.99937438964844,
    118.56629943847656,
    119.07413482666016,
    119.60490417480469,
    120.08821105957031,
    120.58939361572266,
    121.03694915771484,
    121.51013946533203,
    121.92512512207031,
    122.37202453613281,
    122.76981353759766,
    123.19439697265625,
    123.57154846191406,
    123.9771728515625,
    124.33470153808594,
    124.7243881225586,
    125.06275177001953,
    125.43074798583984,
    125.75853729248047,
    126.11082458496094,
    126.42621612548828,
    126.76515197753906,
    7.089215476050674e+31,
    127.3927001953125,
    127.68295288085938
  ],
  "mean_barycenter_shift": [
    0.021094882860779762,
    0.012297933921217918,
    0.010543955489993095,
    0.008735802955925465,
    0.008174054324626923,
    0.007214729208499193,
    0.006902010180056095,
    0.006316334009170532,
    0.0061422777362167835,
    0.005741091910749674,
    0.0056298463605344296,
    0.005333384498953819,
    0.005275356583297253,
    0.00504244863986969,
    0.004991096444427967,
    0.004803882911801338,
    0.004780114162713289,
    0.00462760915979743,
    0.004618386272341013,
    0.004498261492699385,
    0.004500248935073614,
    0.004381503909826279,
    0.004379549063742161,
    0.004276105668395758,
    0.004266449250280857,
    0.004175228998064995,
    0.004190686158835888,
    0.0041283811442554,
    0.004146155435591936,
    0.00408809632062912,
    0.004098864272236824,
    0.0040368917398154736,
    0.004043343011289835,
    0.003981365822255611,
    0.003986946772783995,
    0.003926339093595743,
    0.003923016134649515,
    0.0038658163975924253,
    0.0038644038140773773,
    0.003802215913310647,
    0.0037924491334706545,
    0.003730538534000516,
    0.003719350788742304,
    0.0036630474496632814,
    0.0036527877673506737,
    0.003596511436626315,
    0.003586617996916175,
    0.0035332515835762024,
    0.003521393518894911,
    0.0034741165582090616
  ],
  "mean_lid_diff": [
    -0.8396186828613281,
    -1.1842737197875977,
    -1.3740310668945312,
    -1.2684311866760254,
    -1.3380012512207031,
    -1.290372371673584,
    -1.3480544090270996,
    -1.3119382858276367,
    -1.3516793251037598,
    -1.332664966583252,
    -1.377110481262207,
    -1.355405330657959,
    -1.3936638832092285,
    -1.3688664436340332,
    -1.4056248664855957,
    -1.3855633735656738,
    -1.421621322631836,
    -1.405573844909668,
    -1.4400062561035156,
    -1.4171643257141113,
    -1.4403533935546875,
    -1.4152555465698242,
    -1.440197467803955,
    -1.4146838188171387,
    -1.4354348182678223,
    -1.4134540557861328,
    -1.4331130981445312,
    -1.414869785308838,
    -1.4362988471984863,
    -1.4193801879882812,
    -1.4364972114562988,
    -1.4194464683532715,
    -1.43440580368042,
    -1.4210844039916992,
    -1.4392499923706055,
    -1.4291086196899414,
    -1.446476936340332,
    -1.436802864074707,
    -1.4526548385620117,
    -1.441634178161621,
    -1.4579334259033203,
    -1.4493389129638672,
    -1.4659461975097656,
    -1.457406997680664,
    -1.4754180908203125,
    -1.4666938781738281,
    -1.4805641174316406,
    -1.4737234115600586,
    -1.4896039962768555,
    -1.482253074645996
  ],
  "mean_lid_exact": [
    10.996475219726562,
    9.567937850952148,
    9.092788696289062,
    8.86896800994873,
    8.756924629211426,
    8.703058242797852,
    8.683945655822754,
    8.690606117248535,
    8.695237159729004,
    8.72542667388916,
    8.754201889038086,
    8.788507461547852,
    8.818124771118164,
    8.854358673095703,
    8.888816833496094,
    8.924312591552734,
    8.95751953125,
    8.991827964782715,
    9.029470443725586,
    9.06154727935791,
    9.091219902038574,
    9.119490623474121,
    9.149149894714355,
    9.176682472229004,
    9.205205917358398,
    9.235150337219238,
    9.261761665344238,
    9.286431312561035,
    9.312701225280762,
    9.336847305297852,
    9.361105918884277,
    9.382407188415527,
    9.403413772583008,
    9.423199653625488,
    9.443562507629395,
    9.462357521057129,
    9.483094215393066,
    9.501259803771973,
    9.518342018127441,
    9.535828590393066,
    9.55195426940918,
    9.568601608276367,
    9.583741188049316,
    9.599356651306152,
    9.61565113067627,
    9.629172325134277,
    9.641616821289062,
    9.65477180480957,
    9.667396545410156,
    9.67839241027832
  ],