{
  "alpha": 0.5,
  "k": [
    10,
    20,
    30,
    40,
    50,
    60,
    70,
    80,
    90,
    100,
    110,
    120,
    130,
    140,
    150,
    160,
    170,
    180,
    190,
    200,
    210,
    220,
    230,
    240,
    250,
    260,
    270,
    280,
    290,
    300,
    310,
    320,
    330,
    340,
    350,
    360,
    370,
    380,
    390,
    400,
    410,
    420,
    430,
    440,
    450,
    460,
    470,
    480,
    490,
    500
  ],
  "mean_overlap": [
    0.99305,
    0.989765,
    0.9851,
    0.9773699999999999,
    0.9654200000000001,
    0.9496233333333334,
    0.9439257142857143,
    0.94524625,
    0.9463933333333334,
    0.947451,
    0.9487136363636364,
    0.94965,
    0.9507476923076923,
    0.9515671428571428,
    0.9523520000000001,
    0.953058125,
    0.9538482352941177,
    0.9545355555555554,
    0.9550784210526315,
    0.9556720000000001,
    0.9562719047619048,
    0.9568504545454544,
    0.9573682608695652,
    0.9578112499999999,
    0.95834,
    0.9587388461538461,
    0.9590744444444445,
    0.9594182142857142,
    0.9596486206896552,
    0.9599543333333334,
    0.9601896774193549,
    0.9604387500000001,
    0.9607175757575759,
    0.9609626470588235,
    0.9611942857142858,
    0.9615180555555555,
    0.9616637837837838,
    0.9619131578947369,
    0.962107435897436,
    0.9622122500000001,
    0.9624014634146343,
    0.9626138095238094,
    0.9626962790697673,
    0.9627868181818181,
    0.9629271111111111,
    0.9630497826086956,
    0.9631361702127659,
    0.9632177083333334,
    0.9632865306122449,
    0.9633997999999999
  ],
  "mean_exact_dist": [
    74.93516540527344,
    81.4910659790039,
    86.0159683227539,
    89.47679901123047,
    92.28780364990234,
    94.65686798095703,
    96.70157623291016,
    98.50007629394531,
    100.10346221923828,
    101.55014038085938,
    102.86760711669922,
    104.07740020751953,
    105.19613647460938,
    106.23680114746094,
    107.21001434326172,
    108.12378692626953,
    108.98538970947266,
    109.80055236816406,
    110.57424926757812,
    111.31069946289062,
    112.01377868652344,
    112.6866226196289,
    113.3319091796875,
    113.95195007324219,
    114.54869079589844,
    115.12398529052734,
    115.67931365966797,
    116.21604919433594,
    116.73539733886719,
    117.23832702636719,
    117.72586059570312,
    118.19886016845703,
    118.658203125,
    119.1046371459961,
    119.53884887695312,
    119.96144104003906,
    120.373046875,
    120.77421569824219,
    121.1654281616211,
    121.54708862304688,
    121.91966247558594,
    122.28348541259766,
    122.63902282714844,
    122.98658752441406,
    123.32649993896484,
    123.65907287597656,
    123.98464965820312,
    124.30341339111328,
    124.61566162109375,
    124.92162322998047
  ],
  "mean_ann_dist": [
    74.98905181884766,
    81.55901336669922,
    86.10482788085938,
    89.5971908569336,
    92.45806884765625,
    94.90119934082031,
    96.97383117675781,
    98.7587661743164,
    100.3522720336914,
    101.78922271728516,
    103.09529113769531,
    104.29634094238281,
    105.4062728881836,
    106.44104766845703,
    107.40948486328125,
    108.3189468383789,
    109.17573547363281,
    109.98778533935547,
    110.75857543945312,
    111.48896026611328,
    112.18936157226562,
    112.86019897460938,
    113.50292205810547,
    114.1215591430664,
    114.71661376953125,
    115.29039764404297,
    115.84443664550781,
    116.3800277709961,
    116.89818572998047,
    117.39987182617188,
    117.88642120361328,
    118.3580093383789,
    118.81629943847656,
    119.2613754272461,
    119.6947021484375,
    120.11564636230469,
    120.52574920654297,
    120.92517852783203,
    121.31529998779297,
    121.6958999633789,
    122.06712341308594,
    122.43025207519531,
    122.78522491455078,
    123.13224792480469,
    123.47126007080078,
    123.80286407470703,
    124.12781524658203,
    124.44615173339844,
    124.75807189941406,
    125.06375885009766
  ],
  "mean_barycenter_shift": [
    0.0003729567979462445,
    0.0005255896830931306,
    0.0007555142510682344,
    0.0011654499685391784,
    0.001845593098551035,
    0.002563891699537635,
    0.002690513152629137,
    0.002514030784368515,
    0.0023614440578967333,
    0.002233134349808097,
    0.0021141404286026955,
    0.0020221800077706575,
    0.0019274299265816808,
    0.0018517463468015194,
    0.0017838487401604652,
    0.001722220447845757,
    0.0016692420467734337,
    0.0016151538584381342,
    0.0015744558768346906,
    0.0015311978058889508,
    0.0014947507297620177,
    0.001459253835491836,
    0.0014242454199120402,
    0.0013940284261479974,
    0.0013630044413730502,
    0.0013362468453124166,
    0.0013161571696400642,
    0.0012964926427230239,
    0.0012764178682118654,
    0.0012526066275313497,
    0.0012392414500936866,
    0.0012227479601278901,
    0.0012062289752066135,
    0.0011926761362701654,
    0.0011796331964433193,
    0.0011633009416982532,
    0.0011494080536067486,
    0.0011315164156258106,
    0.0011150840437039733,
    0.0011022166581824422,
    0.0010858774185180664,
    0.001071777194738388,
    0.0010604497510939837,
    0.0010506772669032216,
    0.0010428264504298568,
    0.001031919033266604,
    0.001022609299980104,
    0.0010140687227249146,
    0.001003445009700954,
    0.0009943899931386113
  ],
  "mean_lid_diff": [
    0.019575119018554688,
    -0.031195640563964844,
    -0.09327316284179688,
    -0.16071796417236328,
    -0.25084400177001953,
    -0.33767127990722656,
    -0.37238216400146484,
    -0.363800048828125,
    -0.353485107421875,
    -0.3410520553588867,
    -0.33775997161865234,
    -0.3266153335571289,
    -0.32236671447753906,
    -0.31454944610595703,
    -0.31059837341308594,
    -0.3083620071411133,
    -0.3012065887451172,
    -0.2985258102416992,
    -0.29558372497558594,
    -0.2934398651123047,
    -0.2895841598510742,
    -0.28736114501953125,
    -0.2857522964477539,
    -0.28378868103027344,
    -0.28330230712890625,
    -0.27968406677246094,
    -0.2770957946777344,
    -0.27369213104248047,
    -0.2729654312133789,
    -0.27333545684814453,
    -0.27166080474853516,
    -0.2713756561279297,
    -0.26798534393310547,
    -0.26641273498535156,
    -0.26576709747314453,
    -0.26372241973876953,
    -0.2627725601196289,
    -0.26147937774658203,
    -0.26154422760009766,
    -0.2593727111816406,
    -0.2600736618041992,
    -0.2568178176879883,
    -0.25637149810791016,
    -0.25644779205322266,
    -0.25638580322265625,
    -0.2546834945678711,
    -0.25244998931884766,
    -0.2514810562133789,
    -0.2520132064819336,
    -0.25194454193115234
  ],
  "mean_lid_exact": [
    11.09469223022461,
    9.545917510986328,
    9.058534622192383,
    8.783001899719238,
    8.65365982055664,
    8.573585510253906,
    8.540382385253906,
    8.526015281677246,
    8.528909683227539,
    8.543625831604004,
    8.566545486450195,
    8.588101387023926,
    8.616583824157715,
    8.643595695495605,
    8.675383567810059,
    8.709178924560547,
    8.7406005859375,
    8.773618698120117,
    8.805899620056152,
    8.837300300598145,
    8.867600440979004,
    8.89920711517334,
    8.929143905639648,
    8.957993507385254,
    8.986777305603027,
    9.013835906982422,
    9.040810585021973,
    9.066048622131348,
    9.092368125915527,
    9.118513107299805,
    9.141432762145996,
    9.165904998779297,
    9.188210487365723,
    9.209929466247559,
    9.230238914489746,
    9.25136661529541,
    9.272289276123047,
    9.291553497314453,
    9.310997009277344,
    9.328320503234863,
    9.348238945007324,
    9.364509582519531,
    9.381742477416992,
    9.39902114868164,
    9.415090560913086,
    9.429563522338867,
    9.444345474243164,
    9.458879470825195,
    9.474642753601074,
    9.488367080688477
  ],