{
  "k": [
    10,
    20,
    30,
    40,
    50,
    60,
    70,
    80,
    90,
    100,
    110,
    120,
    130,
    140,
    150,
    160,
    170,
    180,
    190,
    200,
    210,
    220,
    230,
    240,
    250,
    260,
    270,
    280,
    290,
    300,
    310,
    320,
    330,
    340,
    350,
    360,
    370,
    380,
    390,
    400,
    410,
    420,
    430,
    440,
    450,
    460,
    470,
    480,
    490,
    500
  ],
  "mean_overlap": [
    0.9915699999999998,
    0.988535,
    0.9846533333333333,
    0.9797925,
    0.9736060000000001,
    0.9659183333333332,
    0.9557728571428572,
    0.944055,
    0.931147777777778,
    0.917284,
    0.9029072727272727,
    0.8881383333333334,
    0.8730484615384616,
    0.8578842857142858,
    0.8430473333333334,
    0.82823375,
    0.8135300000000001,
    0.799245,
    0.7851694736842106,
    0.771363,
    0.7579295238095239,
    0.7446477272727273,
    0.731894347826087,
    0.7194929166666667,
    0.7074351999999999,
    0.6956023076923077,
    0.6842540740740741,
    0.6731814285714286,
    0.6624720689655172,
    0.6520703333333333,
    0.641889677419355,
    0.6320743750000001,
    0.6224833333333333,
    0.6132958823529411,
    0.6043582857142857,
    0.5956136111111111,
    0.5871654054054054,
    0.5790226315789473,
    0.5710674358974358,
    0.5631944999999999,
    0.5556175609756098,
    0.5482090476190477,
    0.5410311627906976,
    0.534020909090909,
    0.5270993333333333,
    0.5203945652173912,
    0.5138778723404255,
    0.5074872916666667,
    0.5013404081632653,
    0.4953
  ],
  "mean_exact_dist": [
    75.7557601928711,
    82.41719055175781,
    86.97356414794922,
    90.43769073486328,
    93.24092102050781,
    95.60710906982422,
    97.65213775634766,
    99.44281005859375,
    101.0350341796875,
    102.46932220458984,
    103.77336883544922,
    104.96978759765625,
    106.09873962402344,
    107.20552062988281,
    108.14208984375,
    109.02440643310547,
    109.87511444091797,
    110.67415618896484,
    111.55320739746094,
    112.3873062133789,
    113.11722564697266,
    113.83836364746094,
    114.53643035888672,
    115.1346435546875,
    115.78296661376953,
    116.4645004272461,
    117.12610626220703,
    117.79065704345703,
    118.37006378173828,
    119.06741333007812,
    119.97138977050781,
    120.8189697265625,
    121.91831970214844,
    123.003662109375,
    123.97045135498047,
    125.00562286376953,
    125.73592376708984,
    126.82828521728516,
    127.60327911376953,
    128.5590362548828,
    129.7069854736328,
    130.17552185058594,
    131.20074462890625,
    132.45762634277344,
    133.2581024169922,
    133.8616180419922,
    134.1336669921875,
    134.52586364746094,
    134.8087921142578,
    134.98419189453125
  ],
  "mean_ann_dist": [
    75.8350601196289,
    82.50493621826172,
    87.07816314697266,
    90.5634536743164,
    93.39361572265625,
    95.7939224243164,
    97.8838882446289,
    99.73381042480469,
    101.40077209472656,
    102.92469024658203,
    104.33574676513672,
    105.66202545166016,
    2.097611096861592e+33,
    108.12342834472656,
    4.5718440962100834e+32,
    2.1449970817422365e+32,
    4.038456353189552e+32,
    1.909167376548929e+32,
    5.440339499871331e+32,
    3.457802512044056e+32,
    4.948769758234122e+32,
    7.903617348842167e+32,
    1.2154352178262015e+33,
    1.1728616087914003e+33,
    1.7040742911629072e+33,
    1.525705855344978e+33,
    3.403286263336511e+33,
    2.5491927446072997e+33,
    3.5826591327538155e+33,
    4.8692604285884353e+33,
    4.2077046526243085e+33,
    5.816611065327113e+33,
    4.018544938741424e+33,
    3.682030436617312e+33,
    4.7195885260786757e+33,
    5.988777576290727e+33,
    5.442776075353655e+33,
    5.489064510332594e+33,
    6.185827301013997e+33,
    6.346058832058861e+33,
    5.441765297311578e+33,
    6.486016000110329e+33,
    5.912982840475421e+33,
    8.299778277939127e+33,
    6.897382237224821e+33,
    6.932008039093653e+33,
    6.172021793695887e+33,
    5.829946774400315e+33,
    9.208577914429408e+33,
    6.360417698574532e+33
  ],
  "mean_barycenter_shift": [
    0.0004611946933437139,
    0.0005992673104628921,
    0.0007634370122104883,
    0.0009815739467740059,
    0.0012191198766231537,
    0.001508368644863367,
    0.0019124654354527593,
    0.0023175275418907404,
    0.0026839361526072025,
    0.0030217920430004597,
    0.003315557958558202,
    0.0036103276070207357,
    0.0038736662827432156,
    0.004144635051488876,
    0.004409548360854387,
    0.0046914611011743546,
    0.004991152323782444,
    0.005279398523271084,
    0.0055846297182142735,
    0.005902137607336044,
    0.006237450987100601,
    0.006585650611668825,
    0.006937121041119099,
    0.007291924208402634,
    0.0076432679779827595,
    0.00800042599439621,
    0.008360050618648529,
    0.008729810826480389,
    0.00911969318985939,
    0.009528090246021748,
    0.00995872262865305,
    0.010416332632303238,
    0.010896855965256691,
    0.011405671015381813,
    0.011942069977521896,
    0.01250467263162136,
    0.013087974861264229,
    0.013697165064513683,
    0.014328576624393463,
    0.014983841218054295,
    0.015656491741538048,
    0.016349298879504204,
    0.017057744786143303,
    0.01777791976928711,
    0.018511656671762466,
    0.01925036869943142,
    0.019994916394352913,
    0.02074478007853031,
    0.021493053063750267,
    0.022240901365876198
  ],
  "mean_lid_diff": [
    0.04041099548339844,
    -0.000164031982421875,
    -0.0356292724609375,
    -0.07851696014404297,
    -0.13488006591796875,
    -0.1849498748779297,
    -0.2606496810913086,
    -0.35143470764160156,
    -0.4377412796020508,
    -0.5347604751586914,
    -0.6407041549682617,
    -0.7539215087890625,
    -0.8846197128295898,
    -1.0165772438049316,
    -1.1507492065429688,
    -1.2951369285583496,
    -1.4440350532531738,
    -1.5957655906677246,
    -1.7611660957336426,
    -1.925673007965088,
    -2.093043327331543,
    -2.2691354751586914,
    -2.4558019638061523,
    -2.6452741622924805,
    -2.8499650955200195,
    -3.0722475051879883,
    -3.299412250518799,
    -3.5265965461730957,
    -3.7630701065063477,
    -4.00191068649292,
    -4.248403549194336,
    -4.507725715637207,
    -4.765642166137695,
    -5.02455472946167,
    -5.284570693969727,
    -5.549722194671631,
    -5.810066223144531,
    -6.067628622055054,
    -6.321597099304199,
    -6.571757078170776,
    -6.803998708724976,
    -7.036515474319458,
    -7.255516290664673,
    -7.472500562667847,
    -7.671562314033508,
    -7.856564879417419,
    -8.030138492584229,
    -8.187973618507385,
    -8.339609384536743,
    -8.477845430374146
  ],
  "mean_lid_exact": [
    11.115702629089355,
    9.605427742004395,
    9.081850051879883,
    8.856971740722656,
    8.720921516418457,
    8.666452407836914,
    8.658982276916504,
    8.665559768676758,
    8.673294067382812,
    8.69461727142334,
    8.715091705322266,
    8.741226196289062,
    8.777280807495117,
    8.808843612670898,
    8.840350151062012,
    8.873489379882812,
    8.903651237487793,
    8.933878898620605,
    8.96602725982666,
    8.999189376831055,
    9.030266761779785,
    9.061098098754883,
    9.089119911193848,
    9.116296768188477,
    9.144036293029785,
    9.172903060913086,
    9.19870662689209,
    9.223526954650879,
    9.247552871704102,
    9.270556449890137,
    9.293367385864258,
    9.315584182739258,
    9.336917877197266,
    9.355523109436035,
    9.3740816116333,
    9.392428398132324,
    9.408401489257812,
    9.424128532409668,
    9.441798210144043,
    9.456331253051758,
    9.47164249420166,
    9.486541748046875,
    9.501248359680176,
    9.514861106872559,
    9.528167724609375,
    9.540663719177246,
    9.553434371948242,
    9.564435005187988,
    9.577505111694336,
    9.587993621826172
  ],