{
  "alpha": 1.0,
  "k": [
    10,
    20,
    30,
    40,
    50,
    60,
    70,
    80,
    90,
    100,
    110,
    120,
    130,
    140,
    150,
    160,
    170,
    180,
    190,
    200,
    210,
    220,
    230,
    240,
    250,
    260,
    270,
    280,
    290,
    300,
    310,
    320,
    330,
    340,
    350,
    360,
    370,
    380,
    390,
    400,
    410,
    420,
    430,
    440,
    450,
    460,
    470,
    480,
    490,
    500
  ],
  "mean_overlap": [
    0.9933700000000001,
    0.98961,
    0.9846633333333333,
    0.9853474999999998,
    0.9869020000000001,
    0.9884133333333334,
    0.9894914285714287,
    0.9905087499999999,
    0.9913177777777777,
    0.991959,
    0.9925245454545455,
    0.9929533333333332,
    0.9933946153846155,
    0.9937971428571429,
    0.9941233333333334,
    0.9943787500000001,
    0.9946394117647058,
    0.9948544444444444,
    0.9951326315789475,
    0.9953635000000001,
    0.9955952380952382,
    0.9957631818181819,
    0.9959313043478262,
    0.9960908333333333,
    0.9962180000000002,
    0.9963196153846153,
    0.9964307407407409,
    0.9965346428571429,
    0.9966531034482757,
    0.9967653333333334,
    0.9968438709677419,
    0.9969221875,
    0.9970275757575757,
    0.9971341176470588,
    0.9972397142857142,
    0.9973008333333333,
    0.9973656756756758,
    0.9974207894736841,
    0.9974915384615384,
    0.99754575,
    0.9976041463414634,
    0.9976528571428571,
    0.9977002325581396,
    0.9977456818181818,
    0.9977957777777777,
    0.9978406521739133,
    0.9978848936170214,
    0.9979243750000002,
    0.9979632653061224,
    0.9979914000000001
  ],
  "mean_exact_dist": [
    76.0631103515625,
    82.7497787475586,
    87.32213592529297,
    90.79087829589844,
    93.59700012207031,
    95.9721908569336,
    98.03675079345703,
    99.8511962890625,
    101.46672821044922,
    102.92196655273438,
    104.24561309814453,
    105.45967864990234,
    106.58097839355469,
    107.62266540527344,
    108.59598541259766,
    109.50935363769531,
    110.36983489990234,
    111.18363952636719,
    111.95572662353516,
    112.69036102294922,
    113.3913345336914,
    114.0621109008789,
    114.70539855957031,
    115.32347869873047,
    115.9184341430664,
    116.49198913574219,
    117.04563903808594,
    117.58072662353516,
    118.09837341308594,
    118.59971618652344,
    119.08558654785156,
    119.55687713623047,
    120.0144271850586,
    120.458984375,
    120.89128875732422,
    121.31192779541016,
    121.72148895263672,
    122.12051391601562,
    122.509521484375,
    122.88897705078125,
    123.2593002319336,
    123.62094116210938,
    123.97427368164062,
    124.31970977783203,
    124.65756225585938,
    124.98812866210938,
    125.31171417236328,
    125.6286392211914,
    125.93917846679688,
    126.24353790283203
  ],
  "mean_ann_dist": [
    76.1175537109375,
    82.8177490234375,
    87.41121673583984,
    90.87223815917969,
    93.66686248779297,
    96.03215026855469,
    98.0888900756836,
    99.897216796875,
    101.50802612304688,
    102.95946502685547,
    104.2796401977539,
    105.49146270751953,
    106.61072540283203,
    107.65016174316406,
    108.6217269897461,
    109.53376007080078,
    110.39299774169922,
    111.20576477050781,
    111.97677612304688,
    112.71060180664062,
    113.41047668457031,
    114.08039093017578,
    114.72282409667969,
    115.34022521972656,
    115.93466186523438,
    116.50769805908203,
    117.06085205078125,
    117.59539794921875,
    118.11250305175781,
    118.61329650878906,
    119.09876251220703,
    119.5696029663086,
    120.02680206298828,
    120.47093963623047,
    120.90290069580078,
    121.32327270507812,
    121.73258972167969,
    122.13143920898438,
    122.52017211914062,
    122.89932250976562,
    123.2693862915039,
    123.63079071044922,
    123.9839096069336,
    124.3292007446289,
    124.66682434082031,
    124.99727630615234,
    125.32070922851562,
    125.63741302490234,
    125.9477767944336,
    126.25191497802734
  ],
  "mean_barycenter_shift": [
    0.0003562868223525584,
    0.0005327310645952821,
    0.0007698110421188176,
    0.0007159273372963071,
    0.0006188643164932728,
    0.0005414938204921782,
    0.0004915492027066648,
    0.00044010463170707226,
    0.00039712758734822273,
    0.0003707372525241226,
    0.0003441320441197604,
    0.00031952024437487125,
    0.00029945510323159397,
    0.0002797597262542695,
    0.0002660408790688962,
    0.00025134903262369335,
    0.00023878341016825289,
    0.0002294347941642627,
    0.0002171933592762798,
    0.0002075625234283507,
    0.00019750854698941112,
    0.0001900595671031624,
    0.0001809807145036757,
    0.00017484824638813734,
    0.00016815077106002718,
    0.00016321495058946311,
    0.0001575027999933809,
    0.0001524491817690432,
    0.0001476019824622199,
    0.0001431044947821647,
    0.0001402595516992733,
    0.00013662995479535311,
    0.00013207430311013013,
    0.00012716714991256595,
    0.00012264827091712505,
    0.00012022086593788117,
    0.00011794799502240494,
    0.00011536342208273709,
    0.00011273596464889124,
    0.00011054134665755555,
    0.00010852004197658971,
    0.00010556699271546677,
    0.00010384887718828395,
    0.00010190728062298149,
    0.00010027939424617216,
    9.884575410978869e-05,
    9.631804277887568e-05,
    9.418226545676589e-05,
    9.277509525418282e-05,
    9.187549585476518e-05
  ],
  "mean_lid_diff": [
    0.023611068725585938,
    -0.0424041748046875,
    -0.0715627670288086,
    -0.0909872055053711,
    -0.0750436782836914,
    -0.0716104507446289,
    -0.06324958801269531,
    -0.056504249572753906,
    -0.055263519287109375,
    -0.05304908752441406,
    -0.05019855499267578,
    -0.04663848876953125,
    -0.044503211975097656,
    -0.04386425018310547,
    -0.0406494140625,
    -0.039206504821777344,
    -0.038570404052734375,
    -0.036444664001464844,
    -0.03396034240722656,
    -0.03206348419189453,
    -0.030663490295410156,
    -0.02981853485107422,
    -0.028542518615722656,
    -0.030363082885742188,
    -0.0283050537109375,
    -0.029214859008789062,
    -0.02734851837158203,
    -0.027512550354003906,
    -0.027359962463378906,
    -0.026166915893554688,
    -0.025246620178222656,
    -0.02423381805419922,
    -0.023120880126953125,
    -0.023242950439453125,
    -0.023744583129882812,
    -0.021416664123535156,
    -0.022006988525390625,
    -0.020804405212402344,
    -0.02038097381591797,
    -0.020407676696777344,
    -0.020750999450683594,
    -0.019557952880859375,
    -0.019715309143066406,
    -0.019643783569335938,
    -0.01969623565673828,
    -0.018728256225585938,
    -0.018662452697753906,
    -0.018154144287109375,
    -0.016945838928222656,
    -0.017813682556152344
  ],
  "mean_lid_exact": [
    11.097311019897461,
    9.549288749694824,
    9.05971908569336,
    8.843080520629883,
    8.72189998626709,
    8.65167236328125,
    8.627705574035645,
    8.622525215148926,
    8.635029792785645,
    8.658787727355957,
    8.677685737609863,
    8.706653594970703,
    8.741418838500977,
    8.774191856384277,
    8.806694984436035,
    8.842804908752441,
    8.882826805114746,
    8.91665267944336,
    8.95147705078125,
    8.989729881286621,
    9.023919105529785,
    9.053628921508789,
    9.086265563964844,
    9.11777114868164,
    9.14588451385498,
    9.175178527832031,
    9.202940940856934,
    9.229448318481445,
    9.256117820739746,
    9.282136917114258,
    9.305744171142578,
    9.329793930053711,
    9.354000091552734,
    9.376928329467773,
    9.39945125579834,
    9.420798301696777,
    9.44316291809082,
    9.462104797363281,
    9.482574462890625,
    9.502066612243652,
    9.520282745361328,
    9.53801441192627,
    9.555319786071777,
    9.571693420410156,
    9.587301254272461,
    9.602117538452148,
    9.617133140563965,
    9.63100528717041,
    9.64429759979248,
    9.658988952636719
  ],