{
  "k": [
    10,
    20,
    30,
    40,
    50,
    60,
    70,
    80,
    90,
    100,
    110,
    120,
    130,
    140,
    150,
    160,
    170,
    180,
    190,
    200,
    210,
    220,
    230,
    240,
    250,
    260,
    270,
    280,
    290,
    300,
    310,
    320,
    330,
    340,
    350,
    360,
    370,
    380,
    390,
    400,
    410,
    420,
    430,
    440,
    450,
    460,
    470,
    480,
    490,
    500
  ],
  "mean_overlap": [
    0.9974,
    0.996915,
    0.9962466666666667,
    0.9955575000000001,
    0.9946780000000001,
    0.9936716666666667,
    0.99255,
    0.9912337499999999,
    0.9895888888888891,
    0.9875130000000001,
    0.9849236363636362,
    0.9820900000000001,
    0.9788261538461538,
    0.9748664285714285,
    0.9705913333333334,
    0.9657556250000001,
    0.9607217647058823,
    0.9551783333333332,
    0.9493631578947368,
    0.9432590000000001,
    0.9369390476190478,
    0.9304272727272727,
    0.9236747826086956,
    0.9167741666666667,
    0.9097824000000001,
    0.9027311538461538,
    0.8955051851851851,
    0.8882639285714286,
    0.8809903448275862,
    0.873775,
    0.8665306451612903,
    0.859300625,
    0.852170303030303,
    0.8451570588235294,
    0.8380799999999999,
    0.8310044444444444,
    0.8240591891891891,
    0.8171542105263158,
    0.8103323076923077,
    0.803578,
    0.7969507317073172,
    0.7903483333333333,
    0.7838097674418605,
    0.7773013636363637,
    0.7708886666666668,
    0.7645876086956521,
    0.7584195744680852,
    0.7522497916666667,
    0.7461393877551021,
    0.7401938
  ],
  "mean_exact_dist": [
    76.23055267333984,
    82.84016418457031,
    87.31977844238281,
    90.72466278076172,
    93.48819732666016,
    95.8203125,
    97.84785461425781,
    99.63346862792969,
    101.22225952148438,
    102.65304565429688,
    103.95448303222656,
    105.14839935302734,
    106.25205993652344,
    107.27909851074219,
    108.23976135253906,
    109.14252471923828,
    109.99449920654297,
    110.80110168457031,
    111.56745910644531,
    112.29772186279297,
    112.99547576904297,
    113.66358947753906,
    114.30448913574219,
    114.92034912109375,
    115.5131607055664,
    116.0847396850586,
    116.63661193847656,
    117.17023468017578,
    117.67347717285156,
    118.17394256591797,
    118.65943908691406,
    119.13077545166016,
    119.58883666992188,
    120.03422546386719,
    120.4677734375,
    120.89009094238281,
    121.31259155273438,
    121.74131774902344,
    122.1782455444336,
    122.59446716308594,
    122.99162292480469,
    123.4189453125,
    123.80814361572266,
    124.10230255126953,
    124.44048309326172,
    124.78335571289062,
    125.1351089477539,
    125.4525146484375,
    125.84758758544922,
    126.1656494140625
  ],
  "mean_ann_dist": [
    76.25492858886719,
    82.8650894165039,
    87.3473892211914,
    90.75532531738281,
    93.52238464355469,
    95.85869598388672,
    97.89100646972656,
    99.68177032470703,
    101.27655029296875,
    102.7145004272461,
    104.02455139160156,
    105.228515625,
    106.34422302246094,
    107.385498046875,
    108.36288452148438,
    109.28506469726562,
    110.15937805175781,
    110.99162292480469,
    111.787353515625,
    112.55067443847656,
    113.28533935546875,
    113.99412536621094,
    114.67997741699219,
    115.3452377319336,
    115.99217224121094,
    116.62239837646484,
    117.23725891113281,
    117.838134765625,
    118.4121322631836,
    118.98815155029297,
    119.5532455444336,
    120.10843658447266,
    120.65462493896484,
    121.1926040649414,
    121.72332000732422,
    122.24777221679688,
    122.77532196044922,
    123.31084442138672,
    8.745302646386985e+31,
    3.417518782596923e+32,
    3.341547562954766e+32,
    8.187106778407306e+31,
    4.008886994782434e+32,
    4.7204618927763915e+32,
    1.5440182961470513e+32,
    7.575465750653447e+31,
    5.214564382362726e+32,
    6.591893762077804e+32,
    5.0521474229210085e+32,
    4.978007193968207e+32
  ],
  "mean_barycenter_shift": [
    0.00014250469394028187,
    0.0001582783879712224,
    0.00018406576418783516,
    0.000215682084672153,
    0.0002551326178945601,
    0.00030165576026774943,
    0.00034751350176520646,
    0.0004073098534718156,
    0.00047936028568074107,
    0.000561663182452321,
    0.0006564430077560246,
    0.0007528187707066536,
    0.0008618419524282217,
    0.0009889021748676896,
    0.0011144664604216814,
    0.001251113717444241,
    0.0013839208986610174,
    0.001523515791632235,
    0.0016581605887040496,
    0.0017894904594868422,
    0.0019142248202115297,
    0.002036044839769602,
    0.00216224929317832,
    0.0022867831867188215,
    0.0024152144324034452,
    0.002541424473747611,
    0.0026785172522068024,
    0.002818926703184843,
    0.0029575470834970474,
    0.003097154200077057,
    0.003238951088860631,
    0.0033799614757299423,
    0.00352072948589921,
    0.0036552611272782087,
    0.0037888591177761555,
    0.003923097625374794,
    0.0040496354922652245,
    0.004171794280409813,
    0.004292736761271954,
    0.004415471106767654,
    0.004534393548965454,
    0.0046542370691895485,
    0.004779791925102472,
    0.004904206842184067,
    0.005030026193708181,
    0.0051610334776341915,
    0.005290727596729994,
    0.005427532829344273,
    0.005567581858485937,
    0.005712077487260103
  ],
  "mean_lid_diff": [
    0.036940574645996094,
    0.007687568664550781,
    -0.0035829544067382812,
    -0.005444526672363281,
    -0.015334129333496094,
    -0.027130126953125,
    -0.03445625305175781,
    -0.04466819763183594,
    -0.061974525451660156,
    -0.07277584075927734,
    -0.09052658081054688,
    -0.11041736602783203,
    -0.13719940185546875,
    -0.1620197296142578,
    -0.19045066833496094,
    -0.22176837921142578,
    -0.2576913833618164,
    -0.29744625091552734,
    -0.33904361724853516,
    -0.3869438171386719,
    -0.4307699203491211,
    -0.47934436798095703,
    -0.5359020233154297,
    -0.590479850769043,
    -0.6480684280395508,
    -0.7086915969848633,
    -0.7695503234863281,
    -0.830927848815918,
    -0.9009017944335938,
    -0.9665145874023438,
    -1.0353527069091797,
    -1.1057157516479492,
    -1.1780023574829102,
    -1.2529411315917969,
    -1.3245649337768555,
    -1.4002642631530762,
    -1.477449893951416,
    -1.5578575134277344,
    -1.639477252960205,
    -1.7234392166137695,
    -1.8131427764892578,
    -1.904759407043457,
    -2.000577449798584,
    -2.097775936126709,
    -2.195357322692871,
    -2.297584056854248,
    -2.4040088653564453,
    -2.509002685546875,
    -2.6178359985351562,
    -2.7285971641540527
  ],
  "mean_lid_exact": [
    11.154120445251465,
    9.683333396911621,
    9.1826753616333,
    8.93273639678955,
    8.808282852172852,
    8.738120079040527,
    8.704999923706055,
    8.698766708374023,
    8.716221809387207,
    8.732121467590332,
    8.759812355041504,
    8.787388801574707,
    8.812731742858887,
    8.838180541992188,
    8.866822242736816,
    8.896510124206543,
    8.92664909362793,
    8.955453872680664,
    8.985785484313965,
    9.016339302062988,
    9.043621063232422,
    9.071015357971191,
    9.098702430725098,
    9.125324249267578,
    9.152386665344238,
    9.177995681762695,
    9.20157527923584,
    9.224810600280762,
    9.249224662780762,
    9.27139663696289,
    9.293716430664062,
    9.315092086791992,
    9.335183143615723,
    9.35702133178711,
    9.374190330505371,
    9.39153003692627,
    9.41021728515625,
    9.427849769592285,
    9.443242073059082,
    9.459537506103516,
    9.477015495300293,
    9.493210792541504,
    9.508453369140625,
    9.52141284942627,
    9.534733772277832,
    9.549681663513184,
    9.563396453857422,
    9.575711250305176,
    9.587447166442871,
    9.598664283752441
  ],