{
  "k": [
    10,
    20,
    30,
    40,
    50,
    60,
    70,
    80,
    90,
    100,
    110,
    120,
    130,
    140,
    150,
    160,
    170,
    180,
    190,
    200,
    210,
    220,
    230,
    240,
    250,
    260,
    270,
    280,
    290,
    300,
    310,
    320,
    330,
    340,
    350,
    360,
    370,
    380,
    390,
    400,
    410,
    420,
    430,
    440,
    450,
    460,
    470,
    480,
    490,
    500
  ],
  "mean_overlap": [
    0.98272,
    0.97288,
    0.95295,
    0.9244625,
    0.892774,
    0.8607783333333333,
    0.8298242857142859,
    0.8001975000000001,
    0.772378888888889,
    0.746302,
    0.722170909090909,
    0.6994916666666667,
    0.6779030769230768,
    0.657625,
    0.6388073333333334,
    0.620775625,
    0.6040047058823529,
    0.5881705555555555,
    0.5731599999999999,
    0.558929,
    0.5455190476190476,
    0.53282,
    0.5206969565217391,
    0.5091279166666667,
    0.49809320000000007,
    0.4876457692307692,
    0.4775937037037037,
    0.46792392857142856,
    0.45866965517241376,
    0.4498803333333333,
    0.4413525806451613,
    0.433171875,
    0.4252945454545455,
    0.4177967647058824,
    0.4105045714285714,
    0.4034966666666667,
    0.39677945945945947,
    0.39026815789473684,
    0.3839625641025641,
    0.377923,
    0.3720848780487805,
    0.36638547619047623,
    0.3608897674418604,
    0.3555684090909091,
    0.3503853333333333,
    0.345395652173913,
    0.34053510638297874,
    0.33578395833333335,
    0.3312161224489796,
    0.3267566
  ],
  "mean_exact_dist": [
    75.55923461914062,
    82.13717651367188,
    86.73735046386719,
    90.23989868164062,
    93.05348205566406,
    95.4113998413086,
    97.45610809326172,
    99.2651596069336,
    100.83538055419922,
    102.33386993408203,
    103.70662689208984,
    104.92770385742188,
    106.0833511352539,
    106.86254119873047,
    107.68636322021484,
    108.3274917602539,
    109.04525756835938,
    109.96053314208984,
    110.935302734375,
    111.7113037109375,
    112.4984130859375,
    113.6191177368164,
    114.60570526123047,
    115.65901184082031,
    116.9057388305664,
    118.1286392211914,
    120.02153778076172,
    121.43042755126953,
    123.79373931884766,
    124.94415283203125,
    126.71206665039062,
    129.27870178222656,
    131.8190155029297,
    134.91151428222656,
    136.5763397216797,
    138.8109130859375,
    141.8056182861328,
    145.3617706298828,
    148.10687255859375,
    150.8983612060547,
    153.32814025878906,
    154.53628540039062,
    157.4528045654297,
    159.0041046142578,
    166.86463928222656,
    166.0169219970703,
    165.0178985595703,
    165.45736694335938,
    165.40750122070312,
    161.69613647460938
  ],
  "mean_ann_dist": [
    75.70293426513672,
    82.32084655761719,
    87.0087661743164,
    90.66969299316406,
    93.71239471435547,
    96.36813354492188,
    9.725270101738865e+32,
    1.2777198497652718e+33,
    3.790011071855271e+32,
    1.0254616357387392e+33,
    1.8731310967478366e+33,
    3.16965231560226e+33,
    2.4129887012699356e+33,
    1.005309983551737e+33,
    2.610528340763753e+33,
    4.991339885562563e+33,
    7.489432012773211e+33,
    7.164935742035492e+33,
    1.1251650634405253e+34,
    1.055684688383602e+34,
    1.2219128009787642e+34,
    1.8793901834834654e+34,
    1.9558165163068152e+34,
    1.4308264478625297e+34,
    1.543489885309845e+34,
    1.9131433614186049e+34,
    2.166312869530807e+34,
    1.9513392585667317e+34,
    2.068039123306141e+34,
    2.4473089176400697e+34,
    2.7346729293114164e+34,
    2.648718048211683e+34,
    2.8669844558862536e+34,
    1.7724269647410436e+34,
    2.51185387334837e+34,
    2.948081907859839e+34,
    2.038704029577207e+34,
    2.6081940810256763e+34,
    1.7734122412183108e+34,
    1.329227966074355e+34,
    1.6937896710075301e+34,
    6.533839480737982e+33,
    7.683050786677602e+33,
    2.795309708315693e+34,
    2.257262591101049e+34,
    175.55055236816406,
    1.4775612840196353e+34,
    3.544607827002277e+34,
    1.9290382639350213e+34,
    171.5360870361328
  ],
  "mean_barycenter_shift": [
    0.0009732591570354998,
    0.0014310823753476143,
    0.0026491950266063213,
    0.0040258071385324,
    0.005009274929761887,
    0.005681436043232679,
    0.006197166163474321,
    0.006649914663285017,
    0.0071051460690796375,
    0.0075612617656588554,
    0.008020464330911636,
    0.008512713946402073,
    0.0090493094176054,
    0.00963686779141426,
    0.010255729779601097,
    0.010921543464064598,
    0.01165250688791275,
    0.01248133834451437,
    0.013435923494398594,
    0.01451591495424509,
    0.015745412558317184,
    0.017114948481321335,
    0.018614571541547775,
    0.0202338844537735,
    0.021957453340291977,
    0.023761434480547905,
    0.02563764899969101,
    0.027562163770198822,
    0.029517022892832756,
    0.03148847818374634,
    0.03346487879753113,
    0.03542923182249069,
    0.03736728057265282,
    0.03926439955830574,
    0.04111337289214134,
    0.04290250688791275,
    0.04462823644280434,
    0.04628618061542511,
    0.04787386953830719,
    0.04938976466655731,
    0.05083663389086723,
    0.05221448466181755,
    0.05352652445435524,
    0.05477551743388176,
    0.0559646412730217,
    0.057096436619758606,
    0.05817427486181259,
    0.05920030549168587,
    0.06017802655696869,
    0.06110907718539238
  ],
  "mean_lid_diff": [
    0.0638437271118164,
    -0.07964134216308594,
    -0.243621826171875,
    -0.4612417221069336,
    -0.684840202331543,
    -0.9133529663085938,
    -1.1515445709228516,
    -1.375143051147461,
    -1.6133556365966797,
    -1.8585309982299805,
    -2.1105213165283203,
    -2.380744457244873,
    -2.6540517807006836,
    -2.936380386352539,
    -3.2313551902770996,
    -3.553792953491211,
    -3.9034547805786133,
    -4.265866279602051,
    -4.644166946411133,
    -5.03614068031311,
    -5.424716949462891,
    -5.802998781204224,
    -6.18040919303894,
    -6.53584885597229,
    -6.876513242721558,
    -7.203126430511475,
    -7.5038734674453735,
    -7.777949333190918,
    -8.043226957321167,
    -8.285639882087708,
    -8.496119976043701,
    -8.673563539981842,
    -8.82302576303482,
    -8.943411022424698,
    -9.049427777528763,
    -9.137190699577332,
    -9.20773521065712,
    -9.27102541923523,
    -9.319689184427261,
    -9.362369805574417,
    -9.400912210345268,
    -9.428598433732986,
    -9.457592487335205,
    -9.482869282364845,
    -9.504375286400318,
    -9.525017403066158,
    -9.542498901486397,
    -9.559678107500076,
    -9.574289180338383,
    -9.589982867240906
  ],
  "mean_lid_exact": [
    11.095666885375977,
    9.605415344238281,
    9.058934211730957,
    8.837571144104004,
    8.726156234741211,
    8.661084175109863,
    8.639104843139648,
    8.631937026977539,
    8.646387100219727,
    8.667332649230957,
    8.692510604858398,
    8.725726127624512,
    8.760945320129395,
    8.798789024353027,
    8.834794044494629,
    8.871407508850098,
    8.909622192382812,
    8.94542121887207,
    8.982343673706055,
    9.016335487365723,
    9.0516939163208,
    9.083623886108398,
    9.116090774536133,
    9.146827697753906,
    9.176966667175293,
    9.204686164855957,
    9.23068618774414,
    9.258277893066406,
    9.285614013671875,
    9.312666893005371,
    9.34048843383789,
    9.365837097167969,
    9.389573097229004,
    9.411426544189453,
    9.432451248168945,
    9.453962326049805,
    9.475825309753418,
    9.496142387390137,
    9.515544891357422,
    9.535019874572754,
    9.552567481994629,
    9.568090438842773,
    9.585650444030762,
    9.600568771362305,
    9.615628242492676,
    9.630697250366211,
    9.6441068649292,
    9.657221794128418,
    9.669744491577148,
    9.682737350463867
  ],