{
  "alpha": 1.0,
  "k": [
    10,
    20,
    30,
    40,
    50,
    60,
    70,
    80,
    90,
    100,
    110,
    120,
    130,
    140,
    150,
    160,
    170,
    180,
    190,
    200,
    210,
    220,
    230,
    240,
    250,
    260,
    270,
    280,
    290,
    300,
    310,
    320,
    330,
    340,
    350,
    360,
    370,
    380,
    390,
    400,
    410,
    420,
    430,
    440,
    450,
    460,
    470,
    480,
    490,
    500
  ],
  "mean_overlap": [
    0.9931900000000001,
    0.9898900000000002,
    0.9849066666666666,
    0.9852825000000001,
    0.987374,
    0.988815,
    0.9898842857142858,
    0.99058125,
    0.9914033333333334,
    0.9918980000000002,
    0.99246,
    0.9928966666666668,
    0.9932984615384616,
    0.9937257142857143,
    0.9940880000000001,
    0.9943649999999999,
    0.9946517647058823,
    0.9949,
    0.9951321052631578,
    0.995345,
    0.9955714285714287,
    0.9957531818181818,
    0.9959360869565218,
    0.9960904166666668,
    0.9962124,
    0.9963465384615385,
    0.9964285185185187,
    0.9965221428571429,
    0.9966303448275862,
    0.9967116666666667,
    0.9967967741935483,
    0.9969203125,
    0.9969857575757576,
    0.9970214705882352,
    0.9970985714285715,
    0.9971736111111111,
    0.9972372972972973,
    0.9972871052631577,
    0.9973520512820514,
    0.9974335000000001,
    0.9974731707317074,
    0.9975311904761904,
    0.9975916279069769,
    0.9976340909090908,
    0.9976895555555555,
    0.9977269565217392,
    0.9977653191489364,
    0.9978033333333333,
    0.9978342857142856,
    0.9978696
  ],
  "mean_exact_dist": [
    75.09825134277344,
    81.74637603759766,
    86.27167510986328,
    89.72003936767578,
    92.51799011230469,
    94.88604736328125,
    96.93656158447266,
    98.73690795898438,
    100.3368911743164,
    101.77715301513672,
    103.0865707397461,
    104.28713989257812,
    105.39643859863281,
    106.427978515625,
    107.39188385009766,
    108.29706573486328,
    109.15045928955078,
    109.95767211914062,
    110.72367858886719,
    111.45279693603516,
    112.14859008789062,
    112.81407165527344,
    113.45189666748047,
    114.06441497802734,
    114.6535873413086,
    115.22127532958984,
    115.76892852783203,
    116.29806518554688,
    116.80979919433594,
    117.30529022216797,
    117.78559875488281,
    118.25152587890625,
    118.70388793945312,
    119.14350128173828,
    119.57107543945312,
    119.98711395263672,
    120.39228820800781,
    120.7870864868164,
    121.17195129394531,
    121.54743957519531,
    121.91402435302734,
    122.27210235595703,
    122.62202453613281,
    122.96417236328125,
    123.29883575439453,
    123.62637329101562,
    123.94703674316406,
    124.26112365722656,
    124.56892395019531,
    124.87067413330078
  ],
  "mean_ann_dist": [
    75.15904998779297,
    81.81561279296875,
    86.35948181152344,
    89.79761505126953,
    92.58084106445312,
    94.93993377685547,
    96.98452758789062,
    98.78106689453125,
    100.37687683105469,
    101.81380462646484,
    103.12045288085938,
    104.31897735595703,
    105.42637634277344,
    106.45582580566406,
    107.41813659667969,
    108.32199096679688,
    109.17406463623047,
    109.98003387451172,
    110.74490356445312,
    111.47305297851562,
    112.16795349121094,
    112.8327865600586,
    113.4698486328125,
    114.08182525634766,
    114.67034912109375,
    115.23735046386719,
    115.78455352783203,
    116.31314086914062,
    116.82447814941406,
    117.31951141357422,
    117.79934692382812,
    118.26490020751953,
    118.71687316894531,
    119.15623474121094,
    119.58353424072266,
    119.99927520751953,
    120.404052734375,
    120.79857635498047,
    121.18326568603516,
    121.55850219726562,
    121.92487335205078,
    122.28272247314453,
    122.63237762451172,
    122.97428894042969,
    123.3087387084961,
    123.63607788085938,
    123.95657348632812,
    124.27046203613281,
    124.57808685302734,
    124.87968444824219
  ],
  "mean_barycenter_shift": [
    0.00036291006836108863,
    0.0005273105343803763,
    0.0007850410183891654,
    0.0007365186465904117,
    0.0006229561986401677,
    0.0005408732104115188,
    0.00047853373689576983,
    0.0004415209696162492,
    0.00040165067184716463,
    0.00037479810998775065,
    0.000350179267115891,
    0.00033109894138760865,
    0.00030853418866172433,
    0.0002882931148633361,
    0.0002691257104743272,
    0.0002575390972197056,
    0.00024314377515111119,
    0.00023119497927837074,
    0.00022073066793382168,
    0.00021027980255894363,
    0.00019926436652895063,
    0.00018995294522028416,
    0.00018097457359544933,
    0.00017324766668025404,
    0.00016819519805721939,
    0.00016240068362094462,
    0.0001572016190038994,
    0.00015350374451372772,
    0.0001496036275057122,
    0.00014721904881298542,
    0.00014287294470705092,
    0.00013756072439718992,
    0.00013527236296795309,
    0.00013280186976771802,
    0.00012948077346663922,
    0.00012593023711815476,
    0.00012450169015210122,
    0.00012184494698885828,
    0.00011877497308887541,
    0.00011572975927265361,
    0.00011425463890191168,
    0.00011215078848181292,
    0.00010965658293571323,
    0.00010769855725811794,
    0.00010514069435885176,
    0.00010369488882133737,
    0.0001025780220516026,
    0.00010116541670868173,
    0.00010044411465059966,
    9.89414838841185e-05
  ],
  "mean_lid_diff": [
    0.03280353546142578,
    -0.00628662109375,
    -0.06379222869873047,
    -0.06981658935546875,
    -0.07317638397216797,
    -0.06495380401611328,
    -0.06230354309082031,
    -0.06019401550292969,
    -0.05341911315917969,
    -0.05031585693359375,
    -0.048900604248046875,
    -0.04712200164794922,
    -0.04298686981201172,
    -0.04091072082519531,
    -0.04212474822998047,
    -0.03846549987792969,
    -0.036266326904296875,
    -0.036113739013671875,
    -0.03451251983642578,
    -0.03235149383544922,
    -0.029791831970214844,
    -0.030635833740234375,
    -0.029608726501464844,
    -0.027957916259765625,
    -0.02751922607421875,
    -0.027764320373535156,
    -0.026312828063964844,
    -0.02501964569091797,
    -0.025262832641601562,
    -0.02479076385498047,
    -0.024444580078125,
    -0.024257659912109375,
    -0.023403167724609375,
    -0.023916244506835938,
    -0.02238941192626953,
    -0.021457672119140625,
    -0.021782875061035156,
    -0.021750450134277344,
    -0.022275924682617188,
    -0.022005081176757812,
    -0.019922256469726562,
    -0.019824981689453125,
    -0.01967620849609375,
    -0.0188446044921875,
    -0.018752098083496094,
    -0.018131256103515625,
    -0.018436431884765625,
    -0.017896652221679688,
    -0.017763137817382812,
    -0.017156600952148438
  ],
  "mean_lid_exact": [
    11.0145902633667,
    9.54666805267334,
    9.051956176757812,
    8.82036304473877,
    8.698417663574219,
    8.635246276855469,
    8.620504379272461,
    8.61766242980957,
    8.628670692443848,
    8.648420333862305,
    8.673349380493164,
    8.704195022583008,
    8.727757453918457,
    8.758145332336426,
    8.793351173400879,
    8.821867942810059,
    8.853266716003418,
    8.887017250061035,
    8.91703987121582,
    8.948386192321777,
    8.979559898376465,
    9.010269165039062,
    9.039985656738281,
    9.068266868591309,
    9.095918655395508,
    9.123649597167969,
    9.150409698486328,
    9.176047325134277,
    9.202269554138184,
    9.225462913513184,
    9.24923324584961,
    9.270979881286621,
    9.292171478271484,
    9.312414169311523,
    9.332186698913574,
    9.351858139038086,
    9.370054244995117,
    9.387842178344727,
    9.407402038574219,
    9.422758102416992,
    9.43834114074707,
    9.455111503601074,
    9.470062255859375,
    9.484347343444824,
    9.499384880065918,
    9.513423919677734,
    9.525367736816406,
    9.53796672821045,
    9.548824310302734,
    9.560578346252441
  ],