{
  "k": [
    10,
    20,
    30,
    40,
    50,
    60,
    70,
    80,
    90,
    100,
    110,
    120,
    130,
    140,
    150,
    160,
    170,
    180,
    190,
    200,
    210,
    220,
    230,
    240,
    250,
    260,
    270,
    280,
    290,
    300,
    310,
    320,
    330,
    340,
    350,
    360,
    370,
    380,
    390,
    400,
    410,
    420,
    430,
    440,
    450,
    460,
    470,
    480,
    490,
    500
  ],
  "mean_overlap": [
    0.99456,
    0.992455,
    0.9899333333333332,
    0.9863699999999999,
    0.981758,
    0.9757383333333334,
    0.9674200000000001,
    0.95754,
    0.9461300000000001,
    0.933934,
    0.9209,
    0.9070849999999998,
    0.8931669230769232,
    0.8793214285714285,
    0.8653753333333333,
    0.8517100000000001,
    0.8379152941176471,
    0.8245,
    0.8111494736842105,
    0.7980825,
    0.7854657142857143,
    0.7731231818181818,
    0.7610947826086957,
    0.7493141666666666,
    0.737814,
    0.7266523076923077,
    0.7158285185185185,
    0.7053071428571428,
    0.6950931034482758,
    0.6851526666666666,
    0.6755764516129031,
    0.6662409375,
    0.6570484848484848,
    0.6482017647058824,
    0.6394928571428571,
    0.6310838888888889,
    0.6228751351351351,
    0.614913947368421,
    0.607121282051282,
    0.59952575,
    0.5921082926829269,
    0.5848859523809524,
    0.5778353488372093,
    0.5709654545454546,
    0.5642831111111112,
    0.5577449999999999,
    0.5513791489361702,
    0.5451079166666667,
    0.5390134693877552,
    0.5330192000000001
  ],
  "mean_exact_dist": [
    75.60044860839844,
    82.18077850341797,
    86.70101165771484,
    90.14476013183594,
    92.9232406616211,
    95.2616958618164,
    97.28853607177734,
    99.07029724121094,
    100.6590347290039,
    102.09153747558594,
    103.39513397216797,
    104.59120178222656,
    105.69660186767578,
    106.72432708740234,
    107.6849365234375,
    108.5870361328125,
    109.43923950195312,
    110.23651885986328,
    111.03621673583984,
    111.81412506103516,
    112.54765319824219,
    113.25686645507812,
    113.93877410888672,
    114.58631896972656,
    115.14567565917969,
    115.6406021118164,
    116.17778778076172,
    116.68791961669922,
    117.23540496826172,
    117.93151092529297,
    118.47032928466797,
    119.11131286621094,
    119.7271957397461,
    120.49729919433594,
    121.25830841064453,
    122.03013610839844,
    122.75125122070312,
    123.49118041992188,
    124.13688659667969,
    124.78298950195312,
    125.52911376953125,
    126.44572448730469,
    127.1861572265625,
    128.18197631835938,
    129.06744384765625,
    129.7581329345703,
    130.31752014160156,
    130.85791015625,
    131.57630920410156,
    132.1463165283203
  ],
  "mean_ann_dist": [
    75.65660095214844,
    82.23991394042969,
    86.76947021484375,
    90.2265625,
    93.02318572998047,
    95.3857650756836,
    97.44557189941406,
    99.2709732055664,
    100.91498565673828,
    102.4148178100586,
    103.79812622070312,
    105.08792877197266,
    106.3010482788086,
    107.4500503540039,
    108.54627227783203,
    109.60064697265625,
    4.005725218550847e+32,
    7.573948500392798e+32,
    1.0795417426961931e+33,
    1.712715770292765e+32,
    3.265602649538444e+32,
    6.248183965589103e+32,
    4.4982930493447294e+32,
    4.32445029019667e+32,
    1.3889075040746914e+32,
    9.388653314819007e+32,
    7.803745762460294e+32,
    7.594796958079413e+32,
    1.2356648602356787e+33,
    2.185266071965777e+33,
    1.7902875303488393e+33,
    2.4724345819564195e+33,
    2.2132866900124966e+33,
    1.7339405230656964e+33,
    2.8798437437353364e+33,
    2.6557855716899674e+33,
    2.77674778777864e+33,
    2.448577929974341e+33,
    3.649228739396367e+33,
    3.7122584564965823e+33,
    4.65785864601971e+33,
    3.25832905546637e+33,
    3.600571815637265e+33,
    4.782903897842956e+33,
    6.73323015007554e+33,
    3.1448065495287926e+33,
    4.61054952947838e+33,
    5.473694246804827e+33,
    6.237117013751649e+33,
    3.6366051553307643e+33
  ],
  "mean_barycenter_shift": [
    0.0003050832892768085,
    0.0004012134450022131,
    0.0005122651346027851,
    0.0006801816634833813,
    0.0008820936200208962,
    0.0011338569456711411,
    0.0014979689149186015,
    0.0018652862636372447,
    0.002239662455394864,
    0.002573510631918907,
    0.0028621575329452753,
    0.0031384662725031376,
    0.00340631022118032,
    0.003648592857643962,
    0.003893067594617605,
    0.004127103369683027,
    0.004375913646072149,
    0.004621179774403572,
    0.004874801728874445,
    0.005125691182911396,
    0.00538403308019042,
    0.005651342682540417,
    0.0059288498014211655,
    0.006216004490852356,
    0.006504968274384737,
    0.006792172789573669,
    0.007078590337187052,
    0.007369885221123695,
    0.007657894864678383,
    0.007953491061925888,
    0.008248656056821346,
    0.008556444197893143,
    0.00887743104249239,
    0.009206886403262615,
    0.009555348195135593,
    0.00991016998887062,
    0.010284763760864735,
    0.010673543438315392,
    0.011077606119215488,
    0.011495188809931278,
    0.011927294544875622,
    0.012371690943837166,
    0.012833048589527607,
    0.013309717178344727,
    0.013798787258565426,
    0.014302175492048264,
    0.01481933705508709,
    0.015348647721111774,
    0.015887053683400154,
    0.016438383609056473
  ],
  "mean_lid_diff": [
    0.031378746032714844,
    -0.0013647079467773438,
    -0.024133682250976562,
    -0.06144237518310547,
    -0.09620475769042969,
    -0.14437007904052734,
    -0.19259357452392578,
    -0.2580528259277344,
    -0.3307628631591797,
    -0.4128532409667969,
    -0.5082492828369141,
    -0.6034927368164062,
    -0.7123937606811523,
    -0.8236484527587891,
    -0.9393429756164551,
    -1.058065414428711,
    -1.189760684967041,
    -1.3203043937683105,
    -1.455049991607666,
    -1.5880131721496582,
    -1.723982334136963,
    -1.867304801940918,
    -2.0134224891662598,
    -2.1593403816223145,
    -2.3108291625976562,
    -2.4722957611083984,
    -2.6389245986938477,
    -2.810976028442383,
    -2.9952378273010254,
    -3.1892552375793457,
    -3.3811287879943848,
    -3.577939033508301,
    -3.7808618545532227,
    -3.983245372772217,
    -4.195406913757324,
    -4.411973476409912,
    -4.626753330230713,
    -4.848097801208496,
    -5.076364994049072,
    -5.305652141571045,
    -5.53738260269165,
    -5.756200313568115,
    -5.976622104644775,
    -6.197779417037964,
    -6.412086248397827,
    -6.619476556777954,
    -6.8285205364227295,
    -7.033687591552734,
    -7.227712392807007,
    -7.41208291053772
  ],
  "mean_lid_exact": [
    11.12682819366455,
    9.592001914978027,
    9.081597328186035,
    8.849260330200195,
    8.733487129211426,
    8.664432525634766,
    8.63707447052002,
    8.643159866333008,
    8.655350685119629,
    8.673441886901855,
    8.69958782196045,
    8.724100112915039,
    8.755117416381836,
    8.787567138671875,
    8.8177490234375,
    8.850823402404785,
    8.88420581817627,
    8.915345191955566,
    8.948029518127441,
    8.979625701904297,
    9.008522987365723,
    9.038714408874512,
    9.069071769714355,
    9.096099853515625,
    9.1241455078125,
    9.149534225463867,
    9.174396514892578,
    9.200657844543457,
    9.226593971252441,
    9.25322151184082,
    9.277111053466797,
    9.298871040344238,
    9.32158088684082,
    9.342672348022461,
    9.362958908081055,
    9.383233070373535,
    9.40025520324707,
    9.419355392456055,
    9.438645362854004,
    9.455509185791016,
    9.473003387451172,
    9.488834381103516,
    9.50333309173584,
    9.518378257751465,
    9.52998161315918,
    9.54333782196045,
    9.556131362915039,
    9.567658424377441,
    9.5786714553833,
    9.590386390686035
  ],