{
  "k": [
    10,
    20,
    30,
    40,
    50,
    60,
    70,
    80,
    90,
    100,
    110,
    120,
    130,
    140,
    150,
    160,
    170,
    180,
    190,
    200,
    210,
    220,
    230,
    240,
    250,
    260,
    270,
    280,
    290,
    300,
    310,
    320,
    330,
    340,
    350,
    360,
    370,
    380,
    390,
    400,
    410,
    420,
    430,
    440,
    450,
    460,
    470,
    480,
    490,
    500
  ],
  "mean_overlap": [
    0.9944700000000001,
    0.992725,
    0.9904233333333333,
    0.9873074999999999,
    0.9831540000000001,
    0.9776416666666666,
    0.970317142857143,
    0.9606487500000002,
    0.9499977777777778,
    0.938076,
    0.9255463636363637,
    0.9125383333333333,
    0.8990361538461539,
    0.8853850000000001,
    0.87169,
    0.8580806250000002,
    0.8446052941176471,
    0.8313994444444445,
    0.8181963157894736,
    0.805343,
    0.7927861904761906,
    0.780484090909091,
    0.7683147826086957,
    0.7565983333333334,
    0.7452300000000001,
    0.73425,
    0.7234914814814815,
    0.7129824999999999,
    0.7027462068965517,
    0.6928603333333333,
    0.6831145161290322,
    0.6736559375000001,
    0.66446,
    0.6555141176470588,
    0.6468637142857144,
    0.6383630555555555,
    0.6301018918918919,
    0.6221144736842105,
    0.6142479487179485,
    0.60664375,
    0.5992590243902439,
    0.5919809523809525,
    0.5848983720930233,
    0.5779729545454546,
    0.5713055555555555,
    0.5647252173913044,
    0.5582989361702128,
    0.5520583333333333,
    0.5459355102040816,
    0.5399468000000001
  ],
  "mean_exact_dist": [
    75.0479965209961,
    81.63771057128906,
    86.21043395996094,
    89.6812973022461,
    92.4952621459961,
    94.86554718017578,
    96.91755676269531,
    98.7227783203125,
    100.33082580566406,
    101.78022766113281,
    103.09896850585938,
    104.30917358398438,
    105.4203872680664,
    106.54573059082031,
    107.51884460449219,
    108.40424346923828,
    109.27362823486328,
    110.08528137207031,
    110.8475341796875,
    111.58732604980469,
    112.29671478271484,
    112.98755645751953,
    113.68305969238281,
    114.40711212158203,
    115.0515365600586,
    115.66639709472656,
    116.17933654785156,
    116.6738052368164,
    117.22517395019531,
    117.81073760986328,
    118.27017974853516,
    118.8504409790039,
    119.4880599975586,
    120.2157211303711,
    120.827392578125,
    121.41598510742188,
    122.02576446533203,
    122.6875,
    123.2963638305664,
    124.03234100341797,
    125.04795837402344,
    125.84228515625,
    126.67538452148438,
    127.50051879882812,
    128.3306884765625,
    129.164306640625,
    129.97889709472656,
    130.81729125976562,
    131.77108764648438,
    132.5519561767578
  ],
  "mean_ann_dist": [
    75.10147857666016,
    81.6945571899414,
    86.27611541748047,
    89.75892639160156,
    92.58930969238281,
    94.98143005371094,
    97.0638656616211,
    98.91108703613281,
    100.57510375976562,
    102.09416198730469,
    103.49703979492188,
    104.80636596679688,
    1.3091709544033561e+33,
    4.883150425314227e+32,
    108.300537109375,
    109.32073211669922,
    2.0155683229255075e+32,
    111.30388641357422,
    112.23838806152344,
    1.7144415360787813e+32,
    114.06753540039062,
    1.5617306068294547e+32,
    7.485774673669648e+32,
    1.4389963956314237e+32,
    9.70848286109363e+32,
    6.698629725977514e+32,
    5.190178124157591e+32,
    1.0068716449112955e+33,
    3.6718079146291555e+32,
    1.675972897528624e+33,
    1.9925943221914396e+33,
    1.7305778136914826e+33,
    2.73849822592981e+33,
    2.1540302141520233e+33,
    1.8054505936625312e+33,
    2.363634662526211e+33,
    2.7032905922425144e+33,
    2.941935411770783e+33,
    2.6273807280035545e+33,
    5.542810296108188e+33,
    4.633975687811797e+33,
    2.7954558471373306e+33,
    4.236505327638283e+33,
    4.885789403992974e+33,
    4.262437386096223e+33,
    4.0075814322685026e+33,
    5.064996079960004e+33,
    5.1579994202614163e+33,
    4.793744538766978e+33,
    5.413390473671118e+33
  ],
  "mean_barycenter_shift": [
    0.00029339961474761367,
    0.00036375311901792884,
    0.0004723399761132896,
    0.0006237339694052935,
    0.0008055386715568602,
    0.0010619432432577014,
    0.0013922492507845163,
    0.0017889023292809725,
    0.0021470857318490744,
    0.0024642811622470617,
    0.002743407152593136,
    0.003006410552188754,
    0.003256529336795211,
    0.0034969535190612078,
    0.003733887104317546,
    0.003973051439970732,
    0.004202666692435741,
    0.00444704620167613,
    0.004692358430474997,
    0.004940234124660492,
    0.005190721713006496,
    0.00545451370999217,
    0.005721953697502613,
    0.0059931157156825066,
    0.006271032616496086,
    0.006557298358529806,
    0.006842202972620726,
    0.007138350512832403,
    0.007434512488543987,
    0.007733756210654974,
    0.00803874246776104,
    0.008351503871381283,
    0.008667555637657642,
    0.009003077633678913,
    0.009355545043945312,
    0.009730182588100433,
    0.010121961124241352,
    0.01053139939904213,
    0.010965663008391857,
    0.01141536794602871,
    0.011887294240295887,
    0.012385139241814613,
    0.01290879212319851,
    0.013455371372401714,
    0.014024639502167702,
    0.01461719535291195,
    0.015228663571178913,
    0.01585802622139454,
    0.016507122665643692,
    0.01717003434896469
  ],
  "mean_lid_diff": [
    0.039963722229003906,
    -0.000118255615234375,
    -0.018691062927246094,
    -0.05343341827392578,
    -0.08448314666748047,
    -0.13439559936523438,
    -0.1824054718017578,
    -0.24503707885742188,
    -0.3112211227416992,
    -0.3918581008911133,
    -0.48117828369140625,
    -0.5761384963989258,
    -0.6742358207702637,
    -0.780604362487793,
    -0.8829150199890137,
    -0.99603271484375,
    -1.113135814666748,
    -1.2348079681396484,
    -1.3602142333984375,
    -1.4879627227783203,
    -1.613917350769043,
    -1.7503623962402344,
    -1.8899407386779785,
    -2.0343947410583496,
    -2.184631824493408,
    -2.3366847038269043,
    -2.4960169792175293,
    -2.657759666442871,
    -2.823791027069092,
    -3.0028672218322754,
    -3.1795082092285156,
    -3.37455415725708,
    -3.571413516998291,
    -3.7739415168762207,
    -3.9834766387939453,
    -4.195682525634766,
    -4.409258842468262,
    -4.628207206726074,
    -4.852750778198242,
    -5.082854270935059,
    -5.322734832763672,
    -5.54563307762146,
    -5.772025108337402,
    -5.99815034866333,
    -6.219019651412964,
    -6.434545040130615,
    -6.6579039096832275,
    -6.867431879043579,
    -7.069366455078125,
    -7.264696836471558
  ],
  "mean_lid_exact": [
    11.007865905761719,
    9.531454086303711,
    9.001206398010254,
    8.760645866394043,
    8.63895034790039,
    8.584587097167969,
    8.554620742797852,
    8.553760528564453,
    8.56108570098877,
    8.583976745605469,
    8.610902786254883,
    8.637629508972168,
    8.66049575805664,
    8.694307327270508,
    8.72366714477539,
    8.757959365844727,
    8.789752960205078,
    8.823960304260254,
    8.85480785369873,
    8.887386322021484,
    8.916894912719727,
    8.950489044189453,
    8.97860336303711,
    9.00782299041748,
    9.03617000579834,
    9.063539505004883,
    9.09067153930664,
    9.115396499633789,
    9.139023780822754,
    9.162960052490234,
    9.184759140014648,
    9.20861530303955,
    9.23033618927002,
    9.250452995300293,
    9.271903991699219,
    9.29271411895752,
    9.311972618103027,
    9.329826354980469,
    9.348104476928711,
    9.36662769317627,
    9.384439468383789,
    9.399636268615723,
    9.414512634277344,
    9.428892135620117,
    9.444042205810547,
    9.458183288574219,
    9.472654342651367,
    9.487302780151367,
    9.4993314743042,
    9.511168479919434
  ],