{
  "k": [
    10,
    20,
    30,
    40,
    50,
    60,
    70,
    80,
    90,
    100,
    110,
    120,
    130,
    140,
    150,
    160,
    170,
    180,
    190,
    200,
    210,
    220,
    230,
    240,
    250,
    260,
    270,
    280,
    290,
    300,
    310,
    320,
    330,
    340,
    350,
    360,
    370,
    380,
    390,
    400,
    410,
    420,
    430,
    440,
    450,
    460,
    470,
    480,
    490,
    500
  ],
  "mean_overlap": [
    0.9951200000000001,
    0.99282,
    0.9904933333333334,
    0.9871975000000001,
    0.98287,
    0.9769966666666665,
    0.96901,
    0.9594662500000001,
    0.9484277777777779,
    0.9367380000000001,
    0.9242972727272727,
    0.9112533333333332,
    0.8979869230769233,
    0.8843849999999999,
    0.8706786666666667,
    0.85720125,
    0.84395,
    0.8308083333333334,
    0.817787894736842,
    0.80497,
    0.7922919047619048,
    0.780029090909091,
    0.7679317391304348,
    0.7562429166666667,
    0.7448176,
    0.7336146153846154,
    0.7227288888888889,
    0.7122475,
    0.7019875862068964,
    0.6919563333333334,
    0.6821958064516128,
    0.6727096875,
    0.6635457575757576,
    0.6545985294117647,
    0.6459122857142857,
    0.6374336111111112,
    0.6291581081081081,
    0.6210857894736842,
    0.6132051282051282,
    0.605498,
    0.5981129268292683,
    0.5908033333333333,
    0.5836937209302326,
    0.5768370454545455,
    0.5700691111111111,
    0.5633782608695653,
    0.5569263829787234,
    0.5506127083333333,
    0.5444475510204081,
    0.5384253999999999
  ],
  "mean_exact_dist": [
    75.78614807128906,
    82.3373031616211,
    86.83411407470703,
    90.26297760009766,
    93.044189453125,
    95.3900146484375,
    97.4149169921875,
    99.19258880615234,
    100.7761001586914,
    102.20269775390625,
    103.5004653930664,
    104.69139862060547,
    105.79177856445312,
    106.79425811767578,
    107.7741470336914,
    108.65299987792969,
    109.4975814819336,
    110.29684448242188,
    111.05591583251953,
    111.77279663085938,
    112.44864654541016,
    113.10840606689453,
    113.74560546875,
    114.36723327636719,
    115.03414154052734,
    115.64214324951172,
    116.30216217041016,
    116.88058471679688,
    117.4743423461914,
    117.96642303466797,
    118.52571105957031,
    119.09046936035156,
    119.71797180175781,
    120.45171356201172,
    121.2352066040039,
    121.9776611328125,
    122.71676635742188,
    123.37482452392578,
    124.11398315429688,
    124.96849822998047,
    125.64395141601562,
    126.66650390625,
    127.36260986328125,
    128.06976318359375,
    129.04383850097656,
    130.1297149658203,
    130.7521209716797,
    131.58274841308594,
    132.29437255859375,
    133.0045928955078
  ],
  "mean_ann_dist": [
    75.83085632324219,
    82.3906021118164,
    86.8967514038086,
    90.33856201171875,
    93.13636016845703,
    95.50445556640625,
    97.56037139892578,
    99.38034057617188,
    101.01728820800781,
    102.50902557373047,
    103.88455963134766,
    105.16657257080078,
    106.37316131591797,
    3.892054701407322e+33,
    108.5477294921875,
    109.55729675292969,
    110.54772186279297,
    111.50791931152344,
    112.44403839111328,
    113.3506088256836,
    114.2339859008789,
    3.1127750831260407e+32,
    2.9795357901258864e+32,
    8.577393295161594e+32,
    8.261786671845983e+32,
    1.332496684851086e+33,
    7.761295251088149e+32,
    1.0058299957394893e+33,
    1.3502730395877093e+33,
    1.562361569393228e+33,
    1.6540296366197662e+33,
    2.4432198159993042e+33,
    2.0805802915136284e+33,
    2.2952194420275897e+33,
    3.212862612673516e+33,
    3.22014912774475e+33,
    4.037234119514515e+33,
    3.3664659032630363e+33,
    3.1689547363901227e+33,
    3.6888914098000413e+33,
    3.276145797996775e+33,
    3.3576811712592575e+33,
    4.464442275311743e+33,
    5.120779824525272e+33,
    4.9298421192609636e+33,
    3.00302125352431e+33,
    4.5879301985655675e+33,
    6.068468109409664e+33,
    4.1189431138675074e+33,
    3.121856379140481e+33
  ],
  "mean_barycenter_shift": [
    0.00025703609571792185,
    0.0003650959115475416,
    0.00047796950093470514,
    0.0006414930103346705,
    0.0008214159170165658,
    0.0010759735014289618,
    0.0014246675418689847,
    0.0017979867989197373,
    0.002164022531360388,
    0.002478458685800433,
    0.00275635183788836,
    0.00302501255646348,
    0.003262036247178912,
    0.0035067012067884207,
    0.003746657632291317,
    0.0039719450287520885,
    0.004198071081191301,
    0.004432161804288626,
    0.004678733181208372,
    0.004933994263410568,
    0.005200264509767294,
    0.005470904055982828,
    0.005742428358644247,
    0.006017298903316259,
    0.006298876833170652,
    0.006580098066478968,
    0.006862906739115715,
    0.007145967334508896,
    0.007433355785906315,
    0.007732792757451534,
    0.00803115963935852,
    0.008346318267285824,
    0.008671826682984829,
    0.009010136127471924,
    0.009371845982968807,
    0.009747486561536789,
    0.010148337110877037,
    0.010573030449450016,
    0.0110193295404315,
    0.011488059535622597,
    0.011978046968579292,
    0.012489648535847664,
    0.013021256774663925,
    0.013573379255831242,
    0.01414197962731123,
    0.01472988910973072,
    0.015337510965764523,
    0.015962421894073486,
    0.01660344935953617,
    0.017257308587431908
  ],
  "mean_lid_diff": [
    0.02427387237548828,
    -0.008019447326660156,
    -0.034999847412109375,
    -0.060799598693847656,
    -0.09551048278808594,
    -0.1343231201171875,
    -0.19042205810546875,
    -0.25319957733154297,
    -0.32010841369628906,
    -0.4033374786376953,
    -0.49059009552001953,
    -0.5796356201171875,
    -0.6872854232788086,
    -0.7961616516113281,
    -0.9048943519592285,
    -1.0259652137756348,
    -1.1503291130065918,
    -1.2748675346374512,
    -1.399867057800293,
    -1.5340309143066406,
    -1.6715617179870605,
    -1.8105721473693848,
    -1.9485678672790527,
    -2.0941085815429688,
    -2.2452778816223145,
    -2.409052848815918,
    -2.570831298828125,
    -2.7372899055480957,
    -2.9178061485290527,
    -3.108595848083496,
    -3.299617290496826,
    -3.496931552886963,
    -3.7057695388793945,
    -3.91409969329834,
    -4.134972095489502,
    -4.3521904945373535,
    -4.5717573165893555,
    -4.796128273010254,
    -5.0221428871154785,
    -5.250439643859863,
    -5.481895446777344,
    -5.710086107254028,
    -5.938267230987549,
    -6.16050386428833,
    -6.387033700942993,
    -6.604538917541504,
    -6.810344934463501,
    -7.019490480422974,
    -7.222484588623047,
    -7.4091880321502686
  ],
  "mean_lid_exact": [
    11.165740966796875,
    9.66163158416748,
    9.131246566772461,
    8.9019193649292,
    8.77934741973877,
    8.720380783081055,
    8.699626922607422,
    8.697901725769043,
    8.704957962036133,
    8.724650382995605,
    8.747381210327148,
    8.77137279510498,
    8.804749488830566,
    8.83398723602295,
    8.861617088317871,
    8.896223068237305,
    8.926353454589844,
    8.95809555053711,
    8.985929489135742,
    9.01602840423584,
    9.045964241027832,
    9.074968338012695,
    9.101838111877441,
    9.127036094665527,
    9.152463912963867,
    9.179168701171875,
    9.20048999786377,
    9.223443984985352,
    9.248557090759277,
    9.271842002868652,
    9.29344367980957,
    9.31624698638916,
    9.337206840515137,
    9.357903480529785,
    9.379023551940918,
    9.397563934326172,
    9.415559768676758,
    9.435989379882812,
    9.453771591186523,
    9.471660614013672,
    9.488609313964844,
    9.504462242126465,
    9.519997596740723,
    9.534724235534668,
    9.54967212677002,
    9.564406394958496,
    9.577754020690918,
    9.590160369873047,
    9.604053497314453,
    9.6162748336792
  ],