{
  "alpha": 1.0,
  "k": [
    10,
    20,
    30,
    40,
    50,
    60,
    70,
    80,
    90,
    100,
    110,
    120,
    130,
    140,
    150,
    160,
    170,
    180,
    190,
    200,
    210,
    220,
    230,
    240,
    250,
    260,
    270,
    280,
    290,
    300,
    310,
    320,
    330,
    340,
    350,
    360,
    370,
    380,
    390,
    400,
    410,
    420,
    430,
    440,
    450,
    460,
    470,
    480,
    490,
    500
  ],
  "mean_overlap": [
    0.99329,
    0.9898949999999999,
    0.9843,
    0.9850375,
    0.987182,
    0.9884966666666666,
    0.9897528571428571,
    0.99051875,
    0.9912155555555555,
    0.9917539999999999,
    0.9921981818181818,
    0.9926041666666668,
    0.9930399999999999,
    0.993425,
    0.9937626666666667,
    0.994110625,
    0.9943576470588236,
    0.9946377777777777,
    0.9948126315789474,
    0.9950484999999999,
    0.995244761904762,
    0.9954072727272727,
    0.9956113043478263,
    0.9957720833333333,
    0.9959068,
    0.9960296153846153,
    0.9961607407407408,
    0.9963160714285714,
    0.9964396551724137,
    0.9965440000000001,
    0.9966412903225806,
    0.996715,
    0.9968084848484846,
    0.9968770588235293,
    0.9969548571428571,
    0.9970375,
    0.9971062162162163,
    0.9971660526315789,
    0.9972161538461538,
    0.99727425,
    0.9973202439024391,
    0.9973757142857143,
    0.9974332558139535,
    0.9974913636363637,
    0.9975384444444444,
    0.9975897826086957,
    0.997640425531915,
    0.9976935416666667,
    0.9977444897959183,
    0.9977788000000001
  ],
  "mean_exact_dist": [
    75.60044860839844,
    82.18077850341797,
    86.70101165771484,
    90.14476013183594,
    92.9232406616211,
    95.2616958618164,
    97.28853607177734,
    99.07029724121094,
    100.6590347290039,
    102.09153747558594,
    103.39513397216797,
    104.59120178222656,
    105.69660186767578,
    106.72432708740234,
    107.6849365234375,
    108.5870361328125,
    109.43766021728516,
    110.24243927001953,
    111.00650024414062,
    111.73397827148438,
    112.42847442626953,
    113.09310150146484,
    113.73051452636719,
    114.34326171875,
    114.9333267211914,
    115.50242614746094,
    116.0521240234375,
    116.58361053466797,
    117.09795379638672,
    117.59612274169922,
    118.07923889160156,
    118.54826354980469,
    119.00392150878906,
    119.44701385498047,
    119.8781509399414,
    120.29798889160156,
    120.70709991455078,
    121.10597229003906,
    121.49506378173828,
    121.87483978271484,
    122.24569702148438,
    122.60804748535156,
    122.96226501464844,
    123.30870056152344,
    123.64771270751953,
    123.97956085205078,
    124.30449676513672,
    124.62287139892578,
    124.93489837646484,
    125.24083709716797
  ],
  "mean_ann_dist": [
    75.65756225585938,
    82.24960327148438,
    86.79072570800781,
    90.22408294677734,
    92.98570251464844,
    95.3159408569336,
    97.33568572998047,
    99.1129379272461,
    100.69790649414062,
    102.1273422241211,
    103.42868041992188,
    104.62248229980469,
    105.72608947753906,
    106.75187683105469,
    107.71077728271484,
    108.61150360107422,
    109.46101379394531,
    110.26470184326172,
    111.02774047851562,
    111.75428771972656,
    112.44803619384766,
    113.11177825927734,
    113.74852752685547,
    114.36060333251953,
    114.95010375976562,
    115.51860046386719,
    116.06767272949219,
    116.59857177734375,
    117.11227416992188,
    117.61000061035156,
    118.09269714355469,
    118.56147766113281,
    119.01671600341797,
    119.45952606201172,
    119.89032745361328,
    120.30989837646484,
    120.7187271118164,
    121.11738586425781,
    121.50617218017578,
    121.88567352294922,
    122.25634765625,
    122.61849975585938,
    122.97250366210938,
    123.31874084472656,
    123.65752410888672,
    123.98916625976562,
    124.31391143798828,
    124.63204956054688,
    124.94390106201172,
    125.24964904785156
  ],
  "mean_barycenter_shift": [
    0.0003652928280644119,
    0.0005396510823629797,
    0.0008289171964861453,
    0.0007561729871667922,
    0.0006356465164572,
    0.0005627209902741015,
    0.0004968582070432603,
    0.0004575451312121004,
    0.0004236329987179488,
    0.0003921457100659609,
    0.00037257259828038514,
    0.00035281063173897564,
    0.0003285303246229887,
    0.0003097407170571387,
    0.0002968617482110858,
    0.0002786455152090639,
    0.0002644186606630683,
    0.0002534759696573019,
    0.00024477546685375273,
    0.00023156490351539105,
    0.00022274880029726774,
    0.00021613689023070037,
    0.0002051618357654661,
    0.00019835433340631425,
    0.00019220172544009984,
    0.00018661549256648868,
    0.00017965667939279228,
    0.00017243534966837615,
    0.00016840675380080938,
    0.00016351455997209996,
    0.0001595969224581495,
    0.00015579815953969955,
    0.0001519217767054215,
    0.00014797791664022952,
    0.0001448753464501351,
    0.00014112021017353982,
    0.00013792913523502648,
    0.00013548778952099383,
    0.00013223809946794063,
    0.000130440152133815,
    0.0001274142268812284,
    0.0001250686327693984,
    0.0001226959575433284,
    0.00012049325596308336,
    0.00011956202797591686,
    0.00011686708603519946,
    0.00011448688746895641,
    0.00011247801739955321,
    0.00010984316031681374,
    0.0001088120334316045
  ],
  "mean_lid_diff": [
    0.017408370971679688,
    -0.032764434814453125,
    -0.07528018951416016,
    -0.0903482437133789,
    -0.08721256256103516,
    -0.07181072235107422,
    -0.06886100769042969,
    -0.0631265640258789,
    -0.05979633331298828,
    -0.05620861053466797,
    -0.05395317077636719,
    -0.04928016662597656,
    -0.045538902282714844,
    -0.04376983642578125,
    -0.042540550231933594,
    -0.041004180908203125,
    -0.041184425354003906,
    -0.03818798065185547,
    -0.03681755065917969,
    -0.036917686462402344,
    -0.03435707092285156,
    -0.034905433654785156,
    -0.03331947326660156,
    -0.03132915496826172,
    -0.032515525817871094,
    -0.03134632110595703,
    -0.030290603637695312,
    -0.02904796600341797,
    -0.027156829833984375,
    -0.026029586791992188,
    -0.02690601348876953,
    -0.026210784912109375,
    -0.02626800537109375,
    -0.02589702606201172,
    -0.02435302734375,
    -0.024931907653808594,
    -0.023092269897460938,
    -0.023283004760742188,
    -0.02369403839111328,
    -0.023744583129882812,
    -0.023133277893066406,
    -0.022342681884765625,
    -0.022563934326171875,
    -0.022340774536132812,
    -0.021677017211914062,
    -0.021414756774902344,
    -0.02103710174560547,
    -0.020824432373046875,
    -0.01969623565673828,
    -0.019937515258789062
  ],
  "mean_lid_exact": [
    11.12682819366455,
    9.592001914978027,
    9.081597328186035,
    8.849260330200195,
    8.733487129211426,
    8.664432525634766,
    8.63707447052002,
    8.643159866333008,
    8.655350685119629,
    8.673441886901855,
    8.69958782196045,
    8.724100112915039,
    8.755117416381836,
    8.787567138671875,
    8.8177490234375,
    8.850823402404785,
    8.88420581817627,
    8.915345191955566,
    8.948029518127441,
    8.979625701904297,
    9.008522987365723,
    9.038714408874512,
    9.069071769714355,
    9.096099853515625,
    9.1241455078125,
    9.149534225463867,
    9.174396514892578,
    9.200657844543457,
    9.226593971252441,
    9.25322151184082,
    9.277111053466797,
    9.298871040344238,
    9.32158088684082,
    9.342672348022461,
    9.362958908081055,
    9.383233070373535,
    9.40025520324707,
    9.419355392456055,
    9.438645362854004,
    9.455509185791016,
    9.473003387451172,
    9.488834381103516,
    9.50333309173584,
    9.518378257751465,
    9.52998161315918,
    9.54333782196045,
    9.556131362915039,
    9.567658424377441,
    9.5786714553833,
    9.590386390686035
  ],