{
  "k": [
    10,
    20,
    30,
    40,
    50,
    60,
    70,
    80,
    90,
    100,
    110,
    120,
    130,
    140,
    150,
    160,
    170,
    180,
    190,
    200,
    210,
    220,
    230,
    240,
    250,
    260,
    270,
    280,
    290,
    300,
    310,
    320,
    330,
    340,
    350,
    360,
    370,
    380,
    390,
    400,
    410,
    420,
    430,
    440,
    450,
    460,
    470,
    480,
    490,
    500
  ],
  "mean_overlap": [
    0.99721,
    0.9963199999999999,
    0.9950266666666666,
    0.9930924999999999,
    0.990202,
    0.9860599999999998,
    0.9800014285714286,
    0.97196,
    0.9625299999999999,
    0.9521120000000001,
    0.9409536363636364,
    0.9291724999999998,
    0.9169084615384616,
    0.9043614285714285,
    0.8915413333333334,
    0.8788,
    0.8660164705882355,
    0.8531616666666667,
    0.8404694736842107,
    0.8279340000000001,
    0.815524761904762,
    0.8033518181818181,
    0.7914986956521739,
    0.7798529166666667,
    0.7683835999999999,
    0.7571426923076924,
    0.7462155555555555,
    0.7355703571428572,
    0.7250813793103449,
    0.7148656666666667,
    0.7049312903225806,
    0.6951865625,
    0.6857209090909091,
    0.6765079411764706,
    0.6674757142857143,
    0.658618611111111,
    0.6500054054054053,
    0.6416431578947368,
    0.633401282051282,
    0.6254405000000001,
    0.6176848780487804,
    0.6100904761904762,
    0.6026546511627906,
    0.5954343181818181,
    0.5883882222222222,
    0.5814834782608694,
    0.574842340425532,
    0.568238125,
    0.5618302040816326,
    0.5555506
  ],
  "mean_exact_dist": [
    75.78614807128906,
    82.3373031616211,
    86.83411407470703,
    90.26297760009766,
    93.044189453125,
    95.3900146484375,
    97.4149169921875,
    99.19258880615234,
    100.7761001586914,
    102.20269775390625,
    103.5004653930664,
    104.69139862060547,
    105.79177856445312,
    106.81476593017578,
    107.77132415771484,
    108.70063018798828,
    109.55592346191406,
    110.35558319091797,
    111.10809326171875,
    111.82313537597656,
    112.50965881347656,
    113.18779754638672,
    113.82109832763672,
    114.43032836914062,
    115.0225601196289,
    115.63690948486328,
    116.2506332397461,
    116.90507507324219,
    117.49826049804688,
    118.08526611328125,
    118.67756652832031,
    119.2360610961914,
    119.79912567138672,
    120.40959930419922,
    120.93666076660156,
    121.41795349121094,
    122.03472900390625,
    122.67476654052734,
    123.3317642211914,
    124.03670501708984,
    124.73778533935547,
    125.41674041748047,
    126.17870330810547,
    126.91668701171875,
    127.76539611816406,
    128.4720458984375,
    129.32740783691406,
    130.21527099609375,
    130.96607971191406,
    131.76516723632812
  ],
  "mean_ann_dist": [
    75.81075286865234,
    82.36317443847656,
    86.86434936523438,
    90.29932403564453,
    93.0893783569336,
    95.44837188720703,
    97.49365997314453,
    99.30258178710938,
    100.93047332763672,
    102.41637420654297,
    103.78768920898438,
    105.0666732788086,
    106.26995086669922,
    107.41032409667969,
    108.49853515625,
    109.5064697265625,
    110.48161315917969,
    111.4310302734375,
    112.35956573486328,
    113.26914978027344,
    114.16854858398438,
    115.04533386230469,
    2.9726511026542794e+32,
    1.4256843815042864e+32,
    2.7420012093847256e+32,
    3.9667962597342065e+32,
    6.385170541773801e+32,
    8.66211017432504e+32,
    7.206063669218165e+32,
    5.849791262715069e+32,
    5.7070033900212705e+32,
    1.0022453856132336e+33,
    7.63578824763025e+32,
    5.347459179861323e+32,
    1.8898740810366664e+33,
    1.0328111310094716e+33,
    1.0159986673359368e+33,
    1.809253235978206e+33,
    2.092849360500481e+33,
    1.5810539997589225e+33,
    1.0797783439862015e+33,
    2.0496466458119653e+33,
    1.849413403535168e+33,
    2.0397825848364345e+33,
    2.0392761126178618e+33,
    1.3628661393798448e+33,
    1.7618074818050398e+33,
    1.579769482225659e+33,
    2.5834593891222338e+33,
    2.1067009810850548e+33
  ],
  "mean_barycenter_shift": [
    0.00018559396266937256,
    0.0002505709999240935,
    0.00033827670267783105,
    0.00046538744936697185,
    0.0006501658353954554,
    0.0008950723567977548,
    0.0012116105062887073,
    0.001587164355441928,
    0.0019518100889399648,
    0.002309342846274376,
    0.0026399451307952404,
    0.002978113479912281,
    0.0032906029373407364,
    0.0035980530083179474,
    0.003900648793205619,
    0.0041810013353824615,
    0.004449328873306513,
    0.004725811071693897,
    0.0049998643808066845,
    0.005284578073769808,
    0.005572461523115635,
    0.005859609227627516,
    0.006139000877737999,
    0.006420699879527092,
    0.0067036147229373455,
    0.006988937500864267,
    0.007271056529134512,
    0.007544146850705147,
    0.007820870727300644,
    0.008099859580397606,
    0.008373633027076721,
    0.008649967610836029,
    0.008926374837756157,
    0.009199084714055061,
    0.009475973434746265,
    0.0097604189068079,
    0.010050839744508266,
    0.01034670602530241,
    0.010647885501384735,
    0.01095135323703289,
    0.01126487459987402,
    0.01158582791686058,
    0.011911649256944656,
    0.012244774959981441,
    0.012583361938595772,
    0.012933927588164806,
    0.013291293755173683,
    0.013657833449542522,
    0.014029918238520622,
    0.014411426149308681
  ],
  "mean_lid_diff": [
    0.03668212890625,
    -0.001064300537109375,
    -0.011906623840332031,
    -0.026391983032226562,
    -0.05172252655029297,
    -0.07352161407470703,
    -0.10967826843261719,
    -0.16003131866455078,
    -0.21123409271240234,
    -0.27663516998291016,
    -0.3446321487426758,
    -0.41808414459228516,
    -0.5076370239257812,
    -0.6043272018432617,
    -0.6974878311157227,
    -0.8054943084716797,
    -0.9160909652709961,
    -1.0360617637634277,
    -1.153517723083496,
    -1.2786269187927246,
    -1.4058480262756348,
    -1.5416393280029297,
    -1.680145263671875,
    -1.8221683502197266,
    -1.9660863876342773,
    -2.1155953407287598,
    -2.2598366737365723,
    -2.4108290672302246,
    -2.56522798538208,
    -2.72525691986084,
    -2.882174015045166,
    -3.0398693084716797,
    -3.1988754272460938,
    -3.3583598136901855,
    -3.5183396339416504,
    -3.675168991088867,
    -3.8308181762695312,
    -3.9951109886169434,
    -4.157310962677002,
    -4.314802646636963,
    -4.471364974975586,
    -4.6270647048950195,
    -4.7830281257629395,
    -4.937726020812988,
    -5.090764999389648,
    -5.2439351081848145,
    -5.3940749168396,
    -5.544677257537842,
    -5.6928534507751465,
    -5.836533784866333
  ],
  "mean_lid_exact": [
    11.165740966796875,
    9.66163158416748,
    9.131246566772461,
    8.9019193649292,
    8.77934741973877,
    8.720380783081055,
    8.699626922607422,
    8.697901725769043,
    8.704957962036133,
    8.724650382995605,
    8.747381210327148,
    8.77137279510498,
    8.804749488830566,
    8.83398723602295,
    8.861617088317871,
    8.896223068237305,
    8.926353454589844,
    8.95809555053711,
    8.985929489135742,
    9.01602840423584,
    9.045964241027832,
    9.074968338012695,
    9.101838111877441,
    9.127036094665527,
    9.152463912963867,
    9.179168701171875,
    9.20048999786377,
    9.223443984985352,
    9.248557090759277,
    9.271842002868652,
    9.29344367980957,
    9.31624698638916,
    9.337206840515137,
    9.357903480529785,
    9.379023551940918,
    9.397563934326172,
    9.415559768676758,
    9.435989379882812,
    9.453771591186523,
    9.471660614013672,
    9.488609313964844,
    9.504462242126465,
    9.519997596740723,
    9.534724235534668,
    9.54967212677002,
    9.564406394958496,
    9.577754020690918,
    9.590160369873047,
    9.604053497314453,
    9.6162748336792
  ],