{
  "k": [
    10,
    20,
    30,
    40,
    50,
    60,
    70,
    80,
    90,
    100,
    110,
    120,
    130,
    140,
    150,
    160,
    170,
    180,
    190,
    200,
    210,
    220,
    230,
    240,
    250,
    260,
    270,
    280,
    290,
    300,
    310,
    320,
    330,
    340,
    350,
    360,
    370,
    380,
    390,
    400,
    410,
    420,
    430,
    440,
    450,
    460,
    470,
    480,
    490,
    500
  ],
  "mean_overlap": [
    0.9819100000000001,
    0.97191,
    0.95216,
    0.924425,
    0.892892,
    0.8611216666666667,
    0.8293200000000001,
    0.7993475,
    0.7712755555555555,
    0.744921,
    0.7201845454545455,
    0.697125,
    0.6754923076923076,
    0.6552557142857143,
    0.6362433333333334,
    0.61826625,
    0.6013764705882352,
    0.5855055555555556,
    0.5702494736842105,
    0.5559715000000001,
    0.5423833333333333,
    0.5295795454545456,
    0.517394347826087,
    0.5058624999999999,
    0.494838,
    0.4842957692307692,
    0.4740811111111111,
    0.46446678571428573,
    0.4552555172413793,
    0.44639933333333337,
    0.4379445161290323,
    0.42984437500000006,
    0.42204515151515154,
    0.4145432352941177,
    0.40732342857142856,
    0.40041166666666667,
    0.3937240540540541,
    0.38728736842105266,
    0.38104000000000005,
    0.37506799999999996,
    0.3692546341463415,
    0.36362690476190473,
    0.3581860465116279,
    0.3529118181818181,
    0.3478084444444444,
    0.3428695652173913,
    0.3380404255319149,
    0.33337645833333335,
    0.3288597959183674,
    0.3244282
  ],
  "mean_exact_dist": [
    76.3860092163086,
    83.12767028808594,
    87.7303466796875,
    91.22197723388672,
    94.04851531982422,
    96.42997741699219,
    98.47911071777344,
    100.24395751953125,
    101.80783081054688,
    103.1737289428711,
    104.4851303100586,
    105.64503479003906,
    106.72611236572266,
    107.79261016845703,
    108.75939178466797,
    109.66622924804688,
    110.48885345458984,
    111.5211410522461,
    112.47144317626953,
    113.40599060058594,
    114.55699157714844,
    116.05889892578125,
    117.22876739501953,
    118.39286041259766,
    119.1956787109375,
    120.2406234741211,
    121.4703598022461,
    123.24708557128906,
    124.48648071289062,
    127.62618255615234,
    129.5767364501953,
    131.0118865966797,
    133.54910278320312,
    136.16636657714844,
    138.68186950683594,
    142.1693115234375,
    144.2721710205078,
    147.05726623535156,
    151.05601501464844,
    156.44371032714844,
    159.8017578125,
    162.29696655273438,
    167.81936645507812,
    168.9333038330078,
    170.589111328125,
    176.78482055664062,
    172.8501739501953,
    177.27935791015625,
    179.20077514648438,
    184.75210571289062
  ],
  "mean_ann_dist": [
    76.54922485351562,
    83.32634735107422,
    88.01263427734375,
    91.66024780273438,
    94.71857452392578,
    97.39366149902344,
    99.78234100341797,
    4.254380175979282e+32,
    7.568641606186886e+32,
    3.413405339960135e+32,
    3.1165384208454683e+32,
    3.735324993248587e+33,
    2.4078096243730803e+33,
    3.785569884593082e+33,
    4.5669031680282857e+33,
    6.003243524619796e+33,
    6.735818682697686e+33,
    9.304958974128011e+33,
    9.518139676533189e+33,
    1.6779208890259426e+34,
    1.369476244013613e+34,
    1.663159196821488e+34,
    1.675379026743278e+34,
    1.7297575236729511e+34,
    2.207563755107882e+34,
    2.0698852632867272e+34,
    2.180855693936316e+34,
    2.1968439371316944e+34,
    2.3957086057465608e+34,
    2.666692442406091e+34,
    1.901741190892763e+34,
    2.66074933986549e+34,
    3.418205483410965e+34,
    2.141577342017838e+34,
    2.4219383268869472e+34,
    1.9783857725450387e+34,
    3.3141692500974294e+34,
    2.497354376844236e+34,
    1.8177475781972696e+34,
    1.7723039135011386e+34,
    1.4309601453867725e+34,
    4.910279262305147e+34,
    9.891928243755174e+33,
    1.0892520515188447e+34,
    2.479288375086921e+34,
    1.5739238984116525e+34,
    1.8100125574498027e+34,
    2.0850633985203974e+34,
    188.57022094726562,
    194.52377319335938
  ],
  "mean_barycenter_shift": [
    0.0009979252936318517,
    0.0014915268402546644,
    0.0026373208966106176,
    0.003994026221334934,
    0.004984072409570217,
    0.0056485445238649845,
    0.006181618664413691,
    0.006632899399846792,
    0.0070207747630774975,
    0.007443951442837715,
    0.00789467804133892,
    0.008396834135055542,
    0.008918242529034615,
    0.009493771940469742,
    0.010154043324291706,
    0.01088140532374382,
    0.011688688769936562,
    0.012573949061334133,
    0.013557704165577888,
    0.014651245437562466,
    0.015837756916880608,
    0.017133820801973343,
    0.01853596605360508,
    0.020028069615364075,
    0.02159135788679123,
    0.023218398913741112,
    0.024893486872315407,
    0.026607217267155647,
    0.02834090031683445,
    0.030077271163463593,
    0.03180484101176262,
    0.033514201641082764,
    0.03519262745976448,
    0.03682699427008629,
    0.038413435220718384,
    0.039941176772117615,
    0.04141012206673622,
    0.04281865805387497,
    0.044164564460515976,
    0.04544889181852341,
    0.04667450487613678,
    0.047841526567935944,
    0.04895218461751938,
    0.05000784993171692,
    0.051013022661209106,
    0.05196769908070564,
    0.052875738590955734,
    0.05374098941683769,
    0.054564282298088074,
    0.0553487129509449
  ],
  "mean_lid_diff": [
    0.06409835815429688,
    -0.0689401626586914,
    -0.25301456451416016,
    -0.45719146728515625,
    -0.6897249221801758,
    -0.9313349723815918,
    -1.1617097854614258,
    -1.4126176834106445,
    -1.6483840942382812,
    -1.9117507934570312,
    -2.177255153656006,
    -2.458798408508301,
    -2.738953113555908,
    -3.043931484222412,
    -3.3641281127929688,
    -3.6905789375305176,
    -4.03225564956665,
    -4.40027379989624,
    -4.777019500732422,
    -5.169020652770996,
    -5.571242570877075,
    -5.966249942779541,
    -6.339157819747925,
    -6.715103626251221,
    -7.068606376647949,
    -7.4057722091674805,
    -7.710950136184692,
    -7.982149600982666,
    -8.232362389564514,
    -8.455370724201202,
    -8.639099538326263,
    -8.790947616100311,
    -8.920989990234375,
    -9.025043934583664,
    -9.110848724842072,
    -9.185894399881363,
    -9.253144830465317,
    -9.305706232786179,
    -9.347750887274742,
    -9.38415151834488,
    -9.4138685464859,
    -9.441300228238106,
    -9.463904492557049,
    -9.485438965260983,
    -9.507523372769356,
    -9.527090050280094,
    -9.542954571545124,
    -9.55853696912527,
    -9.572449162602425,
    -9.584800988435745
  ],
  "mean_lid_exact": [
    10.996475219726562,
    9.567937850952148,
    9.092788696289062,
    8.86896800994873,
    8.756924629211426,
    8.703058242797852,
    8.683945655822754,
    8.690606117248535,
    8.695237159729004,
    8.72542667388916,
    8.754201889038086,
    8.788507461547852,
    8.818124771118164,
    8.854358673095703,
    8.888816833496094,
    8.924312591552734,
    8.95751953125,
    8.991827964782715,
    9.029470443725586,
    9.06154727935791,
    9.091219902038574,
    9.119490623474121,
    9.149149894714355,
    9.176682472229004,
    9.205205917358398,
    9.235150337219238,
    9.261761665344238,
    9.286431312561035,
    9.312701225280762,
    9.336847305297852,
    9.361105918884277,
    9.382407188415527,
    9.403413772583008,
    9.423199653625488,
    9.443562507629395,
    9.462357521057129,
    9.483094215393066,
    9.501259803771973,
    9.518342018127441,
    9.535828590393066,
    9.55195426940918,
    9.568601608276367,
    9.583741188049316,
    9.599356651306152,
    9.61565113067627,
    9.629172325134277,
    9.641616821289062,
    9.65477180480957,
    9.667396545410156,
    9.67839241027832
  ],