{
  "k": [
    10,
    20,
    30,
    40,
    50,
    60,
    70,
    80,
    90,
    100,
    110,
    120,
    130,
    140,
    150,
    160,
    170,
    180,
    190,
    200,
    210,
    220,
    230,
    240,
    250,
    260,
    270,
    280,
    290,
    300,
    310,
    320,
    330,
    340,
    350,
    360,
    370,
    380,
    390,
    400,
    410,
    420,
    430,
    440,
    450,
    460,
    470,
    480,
    490,
    500
  ],
  "mean_overlap": [
    0.99185,
    0.988815,
    0.9848366666666667,
    0.9798225,
    0.9733880000000001,
    0.9655699999999999,
    0.9553485714285714,
    0.9435425000000001,
    0.9304666666666668,
    0.916429,
    0.90197,
    0.8870091666666667,
    0.8718792307692309,
    0.8566192857142858,
    0.8417846666666666,
    0.8270762499999998,
    0.8122000000000001,
    0.797855,
    0.783801052631579,
    0.769868,
    0.7563957142857144,
    0.7431395454545455,
    0.7303669565217391,
    0.7179354166666667,
    0.7058807999999999,
    0.6940623076923077,
    0.6827251851851852,
    0.6717089285714286,
    0.6609106896551724,
    0.6505336666666666,
    0.6404112903225807,
    0.6305756250000001,
    0.6210142424242424,
    0.6117882352941175,
    0.6028414285714286,
    0.5941733333333333,
    0.5857556756756758,
    0.5775802631578948,
    0.5696494871794872,
    0.561887,
    0.5543585365853658,
    0.5470028571428571,
    0.5398579069767442,
    0.5328452272727272,
    0.5259851111111111,
    0.5193345652173913,
    0.512858085106383,
    0.50647,
    0.5003077551020407,
    0.4942892
  ],
  "mean_exact_dist": [
    75.7557601928711,
    82.41719055175781,
    86.97356414794922,
    90.43769073486328,
    93.24092102050781,
    95.60710906982422,
    97.65213775634766,
    99.44281005859375,
    101.0350341796875,
    102.46932220458984,
    103.77336883544922,
    104.96978759765625,
    106.16626739501953,
    107.20902252197266,
    108.1397476196289,
    109.0269775390625,
    109.86781311035156,
    110.68701934814453,
    111.55089569091797,
    112.35316467285156,
    113.07636260986328,
    113.76390075683594,
    114.44658660888672,
    115.09862518310547,
    115.67854309082031,
    116.31564331054688,
    117.0311508178711,
    117.60855865478516,
    118.2582015991211,
    119.02753448486328,
    119.77178955078125,
    120.60098266601562,
    121.4458999633789,
    122.48005676269531,
    123.56076049804688,
    124.54989624023438,
    125.59352111816406,
    126.81810760498047,
    128.1424560546875,
    129.1964569091797,
    129.8601837158203,
    131.04811096191406,
    131.91427612304688,
    132.46792602539062,
    133.1119384765625,
    133.8744354248047,
    134.72039794921875,
    135.5194854736328,
    135.66030883789062,
    135.5299530029297
  ],
  "mean_ann_dist": [
    75.82563781738281,
    82.49907684326172,
    87.07323455810547,
    90.55933380126953,
    93.39031219482422,
    95.79139709472656,
    97.8827133178711,
    99.73452758789062,
    101.40384674072266,
    102.9310531616211,
    104.34658813476562,
    105.67929077148438,
    5.259305856520073e+32,
    108.1356201171875,
    109.22262573242188,
    2.1445645764410112e+32,
    111.3210220336914,
    3.8160225132182304e+32,
    1.0875173261417941e+33,
    114.45137023925781,
    3.296495056362548e+32,
    1.5792709599032762e+32,
    6.0703190618821535e+32,
    1.1698375533891835e+33,
    1.5619052337462464e+33,
    1.7989128775725602e+33,
    2.852905549510467e+33,
    3.207991318618928e+33,
    2.6412772239145525e+33,
    3.282424010906011e+33,
    2.752732679471533e+33,
    5.135840603043218e+33,
    4.5360843412652663e+33,
    4.467992996829423e+33,
    3.8712436914068957e+33,
    4.2571479777933665e+33,
    5.109344353412373e+33,
    5.288861752329264e+33,
    6.015187789088841e+33,
    6.471139055688217e+33,
    8.762213874464279e+33,
    6.370644321239069e+33,
    9.577661071562069e+33,
    1.1115308870238519e+34,
    7.582509010506961e+33,
    9.40143164138952e+33,
    8.84567455397286e+33,
    6.953051781821465e+33,
    4.7761608384489685e+33,
    6.246896740062004e+33
  ],
  "mean_barycenter_shift": [
    0.00045543574378825724,
    0.0005948637262918055,
    0.0007700339192524552,
    0.000996405491605401,
    0.001249314984306693,
    0.0015353304333984852,
    0.0019331363728269935,
    0.002324103843420744,
    0.0026938640512526035,
    0.0030316943302750587,
    0.0033428561873733997,
    0.003630483988672495,
    0.0039057389367371798,
    0.004178464878350496,
    0.004445367027074099,
    0.004727344028651714,
    0.005026282276958227,
    0.005316463299095631,
    0.005610241089016199,
    0.005918086040765047,
    0.006241916678845882,
    0.006581453140825033,
    0.0069213928654789925,
    0.007273857947438955,
    0.007619345095008612,
    0.007970083504915237,
    0.00832714606076479,
    0.008691921830177307,
    0.009073453024029732,
    0.009475343860685825,
    0.00990290567278862,
    0.010355851612985134,
    0.010827786289155483,
    0.01132682990282774,
    0.011852627620100975,
    0.012404153123497963,
    0.01297704130411148,
    0.0135792326182127,
    0.014207106083631516,
    0.014860574156045914,
    0.015535763464868069,
    0.016227582469582558,
    0.016935253515839577,
    0.017656948417425156,
    0.018393682315945625,
    0.019137125462293625,
    0.019886519759893417,
    0.0206409003585577,
    0.021394796669483185,
    0.02214791253209114
  ],
  "mean_lid_diff": [
    -0.004899024963378906,
    -0.0229949951171875,
    -0.04993629455566406,
    -0.09750747680664062,
    -0.13997364044189453,
    -0.19524192810058594,
    -0.2699413299560547,
    -0.35569190979003906,
    -0.44603538513183594,
    -0.5429525375366211,
    -0.6498374938964844,
    -0.7612614631652832,
    -0.8936982154846191,
    -1.0249309539794922,
    -1.1587882041931152,
    -1.3016581535339355,
    -1.4525675773620605,
    -1.600792407989502,
    -1.7616820335388184,
    -1.9277582168579102,
    -2.096935749053955,
    -2.2769341468811035,
    -2.460967540740967,
    -2.651266098022461,
    -2.8589935302734375,
    -3.075133800506592,
    -3.3022313117980957,
    -3.5328683853149414,
    -3.765559196472168,
    -4.007993221282959,
    -4.258174896240234,
    -4.515039443969727,
    -4.778726577758789,
    -5.0345001220703125,
    -5.29330587387085,
    -5.554469108581543,
    -5.807970285415649,
    -6.060129642486572,
    -6.319988012313843,
    -6.566988706588745,
    -6.816070318222046,
    -7.0486674308776855,
    -7.274454593658447,
    -7.4856555461883545,
    -7.677454590797424,
    -7.859349250793457,
    -8.033319354057312,
    -8.188362002372742,
    -8.341309547424316,
    -8.478092312812805
  ],
  "mean_lid_exact": [
    11.115702629089355,
    9.605427742004395,
    9.081850051879883,
    8.856971740722656,
    8.720921516418457,
    8.666452407836914,
    8.658982276916504,
    8.665559768676758,
    8.673294067382812,
    8.69461727142334,
    8.715091705322266,
    8.741226196289062,
    8.777280807495117,
    8.808843612670898,
    8.840350151062012,
    8.873489379882812,
    8.903651237487793,
    8.933878898620605,
    8.96602725982666,
    8.999189376831055,
    9.030266761779785,
    9.061098098754883,
    9.089119911193848,
    9.116296768188477,
    9.144036293029785,
    9.172903060913086,
    9.19870662689209,
    9.223526954650879,
    9.247552871704102,
    9.270556449890137,
    9.293367385864258,
    9.315584182739258,
    9.336917877197266,
    9.355523109436035,
    9.3740816116333,
    9.392428398132324,
    9.408401489257812,
    9.424128532409668,
    9.441798210144043,
    9.456331253051758,
    9.47164249420166,
    9.486541748046875,
    9.501248359680176,
    9.514861106872559,
    9.528167724609375,
    9.540663719177246,
    9.553434371948242,
    9.564435005187988,
    9.577505111694336,
    9.587993621826172
  ],