{
  "k": [
    10,
    20,
    30,
    40,
    50,
    60,
    70,
    80,
    90,
    100,
    110,
    120,
    130,
    140,
    150,
    160,
    170,
    180,
    190,
    200,
    210,
    220,
    230,
    240,
    250,
    260,
    270,
    280,
    290,
    300,
    310,
    320,
    330,
    340,
    350,
    360,
    370,
    380,
    390,
    400,
    410,
    420,
    430,
    440,
    450,
    460,
    470,
    480,
    490,
    500
  ],
  "mean_overlap": [
    0.9959699999999999,
    0.994585,
    0.9924733333333333,
    0.989555,
    0.985798,
    0.9805,
    0.9733200000000001,
    0.9639262500000001,
    0.9533244444444444,
    0.9415180000000001,
    0.9288981818181817,
    0.9157558333333332,
    0.9024146153846155,
    0.8889985714285714,
    0.8753466666666665,
    0.8617775,
    0.8483070588235296,
    0.8352161111111113,
    0.8221868421052632,
    0.809473,
    0.7970223809523811,
    0.7850477272727272,
    0.7731565217391304,
    0.7616933333333334,
    0.7504995999999999,
    0.7394888461538462,
    0.7288,
    0.7184428571428572,
    0.7085024137931035,
    0.6988103333333333,
    0.6892441935483871,
    0.6799521875,
    0.6709821212121212,
    0.6622623529411765,
    0.6537862857142858,
    0.6455177777777777,
    0.637558108108108,
    0.6296921052631578,
    0.6221341025641024,
    0.6146665,
    0.6074039024390244,
    0.6003111904761905,
    0.5934304651162791,
    0.5866547727272727,
    0.5800968888888889,
    0.5736358695652174,
    0.5673365957446809,
    0.5611977083333333,
    0.5551942857142858,
    0.5492946
  ],
  "mean_exact_dist": [
    75.69612884521484,
    82.34547424316406,
    86.8810806274414,
    90.33885955810547,
    93.14575958251953,
    95.51370239257812,
    97.55909729003906,
    99.3550796508789,
    100.95387268066406,
    102.3952407836914,
    103.70793914794922,
    104.91339874267578,
    106.02783966064453,
    107.06401062011719,
    108.03276062011719,
    108.9428482055664,
    109.82131958007812,
    110.63594818115234,
    111.40342712402344,
    112.11927032470703,
    112.82029724121094,
    113.4794921875,
    114.15768432617188,
    114.791748046875,
    115.40263366699219,
    116.02952575683594,
    116.58499145507812,
    117.06929016113281,
    117.62515258789062,
    118.07412719726562,
    118.58331298828125,
    119.05078125,
    119.46849822998047,
    119.94068145751953,
    120.42731475830078,
    120.8262939453125,
    121.2846450805664,
    121.71088409423828,
    122.41596221923828,
    123.16108703613281,
    123.86073303222656,
    124.59368133544922,
    125.38402557373047,
    126.35792541503906,
    127.25634002685547,
    128.0887451171875,
    128.8133087158203,
    129.39031982421875,
    130.1145782470703,
    130.90496826171875
  ],
  "mean_ann_dist": [
    75.7254867553711,
    82.37981414794922,
    86.92457580566406,
    90.39449310302734,
    93.2165756225586,
    95.60436248779297,
    97.67694854736328,
    99.51104736328125,
    101.15897369384766,
    102.66205596923828,
    104.0484848022461,
    105.34020233154297,
    106.55477142333984,
    107.70732879638672,
    108.80829620361328,
    109.86750030517578,
    110.89318084716797,
    1.896336128041736e+32,
    112.76405334472656,
    1.710133504742068e+32,
    114.54989624023438,
    115.41073608398438,
    2.9828397360338604e+32,
    1.431441769827619e+32,
    4.1371712393472174e+32,
    1.3320898668056759e+33,
    2.579948668542073e+32,
    1.125040836157583e+33,
    9.727564159374166e+32,
    1.0667158328054196e+33,
    1.1555794242442092e+33,
    1.0170500652855524e+33,
    8.847350105816033e+32,
    1.6294862374008943e+33,
    2.1398375410866262e+33,
    2.4320686068679264e+33,
    2.2019521110127996e+33,
    2.81892935667725e+33,
    2.301884511199102e+33,
    3.26182840247242e+33,
    1.2789885061917819e+33,
    3.11903449482093e+33,
    2.731444753070972e+33,
    2.575284033102793e+33,
    3.089730597180986e+33,
    3.756238752272274e+33,
    3.616408782559843e+33,
    3.097891716889975e+33,
    2.937729819972321e+33,
    4.104573105891483e+33
  ],
  "mean_barycenter_shift": [
    0.00020918805967085063,
    0.00027778896037489176,
    0.0003768627066165209,
    0.0005192726966924965,
    0.0006939848535694182,
    0.0009294237243011594,
    0.001279356423765421,
    0.0016696813981980085,
    0.002028105081990361,
    0.0023618824779987335,
    0.002652699826285243,
    0.002919718623161316,
    0.0031636832281947136,
    0.0034031521063297987,
    0.003638005116954446,
    0.003857504343613982,
    0.004091616719961166,
    0.0043158154003322124,
    0.004552938975393772,
    0.004791307263076305,
    0.005039039067924023,
    0.005281062796711922,
    0.005525639280676842,
    0.00577012961730361,
    0.006012486293911934,
    0.00625955406576395,
    0.006501943804323673,
    0.006746805738657713,
    0.006993218790739775,
    0.007241427432745695,
    0.0074919736944139,
    0.007744021713733673,
    0.007996703498065472,
    0.008246560581028461,
    0.00850133877247572,
    0.008758988231420517,
    0.009015086106956005,
    0.009287157095968723,
    0.00956400390714407,
    0.00985258910804987,
    0.010159502737224102,
    0.010485212318599224,
    0.010828010737895966,
    0.011187512427568436,
    0.011567949317395687,
    0.011968263424932957,
    0.012384092435240746,
    0.012814419344067574,
    0.013261489570140839,
    0.013723875395953655
  ],
  "mean_lid_diff": [
    0.05142021179199219,
    0.0090789794921875,
    -0.018604278564453125,
    -0.06026172637939453,
    -0.08881473541259766,
    -0.12142181396484375,
    -0.1719818115234375,
    -0.2323150634765625,
    -0.30068206787109375,
    -0.37727928161621094,
    -0.46168041229248047,
    -0.5543594360351562,
    -0.6571989059448242,
    -0.7603578567504883,
    -0.8687529563903809,
    -0.9786596298217773,
    -1.0932526588439941,
    -1.2119951248168945,
    -1.3354530334472656,
    -1.459993839263916,
    -1.5853314399719238,
    -1.7098817825317383,
    -1.83858060836792,
    -1.9716219902038574,
    -2.108987808227539,
    -2.256486415863037,
    -2.4039154052734375,
    -2.555880069732666,
    -2.7106642723083496,
    -2.867885112762451,
    -3.0265512466430664,
    -3.1906332969665527,
    -3.35807466506958,
    -3.5324044227600098,
    -3.7129015922546387,
    -3.9021854400634766,
    -4.098537445068359,
    -4.298287391662598,
    -4.5050129890441895,
    -4.716857433319092,
    -4.928737163543701,
    -5.143223762512207,
    -5.357339382171631,
    -5.57792592048645,
    -5.788935422897339,
    -6.003123998641968,
    -6.208978652954102,
    -6.410310745239258,
    -6.608034133911133,
    -6.811253070831299
  ],
  "mean_lid_exact": [
    11.124796867370605,
    9.626130104064941,
    9.115925788879395,
    8.861918449401855,
    8.733222961425781,
    8.665934562683105,
    8.648362159729004,
    8.643661499023438,
    8.655089378356934,
    8.674294471740723,
    8.7006196975708,
    8.731932640075684,
    8.768892288208008,
    8.798320770263672,
    8.83162784576416,
    8.864445686340332,
    8.895475387573242,
    8.926457405090332,
    8.960068702697754,
    8.990849494934082,
    9.022812843322754,
    9.05300521850586,
    9.08296012878418,
    9.112180709838867,
    9.138404846191406,
    9.168631553649902,
    9.195655822753906,
    9.221932411193848,
    9.24867057800293,
    9.274788856506348,
    9.300225257873535,
    9.323192596435547,
    9.345857620239258,
    9.366439819335938,
    9.388978958129883,
    9.409563064575195,
    9.431259155273438,
    9.449609756469727,
    9.46894645690918,
    9.48786449432373,
    9.504781723022461,
    9.521956443786621,
    9.538912773132324,
    9.554821968078613,
    9.569385528564453,
    9.585665702819824,
    9.600347518920898,
    9.614912986755371,
    9.628747940063477,
    9.642245292663574
  ],