{
  "k": [
    10,
    20,
    30,
    40,
    50,
    60,
    70,
    80,
    90,
    100,
    110,
    120,
    130,
    140,
    150,
    160,
    170,
    180,
    190,
    200,
    210,
    220,
    230,
    240,
    250,
    260,
    270,
    280,
    290,
    300,
    310,
    320,
    330,
    340,
    350,
    360,
    370,
    380,
    390,
    400,
    410,
    420,
    430,
    440,
    450,
    460,
    470,
    480,
    490,
    500
  ],
  "mean_overlap": [
    0.9954200000000001,
    0.9940449999999998,
    0.9917566666666667,
    0.98885,
    0.9852640000000001,
    0.9801916666666666,
    0.9733185714285715,
    0.96430375,
    0.9536644444444446,
    0.9420890000000002,
    0.9299790909090909,
    0.9174766666666666,
    0.9045353846153849,
    0.8915200000000001,
    0.8784533333333333,
    0.86554125,
    0.8525041176470589,
    0.8396655555555556,
    0.8269526315789474,
    0.81455,
    0.8021942857142857,
    0.7901254545454546,
    0.7783739130434782,
    0.7667637500000001,
    0.7555872,
    0.7447519230769231,
    0.734237037037037,
    0.7239764285714285,
    0.7140165517241379,
    0.7043856666666667,
    0.6949232258064516,
    0.68569375,
    0.6767427272727273,
    0.6680491176470589,
    0.6595785714285713,
    0.6513033333333333,
    0.6432205405405405,
    0.6353810526315788,
    0.6277364102564101,
    0.6202545,
    0.61298,
    0.6059216666666667,
    0.5989788372093025,
    0.592248409090909,
    0.5856606666666666,
    0.5793128260869566,
    0.5730297872340426,
    0.56688,
    0.56082,
    0.5549108
  ],
  "mean_exact_dist": [
    75.09825134277344,
    81.74637603759766,
    86.27167510986328,
    89.72003936767578,
    92.51799011230469,
    94.88604736328125,
    96.93656158447266,
    98.73690795898438,
    100.3368911743164,
    101.77715301513672,
    103.0865707397461,
    104.28713989257812,
    105.39643859863281,
    106.427978515625,
    107.39188385009766,
    108.29706573486328,
    109.15045928955078,
    109.95767211914062,
    110.70814514160156,
    111.4969253540039,
    112.17505645751953,
    112.78900909423828,
    113.3785400390625,
    113.97735595703125,
    114.54129028320312,
    115.12517547607422,
    115.69287872314453,
    116.245849609375,
    116.74749755859375,
    117.21038818359375,
    117.72103118896484,
    118.24011993408203,
    118.7353286743164,
    119.27487182617188,
    119.84388732910156,
    120.3848876953125,
    121.02506256103516,
    121.49560546875,
    121.95345306396484,
    122.57894134521484,
    122.98737335205078,
    123.45238494873047,
    123.83702850341797,
    124.66129302978516,
    125.29327392578125,
    125.80797576904297,
    126.47791290283203,
    127.08670043945312,
    127.70781707763672,
    128.2671661376953
  ],
  "mean_ann_dist": [
    75.13773345947266,
    81.78956604003906,
    86.3223876953125,
    89.78216552734375,
    92.59502410888672,
    94.98282623291016,
    97.06041717529297,
    98.89755249023438,
    100.54642486572266,
    102.04679870605469,
    103.4268798828125,
    104.70974731445312,
    105.91284942626953,
    107.04942321777344,
    108.13044738769531,
    109.16525268554688,
    110.16263580322266,
    111.13005065917969,
    112.0577163696289,
    112.98258209228516,
    113.83206176757812,
    1.5571710222081962e+32,
    115.40831756591797,
    2.858266603593097e+32,
    4.1196408478221496e+32,
    2.649348747713198e+32,
    7.680883308411318e+32,
    6.203645204113189e+32,
    3.615242952527846e+32,
    9.393577995037789e+32,
    1.1458089051128969e+33,
    2.016740342657701e+33,
    4.409487486345281e+32,
    1.5203587280877898e+33,
    1.933300243902273e+33,
    1.49106504345317e+33,
    1.6939002809500403e+33,
    2.209502771539916e+33,
    2.727933026664529e+33,
    2.836036450080135e+33,
    2.5293925126489497e+33,
    2.01620493359071e+33,
    3.648771939521871e+33,
    3.3886132695358714e+33,
    4.7972655497237155e+33,
    4.4742594493082856e+33,
    2.843882204564116e+33,
    4.047475906944533e+33,
    3.1721804986474905e+33,
    3.141067661125141e+33
  ],
  "mean_barycenter_shift": [
    0.00023789057740941644,
    0.0003000291471835226,
    0.00041497076745145023,
    0.0005498358514159918,
    0.0007046289974823594,
    0.0009444787283428013,
    0.0012794563081115484,
    0.0016562168020755053,
    0.0020248014479875565,
    0.0023726283106952906,
    0.0026546374429017305,
    0.002916210563853383,
    0.0031478675082325935,
    0.0033568728249520063,
    0.0035600983537733555,
    0.003760916879400611,
    0.003958087880164385,
    0.004153498914092779,
    0.004367828834801912,
    0.004580765496939421,
    0.0048085604794323444,
    0.00504581443965435,
    0.005280802492052317,
    0.005519991274923086,
    0.005756956525146961,
    0.0059877666644752026,
    0.006215048022568226,
    0.00644323555752635,
    0.006672825664281845,
    0.006905870046466589,
    0.00713858800008893,
    0.0073795011267066,
    0.0076209669932723045,
    0.007867406122386456,
    0.008124898187816143,
    0.008395393379032612,
    0.0086784977465868,
    0.008975457400083542,
    0.00928903091698885,
    0.009614911861717701,
    0.009954089298844337,
    0.010308407247066498,
    0.010678034275770187,
    0.01106039248406887,
    0.011458865366876125,
    0.011871284805238247,
    0.012304557487368584,
    0.01275662425905466,
    0.013226229697465897,
    0.013714723289012909
  ],
  "mean_lid_diff": [
    0.05302238464355469,
    0.0141448974609375,
    -0.01803302764892578,
    -0.045866966247558594,
    -0.0748443603515625,
    -0.11131954193115234,
    -0.16210174560546875,
    -0.21823883056640625,
    -0.2878303527832031,
    -0.35822200775146484,
    -0.43798255920410156,
    -0.5295610427856445,
    -0.6180915832519531,
    -0.7138128280639648,
    -0.8244247436523438,
    -0.9290523529052734,
    -1.0408644676208496,
    -1.156264305114746,
    -1.2757182121276855,
    -1.3971657752990723,
    -1.5212488174438477,
    -1.649254322052002,
    -1.7795515060424805,
    -1.9058637619018555,
    -2.038825035095215,
    -2.1775660514831543,
    -2.3198018074035645,
    -2.466825485229492,
    -2.619503974914551,
    -2.776970863342285,
    -2.93813419342041,
    -3.1029915809631348,
    -3.2747550010681152,
    -3.452329158782959,
    -3.6379170417785645,
    -3.8248958587646484,
    -4.014700889587402,
    -4.209434986114502,
    -4.4089131355285645,
    -4.610548496246338,
    -4.81498908996582,
    -5.026287078857422,
    -5.246567249298096,
    -5.4624786376953125,
    -5.683690071105957,
    -5.907271862030029,
    -6.122341156005859,
    -6.335813283920288,
    -6.538127899169922,
    -6.7366204261779785
  ],
  "mean_lid_exact": [
    11.0145902633667,
    9.54666805267334,
    9.051956176757812,
    8.82036304473877,
    8.698417663574219,
    8.635246276855469,
    8.620504379272461,
    8.61766242980957,
    8.628670692443848,
    8.648420333862305,
    8.673349380493164,
    8.704195022583008,
    8.727757453918457,
    8.758145332336426,
    8.793351173400879,
    8.821867942810059,
    8.853266716003418,
    8.887017250061035,
    8.91703987121582,
    8.948386192321777,
    8.979559898376465,
    9.010269165039062,
    9.039985656738281,
    9.068266868591309,
    9.095918655395508,
    9.123649597167969,
    9.150409698486328,
    9.176047325134277,
    9.202269554138184,
    9.225462913513184,
    9.24923324584961,
    9.270979881286621,
    9.292171478271484,
    9.312414169311523,
    9.332186698913574,
    9.351858139038086,
    9.370054244995117,
    9.387842178344727,
    9.407402038574219,
    9.422758102416992,
    9.43834114074707,
    9.455111503601074,
    9.470062255859375,
    9.484347343444824,
    9.499384880065918,
    9.513423919677734,
    9.525367736816406,
    9.53796672821045,
    9.548824310302734,
    9.560578346252441
  ],