{
  "k": [
    10,
    20,
    30,
    40,
    50,
    60,
    70,
    80,
    90,
    100,
    110,
    120,
    130,
    140,
    150,
    160,
    170,
    180,
    190,
    200,
    210,
    220,
    230,
    240,
    250,
    260,
    270,
    280,
    290,
    300,
    310,
    320,
    330,
    340,
    350,
    360,
    370,
    380,
    390,
    400,
    410,
    420,
    430,
    440,
    450,
    460,
    470,
    480,
    490,
    500
  ],
  "mean_overlap": [
    0.98425,
    0.9733299999999999,
    0.9538600000000003,
    0.926225,
    0.895294,
    0.8640266666666666,
    0.8331542857142858,
    0.8038037499999999,
    0.7760166666666667,
    0.75013,
    0.7258672727272728,
    0.7029516666666666,
    0.6814992307692307,
    0.6614371428571428,
    0.6425073333333333,
    0.62468125,
    0.6078282352941177,
    0.5919033333333333,
    0.5767294736842105,
    0.5624475,
    0.5487514285714286,
    0.5358595454545454,
    0.5235278260869565,
    0.5116079166666666,
    0.5004384,
    0.4898211538461538,
    0.4796714814814814,
    0.4699160714285714,
    0.4606172413793103,
    0.4517126666666667,
    0.4431887096774193,
    0.43502437499999996,
    0.4271533333333334,
    0.41956176470588236,
    0.4122782857142857,
    0.4052272222222223,
    0.3984545945945946,
    0.39186499999999996,
    0.3855335897435897,
    0.37945225,
    0.37351487804878053,
    0.36779619047619055,
    0.3622739534883721,
    0.3569463636363636,
    0.35176311111111114,
    0.34674499999999997,
    0.34185127659574466,
    0.3371404166666666,
    0.3325336734693878,
    0.3280902
  ],
  "mean_exact_dist": [
    75.09825134277344,
    81.74637603759766,
    86.27167510986328,
    89.72003936767578,
    92.51799011230469,
    94.88604736328125,
    96.94126892089844,
    98.74851989746094,
    100.2909164428711,
    101.66557312011719,
    102.84327697753906,
    104.07019805908203,
    105.24697875976562,
    106.29187774658203,
    107.22056579589844,
    108.27063751220703,
    109.06127166748047,
    110.10274505615234,
    110.8405990600586,
    111.66663360595703,
    112.67765808105469,
    113.35256958007812,
    114.33989715576172,
    115.26742553710938,
    116.30414581298828,
    117.41482543945312,
    118.90047454833984,
    120.6424331665039,
    122.03775024414062,
    122.80580139160156,
    123.81961822509766,
    125.65392303466797,
    127.13169860839844,
    128.41891479492188,
    130.1254425048828,
    132.8889923095703,
    137.8125762939453,
    140.88999938964844,
    144.1722869873047,
    150.3792724609375,
    150.67819213867188,
    152.06387329101562,
    156.4603729248047,
    160.1962890625,
    156.76522827148438,
    160.9874725341797,
    168.0128173828125,
    169.21435546875,
    170.2797088623047,
    179.30264282226562
  ],
  "mean_ann_dist": [
    75.22872924804688,
    81.92083740234375,
    86.53467559814453,
    90.1412353515625,
    93.17645263671875,
    95.84817504882812,
    9.724297545095501e+32,
    100.42244720458984,
    102.36674499511719,
    3.41237823658379e+32,
    1.2427341168300178e+33,
    2.2954052877759874e+33,
    2.411506732300406e+33,
    5.791911066693271e+33,
    5.984985765950396e+33,
    8.048087736791859e+33,
    7.420221261056844e+33,
    1.0438380973836566e+34,
    1.1066238165021286e+34,
    1.1420374434119615e+34,
    1.190286651619125e+34,
    1.1469708820565216e+34,
    1.358482965082747e+34,
    1.6939904648819022e+34,
    1.817183944097383e+34,
    1.94855327450832e+34,
    1.8361085810659464e+34,
    2.2755160169803118e+34,
    2.041519105226542e+34,
    2.3307009080515754e+34,
    2.0469649272533623e+34,
    1.506207216528699e+34,
    2.1175578390235915e+34,
    1.8988970236525048e+34,
    2.181734136188193e+34,
    3.8296561480361367e+34,
    3.011553321966071e+34,
    1.492466577268647e+34,
    1.5863978774235077e+34,
    2.062317364444564e+34,
    1.2671097442250656e+34,
    4.0108715055109114e+34,
    2.8262651417620474e+34,
    2.209625668037316e+34,
    1.2603049116231178e+34,
    1.6438760524175475e+34,
    4.022250155176007e+34,
    179.56446838378906,
    5.78711466801106e+34,
    7.163838679572677e+34
  ],
  "mean_barycenter_shift": [
    0.0008891174220480025,
    0.0014182679587975144,
    0.002596193226054311,
    0.0039548142813146114,
    0.004967148415744305,
    0.0056845988146960735,
    0.0062387860380113125,
    0.006741787772625685,
    0.007195415440946817,
    0.007607266306877136,
    0.008023724891245365,
    0.008471882902085781,
    0.008932218886911869,
    0.009449083358049393,
    0.010009349323809147,
    0.010618651285767555,
    0.011276406235992908,
    0.012009005062282085,
    0.012816201895475388,
    0.013685720972716808,
    0.014620594680309296,
    0.015611328184604645,
    0.016667746007442474,
    0.017791811376810074,
    0.01896885223686695,
    0.02019187994301319,
    0.02146133966743946,
    0.02277008816599846,
    0.024101143702864647,
    0.025441506877541542,
    0.026774266734719276,
    0.028093719854950905,
    0.02938530221581459,
    0.03064829483628273,
    0.03187646344304085,
    0.03306836262345314,
    0.0342225544154644,
    0.035334181040525436,
    0.03640449792146683,
    0.03742711618542671,
    0.03840534761548042,
    0.03934150189161301,
    0.040236059576272964,
    0.041086792945861816,
    0.041898179799318314,
    0.04267029091715813,
    0.04340606555342674,
    0.04410748556256294,
    0.04477500170469284,
    0.04541243612766266
  ],
  "mean_lid_diff": [
    0.021717071533203125,
    -0.10764884948730469,
    -0.27335453033447266,
    -0.47643566131591797,
    -0.6987457275390625,
    -0.9240970611572266,
    -1.1566600799560547,
    -1.386481761932373,
    -1.6185941696166992,
    -1.8699407577514648,
    -2.1258773803710938,
    -2.3963794708251953,
    -2.657775402069092,
    -2.9461541175842285,
    -3.254275321960449,
    -3.569512367248535,
    -3.9132862091064453,
    -4.271317005157471,
    -4.634054183959961,
    -5.008934736251831,
    -5.388322830200195,
    -5.7798848152160645,
    -6.15663743019104,
    -6.521372079849243,
    -6.87206506729126,
    -7.206135869026184,
    -7.513213872909546,
    -7.7909228801727295,
    -8.030447244644165,
    -8.238669037818909,
    -8.41988605260849,
    -8.580160140991211,
    -8.731668055057526,
    -8.851058900356293,
    -8.956086248159409,
    -9.048275232315063,
    -9.121175736188889,
    -9.179472014307976,
    -9.230995327234268,
    -9.269110441207886,
    -9.301463842391968,
    -9.331726431846619,
    -9.354557529091835,
    -9.376578994095325,
    -9.396583266556263,
    -9.416260920464993,
    -9.431753762066364,
    -9.445955201983452,
    -9.458074115216732,
    -9.47064682841301
  ],
  "mean_lid_exact": [
    11.0145902633667,
    9.54666805267334,
    9.051956176757812,
    8.82036304473877,
    8.698417663574219,
    8.635246276855469,
    8.620504379272461,
    8.61766242980957,
    8.628670692443848,
    8.648420333862305,
    8.673349380493164,
    8.704195022583008,
    8.727757453918457,
    8.758145332336426,
    8.793351173400879,
    8.821867942810059,
    8.853266716003418,
    8.887017250061035,
    8.91703987121582,
    8.948386192321777,
    8.979559898376465,
    9.010269165039062,
    9.039985656738281,
    9.068266868591309,
    9.095918655395508,
    9.123649597167969,
    9.150409698486328,
    9.176047325134277,
    9.202269554138184,
    9.225462913513184,
    9.24923324584961,
    9.270979881286621,
    9.292171478271484,
    9.312414169311523,
    9.332186698913574,
    9.351858139038086,
    9.370054244995117,
    9.387842178344727,
    9.407402038574219,
    9.422758102416992,
    9.43834114074707,
    9.455111503601074,
    9.470062255859375,
    9.484347343444824,
    9.499384880065918,
    9.513423919677734,
    9.525367736816406,
    9.53796672821045,
    9.548824310302734,
    9.560578346252441
  ],