{
  "k": [
    10,
    20,
    30,
    40,
    50,
    60,
    70,
    80,
    90,
    100,
    110,
    120,
    130,
    140,
    150,
    160,
    170,
    180,
    190,
    200,
    210,
    220,
    230,
    240,
    250,
    260,
    270,
    280,
    290,
    300,
    310,
    320,
    330,
    340,
    350,
    360,
    370,
    380,
    390,
    400,
    410,
    420,
    430,
    440,
    450,
    460,
    470,
    480,
    490,
    500
  ],
  "mean_overlap": [
    0.9832,
    0.973505,
    0.9538400000000001,
    0.9260174999999999,
    0.894958,
    0.8631566666666668,
    0.8326128571428572,
    0.80305125,
    0.7754022222222222,
    0.7495470000000001,
    0.7253072727272727,
    0.7026191666666668,
    0.6812384615384616,
    0.6612371428571429,
    0.6423093333333334,
    0.6244356249999999,
    0.6076894117647058,
    0.5920772222222221,
    0.5771842105263159,
    0.5630595,
    0.5496590476190476,
    0.5369563636363637,
    0.5248313043478261,
    0.51335375,
    0.5023672,
    0.49186807692307694,
    0.4817792592592592,
    0.4721717857142857,
    0.4629496551724138,
    0.4539973333333333,
    0.4454809677419356,
    0.4372578125,
    0.42946121212121213,
    0.4218661764705882,
    0.41463257142857146,
    0.4075788888888888,
    0.4008091891891892,
    0.39431421052631577,
    0.38796769230769235,
    0.38188199999999994,
    0.37594243902439023,
    0.3701914285714286,
    0.3646125581395349,
    0.35923977272727275,
    0.35403666666666667,
    0.3489963043478261,
    0.34407297872340425,
    0.33926854166666665,
    0.33462510204081625,
    0.330099
  ],
  "mean_exact_dist": [
    75.23616790771484,
    81.74767303466797,
    86.28350067138672,
    89.75487518310547,
    92.56043243408203,
    94.92469024658203,
    96.9655990600586,
    98.739990234375,
    100.26864624023438,
    101.6827163696289,
    102.87593841552734,
    104.04711151123047,
    105.16632843017578,
    106.17716217041016,
    107.31986236572266,
    108.22344207763672,
    109.23391723632812,
    110.04474639892578,
    111.0665054321289,
    112.1015396118164,
    113.09346008300781,
    113.99516296386719,
    115.39412689208984,
    116.80078125,
    117.8890151977539,
    118.96416473388672,
    120.69987487792969,
    122.94542694091797,
    124.68254852294922,
    126.71532440185547,
    128.6280517578125,
    132.07070922851562,
    134.7313232421875,
    136.9312744140625,
    140.91546630859375,
    143.26316833496094,
    148.66026306152344,
    152.31619262695312,
    154.03834533691406,
    153.52565002441406,
    153.177490234375,
    153.11814880371094,
    153.49192810058594,
    155.3071746826172,
    149.3439178466797,
    153.53672790527344,
    159.66778564453125,
    160.1248321533203,
    161.07325744628906,
    171.41651916503906
  ],
  "mean_ann_dist": [
    75.39250946044922,
    81.93757629394531,
    86.5582046508789,
    90.18721008300781,
    93.22248077392578,
    95.88289642333984,
    98.2645034790039,
    100.4206771850586,
    102.36180877685547,
    3.4110099259841176e+32,
    3.106835524188802e+33,
    2.2882277114282107e+33,
    2.9258329067097784e+33,
    3.501207320443985e+33,
    5.500962352050166e+33,
    6.228052816784002e+33,
    9.705842953959854e+33,
    1.2309122536823572e+34,
    1.0377145031853275e+34,
    1.0484251604052246e+34,
    1.1859931041808714e+34,
    1.197536399871192e+34,
    1.4862901230306404e+34,
    1.7584392326491502e+34,
    1.5611307784576695e+34,
    1.7377434748663811e+34,
    2.3319049285337844e+34,
    2.0910931568637487e+34,
    2.627336843029162e+34,
    2.6662673337966006e+34,
    3.0156179742910606e+34,
    1.7418899550279675e+34,
    2.4698411594711186e+34,
    2.4193101801835444e+34,
    2.0925591254582704e+34,
    2.6144625142086017e+34,
    2.325038817899892e+34,
    1.3365371354483076e+34,
    3.3720535932183588e+34,
    1.5753813252199032e+34,
    1.3070187027995556e+34,
    4.960384142631199e+34,
    2.11027800882857e+34,
    165.64874267578125,
    3.3608133452496554e+34,
    2.1757182427732815e+34,
    170.0072479248047,
    170.32960510253906,
    4.629691734408848e+34,
    182.5323028564453
  ],
  "mean_barycenter_shift": [
    0.0009260540828108788,
    0.0014321492053568363,
    0.002609723247587681,
    0.003975568804889917,
    0.0049440981820225716,
    0.005669714882969856,
    0.00618699612095952,
    0.006640211679041386,
    0.00706725986674428,
    0.007497989106923342,
    0.007923334836959839,
    0.008382143452763557,
    0.008854812942445278,
    0.009348693303763866,
    0.009885273873806,
    0.010462207719683647,
    0.011099183931946754,
    0.011784111149609089,
    0.012542353942990303,
    0.013368422165513039,
    0.014259431511163712,
    0.015210079960525036,
    0.01621394045650959,
    0.01726512238383293,
    0.018369058147072792,
    0.019502907991409302,
    0.020663665607571602,
    0.021834993734955788,
    0.02302105352282524,
    0.024210816249251366,
    0.025395631790161133,
    0.026567721739411354,
    0.027724310755729675,
    0.028859594836831093,
    0.029965192079544067,
    0.031038694083690643,
    0.03207479417324066,
    0.03307139873504639,
    0.03402802348136902,
    0.03494437411427498,
    0.03581969439983368,
    0.03665366768836975,
    0.037447646260261536,
    0.03820418193936348,
    0.03892428055405617,
    0.03960995003581047,
    0.04026225581765175,
    0.04088151082396507,
    0.04147109389305115,
    0.04203348979353905
  ],
  "mean_lid_diff": [
    0.08320140838623047,
    -0.07323932647705078,
    -0.2505502700805664,
    -0.4502687454223633,
    -0.6877851486206055,
    -0.9069819450378418,
    -1.1272978782653809,
    -1.360403060913086,
    -1.5980520248413086,
    -1.8455405235290527,
    -2.1063356399536133,
    -2.3647384643554688,
    -2.6365766525268555,
    -2.9290976524353027,
    -3.248380184173584,
    -3.5780673027038574,
    -3.9327335357666016,
    -4.304274082183838,
    -4.674266815185547,
    -5.039339065551758,
    -5.403456687927246,
    -5.758723258972168,
    -6.120911359786987,
    -6.483533620834351,
    -6.824308633804321,
    -7.142783164978027,
    -7.445851802825928,
    -7.725276827812195,
    -7.978036522865295,
    -8.205424666404724,
    -8.406428396701813,
    -8.575958490371704,
    -8.71976774930954,
    -8.836357474327087,
    -8.93474879860878,
    -9.016850471496582,
    -9.08330349624157,
    -9.140438333153725,
    -9.184687346220016,
    -9.221703186631203,
    -9.255065694451332,
    -9.285881720483303,
    -9.310898624360561,
    -9.33139093965292,
    -9.352178171277046,
    -9.368810325860977,
    -9.384436376392841,
    -9.398429028689861,
    -9.41173504292965,
    -9.423211961984634
  ],
  "mean_lid_exact": [
    11.103926658630371,
    9.602195739746094,
    9.100160598754883,
    8.859625816345215,
    8.735180854797363,
    8.66091251373291,
    8.632641792297363,
    8.629131317138672,
    8.633537292480469,
    8.64780044555664,
    8.675140380859375,
    8.699039459228516,
    8.723891258239746,
    8.752124786376953,
    8.779939651489258,
    8.806407928466797,
    8.835976600646973,
    8.869589805603027,
    8.898378372192383,
    8.928717613220215,
    8.957502365112305,
    8.985376358032227,
    9.011575698852539,
    9.036856651306152,
    9.061990737915039,
    9.087590217590332,
    9.113598823547363,
    9.138285636901855,
    9.163457870483398,
    9.183937072753906,
    9.205802917480469,
    9.22793960571289,
    9.247936248779297,
    9.267571449279785,
    9.286779403686523,
    9.3064546585083,
    9.323019027709961,
    9.33978271484375,
    9.3538818359375,
    9.370205879211426,
    9.386568069458008,
    9.401525497436523,
    9.417560577392578,
    9.43143081665039,
    9.445911407470703,
    9.458999633789062,
    9.4728422164917,
    9.484431266784668,
    9.496570587158203,
    9.508184432983398
  ],