{
  "k": [
    10,
    20,
    30,
    40,
    50,
    60,
    70,
    80,
    90,
    100,
    110,
    120,
    130,
    140,
    150,
    160,
    170,
    180,
    190,
    200,
    210,
    220,
    230,
    240,
    250,
    260,
    270,
    280,
    290,
    300,
    310,
    320,
    330,
    340,
    350,
    360,
    370,
    380,
    390,
    400,
    410,
    420,
    430,
    440,
    450,
    460,
    470,
    480,
    490,
    500
  ],
  "mean_overlap": [
    0.99713,
    0.996265,
    0.9948799999999999,
    0.99259,
    0.989434,
    0.9851099999999998,
    0.9789257142857145,
    0.9710774999999999,
    0.9620355555555555,
    0.951908,
    0.9406772727272726,
    0.9292241666666666,
    0.9169676923076924,
    0.9046157142857142,
    0.892036,
    0.879231875,
    0.8664811764705884,
    0.853766111111111,
    0.8411494736842106,
    0.8286399999999999,
    0.8165280952380953,
    0.8044690909090908,
    0.7926530434782608,
    0.7810854166666666,
    0.7698111999999999,
    0.7586926923076923,
    0.7478407407407407,
    0.7372410714285714,
    0.726983448275862,
    0.7168896666666665,
    0.7068970967741935,
    0.6972625,
    0.6878321212121212,
    0.678719117647059,
    0.669724,
    0.6610177777777778,
    0.6524294594594595,
    0.6440805263157896,
    0.6359466666666667,
    0.62803575,
    0.6203617073170732,
    0.612782619047619,
    0.6054488372093023,
    0.5982345454545455,
    0.5912240000000001,
    0.5843499999999999,
    0.5776791489361701,
    0.5711172916666667,
    0.5646789795918368,
    0.5584288000000001
  ],
  "mean_exact_dist": [
    75.55923461914062,
    82.13717651367188,
    86.73735046386719,
    90.23989868164062,
    93.05348205566406,
    95.4113998413086,
    97.44730377197266,
    99.23202514648438,
    100.82064819335938,
    102.2510986328125,
    103.55319213867188,
    104.74845123291016,
    105.85348510742188,
    106.880859375,
    107.84087371826172,
    108.74811553955078,
    109.68782806396484,
    110.49114990234375,
    111.25341033935547,
    111.96906280517578,
    112.65870666503906,
    113.30906677246094,
    113.93797302246094,
    114.54460906982422,
    115.14906311035156,
    115.74283599853516,
    116.36480712890625,
    116.97317504882812,
    117.61490631103516,
    118.25418853759766,
    118.8304672241211,
    119.43323516845703,
    119.9463882446289,
    120.43274688720703,
    120.94795989990234,
    121.40505981445312,
    121.9268569946289,
    122.37244415283203,
    122.92086029052734,
    123.47313690185547,
    124.16043090820312,
    124.789306640625,
    125.46041870117188,
    126.22917938232422,
    126.93971252441406,
    127.68560028076172,
    128.32911682128906,
    129.0238800048828,
    129.89927673339844,
    130.7283477783203
  ],
  "mean_ann_dist": [
    75.5895004272461,
    82.16622924804688,
    86.76996612548828,
    90.27910614013672,
    93.1026611328125,
    95.47444915771484,
    97.5305404663086,
    99.34564971923828,
    100.9747543334961,
    102.45722198486328,
    103.82597351074219,
    105.10365295410156,
    106.30670166015625,
    107.45147705078125,
    108.549560546875,
    1.2763140914794108e+33,
    2.0125285998446685e+32,
    111.4856185913086,
    112.40895080566406,
    113.294189453125,
    114.18067932128906,
    1.5570142487079086e+32,
    115.89356994628906,
    1.4301423196426317e+32,
    4.124217744261145e+32,
    5.3035285564297074e+32,
    8.972879546937144e+32,
    4.963422712880376e+32,
    1.2055762633533328e+33,
    4.692902252651801e+32,
    6.85125380599596e+32,
    7.809143954744103e+32,
    1.3096850090046694e+33,
    6.41900847217888e+32,
    7.338415707380788e+32,
    9.259887434207689e+32,
    9.117798997636087e+32,
    1.698444449349247e+33,
    8.876081920415322e+32,
    1.8587179156129418e+33,
    1.748504887627889e+33,
    1.9324890836915313e+33,
    2.7021851117874325e+33,
    1.4480757186789263e+33,
    2.322845466686787e+33,
    1.7490341069946834e+33,
    1.462833511372257e+33,
    2.0545614225104332e+33,
    1.5778557816674287e+33,
    1.1885863873979179e+33
  ],
  "mean_barycenter_shift": [
    0.00019555966719053686,
    0.00024813238997012377,
    0.0003429001080803573,
    0.0005025704740546644,
    0.0006979376776143909,
    0.0009419628186151385,
    0.0012623319635167718,
    0.0016069692792370915,
    0.001951792510226369,
    0.0022823838517069817,
    0.002622288418933749,
    0.002937484299764037,
    0.0032462466042488813,
    0.003540466306731105,
    0.0038287886418402195,
    0.004125524312257767,
    0.004404420964419842,
    0.004694586154073477,
    0.004993511363863945,
    0.0052881366573274136,
    0.005579163320362568,
    0.0058734421618282795,
    0.006155846640467644,
    0.006442906800657511,
    0.006729913409799337,
    0.0070182206109166145,
    0.007306416518986225,
    0.007593696005642414,
    0.007888305932283401,
    0.008190643042325974,
    0.008499625138938427,
    0.008807445876300335,
    0.009127053432166576,
    0.009443758055567741,
    0.009770931676030159,
    0.010104715824127197,
    0.010443871840834618,
    0.010787046514451504,
    0.011142721399664879,
    0.011506189592182636,
    0.011877250857651234,
    0.01226335484534502,
    0.012662970460951328,
    0.013077357783913612,
    0.01350756548345089,
    0.013951451517641544,
    0.014412536285817623,
    0.01489072572439909,
    0.015386519022285938,
    0.015897655859589577
  ],
  "mean_lid_diff": [
    0.02851390838623047,
    0.004130363464355469,
    -0.012064933776855469,
    -0.02930736541748047,
    -0.048333168029785156,
    -0.07566165924072266,
    -0.11054039001464844,
    -0.15279102325439453,
    -0.20406246185302734,
    -0.2609214782714844,
    -0.3337249755859375,
    -0.4142293930053711,
    -0.49616050720214844,
    -0.5885639190673828,
    -0.6853237152099609,
    -0.7943077087402344,
    -0.9089889526367188,
    -1.0189423561096191,
    -1.1404552459716797,
    -1.2625970840454102,
    -1.3939948081970215,
    -1.5258426666259766,
    -1.6610827445983887,
    -1.802743911743164,
    -1.9437236785888672,
    -2.0885729789733887,
    -2.235764980316162,
    -2.3870491981506348,
    -2.543686866760254,
    -2.6998233795166016,
    -2.8607144355773926,
    -3.0215768814086914,
    -3.184208869934082,
    -3.3451733589172363,
    -3.506120204925537,
    -3.6652708053588867,
    -3.8296384811401367,
    -3.9934682846069336,
    -4.155008792877197,
    -4.321238040924072,
    -4.480915069580078,
    -4.6398115158081055,
    -4.804453372955322,
    -4.9614176750183105,
    -5.119779109954834,
    -5.277093887329102,
    -5.428346157073975,
    -5.57715368270874,
    -5.724529266357422,
    -5.8662354946136475
  ],
  "mean_lid_exact": [
    11.095666885375977,
    9.605415344238281,
    9.058934211730957,
    8.837571144104004,
    8.726156234741211,
    8.661084175109863,
    8.639104843139648,
    8.631937026977539,
    8.646387100219727,
    8.667332649230957,
    8.692510604858398,
    8.725726127624512,
    8.760945320129395,
    8.798789024353027,
    8.834794044494629,
    8.871407508850098,
    8.909622192382812,
    8.94542121887207,
    8.982343673706055,
    9.016335487365723,
    9.0516939163208,
    9.083623886108398,
    9.116090774536133,
    9.146827697753906,
    9.176966667175293,
    9.204686164855957,
    9.23068618774414,
    9.258277893066406,
    9.285614013671875,
    9.312666893005371,
    9.34048843383789,
    9.365837097167969,
    9.389573097229004,
    9.411426544189453,
    9.432451248168945,
    9.453962326049805,
    9.475825309753418,
    9.496142387390137,
    9.515544891357422,
    9.535019874572754,
    9.552567481994629,
    9.568090438842773,
    9.585650444030762,
    9.600568771362305,
    9.615628242492676,
    9.630697250366211,
    9.6441068649292,
    9.657221794128418,
    9.669744491577148,
    9.682737350463867
  ],