{
  "k": [
    10,
    20,
    30,
    40,
    50,
    60,
    70,
    80,
    90,
    100,
    110,
    120,
    130,
    140,
    150,
    160,
    170,
    180,
    190,
    200,
    210,
    220,
    230,
    240,
    250,
    260,
    270,
    280,
    290,
    300,
    310,
    320,
    330,
    340,
    350,
    360,
    370,
    380,
    390,
    400,
    410,
    420,
    430,
    440,
    450,
    460,
    470,
    480,
    490,
    500
  ],
  "mean_overlap": [
    0.99584,
    0.994605,
    0.9926866666666667,
    0.99005,
    0.9866299999999999,
    0.9817783333333333,
    0.9747142857142859,
    0.965575,
    0.9552166666666668,
    0.943716,
    0.9315981818181818,
    0.9188975,
    0.9059753846153847,
    0.8930492857142858,
    0.879884,
    0.8668962499999999,
    0.8537388235294118,
    0.840975,
    0.8285057894736844,
    0.8163185000000001,
    0.8042519047619049,
    0.7925613636363636,
    0.7810808695652174,
    0.76993375,
    0.7590420000000001,
    0.7484115384615385,
    0.7381192592592594,
    0.728065,
    0.718306551724138,
    0.7088080000000001,
    0.6995758064516129,
    0.6904725,
    0.6817645454545455,
    0.6732479411764706,
    0.6649377142857144,
    0.6568425000000001,
    0.6489859459459458,
    0.6413136842105263,
    0.6338748717948718,
    0.6266345,
    0.6195458536585365,
    0.6126271428571428,
    0.6058783720930232,
    0.5992415909090909,
    0.5928211111111111,
    0.5864521739130435,
    0.580268510638298,
    0.5742345833333333,
    0.5682930612244897,
    0.5624899999999999
  ],
  "mean_exact_dist": [
    75.86603546142578,
    82.51177978515625,
    87.10372924804688,
    90.62568664550781,
    93.46857452392578,
    95.8508529663086,
    97.89720916748047,
    99.68855285644531,
    101.28204345703125,
    102.7173843383789,
    104.02298736572266,
    105.23255920410156,
    106.35295104980469,
    107.37760925292969,
    108.3410415649414,
    109.23934936523438,
    110.09146881103516,
    110.89271545410156,
    111.6584243774414,
    112.38291931152344,
    113.0615463256836,
    113.68570709228516,
    114.28958892822266,
    114.87813568115234,
    115.44971466064453,
    115.9854965209961,
    116.5011978149414,
    117.04815673828125,
    117.55867004394531,
    118.09933471679688,
    118.64615631103516,
    119.2200927734375,
    119.69204711914062,
    120.14083099365234,
    120.54977416992188,
    121.05280303955078,
    121.49175262451172,
    121.9685287475586,
    122.51094055175781,
    123.00566864013672,
    123.64917755126953,
    124.29064178466797,
    124.88954162597656,
    125.4665298461914,
    126.13715362548828,
    126.6120834350586,
    127.27027893066406,
    127.95994567871094,
    128.7314910888672,
    129.3349609375
  ],
  "mean_ann_dist": [
    75.90328979492188,
    82.5510482788086,
    87.14976501464844,
    90.68140411376953,
    93.53720092773438,
    95.93685913085938,
    98.00918579101562,
    99.83699035644531,
    101.47982025146484,
    102.97679138183594,
    104.356201171875,
    2.8379564950810664e+33,
    106.83576965332031,
    107.95942687988281,
    109.03041076660156,
    110.05049133300781,
    111.0341796875,
    111.98056030273438,
    112.90318298339844,
    113.78398895263672,
    6.511521278739725e+32,
    1.5559178980606165e+32,
    2.9786359624598308e+32,
    116.99905395507812,
    117.77481842041016,
    3.962392674900711e+32,
    119.2458267211914,
    6.167127133523057e+32,
    3.585781913874165e+32,
    5.8078572044530636e+32,
    4.534483065824451e+32,
    8.864289767828604e+32,
    1.0823540329804397e+33,
    8.469949384301918e+32,
    1.2468549871070415e+33,
    1.124177295608929e+33,
    1.0075394361912375e+33,
    9.963060587897522e+32,
    1.7826718779696605e+33,
    1.7725090092171472e+33,
    1.0831090990331513e+33,
    1.8708950675518774e+33,
    1.8740782756203948e+33,
    2.4781114654915724e+33,
    2.6977987807432346e+33,
    2.4303712363315612e+33,
    3.0940383190326893e+33,
    3.585738199116528e+33,
    2.9324760024455936e+33,
    4.2368052186128e+33
  ],
  "mean_barycenter_shift": [
    0.0002208633377449587,
    0.00027170160319656134,
    0.00035912307794205844,
    0.0005012891488149762,
    0.0006505881901830435,
    0.000883199623785913,
    0.001220947247929871,
    0.0016089442651718855,
    0.0019662484992295504,
    0.0023032296448946,
    0.0025843651965260506,
    0.0028312327340245247,
    0.003067905083298683,
    0.0032885049004107714,
    0.003512438852339983,
    0.003726050490513444,
    0.0039476617239415646,
    0.004168253857642412,
    0.004386401269584894,
    0.0046155801974236965,
    0.004844986367970705,
    0.005084151402115822,
    0.005320248659700155,
    0.005553844850510359,
    0.005791040603071451,
    0.00602183910086751,
    0.006247030571103096,
    0.006476652342826128,
    0.00670679472386837,
    0.006941311527043581,
    0.007179579231888056,
    0.007424911484122276,
    0.007676534820348024,
    0.007941198535263538,
    0.008211757056415081,
    0.008490056730806828,
    0.00877464935183525,
    0.00907124299556017,
    0.009385522454977036,
    0.009714298881590366,
    0.010062076151371002,
    0.010435017757117748,
    0.01083333883434534,
    0.011258985847234726,
    0.01170817855745554,
    0.012184525839984417,
    0.01269172877073288,
    0.013224097900092602,
    0.013784808106720448,
    0.014374874532222748
  ],
  "mean_lid_diff": [
    0.04978370666503906,
    0.0071926116943359375,
    -0.011493682861328125,
    -0.04269599914550781,
    -0.07269287109375,
    -0.10496330261230469,
    -0.1540374755859375,
    -0.21873092651367188,
    -0.2838783264160156,
    -0.3578510284423828,
    -0.4371213912963867,
    -0.5288171768188477,
    -0.6190328598022461,
    -0.7244663238525391,
    -0.8208370208740234,
    -0.9218835830688477,
    -1.0317573547363281,
    -1.1411356925964355,
    -1.2590785026550293,
    -1.3767781257629395,
    -1.4906139373779297,
    -1.608445167541504,
    -1.730860710144043,
    -1.8555655479431152,
    -1.9805312156677246,
    -2.1113085746765137,
    -2.248019218444824,
    -2.3882813453674316,
    -2.52921724319458,
    -2.6735401153564453,
    -2.8200507164001465,
    -2.9683589935302734,
    -3.1197266578674316,
    -3.272848129272461,
    -3.4320149421691895,
    -3.5947351455688477,
    -3.765127658843994,
    -3.9377975463867188,
    -4.1220550537109375,
    -4.306382179260254,
    -4.49462366104126,
    -4.685716152191162,
    -4.876035213470459,
    -5.0724334716796875,
    -5.272202491760254,
    -5.475906848907471,
    -5.685388088226318,
    -5.892744541168213,
    -6.100432395935059,
    -6.306287050247192
  ],
  "mean_lid_exact": [
    11.12174129486084,
    9.595296859741211,
    9.056166648864746,
    8.837066650390625,
    8.739181518554688,
    8.686026573181152,
    8.66765022277832,
    8.670998573303223,
    8.684711456298828,
    8.70559024810791,
    8.734942436218262,
    8.769085884094238,
    8.79924488067627,
    8.840621948242188,
    8.873286247253418,
    8.908406257629395,
    8.945664405822754,
    8.979973793029785,
    9.016620635986328,
    9.052742958068848,
    9.085184097290039,
    9.116326332092285,
    9.149813652038574,
    9.181717872619629,
    9.212260246276855,
    9.243837356567383,
    9.274223327636719,
    9.304156303405762,
    9.33092975616455,
    9.357851028442383,
    9.38123893737793,
    9.404986381530762,
    9.42873477935791,
    9.450957298278809,
    9.473140716552734,
    9.492895126342773,
    9.513031005859375,
    9.532125473022461,
    9.552115440368652,
    9.571782112121582,
    9.590489387512207,
    9.608085632324219,
    9.625401496887207,
    9.642910957336426,
    9.658679008483887,
    9.672687530517578,
    9.6869535446167,
    9.701991081237793,
    9.714591026306152,
    9.728715896606445
  ],