{
  "k": [
    10,
    20,
    30,
    40,
    50,
    60,
    70,
    80,
    90,
    100,
    110,
    120,
    130,
    140,
    150,
    160,
    170,
    180,
    190,
    200,
    210,
    220,
    230,
    240,
    250,
    260,
    270,
    280,
    290,
    300,
    310,
    320,
    330,
    340,
    350,
    360,
    370,
    380,
    390,
    400,
    410,
    420,
    430,
    440,
    450,
    460,
    470,
    480,
    490,
    500
  ],
  "mean_overlap": [
    0.99434,
    0.992525,
    0.9904333333333334,
    0.9869875,
    0.982776,
    0.9770516666666667,
    0.9692528571428571,
    0.95966625,
    0.9486900000000001,
    0.9367690000000001,
    0.9236809090909092,
    0.9104158333333333,
    0.8966330769230771,
    0.8829185714285713,
    0.8690313333333334,
    0.8550356250000001,
    0.8413829411764707,
    0.8281844444444443,
    0.8149521052631579,
    0.8021285,
    0.7894142857142858,
    0.77704,
    0.7649013043478261,
    0.7530754166666667,
    0.7416744000000001,
    0.7305469230769231,
    0.7197196296296297,
    0.7091496428571429,
    0.698874827586207,
    0.6890726666666668,
    0.6794090322580646,
    0.6700059375,
    0.6608133333333334,
    0.6518479411764706,
    0.6431482857142857,
    0.634708888888889,
    0.6264756756756756,
    0.6184144736842105,
    0.6105999999999999,
    0.60295275,
    0.5955195121951219,
    0.5882369047619048,
    0.5811132558139535,
    0.5742343181818181,
    0.5675206666666667,
    0.5608710869565218,
    0.5544297872340426,
    0.5481620833333334,
    0.5419926530612245,
    0.5359768
  ],
  "mean_exact_dist": [
    75.52649688720703,
    82.15322875976562,
    86.68850708007812,
    90.14409637451172,
    92.94852447509766,
    95.31400299072266,
    97.36738586425781,
    99.17621612548828,
    100.787353515625,
    102.23828125,
    103.55816650390625,
    104.76595306396484,
    106.01811218261719,
    107.04561614990234,
    108.01323699951172,
    108.90595245361328,
    109.75999450683594,
    110.57260131835938,
    111.32445526123047,
    112.05902862548828,
    112.81121063232422,
    113.55448913574219,
    114.2276611328125,
    114.92720794677734,
    115.52265167236328,
    116.1146240234375,
    116.62017822265625,
    117.21119689941406,
    117.60161590576172,
    118.0368423461914,
    118.59967041015625,
    119.1639404296875,
    119.65170288085938,
    120.17570495605469,
    120.8104476928711,
    121.40229797363281,
    122.2094497680664,
    123.00704956054688,
    123.7793197631836,
    124.54749298095703,
    125.22968292236328,
    125.91600799560547,
    126.7186508178711,
    127.58170318603516,
    128.23556518554688,
    129.25181579589844,
    130.04855346679688,
    130.8895263671875,
    131.63360595703125,
    132.08511352539062
  ],
  "mean_ann_dist": [
    75.57476043701172,
    82.20698547363281,
    86.75135040283203,
    90.2201156616211,
    93.04216766357422,
    95.43124389648438,
    97.51805877685547,
    99.37061309814453,
    101.03783416748047,
    102.56116485595703,
    103.9758529663086,
    2.8393773794467825e+32,
    106.59513092041016,
    2.4459979468755917e+32,
    108.8396987915039,
    109.87980651855469,
    110.89622497558594,
    111.88453674316406,
    112.82044982910156,
    113.74988555908203,
    1.6354381370528997e+32,
    3.1288317457199655e+32,
    5.9989394392169584e+32,
    4.3301734417407915e+32,
    8.357323920665308e+32,
    8.08886424374588e+32,
    5.2235208785469556e+32,
    8.89394539518221e+32,
    1.1137403778802189e+33,
    7.241591000920606e+32,
    2.129589409213907e+33,
    1.27866261847644e+33,
    1.8325600878403368e+33,
    1.9316663177929212e+33,
    1.8079688731874475e+33,
    3.278903618919293e+33,
    3.974916217936889e+33,
    2.2990497832516435e+33,
    3.837547891992577e+33,
    3.088292729825356e+33,
    4.243753466568299e+33,
    4.4941537647096214e+33,
    6.05858439613601e+33,
    4.027963186560307e+33,
    4.747963349719136e+33,
    6.1572055083357e+33,
    5.857395618891389e+33,
    4.556887923625457e+33,
    4.43631411122411e+33,
    5.041219584595469e+33
  ],
  "mean_barycenter_shift": [
    0.00030490008066408336,
    0.0003801514976657927,
    0.00047585772699676454,
    0.0006445025210268795,
    0.0008307669777423143,
    0.001084152259863913,
    0.001428241957910359,
    0.001807376858778298,
    0.002169943880289793,
    0.002494281390681863,
    0.0027913269586861134,
    0.0030612058471888304,
    0.0033286239486187696,
    0.003595719113945961,
    0.0038666457403451204,
    0.004140626173466444,
    0.004393206909298897,
    0.004634100012481213,
    0.004889551550149918,
    0.005145615432411432,
    0.005403053015470505,
    0.005659669637680054,
    0.005922032054513693,
    0.006186802871525288,
    0.0064567276276648045,
    0.006724392529577017,
    0.007000868208706379,
    0.0072797746397554874,
    0.007565856911242008,
    0.0078550660982728,
    0.008149035274982452,
    0.008455448783934116,
    0.008778690360486507,
    0.009110687300562859,
    0.00945977307856083,
    0.00982915610074997,
    0.0102262357249856,
    0.01064818724989891,
    0.01110183633863926,
    0.011584337800741196,
    0.012095027603209019,
    0.012636320665478706,
    0.013210308738052845,
    0.013810628093779087,
    0.014439970254898071,
    0.015094812028110027,
    0.015776032581925392,
    0.016476837918162346,
    0.01719851978123188,
    0.017935017123818398
  ],
  "mean_lid_diff": [
    0.045561790466308594,
    0.025122642517089844,
    -0.019161224365234375,
    -0.053821563720703125,
    -0.0870809555053711,
    -0.13840389251708984,
    -0.18550872802734375,
    -0.2526102066040039,
    -0.31816864013671875,
    -0.4007835388183594,
    -0.48885345458984375,
    -0.594172477722168,
    -0.7013688087463379,
    -0.8013663291931152,
    -0.9167847633361816,
    -1.034644603729248,
    -1.1574311256408691,
    -1.277505874633789,
    -1.4044928550720215,
    -1.5350403785705566,
    -1.6656975746154785,
    -1.8049006462097168,
    -1.9450740814208984,
    -2.0919857025146484,
    -2.2416296005249023,
    -2.398164749145508,
    -2.55753231048584,
    -2.723783016204834,
    -2.8987083435058594,
    -3.074483871459961,
    -3.2613024711608887,
    -3.4517736434936523,
    -3.652179718017578,
    -3.858870506286621,
    -4.067253112792969,
    -4.288424491882324,
    -4.512709617614746,
    -4.744104862213135,
    -4.9732842445373535,
    -5.212325096130371,
    -5.447682857513428,
    -5.689460515975952,
    -5.92681097984314,
    -6.160085201263428,
    -6.387671232223511,
    -6.611524820327759,
    -6.824507236480713,
    -7.026638507843018,
    -7.218477249145508,
    -7.4066102504730225
  ],
  "mean_lid_exact": [
    11.1322603225708,
    9.571598052978516,
    9.055542945861816,
    8.813246726989746,
    8.693671226501465,
    8.619119644165039,
    8.584683418273926,
    8.579543113708496,
    8.584785461425781,
    8.60038948059082,
    8.622541427612305,
    8.65090560913086,
    8.676087379455566,
    8.69764232635498,
    8.727734565734863,
    8.756537437438965,
    8.786578178405762,
    8.814403533935547,
    8.840578079223633,
    8.87097454071045,
    8.89892864227295,
    8.92751407623291,
    8.955955505371094,
    8.981940269470215,
    9.005810737609863,
    9.032186508178711,
    9.056473731994629,
    9.080923080444336,
    9.10561752319336,
    9.12928581237793,
    9.152432441711426,
    9.17615795135498,
    9.199926376342773,
    9.220527648925781,
    9.240633964538574,
    9.261253356933594,
    9.280330657958984,
    9.301103591918945,
    9.319037437438965,
    9.337491989135742,
    9.354876518249512,
    9.37236213684082,
    9.388570785522461,
    9.404877662658691,
    9.42121696472168,
    9.43504810333252,
    9.44980239868164,
    9.462868690490723,
    9.47581672668457,
    9.488152503967285
  ],