{
  "k": [
    10,
    20,
    30,
    40,
    50,
    60,
    70,
    80,
    90,
    100,
    110,
    120,
    130,
    140,
    150,
    160,
    170,
    180,
    190,
    200,
    210,
    220,
    230,
    240,
    250,
    260,
    270,
    280,
    290,
    300,
    310,
    320,
    330,
    340,
    350,
    360,
    370,
    380,
    390,
    400,
    410,
    420,
    430,
    440,
    450,
    460,
    470,
    480,
    490,
    500
  ],
  "mean_overlap": [
    0.99726,
    0.9964449999999999,
    0.99529,
    0.9933049999999999,
    0.9905700000000001,
    0.9866949999999999,
    0.9809400000000001,
    0.9734725000000002,
    0.9643066666666668,
    0.9541620000000001,
    0.9432190909090911,
    0.9313266666666666,
    0.9192569230769232,
    0.9067864285714285,
    0.8941053333333333,
    0.88126875,
    0.868264117647059,
    0.8555949999999999,
    0.8429015789473684,
    0.8304060000000001,
    0.8179914285714287,
    0.8058372727272728,
    0.793918695652174,
    0.78211375,
    0.7705948,
    0.7594015384615385,
    0.748437037037037,
    0.7376610714285714,
    0.7272106896551724,
    0.7169746666666666,
    0.7070145161290322,
    0.69724625,
    0.6877057575757576,
    0.678375,
    0.6692542857142857,
    0.6605136111111111,
    0.6519272972972973,
    0.6435673684210527,
    0.6354076923076923,
    0.62741325,
    0.6195712195121951,
    0.6119138095238095,
    0.6044953488372092,
    0.5972149999999999,
    0.5901046666666666,
    0.5832263043478262,
    0.576445744680851,
    0.5698300000000001,
    0.5633883673469388,
    0.5570452
  ],
  "mean_exact_dist": [
    75.60044860839844,
    82.18077850341797,
    86.70101165771484,
    90.14476013183594,
    92.9232406616211,
    95.2616958618164,
    97.28853607177734,
    99.07029724121094,
    100.6590347290039,
    102.09153747558594,
    103.39513397216797,
    104.59120178222656,
    105.69660186767578,
    106.72432708740234,
    107.6849365234375,
    108.58804321289062,
    109.45458221435547,
    110.29557800292969,
    111.09120178222656,
    111.81693267822266,
    112.51072692871094,
    113.17386627197266,
    113.81822967529297,
    114.44091033935547,
    115.0294189453125,
    115.59263610839844,
    116.23723602294922,
    116.8355712890625,
    117.37962341308594,
    117.94255828857422,
    118.4688491821289,
    119.02080535888672,
    119.69580078125,
    120.2794189453125,
    120.8625259399414,
    121.45492553710938,
    121.9980697631836,
    122.61241149902344,
    123.21908569335938,
    123.89920806884766,
    124.60697174072266,
    125.25948333740234,
    125.94725036621094,
    126.60773468017578,
    127.3100814819336,
    128.17506408691406,
    129.0130615234375,
    129.98641967773438,
    130.9773406982422,
    131.88650512695312
  ],
  "mean_ann_dist": [
    75.62980651855469,
    82.20880889892578,
    86.73175048828125,
    90.18107604980469,
    92.96823120117188,
    95.3192138671875,
    97.36418914794922,
    99.17240142822266,
    100.7979965209961,
    102.27952575683594,
    103.64437866210938,
    104.91458892822266,
    106.10724639892578,
    107.23656463623047,
    108.3145751953125,
    109.35023498535156,
    4.006927954670265e+32,
    3.789631179005715e+32,
    1.7983328639785287e+32,
    113.15029907226562,
    1.6277168729141194e+32,
    114.92339324951172,
    1.4882693106169489e+32,
    116.64720916748047,
    1.3726597344872019e+32,
    2.6434625362545273e+32,
    5.107618742368862e+32,
    3.710821594967234e+32,
    8.391614086040988e+32,
    2.3336579831605417e+32,
    3.409665600472706e+32,
    1.3331161190982434e+33,
    1.1997826265982247e+33,
    1.2835273359745693e+33,
    1.580185120593849e+33,
    1.2431767577653148e+33,
    9.198863953683641e+32,
    1.2118820977996951e+33,
    1.4972866206056085e+33,
    1.9834597173840577e+33,
    1.479775804007412e+33,
    1.0783008625493144e+33,
    1.2688216141341409e+33,
    1.850165142624024e+33,
    2.2389558409545937e+33,
    2.151841071935052e+33,
    2.649875955427429e+33,
    1.2878675537523039e+33,
    2.296209948801523e+33,
    1.810547502289279e+33
  ],
  "mean_barycenter_shift": [
    0.00019280325795989484,
    0.00024202783242799342,
    0.0003192503354512155,
    0.0004518121713772416,
    0.000628305075224489,
    0.0008444801205769181,
    0.0011622848687693477,
    0.0015093330293893814,
    0.0018776935758069158,
    0.002224729163572192,
    0.0025534573942422867,
    0.0028794787358492613,
    0.0031875353306531906,
    0.0034909003879874945,
    0.0037860579323023558,
    0.004068023059517145,
    0.0043573868460953236,
    0.004623433109372854,
    0.004887573421001434,
    0.005147333722561598,
    0.005419119261205196,
    0.00569227896630764,
    0.005972760729491711,
    0.006250211503356695,
    0.006527720484882593,
    0.0068054054863750935,
    0.0070775649510324,
    0.007353648543357849,
    0.007626721169799566,
    0.007902415469288826,
    0.0081766527146101,
    0.008450552821159363,
    0.008724484592676163,
    0.008995658718049526,
    0.00927178468555212,
    0.00954505056142807,
    0.009820092469453812,
    0.010099093429744244,
    0.010382267646491528,
    0.010669946670532227,
    0.010961038060486317,
    0.01125565730035305,
    0.011558781377971172,
    0.01186987105756998,
    0.01218439545482397,
    0.01250084675848484,
    0.012819836847484112,
    0.01314425840973854,
    0.01346962247043848,
    0.013803640380501747
  ],
  "mean_lid_diff": [
    0.04030799865722656,
    0.0154266357421875,
    -0.0037384033203125,
    -0.021495819091796875,
    -0.041884422302246094,
    -0.06903457641601562,
    -0.0993337631225586,
    -0.14153099060058594,
    -0.1967754364013672,
    -0.2528409957885742,
    -0.32782936096191406,
    -0.40233802795410156,
    -0.48813724517822266,
    -0.5819311141967773,
    -0.6825752258300781,
    -0.791285514831543,
    -0.8998856544494629,
    -1.0136723518371582,
    -1.1346988677978516,
    -1.2622194290161133,
    -1.3913345336914062,
    -1.5247693061828613,
    -1.6634554862976074,
    -1.8050484657287598,
    -1.9481110572814941,
    -2.0908265113830566,
    -2.241635799407959,
    -2.392592430114746,
    -2.5500478744506836,
    -2.7106785774230957,
    -2.8714804649353027,
    -3.0318264961242676,
    -3.197641372680664,
    -3.3610658645629883,
    -3.5271458625793457,
    -3.688385486602783,
    -3.8479690551757812,
    -4.00990629196167,
    -4.1726250648498535,
    -4.333507061004639,
    -4.494399070739746,
    -4.650889873504639,
    -4.804722785949707,
    -4.95870304107666,
    -5.108419895172119,
    -5.2613606452941895,
    -5.411678791046143,
    -5.558195114135742,
    -5.7011988162994385,
    -5.842693328857422
  ],
  "mean_lid_exact": [
    11.12682819366455,
    9.592001914978027,
    9.081597328186035,
    8.849260330200195,
    8.733487129211426,
    8.664432525634766,
    8.63707447052002,
    8.643159866333008,
    8.655350685119629,
    8.673441886901855,
    8.69958782196045,
    8.724100112915039,
    8.755117416381836,
    8.787567138671875,
    8.8177490234375,
    8.850823402404785,
    8.88420581817627,
    8.915345191955566,
    8.948029518127441,
    8.979625701904297,
    9.008522987365723,
    9.038714408874512,
    9.069071769714355,
    9.096099853515625,
    9.1241455078125,
    9.149534225463867,
    9.174396514892578,
    9.200657844543457,
    9.226593971252441,
    9.25322151184082,
    9.277111053466797,
    9.298871040344238,
    9.32158088684082,
    9.342672348022461,
    9.362958908081055,
    9.383233070373535,
    9.40025520324707,
    9.419355392456055,
    9.438645362854004,
    9.455509185791016,
    9.473003387451172,
    9.488834381103516,
    9.50333309173584,
    9.518378257751465,
    9.52998161315918,
    9.54333782196045,
    9.556131362915039,
    9.567658424377441,
    9.5786714553833,
    9.590386390686035
  ],