{
  "k": [
    10,
    20,
    30,
    40,
    50,
    60,
    70,
    80,
    90,
    100,
    110,
    120,
    130,
    140,
    150,
    160,
    170,
    180,
    190,
    200,
    210,
    220,
    230,
    240,
    250,
    260,
    270,
    280,
    290,
    300,
    310,
    320,
    330,
    340,
    350,
    360,
    370,
    380,
    390,
    400,
    410,
    420,
    430,
    440,
    450,
    460,
    470,
    480,
    490,
    500
  ],
  "mean_overlap": [
    0.9942,
    0.99241,
    0.99,
    0.9870075,
    0.98262,
    0.9767049999999999,
    0.9686442857142858,
    0.95878125,
    0.947508888888889,
    0.9351039999999999,
    0.9222963636363637,
    0.9088358333333334,
    0.8953038461538463,
    0.88123,
    0.8673633333333334,
    0.8535543750000001,
    0.8398070588235296,
    0.8264416666666666,
    0.8132405263157895,
    0.800473,
    0.7877819047619048,
    0.7753399999999999,
    0.7633669565217391,
    0.7515454166666667,
    0.7401316000000001,
    0.7290157692307692,
    0.7181674074074075,
    0.7074596428571427,
    0.6972506896551723,
    0.6873976666666666,
    0.6777403225806452,
    0.6683515625,
    0.6592224242424243,
    0.6503517647058823,
    0.6417251428571428,
    0.6332713888888889,
    0.6250978378378379,
    0.6171347368421053,
    0.6095312820512819,
    0.601951,
    0.5945448780487804,
    0.5874030952380953,
    0.580373023255814,
    0.573490909090909,
    0.5668411111111111,
    0.5602884782608695,
    0.5539059574468085,
    0.5476879166666666,
    0.5415728571428572,
    0.535562
  ],
  "mean_exact_dist": [
    76.0631103515625,
    82.7497787475586,
    87.32213592529297,
    90.79087829589844,
    93.59700012207031,
    95.9721908569336,
    98.03675079345703,
    99.8511962890625,
    101.46672821044922,
    102.92196655273438,
    104.24561309814453,
    105.45967864990234,
    106.58906555175781,
    107.74449157714844,
    108.69960021972656,
    109.60680389404297,
    110.45892333984375,
    111.2682113647461,
    112.02949523925781,
    112.75594329833984,
    113.4513168334961,
    114.08373260498047,
    114.7586441040039,
    115.47455596923828,
    116.09661102294922,
    116.73199462890625,
    117.27303314208984,
    117.76948547363281,
    118.38233947753906,
    118.964599609375,
    119.53430938720703,
    120.00284576416016,
    120.57434844970703,
    121.07705688476562,
    121.54225158691406,
    122.10577392578125,
    122.70750427246094,
    123.38812255859375,
    124.08799743652344,
    124.8521957397461,
    125.79743957519531,
    126.6322250366211,
    127.49028015136719,
    128.15135192871094,
    128.9668426513672,
    129.83082580566406,
    130.37966918945312,
    131.06661987304688,
    132.06814575195312,
    133.2016143798828
  ],
  "mean_ann_dist": [
    76.11592864990234,
    82.80760192871094,
    87.39002227783203,
    90.87152862548828,
    93.69512176513672,
    96.09404754638672,
    98.19173431396484,
    100.05125427246094,
    101.72516632080078,
    103.2531967163086,
    104.66494750976562,
    105.98311614990234,
    2.0953023386883248e+33,
    2.446244180886531e+32,
    109.52159118652344,
    110.5696792602539,
    111.57662200927734,
    112.55891418457031,
    113.50602722167969,
    1.7142688047576747e+32,
    115.32907104492188,
    116.1796646118164,
    1.4951879447255706e+32,
    4.313486783723749e+32,
    2.7701829143790573e+32,
    5.352876328101983e+32,
    1.1670691326050791e+33,
    5.044807212200571e+32,
    8.615179093723207e+32,
    1.6857581945691554e+33,
    1.3028198577743074e+33,
    2.4458959328792294e+33,
    1.4967690069266823e+33,
    1.9438041651356095e+33,
    1.3623099948171958e+33,
    2.8225893264033974e+33,
    3.055045993160288e+33,
    2.7381218921578675e+33,
    3.9339134774406886e+33,
    4.5958622993672886e+33,
    5.0629181976040634e+33,
    4.0775460894687945e+33,
    3.814980864046424e+33,
    5.89358246314976e+33,
    4.7635719167044656e+33,
    4.10026445558475e+33,
    3.6991879760767975e+33,
    5.613985039696882e+33,
    7.09299595150252e+33,
    6.36868466215688e+33
  ],
  "mean_barycenter_shift": [
    0.00031256303191185,
    0.00037357868859544396,
    0.00047752709360793233,
    0.0006151704001240432,
    0.0008134691161103547,
    0.0010652929777279496,
    0.0014444218249991536,
    0.001828146749176085,
    0.002199907321482897,
    0.0025354058016091585,
    0.0028283887077122927,
    0.0031007661018520594,
    0.0033479053527116776,
    0.0035977165680378675,
    0.0038552742917090654,
    0.004117491655051708,
    0.004381065256893635,
    0.004640887025743723,
    0.004908157046884298,
    0.005175923462957144,
    0.00545371463522315,
    0.005731188226491213,
    0.006008445750921965,
    0.006290331017225981,
    0.006573328282684088,
    0.006854858249425888,
    0.007143308874219656,
    0.007443649228662252,
    0.007749445270746946,
    0.008066220209002495,
    0.008403913117945194,
    0.008759122341871262,
    0.009136389009654522,
    0.00954065378755331,
    0.00996976625174284,
    0.010422204621136189,
    0.010899675078690052,
    0.011406504549086094,
    0.011947548016905785,
    0.01252802088856697,
    0.013149309903383255,
    0.01381018664687872,
    0.014512384310364723,
    0.015249490737915039,
    0.016019245609641075,
    0.016818851232528687,
    0.017646700143814087,
    0.018497399985790253,
    0.01937251351773739,
    0.02026856131851673
  ],
  "mean_lid_diff": [
    0.06055164337158203,
    -0.007956504821777344,
    -0.025644302368164062,
    -0.05933380126953125,
    -0.09623241424560547,
    -0.1364765167236328,
    -0.19702625274658203,
    -0.25478076934814453,
    -0.33536338806152344,
    -0.4199361801147461,
    -0.5020246505737305,
    -0.5946893692016602,
    -0.7042837142944336,
    -0.8157639503479004,
    -0.9252967834472656,
    -1.0389056205749512,
    -1.1636643409729004,
    -1.2876176834106445,
    -1.4203886985778809,
    -1.5585923194885254,
    -1.6910128593444824,
    -1.8243775367736816,
    -1.964749813079834,
    -2.110316276550293,
    -2.2579798698425293,
    -2.415536403656006,
    -2.578185558319092,
    -2.7472457885742188,
    -2.925222873687744,
    -3.108732223510742,
    -3.3003764152526855,
    -3.497469902038574,
    -3.702515125274658,
    -3.913558006286621,
    -4.122079372406006,
    -4.336973190307617,
    -4.564367771148682,
    -4.795762062072754,
    -5.037412166595459,
    -5.278224468231201,
    -5.51536226272583,
    -5.7475481033325195,
    -5.97994589805603,
    -6.211642742156982,
    -6.43684458732605,
    -6.656336545944214,
    -6.879820823669434,
    -7.1004321575164795,
    -7.308874130249023,
    -7.514192819595337
  ],
  "mean_lid_exact": [
    11.097311019897461,
    9.549288749694824,
    9.05971908569336,
    8.843080520629883,
    8.72189998626709,
    8.65167236328125,
    8.627705574035645,
    8.622525215148926,
    8.635029792785645,
    8.658787727355957,
    8.677685737609863,
    8.706653594970703,
    8.741418838500977,
    8.774191856384277,
    8.806694984436035,
    8.842804908752441,
    8.882826805114746,
    8.91665267944336,
    8.95147705078125,
    8.989729881286621,
    9.023919105529785,
    9.053628921508789,
    9.086265563964844,
    9.11777114868164,
    9.14588451385498,
    9.175178527832031,
    9.202940940856934,
    9.229448318481445,
    9.256117820739746,
    9.282136917114258,
    9.305744171142578,
    9.329793930053711,
    9.354000091552734,
    9.376928329467773,
    9.39945125579834,
    9.420798301696777,
    9.44316291809082,
    9.462104797363281,
    9.482574462890625,
    9.502066612243652,
    9.520282745361328,
    9.53801441192627,
    9.555319786071777,
    9.571693420410156,
    9.587301254272461,
    9.602117538452148,
    9.617133140563965,
    9.63100528717041,
    9.64429759979248,
    9.658988952636719
  ],