{
  "k": [
    10,
    20,
    30,
    40,
    50,
    60,
    70,
    80,
    90,
    100,
    110,
    120,
    130,
    140,
    150,
    160,
    170,
    180,
    190,
    200,
    210,
    220,
    230,
    240,
    250,
    260,
    270,
    280,
    290,
    300,
    310,
    320,
    330,
    340,
    350,
    360,
    370,
    380,
    390,
    400,
    410,
    420,
    430,
    440,
    450,
    460,
    470,
    480,
    490,
    500
  ],
  "mean_overlap": [
    0.99475,
    0.99287,
    0.99021,
    0.9867724999999998,
    0.9821460000000001,
    0.9758016666666667,
    0.96755,
    0.9573299999999999,
    0.9459366666666666,
    0.9334899999999999,
    0.9203209090909091,
    0.9067508333333333,
    0.8930715384615386,
    0.8794892857142856,
    0.86572,
    0.8521,
    0.8387023529411767,
    0.8255511111111111,
    0.8126015789473684,
    0.799822,
    0.7874266666666668,
    0.7753195454545455,
    0.7634552173913044,
    0.7518058333333333,
    0.7404531999999999,
    0.7293934615384615,
    0.7185522222222221,
    0.7081146428571429,
    0.6978941379310345,
    0.6880393333333334,
    0.6782751612903226,
    0.668905,
    0.6597812121212121,
    0.6509173529411765,
    0.6422802857142856,
    0.6339405555555556,
    0.6257978378378378,
    0.6178710526315789,
    0.6101305128205128,
    0.60263625,
    0.5952751219512195,
    0.5880633333333333,
    0.5810581395348837,
    0.5742520454545454,
    0.5675939999999999,
    0.5610228260869564,
    0.5546565957446808,
    0.5484239583333335,
    0.5422951020408163,
    0.5363626000000001
  ],
  "mean_exact_dist": [
    75.95116424560547,
    82.59332275390625,
    87.18022155761719,
    90.65479278564453,
    93.44728088378906,
    95.78517150878906,
    97.80452728271484,
    99.58450317382812,
    101.16380310058594,
    102.58338928222656,
    103.87206268310547,
    105.05241394042969,
    106.14521789550781,
    107.16814422607422,
    108.15882873535156,
    109.04708099365234,
    109.87890625,
    110.73133087158203,
    111.49176025390625,
    112.18006896972656,
    112.85591888427734,
    113.5041732788086,
    114.1159896850586,
    114.75313568115234,
    115.30814361572266,
    115.8443603515625,
    116.38568115234375,
    116.88993835449219,
    117.37368774414062,
    117.82124328613281,
    118.34354400634766,
    118.82177734375,
    119.30679321289062,
    119.85295104980469,
    120.45466613769531,
    121.0179443359375,
    121.77506256103516,
    122.51042938232422,
    123.37705993652344,
    124.36709594726562,
    125.33826446533203,
    126.24358367919922,
    127.31879425048828,
    128.30784606933594,
    129.02127075195312,
    129.74658203125,
    130.30213928222656,
    131.1710662841797,
    131.97113037109375,
    132.4574737548828
  ],
  "mean_ann_dist": [
    75.992431640625,
    82.64140319824219,
    87.2396469116211,
    90.72877502441406,
    93.53963470458984,
    95.90208435058594,
    97.95555114746094,
    99.78021240234375,
    101.4161605834961,
    102.90505981445312,
    104.27581787109375,
    105.55061340332031,
    106.75227355957031,
    2.4315608580236882e+32,
    2.274462591903882e+32,
    110.02649688720703,
    4.0193994268535405e+32,
    1.9028258352695586e+32,
    1.804311727512015e+32,
    113.80946350097656,
    3.2679079260053504e+32,
    3.122515350097643e+32,
    116.3618392944336,
    4.315237308310551e+32,
    2.768211108010233e+32,
    4.010146985628669e+32,
    9.047415916702516e+32,
    6.2721620904375365e+32,
    1.096965439264125e+33,
    7.130064982781386e+32,
    1.5126039621966963e+33,
    6.860531392877879e+32,
    1.349095449125339e+33,
    2.3319027002417137e+33,
    2.0948593108967656e+33,
    2.861328184052755e+33,
    3.4320624890347097e+33,
    4.710690832046312e+33,
    2.9488483784351624e+33,
    3.3483266773523975e+33,
    3.422259241863609e+33,
    4.230473155311855e+33,
    3.7251884307219083e+33,
    3.9990724514084746e+33,
    5.847460531106104e+33,
    5.257206387584698e+33,
    3.897156252309217e+33,
    5.569022438500017e+33,
    6.848970735078507e+33,
    5.602054392568269e+33
  ],
  "mean_barycenter_shift": [
    0.00029321873444132507,
    0.00037716489168815315,
    0.0005079716793261468,
    0.0006690992158837616,
    0.0008619518484920263,
    0.0011313138529658318,
    0.001488074311055243,
    0.001880364608950913,
    0.002246595686301589,
    0.002580079482868314,
    0.0028752684593200684,
    0.0031434425618499517,
    0.0033947983756661415,
    0.0036278667394071817,
    0.003864406142383814,
    0.004088727757334709,
    0.004306644666939974,
    0.004531434271484613,
    0.004770781844854355,
    0.005022891331464052,
    0.00528148515149951,
    0.005544150248169899,
    0.005825574975460768,
    0.006101639941334724,
    0.006380568258464336,
    0.006660406477749348,
    0.0069428300485014915,
    0.007226892281323671,
    0.007514188531786203,
    0.007798818871378899,
    0.008086935617029667,
    0.008378262631595135,
    0.008674751035869122,
    0.008975319564342499,
    0.0092876385897398,
    0.009609631262719631,
    0.009943056851625443,
    0.010296638123691082,
    0.010674474760890007,
    0.011071516200900078,
    0.011496574617922306,
    0.011944462545216084,
    0.012417136691510677,
    0.012911280617117882,
    0.013429811224341393,
    0.01397298090159893,
    0.014536186121404171,
    0.015119151212275028,
    0.01571851782500744,
    0.016333602368831635
  ],
  "mean_lid_diff": [
    0.045258522033691406,
    0.019968032836914062,
    -0.016460418701171875,
    -0.062302589416503906,
    -0.0965576171875,
    -0.13935279846191406,
    -0.20824813842773438,
    -0.2773275375366211,
    -0.34773826599121094,
    -0.43326663970947266,
    -0.5306720733642578,
    -0.6215972900390625,
    -0.7289361953735352,
    -0.8341007232666016,
    -0.9535784721374512,
    -1.0744166374206543,
    -1.2028312683105469,
    -1.3315520286560059,
    -1.4657602310180664,
    -1.5969862937927246,
    -1.7326278686523438,
    -1.8754024505615234,
    -2.021669387817383,
    -2.172616481781006,
    -2.3220863342285156,
    -2.479383945465088,
    -2.638826370239258,
    -2.802824020385742,
    -2.9704132080078125,
    -3.1467700004577637,
    -3.329679489135742,
    -3.5187816619873047,
    -3.7117362022399902,
    -3.9198036193847656,
    -4.129331588745117,
    -4.353113174438477,
    -4.583648681640625,
    -4.819788932800293,
    -5.0424323081970215,
    -5.2746052742004395,
    -5.50685977935791,
    -5.742672920227051,
    -5.9707190990448,
    -6.2042272090911865,
    -6.425572633743286,
    -6.6431403160095215,
    -6.855546236038208,
    -7.064298868179321,
    -7.275967359542847,
    -7.480151891708374
  ],
  "mean_lid_exact": [
    11.215530395507812,
    9.685288429260254,
    9.175368309020996,
    8.95274829864502,
    8.840815544128418,
    8.782301902770996,
    8.756525039672852,
    8.763001441955566,
    8.769522666931152,
    8.791918754577637,
    8.819289207458496,
    8.848411560058594,
    8.879229545593262,
    8.906359672546387,
    8.94189739227295,
    8.973405838012695,
    9.005372047424316,
    9.034052848815918,
    9.06356430053711,
    9.090584754943848,
    9.11793327331543,
    9.147500991821289,
    9.173173904418945,
    9.199345588684082,
    9.224433898925781,
    9.250016212463379,
    9.273743629455566,
    9.29492473602295,
    9.317167282104492,
    9.337475776672363,
    9.358124732971191,
    9.377521514892578,
    9.395228385925293,
    9.415226936340332,
    9.430817604064941,
    9.447370529174805,
    9.46279239654541,
    9.478126525878906,
    9.491830825805664,
    9.50578784942627,
    9.52057933807373,
    9.53508472442627,
    9.548869132995605,
    9.562216758728027,
    9.575439453125,
    9.587347984313965,
    9.598531723022461,
    9.610487937927246,
    9.620942115783691,
    9.630768775939941
  ],