{
  "k": [
    10,
    20,
    30,
    40,
    50,
    60,
    70,
    80,
    90,
    100,
    110,
    120,
    130,
    140,
    150,
    160,
    170,
    180,
    190,
    200,
    210,
    220,
    230,
    240,
    250,
    260,
    270,
    280,
    290,
    300,
    310,
    320,
    330,
    340,
    350,
    360,
    370,
    380,
    390,
    400,
    410,
    420,
    430,
    440,
    450,
    460,
    470,
    480,
    490,
    500
  ],
  "mean_overlap": [
    0.99461,
    0.99293,
    0.99051,
    0.9871325000000001,
    0.9828880000000001,
    0.9772916666666666,
    0.9693885714285716,
    0.9596975,
    0.9488255555555556,
    0.936893,
    0.9243327272727272,
    0.9114625,
    0.8982100000000001,
    0.8846700000000001,
    0.87113,
    0.85762125,
    0.8443529411764706,
    0.8313311111111112,
    0.8183973684210527,
    0.805824,
    0.7935390476190478,
    0.7815509090909092,
    0.7698669565217391,
    0.7583154166666667,
    0.7471116,
    0.736121153846154,
    0.7252977777777777,
    0.7148264285714285,
    0.704631724137931,
    0.6945993333333332,
    0.6849425806451613,
    0.67542625,
    0.6662557575757576,
    0.6572861764705882,
    0.648660857142857,
    0.6402272222222223,
    0.6319586486486485,
    0.6239552631578947,
    0.6160751282051281,
    0.60848825,
    0.6010192682926828,
    0.5937047619047618,
    0.5865846511627908,
    0.5796513636363636,
    0.5729044444444444,
    0.5663252173913044,
    0.5598685106382978,
    0.5535125,
    0.5473377551020409,
    0.541283
  ],
  "mean_exact_dist": [
    75.23616790771484,
    81.74767303466797,
    86.28350067138672,
    89.75487518310547,
    92.56043243408203,
    94.92469024658203,
    96.9655990600586,
    98.7541732788086,
    100.34425354003906,
    101.77494812011719,
    103.07511901855469,
    104.2673110961914,
    105.36892700195312,
    106.39315032958984,
    107.35072326660156,
    108.2505874633789,
    109.08778381347656,
    109.86119842529297,
    110.62333679199219,
    111.31468963623047,
    111.9975357055664,
    112.66790771484375,
    113.3111801147461,
    113.92789459228516,
    114.47867584228516,
    115.00159454345703,
    115.50647735595703,
    116.06114959716797,
    116.60730743408203,
    117.21919250488281,
    117.8713150024414,
    118.52584838867188,
    119.16114807128906,
    119.9283447265625,
    120.64352416992188,
    121.4089126586914,
    122.34293365478516,
    123.1357421875,
    123.94273376464844,
    124.75730895996094,
    125.2991714477539,
    126.12175750732422,
    126.9432144165039,
    127.99860382080078,
    128.88681030273438,
    129.62107849121094,
    130.4470977783203,
    131.31979370117188,
    132.16189575195312,
    132.9183349609375
  ],
  "mean_ann_dist": [
    75.29141235351562,
    81.80655670166016,
    86.35049438476562,
    89.83382415771484,
    92.65577697753906,
    95.04164123535156,
    97.11265563964844,
    98.94243621826172,
    100.58509063720703,
    102.07935333251953,
    103.45455932617188,
    104.73401641845703,
    105.93502807617188,
    107.07132720947266,
    108.15419006347656,
    109.19255065917969,
    2.001861038412389e+32,
    111.10676574707031,
    1.7932909663122768e+32,
    112.91780090332031,
    113.80309295654297,
    114.68639373779297,
    1.4845359542578478e+32,
    4.2792047423295764e+32,
    2.7475361553572492e+32,
    2.6509586500486625e+32,
    6.411807916569124e+32,
    1.8731413097531607e+33,
    1.7085203528140006e+33,
    7.174411863551212e+32,
    2.1177201948597438e+33,
    1.8604830633664578e+33,
    2.3006663782004453e+33,
    2.2865671696080143e+33,
    3.075972750554388e+33,
    4.3254686506214874e+33,
    3.3251187059509046e+33,
    2.433999174359192e+33,
    3.865886505886888e+33,
    3.6729640732545956e+33,
    4.3548242322580714e+33,
    2.849749111895299e+33,
    3.699705435013219e+33,
    5.550495427872072e+33,
    5.360075491029195e+33,
    5.276757174625132e+33,
    4.153276142917048e+33,
    4.3597196661434255e+33,
    4.4066394505424003e+33,
    5.001616025828671e+33
  ],
  "mean_barycenter_shift": [
    0.00027439926634542644,
    0.00035964796552434564,
    0.000477567664347589,
    0.0006441013538278639,
    0.0008309971890412271,
    0.0010721770813688636,
    0.0014270206447690725,
    0.001791756832972169,
    0.002135039307177067,
    0.0024589800741523504,
    0.0027461983263492584,
    0.0030005171429365873,
    0.003234980860725045,
    0.0034630007576197386,
    0.0036931403446942568,
    0.0039243753999471664,
    0.004155587404966354,
    0.004371297545731068,
    0.004597533494234085,
    0.004818333778530359,
    0.0050413296557962894,
    0.005274129565805197,
    0.00551099656149745,
    0.005760465282946825,
    0.00601510563865304,
    0.006280762143433094,
    0.006548135541379452,
    0.006816875655204058,
    0.007087464910000563,
    0.007369454018771648,
    0.007649295963346958,
    0.007932091131806374,
    0.008226959966123104,
    0.008534773252904415,
    0.00884982943534851,
    0.00918407179415226,
    0.009538686834275723,
    0.009905069135129452,
    0.0102895088493824,
    0.010690167546272278,
    0.011108620092272758,
    0.011541943065822124,
    0.011991545557975769,
    0.012454908341169357,
    0.012932672165334225,
    0.013426300138235092,
    0.013931723311543465,
    0.014450691640377045,
    0.014978714287281036,
    0.015514605678617954
  ],
  "mean_lid_diff": [
    0.039824485778808594,
    0.0175323486328125,
    -0.027902603149414062,
    -0.05127239227294922,
    -0.08795928955078125,
    -0.1288614273071289,
    -0.18203258514404297,
    -0.24796581268310547,
    -0.3163919448852539,
    -0.39072227478027344,
    -0.48100757598876953,
    -0.576146125793457,
    -0.671025276184082,
    -0.7808828353881836,
    -0.8900341987609863,
    -1.0024313926696777,
    -1.122014045715332,
    -1.2480039596557617,
    -1.3732142448425293,
    -1.5055341720581055,
    -1.6381125450134277,
    -1.7732748985290527,
    -1.90867280960083,
    -2.052814483642578,
    -2.202897548675537,
    -2.359175205230713,
    -2.5227208137512207,
    -2.7000694274902344,
    -2.8811259269714355,
    -3.0640597343444824,
    -3.254849910736084,
    -3.4500436782836914,
    -3.6522860527038574,
    -3.8585610389709473,
    -4.07241678237915,
    -4.2886810302734375,
    -4.508811950683594,
    -4.730417728424072,
    -4.951957702636719,
    -5.172336101531982,
    -5.402369260787964,
    -5.62717080116272,
    -5.859096527099609,
    -6.088459014892578,
    -6.309872150421143,
    -6.5220770835876465,
    -6.726579427719116,
    -6.932255983352661,
    -7.127987384796143,
    -7.323399782180786
  ],
  "mean_lid_exact": [
    11.103926658630371,
    9.602195739746094,
    9.100160598754883,
    8.859625816345215,
    8.735180854797363,
    8.66091251373291,
    8.632641792297363,
    8.629131317138672,
    8.633537292480469,
    8.64780044555664,
    8.675140380859375,
    8.699039459228516,
    8.723891258239746,
    8.752124786376953,
    8.779939651489258,
    8.806407928466797,
    8.835976600646973,
    8.869589805603027,
    8.898378372192383,
    8.928717613220215,
    8.957502365112305,
    8.985376358032227,
    9.011575698852539,
    9.036856651306152,
    9.061990737915039,
    9.087590217590332,
    9.113598823547363,
    9.138285636901855,
    9.163457870483398,
    9.183937072753906,
    9.205802917480469,
    9.22793960571289,
    9.247936248779297,
    9.267571449279785,
    9.286779403686523,
    9.3064546585083,
    9.323019027709961,
    9.33978271484375,
    9.3538818359375,
    9.370205879211426,
    9.386568069458008,
    9.401525497436523,
    9.417560577392578,
    9.43143081665039,
    9.445911407470703,
    9.458999633789062,
    9.4728422164917,
    9.484431266784668,
    9.496570587158203,
    9.508184432983398
  ],