{
  "k": [
    10,
    20,
    30,
    40,
    50,
    60,
    70,
    80,
    90,
    100,
    110,
    120,
    130,
    140,
    150,
    160,
    170,
    180,
    190,
    200,
    210,
    220,
    230,
    240,
    250,
    260,
    270,
    280,
    290,
    300,
    310,
    320,
    330,
    340,
    350,
    360,
    370,
    380,
    390,
    400,
    410,
    420,
    430,
    440,
    450,
    460,
    470,
    480,
    490,
    500
  ],
  "mean_overlap": [
    0.9953799999999999,
    0.9932850000000001,
    0.9906299999999999,
    0.9870275,
    0.9823640000000001,
    0.976065,
    0.9678899999999999,
    0.95781875,
    0.9465622222222224,
    0.9341470000000002,
    0.9210863636363636,
    0.9075741666666667,
    0.8939476923076923,
    0.8800557142857144,
    0.8664093333333334,
    0.8526525000000001,
    0.8391558823529413,
    0.8258811111111111,
    0.8129747368421053,
    0.800184,
    0.7877466666666667,
    0.7754850000000001,
    0.7636113043478261,
    0.7518020833333333,
    0.7404716,
    0.729375,
    0.7186229629629629,
    0.7082367857142858,
    0.6980934482758621,
    0.6882173333333333,
    0.6786203225806451,
    0.669353125,
    0.6603193939393939,
    0.6515061764705883,
    0.6429637142857143,
    0.6346941666666666,
    0.6265351351351351,
    0.6186918421052631,
    0.6110105128205128,
    0.603463,
    0.5961248780487806,
    0.5889680952380951,
    0.5819951162790697,
    0.5751479545454544,
    0.5685151111111111,
    0.5620928260869565,
    0.5557697872340426,
    0.5495775,
    0.5435234693877552,
    0.5375584000000001
  ],
  "mean_exact_dist": [
    75.9557113647461,
    82.60398864746094,
    87.15373229980469,
    90.62386322021484,
    93.44083404541016,
    95.81050872802734,
    97.85332489013672,
    99.64713287353516,
    101.24351501464844,
    102.68009185791016,
    103.98558807373047,
    105.18211364746094,
    106.28713989257812,
    107.31396484375,
    108.28347778320312,
    109.1856918334961,
    110.0374984741211,
    110.85906982421875,
    111.6336898803711,
    112.33211517333984,
    112.96022033691406,
    113.62169647216797,
    114.2771987915039,
    114.92283630371094,
    115.5022201538086,
    116.0448226928711,
    116.55830383300781,
    117.10076904296875,
    117.6359634399414,
    118.1778335571289,
    118.70135498046875,
    119.20929718017578,
    119.74752044677734,
    120.33932495117188,
    120.81169128417969,
    121.33468627929688,
    122.04695892333984,
    122.69638061523438,
    123.7002944946289,
    124.5509262084961,
    125.20623016357422,
    126.051513671875,
    126.81220245361328,
    127.81578063964844,
    128.62600708007812,
    129.40191650390625,
    130.4745330810547,
    131.33978271484375,
    132.16265869140625,
    133.03126525878906
  ],
  "mean_ann_dist": [
    75.99117279052734,
    82.6480712890625,
    87.20916748046875,
    90.69374084472656,
    93.52936553955078,
    95.9237060546875,
    98.0000991821289,
    99.83761596679688,
    101.48965454101562,
    102.99388885498047,
    104.3793716430664,
    105.66825103759766,
    106.87834930419922,
    108.0241470336914,
    109.12147521972656,
    110.16978454589844,
    111.18421173095703,
    112.16629028320312,
    113.11090850830078,
    1.707901730964994e+32,
    4.889535874779366e+32,
    3.1187376986965112e+32,
    1.495792601063509e+32,
    5.748983871034749e+32,
    6.913497431171228e+32,
    6.668594205774353e+32,
    9.031670093115331e+32,
    1.126663233950319e+33,
    1.2194838233534319e+33,
    7.16459345161463e+32,
    1.7506937203598504e+33,
    1.4890102177304612e+33,
    2.709713025166327e+33,
    2.236992468052287e+33,
    1.7751642358589094e+33,
    2.1032141682219026e+33,
    3.2226652408745975e+33,
    3.24206221386515e+33,
    3.5296991294181575e+33,
    3.363391169690461e+33,
    2.1357003454753345e+33,
    5.084912678282047e+33,
    5.474778063309221e+33,
    4.620193082384413e+33,
    4.2422608203659304e+33,
    3.583631534654674e+33,
    4.3527352084417774e+33,
    5.308569138784668e+33,
    5.748524982136436e+33,
    6.442814987589367e+33
  ],
  "mean_barycenter_shift": [
    0.0002582710876595229,
    0.00035503649269230664,
    0.0004844355571549386,
    0.000667469808831811,
    0.0008671206305734813,
    0.0011376150650903583,
    0.0014881982933729887,
    0.001881726668216288,
    0.0022337946575134993,
    0.0025462545454502106,
    0.0028213756158947945,
    0.0030770222656428814,
    0.0033062491565942764,
    0.003526330227032304,
    0.003746516304090619,
    0.0039690532721579075,
    0.0041966219432652,
    0.004430905915796757,
    0.004654204472899437,
    0.004887375049293041,
    0.005128997843712568,
    0.005373932886868715,
    0.005628365557640791,
    0.005891096778213978,
    0.006154137197881937,
    0.006419011857360601,
    0.0066795386373996735,
    0.006933991331607103,
    0.007184142246842384,
    0.007436881307512522,
    0.007690876722335815,
    0.007949075661599636,
    0.008212425746023655,
    0.008481370285153389,
    0.008755678310990334,
    0.00903712585568428,
    0.009337355382740498,
    0.009649958461523056,
    0.00997444149106741,
    0.010318242944777012,
    0.010682745836675167,
    0.011068029329180717,
    0.011474095284938812,
    0.011898528784513474,
    0.012345894239842892,
    0.012807420454919338,
    0.013284443877637386,
    0.013776824809610844,
    0.014282367192208767,
    0.014798169024288654
  ],
  "mean_lid_diff": [
    0.019608497619628906,
    -0.022657394409179688,
    -0.04107379913330078,
    -0.07661819458007812,
    -0.1125783920288086,
    -0.15044021606445312,
    -0.21030616760253906,
    -0.2660198211669922,
    -0.34433555603027344,
    -0.41973018646240234,
    -0.5102748870849609,
    -0.6072959899902344,
    -0.7110910415649414,
    -0.8148159980773926,
    -0.926915168762207,
    -1.0423274040222168,
    -1.1673455238342285,
    -1.2928271293640137,
    -1.4197664260864258,
    -1.551797866821289,
    -1.6904659271240234,
    -1.8245000839233398,
    -1.964365005493164,
    -2.105259418487549,
    -2.2474842071533203,
    -2.3990445137023926,
    -2.558777332305908,
    -2.7233471870422363,
    -2.896012783050537,
    -3.0727524757385254,
    -3.2543439865112305,
    -3.442812919616699,
    -3.640941619873047,
    -3.8468451499938965,
    -4.0575270652771,
    -4.277127742767334,
    -4.506598949432373,
    -4.735177040100098,
    -4.975993633270264,
    -5.212958335876465,
    -5.450014591217041,
    -5.683773040771484,
    -5.915491819381714,
    -6.144742965698242,
    -6.369298219680786,
    -6.595465421676636,
    -6.820955514907837,
    -7.029044151306152,
    -7.234942197799683,
    -7.4390549659729
  ],
  "mean_lid_exact": [
    11.066308975219727,
    9.623932838439941,
    9.074748039245605,
    8.835159301757812,
    8.727450370788574,
    8.665196418762207,
    8.650708198547363,
    8.646918296813965,
    8.665413856506348,
    8.684715270996094,
    8.716498374938965,
    8.746047973632812,
    8.781673431396484,
    8.812849044799805,
    8.848405838012695,
    8.879361152648926,
    8.915395736694336,
    8.949546813964844,
    8.980382919311523,
    9.010878562927246,
    9.044816017150879,
    9.074440002441406,
    9.106545448303223,
    9.135231971740723,
    9.162604331970215,
    9.19001579284668,
    9.218523979187012,
    9.2449951171875,
    9.270258903503418,
    9.295412063598633,
    9.319156646728516,
    9.34331226348877,
    9.364402770996094,
    9.3862943649292,
    9.40832233428955,
    9.428116798400879,
    9.449488639831543,
    9.46756362915039,
    9.48579216003418,
    9.504362106323242,
    9.523361206054688,
    9.540604591369629,
    9.557212829589844,
    9.573655128479004,
    9.588706016540527,
    9.603253364562988,
    9.617293357849121,
    9.630261421203613,
    9.642951011657715,
    9.654679298400879
  ],