{
  "k": [
    10,
    20,
    30,
    40,
    50,
    60,
    70,
    80,
    90,
    100,
    110,
    120,
    130,
    140,
    150,
    160,
    170,
    180,
    190,
    200,
    210,
    220,
    230,
    240,
    250,
    260,
    270,
    280,
    290,
    300,
    310,
    320,
    330,
    340,
    350,
    360,
    370,
    380,
    390,
    400,
    410,
    420,
    430,
    440,
    450,
    460,
    470,
    480,
    490,
    500
  ],
  "mean_overlap": [
    0.99456,
    0.9928450000000001,
    0.99059,
    0.98735,
    0.983232,
    0.9775733333333334,
    0.9699285714285714,
    0.9603012500000001,
    0.9492444444444446,
    0.9372280000000001,
    0.9241218181818182,
    0.9105833333333334,
    0.8967984615384615,
    0.8829135714285714,
    0.8689326666666668,
    0.8549581249999999,
    0.8413635294117648,
    0.8279933333333335,
    0.814738947368421,
    0.801866,
    0.789194761904762,
    0.7767781818181818,
    0.7646465217391305,
    0.7527579166666667,
    0.7413352000000001,
    0.7301973076923076,
    0.7194296296296296,
    0.7088467857142857,
    0.6986675862068965,
    0.6888686666666667,
    0.6792532258064518,
    0.6698125,
    0.6606190909090909,
    0.6516538235294118,
    0.64297,
    0.6346016666666666,
    0.6263791891891892,
    0.6182947368421052,
    0.6105346153846154,
    0.60284875,
    0.595370243902439,
    0.5881011904761906,
    0.5809853488372094,
    0.5741090909090908,
    0.5673388888888888,
    0.5606760869565217,
    0.5542621276595744,
    0.5479762499999999,
    0.5418038775510204,
    0.5357716
  ],
  "mean_exact_dist": [
    75.52649688720703,
    82.15322875976562,
    86.68850708007812,
    90.14409637451172,
    92.94852447509766,
    95.31400299072266,
    97.36738586425781,
    99.17621612548828,
    100.787353515625,
    102.23828125,
    103.55816650390625,
    104.76885223388672,
    105.87845611572266,
    107.05866241455078,
    108.01134490966797,
    108.92250061035156,
    109.760498046875,
    110.57310485839844,
    111.324951171875,
    112.05945587158203,
    112.78938293457031,
    113.5641098022461,
    114.31529998779297,
    114.97127532958984,
    115.59548950195312,
    116.21512603759766,
    116.71281433105469,
    117.16983032226562,
    117.77395629882812,
    118.24596405029297,
    118.7395248413086,
    119.28555297851562,
    119.86186981201172,
    120.48280334472656,
    121.02529907226562,
    121.69623565673828,
    122.48268127441406,
    123.32481384277344,
    124.15303039550781,
    124.94097900390625,
    125.80248260498047,
    126.42591857910156,
    127.11125183105469,
    127.97501373291016,
    128.80484008789062,
    129.702392578125,
    130.27450561523438,
    130.97854614257812,
    131.6129913330078,
    132.00498962402344
  ],
  "mean_ann_dist": [
    75.57389831542969,
    82.20504760742188,
    86.74964904785156,
    90.21790313720703,
    93.03909301757812,
    95.4273910522461,
    97.51307678222656,
    99.3639144897461,
    101.02827453613281,
    102.54571533203125,
    103.9478759765625,
    105.25994110107422,
    106.48004913330078,
    4.888060791851305e+32,
    108.83451843261719,
    109.89282989501953,
    110.89286804199219,
    1.9035921975251287e+32,
    112.81641387939453,
    113.74793243408203,
    6.543073275491011e+32,
    3.1307315968240063e+32,
    1.501256752340036e+32,
    5.772389448615013e+32,
    1.3904682756648467e+32,
    6.716505580144795e+32,
    5.2073336519645124e+32,
    1.5169054943482032e+33,
    7.404632346369638e+32,
    9.642116895587541e+32,
    1.5330796451889814e+33,
    1.736795986508813e+33,
    2.628174866538756e+33,
    1.9264172972838463e+33,
    2.3704793877459247e+33,
    3.490421767851711e+33,
    3.968056173209189e+33,
    3.325937293801882e+33,
    3.3701447515747827e+33,
    3.6622531065496887e+33,
    2.89941279039135e+33,
    3.2333226666728053e+33,
    6.536939901566372e+33,
    5.334499030847539e+33,
    4.735719503760584e+33,
    3.654862604515155e+33,
    5.1899998607919336e+33,
    4.289754080488104e+33,
    5.010488961060249e+33,
    4.8923774113970407e+33
  ],
  "mean_barycenter_shift": [
    0.00027232806314714253,
    0.0003546359948813915,
    0.0004597318184096366,
    0.0006204975070431828,
    0.0008091276395134628,
    0.001062746625393629,
    0.001409031916409731,
    0.0017870847368612885,
    0.0021666348911821842,
    0.0024911733344197273,
    0.0027906105387955904,
    0.0030564474873244762,
    0.003306768834590912,
    0.003559460397809744,
    0.003823708277195692,
    0.004087128210812807,
    0.004331409465521574,
    0.004578732885420322,
    0.004839116241782904,
    0.005090599413961172,
    0.00534883514046669,
    0.005608747247606516,
    0.005878358613699675,
    0.006150792818516493,
    0.006424189545214176,
    0.0066972351633012295,
    0.0069727166555821896,
    0.007250790484249592,
    0.007533911149948835,
    0.007819736376404762,
    0.008115576580166817,
    0.00842219963669777,
    0.008741866797208786,
    0.009075001813471317,
    0.009425363503396511,
    0.009797428734600544,
    0.010195944458246231,
    0.010618847794830799,
    0.01107377465814352,
    0.011558020487427711,
    0.012070289812982082,
    0.012614806182682514,
    0.013189970515668392,
    0.01378911454230547,
    0.014414718374609947,
    0.015064777806401253,
    0.015741750597953796,
    0.016436731442809105,
    0.017149094492197037,
    0.01787562482059002
  ],
  "mean_lid_diff": [
    0.04891204833984375,
    0.02594280242919922,
    -0.011625289916992188,
    -0.04636383056640625,
    -0.07925224304199219,
    -0.1322307586669922,
    -0.18342113494873047,
    -0.24910449981689453,
    -0.3139371871948242,
    -0.39733219146728516,
    -0.4873695373535156,
    -0.5902194976806641,
    -0.6956014633178711,
    -0.8030710220336914,
    -0.9223546981811523,
    -1.0403532981872559,
    -1.1612820625305176,
    -1.2836518287658691,
    -1.4064278602600098,
    -1.5362730026245117,
    -1.6716370582580566,
    -1.8094182014465332,
    -1.9511938095092773,
    -2.0948619842529297,
    -2.2402639389038086,
    -2.396120071411133,
    -2.555098056793213,
    -2.723329544067383,
    -2.8945279121398926,
    -3.0723557472229004,
    -3.2551774978637695,
    -3.443892478942871,
    -3.6443543434143066,
    -3.845686912536621,
    -4.0601301193237305,
    -4.273679256439209,
    -4.499140739440918,
    -4.730303764343262,
    -4.957870960235596,
    -5.190505504608154,
    -5.423664093017578,
    -5.66185736656189,
    -5.89786171913147,
    -6.129944562911987,
    -6.353859186172485,
    -6.568973779678345,
    -6.775898694992065,
    -6.965398788452148,
    -7.154035806655884,
    -7.332716464996338
  ],
  "mean_lid_exact": [
    11.1322603225708,
    9.571598052978516,
    9.055542945861816,
    8.813246726989746,
    8.693671226501465,
    8.619119644165039,
    8.584683418273926,
    8.579543113708496,
    8.584785461425781,
    8.60038948059082,
    8.622541427612305,
    8.65090560913086,
    8.676087379455566,
    8.69764232635498,
    8.727734565734863,
    8.756537437438965,
    8.786578178405762,
    8.814403533935547,
    8.840578079223633,
    8.87097454071045,
    8.89892864227295,
    8.92751407623291,
    8.955955505371094,
    8.981940269470215,
    9.005810737609863,
    9.032186508178711,
    9.056473731994629,
    9.080923080444336,
    9.10561752319336,
    9.12928581237793,
    9.152432441711426,
    9.17615795135498,
    9.199926376342773,
    9.220527648925781,
    9.240633964538574,
    9.261253356933594,
    9.280330657958984,
    9.301103591918945,
    9.319037437438965,
    9.337491989135742,
    9.354876518249512,
    9.37236213684082,
    9.388570785522461,
    9.404877662658691,
    9.42121696472168,
    9.43504810333252,
    9.44980239868164,
    9.462868690490723,
    9.47581672668457,
    9.488152503967285
  ],