{
  "k": [
    10,
    20,
    30,
    40,
    50,
    60,
    70,
    80,
    90,
    100,
    110,
    120,
    130,
    140,
    150,
    160,
    170,
    180,
    190,
    200,
    210,
    220,
    230,
    240,
    250,
    260,
    270,
    280,
    290,
    300,
    310,
    320,
    330,
    340,
    350,
    360,
    370,
    380,
    390,
    400,
    410,
    420,
    430,
    440,
    450,
    460,
    470,
    480,
    490,
    500
  ],
  "mean_overlap": [
    0.98766,
    0.981195,
    0.9701866666666669,
    0.9517774999999999,
    0.928126,
    0.9026233333333333,
    0.8763685714285715,
    0.8500625,
    0.8244300000000001,
    0.8000459999999999,
    0.7767736363636364,
    0.7546616666666667,
    0.733593846153846,
    0.7136792857142857,
    0.694798,
    0.6768293750000001,
    0.6595923529411765,
    0.6434033333333333,
    0.6280094736842106,
    0.6133765,
    0.5993404761904761,
    0.5860259090909091,
    0.5732230434782608,
    0.5610016666666666,
    0.5493836,
    0.5384384615384615,
    0.5277555555555554,
    0.5176410714285714,
    0.5079465517241378,
    0.498554,
    0.48950193548387094,
    0.4808346875,
    0.4724890909090909,
    0.4645129411764706,
    0.45675,
    0.4493108333333334,
    0.44205405405405407,
    0.4350444736842106,
    0.4282741025641026,
    0.42173774999999997,
    0.4154321951219513,
    0.40933476190476187,
    0.40337209302325583,
    0.3975931818181818,
    0.39198177777777776,
    0.38656478260869565,
    0.38127510638297873,
    0.376136875,
    0.37111755102040817,
    0.3662356
  ],
  "mean_exact_dist": [
    75.65046691894531,
    82.296875,
    86.85892486572266,
    90.3578109741211,
    93.18843841552734,
    95.57039642333984,
    97.63812255859375,
    99.46185302734375,
    101.07389831542969,
    102.5331802368164,
    103.8753890991211,
    105.14824676513672,
    106.2334976196289,
    107.26213073730469,
    108.28587341308594,
    109.29154205322266,
    110.4050521850586,
    111.45228576660156,
    112.31243896484375,
    113.31263732910156,
    114.07588195800781,
    114.92487335205078,
    115.76725006103516,
    116.83216094970703,
    118.05048370361328,
    118.8641586303711,
    119.87171173095703,
    120.96995544433594,
    122.14118957519531,
    123.82892608642578,
    125.49437713623047,
    126.80046081542969,
    128.99085998535156,
    130.3015899658203,
    131.6716766357422,
    133.43206787109375,
    135.7485809326172,
    136.81378173828125,
    138.6512908935547,
    141.34585571289062,
    142.80453491210938,
    144.2647705078125,
    146.22987365722656,
    148.93836975097656,
    151.29345703125,
    154.0481414794922,
    158.03758239746094,
    160.3703155517578,
    160.33274841308594,
    152.72067260742188
  ],
  "mean_ann_dist": [
    75.7743148803711,
    82.43685913085938,
    87.04291534423828,
    90.62297058105469,
    93.58963012695312,
    96.16696166992188,
    98.46776580810547,
    100.55061340332031,
    102.45083618164062,
    104.23961639404297,
    6.201836264230783e+32,
    2.851942277417398e+32,
    7.912009808595997e+32,
    2.2143226910828735e+33,
    6.928277661527771e+32,
    1.745753875375587e+33,
    2.507823109631956e+33,
    2.2129437806216145e+33,
    6.821589977289593e+33,
    6.701486891588185e+33,
    8.349602269670265e+33,
    9.120814155344271e+33,
    8.02201362471441e+33,
    1.0951616058843813e+34,
    8.905530192812347e+33,
    1.370117373159959e+34,
    1.2279321606257855e+34,
    1.220078792810563e+34,
    1.3271847460395144e+34,
    1.6024060514535187e+34,
    1.8167260300768513e+34,
    1.5839140745286855e+34,
    1.5074226260592694e+34,
    1.8707111096620395e+34,
    1.3685742809009897e+34,
    2.1262813548924277e+34,
    1.4549506805840996e+34,
    2.296102464657612e+34,
    2.448394591054523e+34,
    1.9751049838529246e+34,
    1.0310023922923222e+34,
    1.692315532008749e+34,
    2.3899960076412744e+34,
    6.581863507651999e+33,
    1.6619405686468155e+34,
    1.5305053798257885e+34,
    4.1884587083185485e+34,
    170.26382446289062,
    2.8153529479037547e+34,
    2.430588061529442e+34
  ],
  "mean_barycenter_shift": [
    0.0007097878842614591,
    0.0010192908812314272,
    0.0015599550679326057,
    0.0026333823334425688,
    0.003656945889815688,
    0.004458029288798571,
    0.005056003108620644,
    0.005513257812708616,
    0.005902070086449385,
    0.0062764715403318405,
    0.00666369404643774,
    0.007053283043205738,
    0.00745859369635582,
    0.007868267595767975,
    0.008285058662295341,
    0.00870521180331707,
    0.009151647798717022,
    0.009617410600185394,
    0.010111992247402668,
    0.010620670393109322,
    0.011156050488352776,
    0.011714508756995201,
    0.012303486466407776,
    0.012921111658215523,
    0.013579362072050571,
    0.014269523322582245,
    0.01500124204903841,
    0.015761101618409157,
    0.016552692279219627,
    0.017371052876114845,
    0.018212491646409035,
    0.019066087901592255,
    0.019934888929128647,
    0.020812973380088806,
    0.021697653457522392,
    0.022576600313186646,
    0.02345253899693489,
    0.02431766502559185,
    0.025169238448143005,
    0.02600427158176899,
    0.026819739490747452,
    0.02761600911617279,
    0.028387073427438736,
    0.029135840013623238,
    0.029859671369194984,
    0.030556512996554375,
    0.03122887574136257,
    0.03187752887606621,
    0.0324997641146183,
    0.03309883177280426
  ],
  "mean_lid_diff": [
    0.10062217712402344,
    -0.03446197509765625,
    -0.14685440063476562,
    -0.28954601287841797,
    -0.4454841613769531,
    -0.6183924674987793,
    -0.8020286560058594,
    -1.000319480895996,
    -1.2059297561645508,
    -1.4129385948181152,
    -1.6227011680603027,
    -1.8439178466796875,
    -2.063577175140381,
    -2.292785167694092,
    -2.535524845123291,
    -2.792179584503174,
    -3.063424587249756,
    -3.336642265319824,
    -3.635965347290039,
    -3.9478392601013184,
    -4.2739763259887695,
    -4.608197212219238,
    -4.94489860534668,
    -5.297832250595093,
    -5.652540922164917,
    -6.004462242126465,
    -6.346963882446289,
    -6.685362339019775,
    -7.005859613418579,
    -7.307256460189819,
    -7.5857017040252686,
    -7.843130350112915,
    -8.073633790016174,
    -8.287272334098816,
    -8.47609931230545,
    -8.64419412612915,
    -8.78762698173523,
    -8.914685785770416,
    -9.022069364786148,
    -9.113938242197037,
    -9.186759561300278,
    -9.252739757299423,
    -9.304004073143005,
    -9.345167189836502,
    -9.38388255238533,
    -9.414600297808647,
    -9.441220670938492,
    -9.467903099954128,
    -9.488579735159874,
    -9.508089862763882
  ],
  "mean_lid_exact": [
    11.056753158569336,
    9.535602569580078,
    9.006322860717773,
    8.762222290039062,
    8.637125968933105,
    8.58202075958252,
    8.559231758117676,
    8.558961868286133,
    8.58226490020752,
    8.604817390441895,
    8.63201904296875,
    8.667945861816406,
    8.701839447021484,
    8.737468719482422,
    8.777471542358398,
    8.82058048248291,
    8.85612678527832,
    8.892607688903809,
    8.927512168884277,
    8.962918281555176,
    8.995849609375,
    9.029282569885254,
    9.062601089477539,
    9.093718528747559,
    9.124088287353516,
    9.151100158691406,
    9.179098129272461,
    9.20711898803711,
    9.231822967529297,
    9.256800651550293,
    9.278772354125977,
    9.301952362060547,
    9.325811386108398,
    9.34752082824707,
    9.369096755981445,
    9.390201568603516,
    9.41016674041748,
    9.42810344696045,
    9.446163177490234,
    9.462827682495117,
    9.479979515075684,
    9.496664047241211,
    9.510845184326172,
    9.524880409240723,
    9.53919792175293,
    9.554069519042969,
    9.566300392150879,
    9.579773902893066,
    9.59227466583252,
    9.604191780090332
  ],