{
  "alpha": 0.25,
  "k": [
    10,
    20,
    30,
    40,
    50,
    60,
    70,
    80,
    90,
    100,
    110,
    120,
    130,
    140,
    150,
    160,
    170,
    180,
    190,
    200,
    210,
    220,
    230,
    240,
    250,
    260,
    270,
    280,
    290,
    300,
    310,
    320,
    330,
    340,
    350,
    360,
    370,
    380,
    390,
    400,
    410,
    420,
    430,
    440,
    450,
    460,
    470,
    480,
    490,
    500
  ],
  "mean_overlap": [
    0.73633,
    0.80587,
    0.7980033333333335,
    0.813855,
    0.8056880000000001,
    0.8152900000000001,
    0.8088728571428573,
    0.8158875000000001,
    0.811078888888889,
    0.817312,
    0.8134263636363636,
    0.818125,
    0.8148246153846154,
    0.8189578571428571,
    0.8158280000000001,
    0.819490625,
    0.8168817647058825,
    0.8198027777777778,
    0.8173,
    0.8204334999999999,
    0.8179852380952382,
    0.8204377272727273,
    0.8186213043478261,
    0.8212391666666666,
    0.8194608,
    0.82189,
    0.8201996296296297,
    0.8223596428571429,
    0.8209003448275862,
    0.8230843333333334,
    0.8217667741935484,
    0.8240415624999999,
    0.8229348484848484,
    0.8249664705882352,
    0.8238008571428572,
    0.825725,
    0.8245970270270269,
    0.826563947368421,
    0.8254551282051283,
    0.82708825,
    0.826179756097561,
    0.8277092857142858,
    0.8267244186046512,
    0.8283234090909091,
    0.8274408888888889,
    0.8287960869565218,
    0.8277727659574468,
    0.829165625,
    0.828209387755102,
    0.8294562
  ],
  "mean_exact_dist": [
    75.78614807128906,
    82.33882141113281,
    86.83470153808594,
    90.26297760009766,
    93.044189453125,
    95.39016723632812,
    97.41385650634766,
    99.1921157836914,
    100.75674438476562,
    102.15658569335938,
    103.47750091552734,
    104.68473052978516,
    105.7942123413086,
    106.81043243408203,
    107.75875091552734,
    108.64542388916016,
    109.49617767333984,
    110.30706787109375,
    111.06627655029297,
    111.7891616821289,
    112.47863006591797,
    113.1375961303711,
    113.74837493896484,
    114.36085510253906,
    114.95378112792969,
    115.5506820678711,
    116.09915924072266,
    116.62812805175781,
    117.14012145996094,
    117.63629913330078,
    118.11762237548828,
    118.5849380493164,
    119.03900146484375,
    119.48057556152344,
    119.91024780273438,
    120.32859802246094,
    120.73616027832031,
    121.13345336914062,
    121.49919891357422,
    121.87713623046875,
    122.24622344970703,
    122.6068115234375,
    122.95438385009766,
    123.31820678710938,
    123.65045166015625,
    123.96601104736328,
    124.2890853881836,
    124.61088562011719,
    124.9210433959961,
    125.22506713867188
  ],
  "mean_ann_dist": [
    79.26167297363281,
    84.18147277832031,
    1.1343879024242073e+33,
    91.87590789794922,
    6.805647321236162e+32,
    96.9338150024414,
    9.724297545095501e+32,
    100.6844711303711,
    3.7865947442031056e+32,
    103.58053588867188,
    6.196867095541839e+32,
    1.1366614566776074e+33,
    107.22029876708984,
    108.17896270751953,
    6.82475647316758e+32,
    2.1333780473328876e+32,
    110.89445495605469,
    111.67193603515625,
    112.47151947021484,
    113.15968322753906,
    1.6257570590894257e+32,
    1.5509255179959359e+32,
    115.17605590820312,
    115.76530456542969,
    1.3620827941343607e+32,
    116.96514892578125,
    117.54212188720703,
    118.04417419433594,
    118.58098602294922,
    119.04972839355469,
    119.55326080322266,
    119.9942855834961,
    120.46817779541016,
    120.884765625,
    121.33478546142578,
    121.72988891601562,
    122.15662384033203,
    122.53079986572266,
    122.9122314453125,
    123.27360534667969,
    123.6605224609375,
    124.00581359863281,
    124.37049865722656,
    1.546892638175767e+32,
    7.563342642534352e+31,
    125.36852264404297,
    125.71011352539062,
    126.01800537109375,
    6.945926817925358e+31,
    126.63517761230469
  ],
  "mean_barycenter_shift": [
    0.020629258826375008,
    0.01233918871730566,
    0.010754450224339962,
    0.00884509552270174,
    0.00833085086196661,
    0.007364737801253796,
    0.007043160032480955,
    0.006421784870326519,
    0.00622207298874855,
    0.005764917004853487,
    0.005631791893392801,
    0.005317537114024162,
    0.0052284603007137775,
    0.004998218733817339,
    0.004956782795488834,
    0.004771461710333824,
    0.004747581668198109,
    0.004605180583894253,
    0.004602022934705019,
    0.004484072327613831,
    0.004504241049289703,
    0.0044113346375525,
    0.004416969604790211,
    0.004334061406552792,
    0.004350548610091209,
    0.004274833481758833,
    0.004293571226298809,
    0.004229354206472635,
    0.004244206473231316,
    0.004173135384917259,
    0.004179761279374361,
    0.004109474364668131,
    0.00411187531426549,
    0.00404121819883585,
    0.004041463136672974,
    0.0039730253629386425,
    0.003972500562667847,
    0.003907645586878061,
    0.0039038537070155144,
    0.0038430546410381794,
    0.0038385773077607155,
    0.003784104250371456,
    0.003771958639845252,
    0.0037088189274072647,
    0.0037003043107688427,
    0.003651335835456848,
    0.0036426365841180086,
    0.003588977036997676,
    0.0035815394949167967,
    0.003532763570547104
  ],
  "mean_lid_diff": [
    -0.7791709899902344,
    -1.1468124389648438,
    -1.3187856674194336,
    -1.2522974014282227,
    -1.3191723823547363,
    -1.2511658668518066,
    -1.3008651733398438,
    -1.26497220993042,
    -1.3178610801696777,
    -1.2898001670837402,
    -1.333956241607666,
    -1.308619499206543,
    -1.349565029144287,
    -1.320960521697998,
    -1.3496084213256836,
    -1.3359932899475098,
    -1.3651199340820312,
    -1.3502869606018066,
    -1.3776769638061523,
    -1.3593864440917969,
    -1.3926472663879395,
    -1.3794536590576172,
    -1.3980779647827148,
    -1.379953384399414,
    -1.3984708786010742,
    -1.3805646896362305,
    -1.3978252410888672,
    -1.3815641403198242,
    -1.4036188125610352,
    -1.388321876525879,
    -1.406135082244873,
    -1.3952875137329102,
    -1.4123973846435547,
    -1.399174690246582,
    -1.4187703132629395,
    -1.4055614471435547,
    -1.4207744598388672,
    -1.4093503952026367,
    -1.4254703521728516,
    -1.416254997253418,
    -1.4335565567016602,
    -1.4234628677368164,
    -1.4394350051879883,
    -1.4289121627807617,
    -1.4471158981323242,
    -1.4389324188232422,
    -1.4564838409423828,
    -1.4479331970214844,
    -1.4672298431396484,
    -1.4586687088012695
  ],
  "mean_lid_exact": [
    11.165740966796875,
    9.66163158416748,
    9.131246566772461,
    8.9019193649292,
    8.77934741973877,
    8.720380783081055,
    8.699626922607422,
    8.697901725769043,
    8.704957962036133,
    8.724650382995605,
    8.747381210327148,
    8.77137279510498,
    8.804749488830566,
    8.83398723602295,
    8.861617088317871,
    8.896223068237305,
    8.926353454589844,
    8.95809555053711,
    8.985929489135742,
    9.01602840423584,
    9.045964241027832,
    9.074968338012695,
    9.101838111877441,
    9.127036094665527,
    9.152463912963867,
    9.179168701171875,
    9.20048999786377,
    9.223443984985352,
    9.248557090759277,
    9.271842002868652,
    9.29344367980957,
    9.31624698638916,
    9.337206840515137,
    9.357903480529785,
    9.379023551940918,
    9.397563934326172,
    9.415559768676758,
    9.435989379882812,
    9.453771591186523,
    9.471660614013672,
    9.488609313964844,
    9.504462242126465,
    9.519997596740723,
    9.534724235534668,
    9.54967212677002,
    9.564406394958496,
    9.577754020690918,
    9.590160369873047,
    9.604053497314453,
    9.6162748336792
  ],