{
  "k": [
    10,
    20,
    30,
    40,
    50,
    60,
    70,
    80,
    90,
    100,
    110,
    120,
    130,
    140,
    150,
    160,
    170,
    180,
    190,
    200,
    210,
    220,
    230,
    240,
    250,
    260,
    270,
    280,
    290,
    300,
    310,
    320,
    330,
    340,
    350,
    360,
    370,
    380,
    390,
    400,
    410,
    420,
    430,
    440,
    450,
    460,
    470,
    480,
    490,
    500
  ],
  "mean_overlap": [
    0.9969900000000002,
    0.996235,
    0.995,
    0.9929375,
    0.9902960000000001,
    0.9865083333333332,
    0.9807457142857143,
    0.9729025,
    0.9637777777777777,
    0.9533240000000002,
    0.9421445454545454,
    0.9302741666666666,
    0.9181269230769232,
    0.9057228571428572,
    0.8929759999999999,
    0.880128125,
    0.8674052941176473,
    0.8547594444444443,
    0.8420305263157893,
    0.8295689999999999,
    0.8172628571428572,
    0.8051254545454545,
    0.793124347826087,
    0.7812504166666667,
    0.7697315999999998,
    0.7583788461538462,
    0.7473270370370371,
    0.7364782142857142,
    0.7259810344827587,
    0.7157423333333334,
    0.7057003225806451,
    0.6958875000000001,
    0.6862218181818182,
    0.6769126470588235,
    0.6678280000000001,
    0.6589127777777778,
    0.6502513513513514,
    0.641813947368421,
    0.6336253846153846,
    0.6256309999999999,
    0.617789024390244,
    0.6101016666666667,
    0.6026716279069767,
    0.5953831818181817,
    0.5882686666666667,
    0.5813426086956522,
    0.5745668085106382,
    0.5679731250000001,
    0.5615167346938775,
    0.5551746
  ],
  "mean_exact_dist": [
    75.52649688720703,
    82.15322875976562,
    86.68850708007812,
    90.14409637451172,
    92.94852447509766,
    95.31400299072266,
    97.36738586425781,
    99.17621612548828,
    100.787353515625,
    102.23828125,
    103.55816650390625,
    104.76885223388672,
    105.88812255859375,
    106.9296646118164,
    107.94281005859375,
    108.94883728027344,
    109.79641723632812,
    110.60972595214844,
    111.3764877319336,
    112.11375427246094,
    112.82462310791016,
    113.57264709472656,
    114.3023452758789,
    115.02831268310547,
    115.7684326171875,
    116.42572784423828,
    117.08731842041016,
    117.64208221435547,
    118.20358276367188,
    118.75328826904297,
    119.29113006591797,
    119.84261322021484,
    120.376220703125,
    120.9412612915039,
    121.54251861572266,
    122.11579895019531,
    122.79181671142578,
    123.42852783203125,
    124.18965911865234,
    124.76778411865234,
    125.40396118164062,
    126.12622833251953,
    126.87174987792969,
    127.63414764404297,
    128.638671875,
    129.55691528320312,
    130.32797241210938,
    131.11978149414062,
    132.09434509277344,
    132.885498046875
  ],
  "mean_ann_dist": [
    75.5530776977539,
    82.1810531616211,
    86.72000885009766,
    90.18231964111328,
    92.995849609375,
    95.37413024902344,
    97.44747161865234,
    99.2874755859375,
    100.94380187988281,
    102.45673370361328,
    103.85531616210938,
    105.16065216064453,
    106.39532470703125,
    107.5767593383789,
    1.137003282870955e+33,
    4.279634926493228e+32,
    110.6951675415039,
    111.67157745361328,
    112.6186752319336,
    113.55789184570312,
    1.6313219864222758e+32,
    4.679522055108437e+32,
    1.4950368773551516e+32,
    2.8762412995353897e+32,
    4.165022569093565e+32,
    8.040825206808886e+32,
    120.06936645507812,
    3.766796601268572e+32,
    6.09868684473864e+32,
    1.0668273247802077e+33,
    1.1567974025003611e+33,
    1.2421371202460724e+33,
    5.515987307678225e+32,
    6.4897683511119075e+32,
    7.43867801858756e+32,
    1.0466490568823609e+33,
    6.200799876304144e+32,
    1.6355796877592667e+33,
    1.5220121517527603e+33,
    1.908538503008972e+33,
    1.597991804861435e+33,
    1.988699298600333e+33,
    2.0806861353869873e+33,
    2.280447258281302e+33,
    1.8929481956392218e+33,
    1.4034990452893088e+33,
    2.7146418834327417e+33,
    1.718475092897409e+33,
    1.5373090673332e+33,
    2.2692367827705435e+33
  ],
  "mean_barycenter_shift": [
    0.0002070125046884641,
    0.00025270701735280454,
    0.00033081340370699763,
    0.0004683478910010308,
    0.0006350589683279395,
    0.0008645196794532239,
    0.001188117079436779,
    0.0015614146832376719,
    0.0019273534417152405,
    0.0022934062872081995,
    0.0026337220333516598,
    0.0029653108213096857,
    0.0032863453961908817,
    0.003588975640013814,
    0.0038990036118775606,
    0.0041842227801680565,
    0.004458282608538866,
    0.004735990893095732,
    0.005029107443988323,
    0.005308674648404121,
    0.005596192553639412,
    0.005884798709303141,
    0.0061795152723789215,
    0.006473258137702942,
    0.006767514161765575,
    0.0070620933547616005,
    0.00736373383551836,
    0.007668337784707546,
    0.007972173392772675,
    0.008274919353425503,
    0.008572396822273731,
    0.008872589096426964,
    0.009179709479212761,
    0.009484875947237015,
    0.009794030338525772,
    0.010108721442520618,
    0.010425632819533348,
    0.010749473236501217,
    0.011078279465436935,
    0.01141632255166769,
    0.011764099821448326,
    0.012125587090849876,
    0.01249770913273096,
    0.012880762107670307,
    0.013274051249027252,
    0.013677224516868591,
    0.014094630256295204,
    0.014521993696689606,
    0.014957738108932972,
    0.015400970354676247
  ],
  "mean_lid_diff": [
    0.021093368530273438,
    0.006196022033691406,
    -0.012105941772460938,
    -0.02792644500732422,
    -0.04134654998779297,
    -0.06649112701416016,
    -0.10472393035888672,
    -0.14603519439697266,
    -0.19677734375,
    -0.2576713562011719,
    -0.32170581817626953,
    -0.40292835235595703,
    -0.4915647506713867,
    -0.5782098770141602,
    -0.674250602722168,
    -0.7838664054870605,
    -0.893244743347168,
    -1.0066308975219727,
    -1.1224865913391113,
    -1.250349521636963,
    -1.3780255317687988,
    -1.513155460357666,
    -1.6502695083618164,
    -1.7901315689086914,
    -1.9347195625305176,
    -2.079080104827881,
    -2.2247118949890137,
    -2.3724122047424316,
    -2.525757312774658,
    -2.678546905517578,
    -2.834925651550293,
    -2.9911770820617676,
    -3.1505661010742188,
    -3.309080123901367,
    -3.467555046081543,
    -3.627411365509033,
    -3.7881393432617188,
    -3.952305793762207,
    -4.113862991333008,
    -4.273232460021973,
    -4.433517932891846,
    -4.592390537261963,
    -4.749269008636475,
    -4.907864570617676,
    -5.065047264099121,
    -5.219444274902344,
    -5.371460437774658,
    -5.517368793487549,
    -5.669220924377441,
    -5.8107686042785645
  ],
  "mean_lid_exact": [
    11.1322603225708,
    9.571598052978516,
    9.055542945861816,
    8.813246726989746,
    8.693671226501465,
    8.619119644165039,
    8.584683418273926,
    8.579543113708496,
    8.584785461425781,
    8.60038948059082,
    8.622541427612305,
    8.65090560913086,
    8.676087379455566,
    8.69764232635498,
    8.727734565734863,
    8.756537437438965,
    8.786578178405762,
    8.814403533935547,
    8.840578079223633,
    8.87097454071045,
    8.89892864227295,
    8.92751407623291,
    8.955955505371094,
    8.981940269470215,
    9.005810737609863,
    9.032186508178711,
    9.056473731994629,
    9.080923080444336,
    9.10561752319336,
    9.12928581237793,
    9.152432441711426,
    9.17615795135498,
    9.199926376342773,
    9.220527648925781,
    9.240633964538574,
    9.261253356933594,
    9.280330657958984,
    9.301103591918945,
    9.319037437438965,
    9.337491989135742,
    9.354876518249512,
    9.37236213684082,
    9.388570785522461,
    9.404877662658691,
    9.42121696472168,
    9.43504810333252,
    9.44980239868164,
    9.462868690490723,
    9.47581672668457,
    9.488152503967285
  ],