{
  "k": [
    10,
    20,
    30,
    40,
    50,
    60,
    70,
    80,
    90,
    100,
    110,
    120,
    130,
    140,
    150,
    160,
    170,
    180,
    190,
    200,
    210,
    220,
    230,
    240,
    250,
    260,
    270,
    280,
    290,
    300,
    310,
    320,
    330,
    340,
    350,
    360,
    370,
    380,
    390,
    400,
    410,
    420,
    430,
    440,
    450,
    460,
    470,
    480,
    490,
    500
  ],
  "mean_overlap": [
    0.9959100000000001,
    0.99405,
    0.9921399999999999,
    0.98935,
    0.9857,
    0.9808966666666665,
    0.9739871428571428,
    0.9654387500000001,
    0.9554022222222224,
    0.944413,
    0.9324690909090908,
    0.9198883333333333,
    0.9071715384615385,
    0.8939835714285714,
    0.880584,
    0.8675256249999999,
    0.8546029411764708,
    0.8417683333333335,
    0.8290484210526317,
    0.8165379999999999,
    0.8040666666666667,
    0.7919940909090909,
    0.7801334782608695,
    0.7686116666666667,
    0.7574220000000002,
    0.7464111538461539,
    0.7356670370370371,
    0.7253507142857143,
    0.7152013793103448,
    0.7053356666666667,
    0.6957841935483872,
    0.6864784375,
    0.6774439393939394,
    0.6686576470588236,
    0.6601537142857143,
    0.6518627777777778,
    0.6436791891891892,
    0.63575,
    0.628051282051282,
    0.6205507499999999,
    0.6133339024390243,
    0.6061580952380953,
    0.599269069767442,
    0.5925031818181818,
    0.5858602222222222,
    0.5792941304347825,
    0.5729631914893616,
    0.5667837499999999,
    0.5607195918367347,
    0.554817
  ],
  "mean_exact_dist": [
    75.78614807128906,
    82.3373031616211,
    86.83411407470703,
    90.26297760009766,
    93.044189453125,
    95.3900146484375,
    97.4149169921875,
    99.19258880615234,
    100.7761001586914,
    102.20269775390625,
    103.5004653930664,
    104.69139862060547,
    105.79177856445312,
    106.81476593017578,
    107.7643051147461,
    108.66960906982422,
    109.51417541503906,
    110.29684448242188,
    111.05591583251953,
    111.77867889404297,
    112.46138763427734,
    113.13726043701172,
    113.77322387695312,
    114.37556457519531,
    114.98185729980469,
    115.5906982421875,
    116.13255310058594,
    116.6741943359375,
    117.22325897216797,
    117.9131851196289,
    118.4481430053711,
    118.88848114013672,
    119.35224151611328,
    119.90177154541016,
    120.50596618652344,
    121.07757568359375,
    121.72198486328125,
    122.36080932617188,
    123.10551452636719,
    123.74996185302734,
    124.49784851074219,
    125.17079162597656,
    125.92595672607422,
    126.66267395019531,
    127.3145523071289,
    127.9683609008789,
    128.49603271484375,
    129.37911987304688,
    130.13916015625,
    130.8385772705078
  ],
  "mean_ann_dist": [
    75.82327270507812,
    82.37943267822266,
    86.88441467285156,
    90.32424926757812,
    93.11944580078125,
    95.48365020751953,
    97.53416442871094,
    99.34707641601562,
    100.97610473632812,
    102.45922088623047,
    103.82530212402344,
    105.0959243774414,
    106.28892517089844,
    107.41844940185547,
    2.2687758048484146e+32,
    109.4764175415039,
    2.008691372579146e+32,
    111.38905334472656,
    112.31339263916016,
    113.21563720703125,
    114.08091735839844,
    114.93829345703125,
    115.77371978759766,
    116.58583068847656,
    117.40890502929688,
    2.6426617437916145e+32,
    7.654448646297428e+32,
    4.944742584543822e+32,
    1.2010105857459434e+33,
    7.035715382687251e+32,
    9.148327372717389e+32,
    5.584991246036779e+32,
    1.311350347842518e+33,
    2.0453670870961557e+33,
    2.025712003607412e+33,
    2.5386626718906333e+33,
    2.733081619287917e+33,
    2.2022577274599982e+33,
    2.945211310599742e+33,
    2.7452344766535816e+33,
    2.6614831907207783e+33,
    3.2325950674147153e+33,
    2.9585386635776785e+33,
    2.8940119674849576e+33,
    2.94587298955074e+33,
    2.9036908016821103e+33,
    3.1001531238567394e+33,
    3.8114063121829877e+33,
    4.0970724271934526e+33,
    2.673074332793617e+33
  ],
  "mean_barycenter_shift": [
    0.00020949366444256157,
    0.0003042341268155724,
    0.0003917111025657505,
    0.0005322970100678504,
    0.0006858190754428506,
    0.0009052666719071567,
    0.0012311821337789297,
    0.001594194327481091,
    0.0019552092999219894,
    0.0022766627371311188,
    0.0025546024553477764,
    0.002811438636854291,
    0.0030449393671005964,
    0.003282453864812851,
    0.0035133545752614737,
    0.0037188769783824682,
    0.003932916559278965,
    0.004160785581916571,
    0.004401754587888718,
    0.004649918992072344,
    0.004911116790026426,
    0.005174089223146439,
    0.005431285127997398,
    0.005689768120646477,
    0.005947950761765242,
    0.00620235363021493,
    0.0064502619206905365,
    0.006699199788272381,
    0.00694915559142828,
    0.007197871338576078,
    0.007449965458363295,
    0.0077079422771930695,
    0.007969293743371964,
    0.008233195170760155,
    0.008499609306454659,
    0.008777388371527195,
    0.009070063941180706,
    0.009379647672176361,
    0.009701933711767197,
    0.010040350258350372,
    0.010397273115813732,
    0.010780136100947857,
    0.011177676729857922,
    0.011599375866353512,
    0.01204033475369215,
    0.01250255387276411,
    0.012983336113393307,
    0.01348302885890007,
    0.013999314978718758,
    0.014531582593917847
  ],
  "mean_lid_diff": [
    0.044109344482421875,
    0.001117706298828125,
    -0.021735191345214844,
    -0.04406261444091797,
    -0.07892131805419922,
    -0.11290264129638672,
    -0.16187572479248047,
    -0.21751880645751953,
    -0.2772817611694336,
    -0.3572378158569336,
    -0.4385948181152344,
    -0.5221824645996094,
    -0.6221141815185547,
    -0.7214469909667969,
    -0.8200759887695312,
    -0.9389986991882324,
    -1.0537128448486328,
    -1.1737556457519531,
    -1.2912702560424805,
    -1.412064552307129,
    -1.537889003753662,
    -1.6669964790344238,
    -1.7908935546875,
    -1.9167728424072266,
    -2.0479021072387695,
    -2.1836585998535156,
    -2.3195548057556152,
    -2.4655847549438477,
    -2.6175665855407715,
    -2.7729363441467285,
    -2.931011199951172,
    -3.0933189392089844,
    -3.261087417602539,
    -3.4430904388427734,
    -3.633673667907715,
    -3.8272242546081543,
    -4.0219831466674805,
    -4.222517013549805,
    -4.430796146392822,
    -4.6380839347839355,
    -4.852165699005127,
    -5.069199085235596,
    -5.285409450531006,
    -5.496420383453369,
    -5.70757532119751,
    -5.924400568008423,
    -6.136945486068726,
    -6.348177909851074,
    -6.561901092529297,
    -6.764348983764648
  ],
  "mean_lid_exact": [
    11.165740966796875,
    9.66163158416748,
    9.131246566772461,
    8.9019193649292,
    8.77934741973877,
    8.720380783081055,
    8.699626922607422,
    8.697901725769043,
    8.704957962036133,
    8.724650382995605,
    8.747381210327148,
    8.77137279510498,
    8.804749488830566,
    8.83398723602295,
    8.861617088317871,
    8.896223068237305,
    8.926353454589844,
    8.95809555053711,
    8.985929489135742,
    9.01602840423584,
    9.045964241027832,
    9.074968338012695,
    9.101838111877441,
    9.127036094665527,
    9.152463912963867,
    9.179168701171875,
    9.20048999786377,
    9.223443984985352,
    9.248557090759277,
    9.271842002868652,
    9.29344367980957,
    9.31624698638916,
    9.337206840515137,
    9.357903480529785,
    9.379023551940918,
    9.397563934326172,
    9.415559768676758,
    9.435989379882812,
    9.453771591186523,
    9.471660614013672,
    9.488609313964844,
    9.504462242126465,
    9.519997596740723,
    9.534724235534668,
    9.54967212677002,
    9.564406394958496,
    9.577754020690918,
    9.590160369873047,
    9.604053497314453,
    9.6162748336792
  ],