{
  "alpha": 4.0,
  "k": [
    10,
    20,
    30,
    40,
    50,
    60,
    70,
    80,
    90,
    100,
    110,
    120,
    130,
    140,
    150,
    160,
    170,
    180,
    190,
    200,
    210,
    220,
    230,
    240,
    250,
    260,
    270,
    280,
    290,
    300,
    310,
    320,
    330,
    340,
    350,
    360,
    370,
    380,
    390,
    400,
    410,
    420,
    430,
    440,
    450,
    460,
    470,
    480,
    490,
    500
  ],
  "mean_overlap": [
    0.99545,
    0.9976299999999999,
    0.9982800000000001,
    0.9987975,
    0.9989520000000001,
    0.999165,
    0.9992885714285714,
    0.9993712499999999,
    0.9994511111111111,
    0.999526,
    0.9996100000000002,
    0.9996458333333333,
    0.9996923076923077,
    0.99972,
    0.9997506666666668,
    0.999771875,
    0.9997964705882352,
    0.9998166666666668,
    0.9998299999999999,
    0.9998465,
    0.9998557142857142,
    0.9998645454545454,
    0.9998752173913042,
    0.9998875,
    0.9998968,
    0.9999015384615384,
    0.999908148148148,
    0.9999164285714285,
    0.9999217241379309,
    0.999926,
    0.9999312903225808,
    0.999934375,
    0.9999348484848484,
    0.9999373529411765,
    0.9999397142857143,
    0.9999425,
    0.9999443243243242,
    0.9999473684210527,
    0.9999507692307692,
    0.9999537500000001,
    0.9999568292682927,
    0.9999599999999998,
    0.9999620930232559,
    0.9999638636363638,
    0.9999644444444444,
    0.9999669565217392,
    0.9999697872340426,
    0.9999725,
    0.9999732653061224,
    0.9999745999999999
  ],
  "mean_exact_dist": [
    75.7557601928711,
    82.41719055175781,
    86.97356414794922,
    90.43769073486328,
    93.24092102050781,
    95.60710906982422,
    97.65213775634766,
    99.44281005859375,
    101.0350341796875,
    102.46932220458984,
    103.77336883544922,
    104.96978759765625,
    106.0745849609375,
    107.10177612304688,
    108.06242370605469,
    108.96514129638672,
    109.81694793701172,
    110.62332153320312,
    111.38912200927734,
    112.11869812011719,
    112.81552124023438,
    113.48252868652344,
    114.12222290039062,
    114.73680877685547,
    115.32820129394531,
    115.89817810058594,
    116.44831085205078,
    116.9801025390625,
    117.49473571777344,
    117.9932861328125,
    118.47679901123047,
    118.94615173339844,
    119.40223693847656,
    119.84574890136719,
    120.27733612060547,
    120.69762420654297,
    121.10726165771484,
    121.5067367553711,
    121.896484375,
    122.27693939208984,
    122.64852142333984,
    123.01166534423828,
    123.36666107177734,
    123.71379852294922,
    124.0534896850586,
    124.38600158691406,
    124.71160125732422,
    125.03056335449219,
    125.3431625366211,
    125.64965057373047
  ],
  "mean_ann_dist": [
    75.794921875,
    82.43266296386719,
    86.98544311523438,
    90.4459457397461,
    93.24800872802734,
    95.613037109375,
    97.65711212158203,
    99.44734954833984,
    101.03900909423828,
    102.47285461425781,
    103.7763671875,
    104.97242736816406,
    106.07687377929688,
    107.10379791259766,
    108.06427764892578,
    108.96682739257812,
    109.81847381591797,
    110.62471008300781,
    111.39037322998047,
    112.11981201171875,
    112.8165283203125,
    113.48341369628906,
    114.123046875,
    114.73760223388672,
    115.32893371582031,
    115.89886474609375,
    116.44893646240234,
    116.98067474365234,
    117.49527740478516,
    117.99381256103516,
    118.4772720336914,
    118.94660186767578,
    119.4026870727539,
    119.84617614746094,
    120.27774047851562,
    120.69802856445312,
    121.10765075683594,
    121.5071029663086,
    121.89683532714844,
    122.27725219726562,
    122.6488265991211,
    123.01194763183594,
    123.36692810058594,
    123.71405029296875,
    124.0537338256836,
    124.38619995117188,
    124.71177673339844,
    125.0307388305664,
    125.34335327148438,
    125.64982604980469
  ],
  "mean_barycenter_shift": [
    0.0002469612518325448,
    0.00011746593372663483,
    8.641217573313043e-05,
    5.7954119256464764e-05,
    5.1077677198918536e-05,
    4.0371556679019704e-05,
    3.495860073599033e-05,
    3.0187737138476223e-05,
    2.597015736682806e-05,
    2.2429212549468502e-05,
    1.8884242308558896e-05,
    1.72806376212975e-05,
    1.5074837392603513e-05,
    1.3602842045656871e-05,
    1.2109629096812569e-05,
    1.1143471965624485e-05,
    9.827075700741261e-06,
    8.887891453923658e-06,
    8.202505341614597e-06,
    7.295354407688137e-06,
    6.99161455486319e-06,
    6.735735951224342e-06,
    6.2798803810437676e-06,
    5.6473768381692935e-06,
    5.20777348356205e-06,
    4.858477950619999e-06,
    4.527762484940467e-06,
    4.116675427212613e-06,
    3.833805294561898e-06,
    3.5939685858465964e-06,
    3.4876366044045426e-06,
    3.238154931750614e-06,
    3.2683942663425114e-06,
    3.142039531667251e-06,
    2.961434574899613e-06,
    2.791726274153916e-06,
    2.696376213862095e-06,
    2.6020904897450237e-06,
    2.3980639980436536e-06,
    2.309719548065914e-06,
    2.1959911009616917e-06,
    2.0517513803497422e-06,
    1.9187034467904596e-06,
    1.8287320244780858e-06,
    1.8375720856056432e-06,
    1.728617235130514e-06,
    1.5347899307016633e-06,
    1.4103081866778666e-06,
    1.3938951042291592e-06,
    1.3078097254037857e-06
  ],
  "mean_lid_diff": [
    0.00046253204345703125,
    0.002758026123046875,
    0.002170562744140625,
    -0.00096893310546875,
    -0.0010356903076171875,
    0.001308441162109375,
    -0.001163482666015625,
    -0.0024194717407226562,
    -0.001377105712890625,
    -0.0007162094116210938,
    -0.00124359130859375,
    -0.00023365020751953125,
    -0.0004968643188476562,
    -0.00116729736328125,
    -0.00084686279296875,
    -0.001186370849609375,
    -0.000888824462890625,
    -0.0005273818969726562,
    -0.0004940032958984375,
    -0.0004711151123046875,
    -0.0012197494506835938,
    -0.0005970001220703125,
    -0.00054931640625,
    -0.00046253204345703125,
    -0.0005283355712890625,
    -0.0003452301025390625,
    -0.0005445480346679688,
    -0.00043964385986328125,
    -0.00047206878662109375,
    -0.0002880096435546875,
    -0.000453948974609375,
    -0.0004634857177734375,
    -0.00045013427734375,
    -0.0004215240478515625,
    -0.0003795623779296875,
    -0.00019168853759765625,
    -0.0005750656127929688,
    -0.00038623809814453125,
    -0.00019931793212890625,
    -0.000232696533203125,
    -0.0003566741943359375,
    -0.0002956390380859375,
    -0.000255584716796875,
    -0.0002765655517578125,
    -0.00016880035400390625,
    -0.00031566619873046875,
    -0.0001811981201171875,
    -0.00020885467529296875,
    -0.0001430511474609375,
    -0.0002384185791015625
  ],
  "mean_lid_exact": [
    11.115702629089355,
    9.605427742004395,
    9.081850051879883,
    8.856971740722656,
    8.720921516418457,
    8.666452407836914,
    8.658982276916504,
    8.665559768676758,
    8.673294067382812,
    8.69461727142334,
    8.715091705322266,
    8.741226196289062,
    8.777280807495117,
    8.808843612670898,
    8.840350151062012,
    8.873489379882812,
    8.903651237487793,
    8.933878898620605,
    8.96602725982666,
    8.999189376831055,
    9.030266761779785,
    9.061098098754883,
    9.089119911193848,
    9.116296768188477,
    9.144036293029785,
    9.172903060913086,
    9.19870662689209,
    9.223526954650879,
    9.247552871704102,
    9.270556449890137,
    9.293367385864258,
    9.315584182739258,
    9.336917877197266,
    9.355523109436035,
    9.3740816116333,
    9.392428398132324,
    9.408401489257812,
    9.424128532409668,
    9.441798210144043,
    9.456331253051758,
    9.47164249420166,
    9.486541748046875,
    9.501248359680176,
    9.514861106872559,
    9.528167724609375,
    9.540663719177246,
    9.553434371948242,
    9.564435005187988,
    9.577505111694336,
    9.587993621826172
  ],