{
  "k": [
    10,
    20,
    30,
    40,
    50,
    60,
    70,
    80,
    90,
    100,
    110,
    120,
    130,
    140,
    150,
    160,
    170,
    180,
    190,
    200,
    210,
    220,
    230,
    240,
    250,
    260,
    270,
    280,
    290,
    300,
    310,
    320,
    330,
    340,
    350,
    360,
    370,
    380,
    390,
    400,
    410,
    420,
    430,
    440,
    450,
    460,
    470,
    480,
    490,
    500
  ],
  "mean_overlap": [
    0.99745,
    0.99669,
    0.9953533333333333,
    0.993315,
    0.9903420000000002,
    0.9861366666666666,
    0.9802014285714286,
    0.9720987500000001,
    0.9625744444444446,
    0.9520700000000001,
    0.9405545454545454,
    0.9285916666666668,
    0.9160930769230771,
    0.9033464285714284,
    0.8906253333333334,
    0.877674375,
    0.86472,
    0.8518472222222223,
    0.8391299999999999,
    0.8265795,
    0.8141461904761906,
    0.8019331818181817,
    0.7900452173913043,
    0.7784041666666666,
    0.7668752,
    0.7558392307692308,
    0.7448314814814815,
    0.7341189285714286,
    0.7237672413793104,
    0.7136463333333334,
    0.7036774193548387,
    0.6940371875000001,
    0.6846736363636364,
    0.6755061764705883,
    0.6665431428571429,
    0.6577866666666666,
    0.6492254054054054,
    0.64085,
    0.6326817948717949,
    0.62474725,
    0.6170043902439024,
    0.6094590476190477,
    0.6020325581395349,
    0.5948243181818181,
    0.5878680000000001,
    0.58097,
    0.5742629787234041,
    0.5677510416666666,
    0.561343469387755,
    0.5550938
  ],
  "mean_exact_dist": [
    75.65046691894531,
    82.296875,
    86.85892486572266,
    90.3578109741211,
    93.18843841552734,
    95.57039642333984,
    97.63812255859375,
    99.46185302734375,
    101.0845718383789,
    102.54408264160156,
    103.87122344970703,
    105.08715057373047,
    106.20929718017578,
    107.2686996459961,
    108.4069595336914,
    109.31099700927734,
    110.16349792480469,
    110.96573638916016,
    111.72553253173828,
    112.4498519897461,
    113.14786529541016,
    113.81494903564453,
    114.45045471191406,
    115.15139770507812,
    115.77703857421875,
    116.4166488647461,
    117.06800842285156,
    117.68329620361328,
    118.26083374023438,
    118.84010314941406,
    119.40509033203125,
    119.97335052490234,
    120.55469512939453,
    121.16944885253906,
    121.70123291015625,
    122.28816986083984,
    122.88346862792969,
    123.53225708007812,
    124.26728820800781,
    124.9403305053711,
    125.63835144042969,
    126.48439025878906,
    127.1551742553711,
    127.97838592529297,
    128.89031982421875,
    129.7771453857422,
    130.65724182128906,
    131.48220825195312,
    132.29290771484375,
    133.2071075439453
  ],
  "mean_ann_dist": [
    75.67756652832031,
    82.3233871459961,
    86.88939666748047,
    90.3946304321289,
    93.23433685302734,
    95.62934875488281,
    97.71635437011719,
    99.56976318359375,
    101.23603820800781,
    102.75643157958984,
    104.16261291503906,
    105.47667694091797,
    106.721923828125,
    1.7022628754004229e+33,
    109.01979064941406,
    110.0456771850586,
    2.015974328572767e+32,
    111.98737335205078,
    3.6089867130543075e+32,
    113.81983184814453,
    1.6337891622349453e+32,
    115.6046371459961,
    7.464623694385932e+32,
    2.8692566097199842e+32,
    1.3791968316071533e+32,
    1.3287088978158826e+32,
    3.850610944772126e+32,
    4.9659581688233376e+32,
    2.4096671147164017e+32,
    4.6861164069552055e+32,
    2.283988733934314e+32,
    7.798508502381592e+32,
    9.808103764617548e+32,
    4.272488530760191e+32,
    1.1503266899150164e+33,
    9.243788797709307e+32,
    1.7195989877105753e+33,
    1.5976447174229203e+33,
    1.4850542255924199e+33,
    9.797372371901993e+32,
    1.5589705421406155e+33,
    1.3582498609733496e+33,
    1.74243139905265e+33,
    2.901947163136777e+33,
    1.846956711527206e+33,
    1.755259243224735e+33,
    2.1585731446111908e+33,
    2.0737361852639342e+33,
    2.194481761845732e+33,
    2.426255549928452e+33
  ],
  "mean_barycenter_shift": [
    0.0001855677255662158,
    0.00022951183200348169,
    0.0003232952149119228,
    0.000460551877040416,
    0.0006498275324702263,
    0.0008842574898153543,
    0.0011966850142925978,
    0.0015825965674594045,
    0.0019584381952881813,
    0.0023086077999323606,
    0.0026590938214212656,
    0.002979548182338476,
    0.0033124431502074003,
    0.0036298225168138742,
    0.003915897570550442,
    0.004202126059681177,
    0.004479283932596445,
    0.004758407361805439,
    0.005036743823438883,
    0.005318473093211651,
    0.005606880411505699,
    0.005885528400540352,
    0.006169598549604416,
    0.006447195541113615,
    0.006719921715557575,
    0.006983394734561443,
    0.007252099458128214,
    0.007514279801398516,
    0.007768820971250534,
    0.008024550974369049,
    0.008276345208287239,
    0.008521010167896748,
    0.008765632286667824,
    0.00900960247963667,
    0.009256039746105671,
    0.009499026462435722,
    0.00974371749907732,
    0.009990702383220196,
    0.010239172726869583,
    0.01048540323972702,
    0.010735453106462955,
    0.010988682508468628,
    0.01124530378729105,
    0.011506154201924801,
    0.011770804412662983,
    0.012038320302963257,
    0.012311580590903759,
    0.012586751952767372,
    0.012866832315921783,
    0.013149595819413662
  ],
  "mean_lid_diff": [
    0.032337188720703125,
    0.012316703796386719,
    -0.017551422119140625,
    -0.0248870849609375,
    -0.050628662109375,
    -0.07913684844970703,
    -0.106842041015625,
    -0.15633296966552734,
    -0.21122264862060547,
    -0.2735328674316406,
    -0.3385496139526367,
    -0.4220237731933594,
    -0.5040979385375977,
    -0.5977182388305664,
    -0.7005949020385742,
    -0.8076229095458984,
    -0.9163565635681152,
    -1.0356812477111816,
    -1.1575427055358887,
    -1.2793269157409668,
    -1.4057154655456543,
    -1.5407147407531738,
    -1.680307388305664,
    -1.819246768951416,
    -1.9608445167541504,
    -2.103875160217285,
    -2.250102996826172,
    -2.400786876678467,
    -2.552562713623047,
    -2.705751419067383,
    -2.8596930503845215,
    -3.0174813270568848,
    -3.176267623901367,
    -3.3330187797546387,
    -3.492708683013916,
    -3.652064800262451,
    -3.8143720626831055,
    -3.973155975341797,
    -4.134924411773682,
    -4.29293966293335,
    -4.456024646759033,
    -4.61676549911499,
    -4.776863098144531,
    -4.935037136077881,
    -5.0940937995910645,
    -5.250259876251221,
    -5.403730869293213,
    -5.555092811584473,
    -5.707972288131714,
    -5.856172561645508
  ],
  "mean_lid_exact": [
    11.056753158569336,
    9.535602569580078,
    9.006322860717773,
    8.762222290039062,
    8.637125968933105,
    8.58202075958252,
    8.559231758117676,
    8.558961868286133,
    8.58226490020752,
    8.604817390441895,
    8.63201904296875,
    8.667945861816406,
    8.701839447021484,
    8.737468719482422,
    8.777471542358398,
    8.82058048248291,
    8.85612678527832,
    8.892607688903809,
    8.927512168884277,
    8.962918281555176,
    8.995849609375,
    9.029282569885254,
    9.062601089477539,
    9.093718528747559,
    9.124088287353516,
    9.151100158691406,
    9.179098129272461,
    9.20711898803711,
    9.231822967529297,
    9.256800651550293,
    9.278772354125977,
    9.301952362060547,
    9.325811386108398,
    9.34752082824707,
    9.369096755981445,
    9.390201568603516,
    9.41016674041748,
    9.42810344696045,
    9.446163177490234,
    9.462827682495117,
    9.479979515075684,
    9.496664047241211,
    9.510845184326172,
    9.524880409240723,
    9.53919792175293,
    9.554069519042969,
    9.566300392150879,
    9.579773902893066,
    9.59227466583252,
    9.604191780090332
  ],