{
  "k": [
    10,
    20,
    30,
    40,
    50,
    60,
    70,
    80,
    90,
    100,
    110,
    120,
    130,
    140,
    150,
    160,
    170,
    180,
    190,
    200,
    210,
    220,
    230,
    240,
    250,
    260,
    270,
    280,
    290,
    300,
    310,
    320,
    330,
    340,
    350,
    360,
    370,
    380,
    390,
    400,
    410,
    420,
    430,
    440,
    450,
    460,
    470,
    480,
    490,
    500
  ],
  "mean_overlap": [
    0.99461,
    0.992195,
    0.9900366666666667,
    0.986725,
    0.9822720000000001,
    0.9765366666666667,
    0.9688142857142857,
    0.959225,
    0.9481422222222223,
    0.9361510000000001,
    0.9235200000000001,
    0.9102666666666666,
    0.8969869230769233,
    0.8834264285714285,
    0.8696459999999999,
    0.8561606250000001,
    0.8427358823529414,
    0.8293766666666667,
    0.8162452631578946,
    0.8032729999999999,
    0.7905661904761905,
    0.7781772727272727,
    0.7660482608695652,
    0.7542408333333334,
    0.7426808,
    0.7315361538461538,
    0.7206251851851851,
    0.7100667857142856,
    0.6997717241379311,
    0.6897553333333333,
    0.6800112903225806,
    0.6705159374999999,
    0.6613569696969697,
    0.6523779411764704,
    0.643626,
    0.6351716666666667,
    0.6269413513513513,
    0.6189071052631578,
    0.61105,
    0.60340025,
    0.5959895121951219,
    0.588707142857143,
    0.5816511627906976,
    0.5747704545454546,
    0.5680577777777778,
    0.5614476086956521,
    0.5549846808510638,
    0.5487293750000001,
    0.5425544897959182,
    0.5365822
  ],
  "mean_exact_dist": [
    75.78614807128906,
    82.3373031616211,
    86.83411407470703,
    90.26297760009766,
    93.044189453125,
    95.3900146484375,
    97.4149169921875,
    99.19258880615234,
    100.7761001586914,
    102.20269775390625,
    103.5004653930664,
    104.69139862060547,
    105.79177856445312,
    106.80400085449219,
    107.76639556884766,
    108.6457748413086,
    109.49308013916016,
    110.29947662353516,
    111.06951141357422,
    111.7884292602539,
    112.46949768066406,
    113.11995697021484,
    113.74675750732422,
    114.36817932128906,
    114.9696273803711,
    115.572998046875,
    116.18883514404297,
    116.85118103027344,
    117.36351013183594,
    117.89173889160156,
    118.45721435546875,
    118.97559356689453,
    119.65418243408203,
    120.41525268554688,
    121.2356948852539,
    121.86563873291016,
    122.63402557373047,
    123.44471740722656,
    124.23451232910156,
    125.07755279541016,
    125.86600494384766,
    126.74734497070312,
    127.60948944091797,
    128.6053466796875,
    129.35491943359375,
    130.16697692871094,
    130.8508758544922,
    131.67999267578125,
    132.28761291503906,
    132.94874572753906
  ],
  "mean_ann_dist": [
    75.83809661865234,
    82.39698791503906,
    86.90290069580078,
    90.34443664550781,
    93.14268493652344,
    95.5107650756836,
    97.56624603271484,
    99.38627624511719,
    101.02357482910156,
    102.51625061035156,
    103.89309692382812,
    105.17617797851562,
    106.38253784179688,
    7.29395276973228e+32,
    108.56163024902344,
    109.5758285522461,
    2.0078853575566926e+32,
    1.1388297860276682e+33,
    112.46197509765625,
    113.36783599853516,
    114.25302124023438,
    115.1207275390625,
    115.9781723022461,
    1.4295655169555772e+32,
    4.128805085819222e+32,
    2.6584973180316482e+32,
    1.159434214784039e+33,
    5.009972740063867e+32,
    1.8337997300471762e+33,
    2.033393112066168e+33,
    1.5255404356072286e+33,
    2.3149717038094174e+33,
    3.211617863964015e+33,
    2.6247547476952204e+33,
    3.08464761537968e+33,
    2.9731367620059416e+33,
    3.9062071414214425e+33,
    2.780993612628379e+33,
    3.158333520338064e+33,
    4.1660427090571885e+33,
    4.508648495144604e+33,
    3.7433979097297766e+33,
    6.412919354610645e+33,
    5.458449015221027e+33,
    4.1329002688404304e+33,
    5.457247594412901e+33,
    6.603693961274777e+33,
    3.9375777799569733e+33,
    5.924250570712996e+33,
    5.883345936964909e+33
  ],
  "mean_barycenter_shift": [
    0.00027610332472249866,
    0.0003860523574985564,
    0.0004897114704363048,
    0.0006540284957736731,
    0.0008400508086197078,
    0.0010868968674913049,
    0.0014308003010228276,
    0.0018109411466866732,
    0.002181935589760542,
    0.00250846054404974,
    0.0027920769061893225,
    0.003065456636250019,
    0.0033003361895680428,
    0.003542086808010936,
    0.0037808867637068033,
    0.004005014896392822,
    0.004231191705912352,
    0.004461446311324835,
    0.0047051492147147655,
    0.004959976300597191,
    0.005226528272032738,
    0.005504035856574774,
    0.005778537597507238,
    0.006051605101674795,
    0.006330493837594986,
    0.0066071683540940285,
    0.006884471047669649,
    0.007163499481976032,
    0.0074479845352470875,
    0.007737376261502504,
    0.008034205995500088,
    0.00834190659224987,
    0.008661280386149883,
    0.008995830081403255,
    0.009351489134132862,
    0.00972431804984808,
    0.010120426304638386,
    0.010539091192185879,
    0.010982397012412548,
    0.011446130461990833,
    0.01193272229284048,
    0.012444323860108852,
    0.01297520101070404,
    0.013525811955332756,
    0.014097840525209904,
    0.014691458083689213,
    0.01530451513826847,
    0.015934936702251434,
    0.016582535579800606,
    0.01724204421043396
  ],
  "mean_lid_diff": [
    0.030801773071289062,
    -0.0041141510009765625,
    -0.031653404235839844,
    -0.05680370330810547,
    -0.09123802185058594,
    -0.1289052963256836,
    -0.18457889556884766,
    -0.2517118453979492,
    -0.31929874420166016,
    -0.4059171676635742,
    -0.49039173126220703,
    -0.58306884765625,
    -0.692296028137207,
    -0.8003730773925781,
    -0.914283275604248,
    -1.0347037315368652,
    -1.1595220565795898,
    -1.2897095680236816,
    -1.4179716110229492,
    -1.54874849319458,
    -1.6864585876464844,
    -1.8207368850708008,
    -1.9580836296081543,
    -2.1019392013549805,
    -2.2516021728515625,
    -2.4071249961853027,
    -2.569207191467285,
    -2.7348337173461914,
    -2.9157204627990723,
    -3.0970358848571777,
    -3.2844924926757812,
    -3.486680507659912,
    -3.6904921531677246,
    -3.900702476501465,
    -4.122692108154297,
    -4.340447425842285,
    -4.56386661529541,
    -4.7885589599609375,
    -5.0151848793029785,
    -5.250559329986572,
    -5.4855055809021,
    -5.712732553482056,
    -5.9427406787872314,
    -6.169510126113892,
    -6.3862831592559814,
    -6.606014251708984,
    -6.815347671508789,
    -7.014390230178833,
    -7.208898067474365,
    -7.396063566207886
  ],
  "mean_lid_exact": [
    11.165740966796875,
    9.66163158416748,
    9.131246566772461,
    8.9019193649292,
    8.77934741973877,
    8.720380783081055,
    8.699626922607422,
    8.697901725769043,
    8.704957962036133,
    8.724650382995605,
    8.747381210327148,
    8.77137279510498,
    8.804749488830566,
    8.83398723602295,
    8.861617088317871,
    8.896223068237305,
    8.926353454589844,
    8.95809555053711,
    8.985929489135742,
    9.01602840423584,
    9.045964241027832,
    9.074968338012695,
    9.101838111877441,
    9.127036094665527,
    9.152463912963867,
    9.179168701171875,
    9.20048999786377,
    9.223443984985352,
    9.248557090759277,
    9.271842002868652,
    9.29344367980957,
    9.31624698638916,
    9.337206840515137,
    9.357903480529785,
    9.379023551940918,
    9.397563934326172,
    9.415559768676758,
    9.435989379882812,
    9.453771591186523,
    9.471660614013672,
    9.488609313964844,
    9.504462242126465,
    9.519997596740723,
    9.534724235534668,
    9.54967212677002,
    9.564406394958496,
    9.577754020690918,
    9.590160369873047,
    9.604053497314453,
    9.6162748336792
  ],