{
  "k": [
    10,
    20,
    30,
    40,
    50,
    60,
    70,
    80,
    90,
    100,
    110,
    120,
    130,
    140,
    150,
    160,
    170,
    180,
    190,
    200,
    210,
    220,
    230,
    240,
    250,
    260,
    270,
    280,
    290,
    300,
    310,
    320,
    330,
    340,
    350,
    360,
    370,
    380,
    390,
    400,
    410,
    420,
    430,
    440,
    450,
    460,
    470,
    480,
    490,
    500
  ],
  "mean_overlap": [
    0.99729,
    0.9965,
    0.9951666666666668,
    0.9930325000000001,
    0.9902460000000001,
    0.9861583333333332,
    0.9800057142857144,
    0.97180875,
    0.962458888888889,
    0.9518260000000001,
    0.9404845454545453,
    0.9282683333333333,
    0.9156838461538463,
    0.9028578571428572,
    0.8899326666666668,
    0.8768606250000001,
    0.8637176470588236,
    0.850693888888889,
    0.8378294736842105,
    0.8252019999999999,
    0.8127066666666668,
    0.8004495454545455,
    0.788388695652174,
    0.77663625,
    0.7650996,
    0.7540053846153846,
    0.7430618518518518,
    0.7323325,
    0.7218862068965518,
    0.7116616666666666,
    0.7016996774193548,
    0.6920034374999999,
    0.682559090909091,
    0.6733341176470589,
    0.6644222857142856,
    0.6556602777777778,
    0.6471202702702703,
    0.6388242105263158,
    0.6307238461538461,
    0.622846,
    0.6151314634146342,
    0.6076366666666666,
    0.6003155813953488,
    0.5931454545454546,
    0.5861753333333333,
    0.5793676086956522,
    0.572651914893617,
    0.5661437500000001,
    0.5597451020408164,
    0.5535348
  ],
  "mean_exact_dist": [
    75.86603546142578,
    82.51177978515625,
    87.10372924804688,
    90.62568664550781,
    93.46857452392578,
    95.8508529663086,
    97.89720916748047,
    99.68855285644531,
    101.28204345703125,
    102.7173843383789,
    104.02298736572266,
    105.25736236572266,
    106.35802459716797,
    107.38345336914062,
    108.33922576904297,
    109.24181365966797,
    110.09349822998047,
    110.88871765136719,
    111.65125274658203,
    112.36051177978516,
    113.04835510253906,
    113.71379852294922,
    114.35535430908203,
    114.98074340820312,
    115.58360290527344,
    116.18977355957031,
    116.91002655029297,
    117.60039520263672,
    118.2491455078125,
    118.89051055908203,
    119.49617004394531,
    120.10995483398438,
    120.74906921386719,
    121.2761001586914,
    121.88323974609375,
    122.4654769897461,
    123.00927734375,
    123.61383819580078,
    124.26908874511719,
    124.90289306640625,
    125.58956146240234,
    126.22647094726562,
    126.99622344970703,
    127.6801528930664,
    128.40130615234375,
    129.13778686523438,
    129.9148712158203,
    130.59002685546875,
    131.3170623779297,
    131.9698028564453
  ],
  "mean_ann_dist": [
    75.8881607055664,
    82.5352554321289,
    87.13182830810547,
    90.66064453125,
    93.51304626464844,
    95.9088363647461,
    97.97601318359375,
    99.79773712158203,
    101.43428039550781,
    102.92682647705078,
    104.30708312988281,
    105.5993423461914,
    2.62201387107699e+32,
    107.91124725341797,
    108.97576141357422,
    110.00433349609375,
    2.0080867162412076e+32,
    111.93368530273438,
    112.87081909179688,
    113.77336120605469,
    114.67042541503906,
    4.6677538876099805e+32,
    4.474710678452605e+32,
    1.4330332964906253e+32,
    2.7572762289007203e+32,
    6.650295904568665e+32,
    7.743809348033243e+32,
    6.2624655382235715e+32,
    8.510736413746273e+32,
    8.279376252379179e+32,
    6.91092328960204e+32,
    1.3474749856139146e+33,
    7.677207400207165e+32,
    1.1788344373671949e+33,
    9.456519508910205e+32,
    1.3408962627601422e+33,
    1.2166446852445833e+33,
    1.1993034664317688e+33,
    1.2828257334573043e+33,
    1.0736306563798579e+33,
    1.4535147629840315e+33,
    2.0269380284738192e+33,
    1.732681692788248e+33,
    1.3464950013303153e+33,
    1.820511372180477e+33,
    1.0565030595950725e+33,
    1.540231379538438e+33,
    1.7375528321003312e+33,
    1.5503362198516098e+33,
    1.758060392048628e+33
  ],
  "mean_barycenter_shift": [
    0.00018870792700909078,
    0.00023421330843120813,
    0.0003227237903047353,
    0.00046080147149041295,
    0.0006461162702180445,
    0.0009015310206450522,
    0.0012303622206673026,
    0.001601568190380931,
    0.0019543354865163565,
    0.0023206688929349184,
    0.0026643280871212482,
    0.00299672014079988,
    0.0033073145896196365,
    0.003610040992498398,
    0.003903612494468689,
    0.004193633329123259,
    0.004488752689212561,
    0.004775174893438816,
    0.005064209923148155,
    0.00535192433744669,
    0.0056429640389978886,
    0.005933049600571394,
    0.006225620862096548,
    0.006524275057017803,
    0.0068266745656728745,
    0.007118725683540106,
    0.007417486514896154,
    0.00772209232673049,
    0.008038526400923729,
    0.008357405662536621,
    0.00868300162255764,
    0.00901515781879425,
    0.009348094463348389,
    0.009691467508673668,
    0.01003525871783495,
    0.010384246706962585,
    0.010735098272562027,
    0.011093336157500744,
    0.011464775539934635,
    0.011835108511149883,
    0.012218290939927101,
    0.0126110864803195,
    0.013018878176808357,
    0.013440337963402271,
    0.01387398038059473,
    0.014321386814117432,
    0.014783665537834167,
    0.015256164595484734,
    0.015740495175123215,
    0.01623748242855072
  ],
  "mean_lid_diff": [
    0.007556915283203125,
    0.0059337615966796875,
    -0.015465736389160156,
    -0.029931068420410156,
    -0.05465984344482422,
    -0.07419109344482422,
    -0.11266136169433594,
    -0.16000843048095703,
    -0.21352386474609375,
    -0.27778053283691406,
    -0.3505373001098633,
    -0.43497371673583984,
    -0.516571044921875,
    -0.6180925369262695,
    -0.7165975570678711,
    -0.8238811492919922,
    -0.9383783340454102,
    -1.0545048713684082,
    -1.1790237426757812,
    -1.3078241348266602,
    -1.4389605522155762,
    -1.5728888511657715,
    -1.7114825248718262,
    -1.8540325164794922,
    -1.9976820945739746,
    -2.1497578620910645,
    -2.3053083419799805,
    -2.459991455078125,
    -2.6120710372924805,
    -2.7682290077209473,
    -2.920090675354004,
    -3.0739307403564453,
    -3.228029727935791,
    -3.3837995529174805,
    -3.541926860809326,
    -3.6987242698669434,
    -3.8575849533081055,
    -4.015077590942383,
    -4.175462245941162,
    -4.335059642791748,
    -4.496504783630371,
    -4.658475875854492,
    -4.819250583648682,
    -4.976967811584473,
    -5.129992485046387,
    -5.284244537353516,
    -5.43637752532959,
    -5.587554931640625,
    -5.734265327453613,
    -5.8828630447387695
  ],
  "mean_lid_exact": [
    11.12174129486084,
    9.595296859741211,
    9.056166648864746,
    8.837066650390625,
    8.739181518554688,
    8.686026573181152,
    8.66765022277832,
    8.670998573303223,
    8.684711456298828,
    8.70559024810791,
    8.734942436218262,
    8.769085884094238,
    8.79924488067627,
    8.840621948242188,
    8.873286247253418,
    8.908406257629395,
    8.945664405822754,
    8.979973793029785,
    9.016620635986328,
    9.052742958068848,
    9.085184097290039,
    9.116326332092285,
    9.149813652038574,
    9.181717872619629,
    9.212260246276855,
    9.243837356567383,
    9.274223327636719,
    9.304156303405762,
    9.33092975616455,
    9.357851028442383,
    9.38123893737793,
    9.404986381530762,
    9.42873477935791,
    9.450957298278809,
    9.473140716552734,
    9.492895126342773,
    9.513031005859375,
    9.532125473022461,
    9.552115440368652,
    9.571782112121582,
    9.590489387512207,
    9.608085632324219,
    9.625401496887207,
    9.642910957336426,
    9.658679008483887,
    9.672687530517578,
    9.6869535446167,
    9.701991081237793,
    9.714591026306152,
    9.728715896606445
  ],