{
  "k": [
    10,
    20,
    30,
    40,
    50,
    60,
    70,
    80,
    90,
    100,
    110,
    120,
    130,
    140,
    150,
    160,
    170,
    180,
    190,
    200,
    210,
    220,
    230,
    240,
    250,
    260,
    270,
    280,
    290,
    300,
    310,
    320,
    330,
    340,
    350,
    360,
    370,
    380,
    390,
    400,
    410,
    420,
    430,
    440,
    450,
    460,
    470,
    480,
    490,
    500
  ],
  "mean_overlap": [
    0.99613,
    0.9956199999999998,
    0.9942933333333333,
    0.9929474999999999,
    0.99121,
    0.9891566666666666,
    0.9866714285714286,
    0.9834837500000001,
    0.9794911111111112,
    0.9745720000000001,
    0.9688418181818182,
    0.9624641666666667,
    0.9555653846153848,
    0.9480921428571429,
    0.9402326666666666,
    0.93185625,
    0.9232329411764707,
    0.9142727777777778,
    0.9050326315789473,
    0.8956605,
    0.8861904761904763,
    0.876666818181818,
    0.867107391304348,
    0.8576395833333333,
    0.8482800000000001,
    0.8389580769230768,
    0.8296651851851852,
    0.8204992857142858,
    0.8114889655172414,
    0.8026496666666666,
    0.7938761290322581,
    0.7852303125000001,
    0.7767636363636364,
    0.7684032352941176,
    0.7602231428571429,
    0.7522066666666667,
    0.7442997297297297,
    0.7364947368421053,
    0.7288389743589744,
    0.721326,
    0.7139819512195121,
    0.7067888095238095,
    0.6996699999999999,
    0.6927452272727272,
    0.685866,
    0.6792136956521739,
    0.672660425531915,
    0.6662052083333334,
    0.6598120408163264,
    0.6535798
  ],
  "mean_exact_dist": [
    76.3860092163086,
    83.12767028808594,
    87.7303466796875,
    91.22197723388672,
    94.04851531982422,
    96.42997741699219,
    98.47911071777344,
    100.27063751220703,
    101.86175537109375,
    103.29212188720703,
    104.59063720703125,
    105.77973937988281,
    106.87802124023438,
    107.89898681640625,
    108.85322570800781,
    109.74933624267578,
    110.59451293945312,
    111.39443969726562,
    112.15373992919922,
    112.87692260742188,
    113.56747436523438,
    114.22858428955078,
    114.86280059814453,
    115.46644592285156,
    116.04443359375,
    116.6100845336914,
    117.15608215332031,
    117.67874145507812,
    118.17854309082031,
    118.70197296142578,
    119.24314880371094,
    119.75819396972656,
    120.21769714355469,
    120.65595245361328,
    121.07340240478516,
    121.4658203125,
    121.85784912109375,
    122.23445129394531,
    122.64839935302734,
    123.00054931640625,
    123.3541259765625,
    123.75050354003906,
    124.06253051757812,
    124.4659194946289,
    124.85704040527344,
    125.3603515625,
    125.93293762207031,
    126.62155151367188,
    127.29387664794922,
    127.91053771972656
  ],
  "mean_ann_dist": [
    76.4282455444336,
    83.1664047241211,
    87.77142333984375,
    91.2681655883789,
    94.10127258300781,
    96.49124908447266,
    98.5500259399414,
    100.35366821289062,
    101.95975494384766,
    103.40827178955078,
    104.72908782958984,
    105.94483947753906,
    107.07432556152344,
    108.13127136230469,
    109.12664031982422,
    110.06974029541016,
    110.9676284790039,
    111.82685089111328,
    112.65294647216797,
    113.45072174072266,
    114.22415924072266,
    114.97616577148438,
    115.7088394165039,
    116.41707611083984,
    117.10677337646484,
    117.79216003417969,
    118.46533966064453,
    119.12086486816406,
    119.76121520996094,
    4.543003961857357e+32,
    1.101319332410731e+32,
    2.1380965331638762e+32,
    122.34264373779297,
    3.036193017445749e+32,
    6.907182389545824e+32,
    2.892081902906833e+32,
    3.7691885335382286e+32,
    3.691178194537611e+32,
    3.617783050745955e+32,
    7.981187445416313e+32,
    8.726284985961594e+32,
    6.0109934934932375e+32,
    7.614870155816425e+32,
    1.3355536230355963e+33,
    1.7377809225525695e+33,
    9.083709223804266e+32,
    1.6458400442898738e+33,
    1.8149975872455e+33,
    2.0678112494934095e+33,
    1.8301459500212254e+33
  ],
  "mean_barycenter_shift": [
    0.00019722364959307015,
    0.00021185821969993412,
    0.00027406096342019737,
    0.0003397939435672015,
    0.00042075462988577783,
    0.0005084206350147724,
    0.0006175335147418082,
    0.0007429614779539406,
    0.0009035696275532246,
    0.0010912914294749498,
    0.0012909153010696173,
    0.0014819590141996741,
    0.001662379247136414,
    0.0018433876102790236,
    0.0020085927098989487,
    0.0021687024272978306,
    0.0023342894855886698,
    0.0024925945326685905,
    0.0026546751614660025,
    0.0028112600557506084,
    0.0029788948595523834,
    0.0031441824976354837,
    0.0033222553320229053,
    0.0035008112899959087,
    0.0036807204596698284,
    0.0038685211911797523,
    0.004059153608977795,
    0.004249724093824625,
    0.004439039621502161,
    0.004622068256139755,
    0.004803275223821402,
    0.004985839128494263,
    0.005169398616999388,
    0.005350029096007347,
    0.0055315992794930935,
    0.005710729397833347,
    0.005896718706935644,
    0.006084469612687826,
    0.006275789812207222,
    0.006472025066614151,
    0.006675486918538809,
    0.006882761605083942,
    0.007094361819326878,
    0.007313307374715805,
    0.007544409018009901,
    0.007779364939779043,
    0.008028599433600903,
    0.008291511796414852,
    0.00857033021748066,
    0.008870964869856834
  ],
  "mean_lid_diff": [
    0.057257652282714844,
    0.03631305694580078,
    0.004233360290527344,
    -0.016881942749023438,
    -0.032456398010253906,
    -0.053778648376464844,
    -0.0652761459350586,
    -0.09523487091064453,
    -0.11992263793945312,
    -0.15757465362548828,
    -0.19795799255371094,
    -0.2416400909423828,
    -0.28522205352783203,
    -0.33643436431884766,
    -0.3916482925415039,
    -0.45520782470703125,
    -0.5189485549926758,
    -0.591094970703125,
    -0.6711406707763672,
    -0.7519845962524414,
    -0.8311309814453125,
    -0.9108028411865234,
    -0.9961919784545898,
    -1.0832014083862305,
    -1.1743078231811523,
    -1.2697830200195312,
    -1.3650732040405273,
    -1.462888240814209,
    -1.5636248588562012,
    -1.6677331924438477,
    -1.7743983268737793,
    -1.884936809539795,
    -1.999384880065918,
    -2.11604642868042,
    -2.2385568618774414,
    -2.360374927520752,
    -2.4889097213745117,
    -2.6199026107788086,
    -2.752664089202881,
    -2.89154052734375,
    -3.032884120941162,
    -3.1773786544799805,
    -3.32540225982666,
    -3.479123115539551,
    -3.6465702056884766,
    -3.817915439605713,
    -3.988830089569092,
    -4.169268608093262,
    -4.347713470458984,
    -4.52877140045166
  ],
  "mean_lid_exact": [
    10.996475219726562,
    9.567937850952148,
    9.092788696289062,
    8.86896800994873,
    8.756924629211426,
    8.703058242797852,
    8.683945655822754,
    8.690606117248535,
    8.695237159729004,
    8.72542667388916,
    8.754201889038086,
    8.788507461547852,
    8.818124771118164,
    8.854358673095703,
    8.888816833496094,
    8.924312591552734,
    8.95751953125,
    8.991827964782715,
    9.029470443725586,
    9.06154727935791,
    9.091219902038574,
    9.119490623474121,
    9.149149894714355,
    9.176682472229004,
    9.205205917358398,
    9.235150337219238,
    9.261761665344238,
    9.286431312561035,
    9.312701225280762,
    9.336847305297852,
    9.361105918884277,
    9.382407188415527,
    9.403413772583008,
    9.423199653625488,
    9.443562507629395,
    9.462357521057129,
    9.483094215393066,
    9.501259803771973,
    9.518342018127441,
    9.535828590393066,
    9.55195426940918,
    9.568601608276367,
    9.583741188049316,
    9.599356651306152,
    9.61565113067627,
    9.629172325134277,
    9.641616821289062,
    9.65477180480957,
    9.667396545410156,
    9.67839241027832
  ],