{
  "k": [
    10,
    20,
    30,
    40,
    50,
    60,
    70,
    80,
    90,
    100,
    110,
    120,
    130,
    140,
    150,
    160,
    170,
    180,
    190,
    200,
    210,
    220,
    230,
    240,
    250,
    260,
    270,
    280,
    290,
    300,
    310,
    320,
    330,
    340,
    350,
    360,
    370,
    380,
    390,
    400,
    410,
    420,
    430,
    440,
    450,
    460,
    470,
    480,
    490,
    500
  ],
  "mean_overlap": [
    0.99503,
    0.993405,
    0.9912133333333333,
    0.9883424999999999,
    0.9844440000000001,
    0.9788483333333333,
    0.9710628571428571,
    0.9612787500000001,
    0.9500844444444445,
    0.938003,
    0.9254718181818181,
    0.9122508333333333,
    0.8987700000000001,
    0.8853557142857142,
    0.871884,
    0.8585756249999998,
    0.8451700000000001,
    0.8321,
    0.8191863157894737,
    0.806633,
    0.7943452380952382,
    0.7824031818181818,
    0.7707639130434781,
    0.7593495833333332,
    0.7482884,
    0.737508846153846,
    0.7270781481481481,
    0.7168535714285714,
    0.7069724137931035,
    0.697365,
    0.688023870967742,
    0.678828125,
    0.670039393939394,
    0.6614655882352941,
    0.6530742857142857,
    0.6449016666666666,
    0.6369716216216217,
    0.6292528947368422,
    0.6217817948717949,
    0.61449725,
    0.6073243902439024,
    0.6003823809523811,
    0.5935686046511628,
    0.5868729545454545,
    0.580309111111111,
    0.5739426086956523,
    0.5676891489361702,
    0.5616045833333334,
    0.5556269387755103,
    0.5498022
  ],
  "mean_exact_dist": [
    75.86603546142578,
    82.51177978515625,
    87.10372924804688,
    90.62568664550781,
    93.46857452392578,
    95.8508529663086,
    97.89720916748047,
    99.68855285644531,
    101.28204345703125,
    102.7173843383789,
    104.02298736572266,
    105.22007751464844,
    106.35871887207031,
    107.37706756591797,
    108.33987426757812,
    109.23766326904297,
    110.08348083496094,
    110.88908386230469,
    111.63765716552734,
    112.35301208496094,
    113.011962890625,
    113.65404510498047,
    114.27013397216797,
    114.87653350830078,
    115.42282104492188,
    115.97857666015625,
    116.53359985351562,
    117.09361267089844,
    117.6623306274414,
    118.2884521484375,
    118.85516357421875,
    119.3692855834961,
    119.81817626953125,
    120.25360107421875,
    120.71294403076172,
    121.19754028320312,
    121.69046020507812,
    122.29658508300781,
    122.90660095214844,
    123.62910461425781,
    124.29460906982422,
    125.0412826538086,
    125.63060760498047,
    126.38233947753906,
    127.18849182128906,
    127.96619415283203,
    128.66897583007812,
    129.38710021972656,
    130.30490112304688,
    130.8861541748047
  ],
  "mean_ann_dist": [
    75.91636657714844,
    82.56333923339844,
    87.1626205444336,
    90.69506072998047,
    93.55262756347656,
    95.95497131347656,
    98.03117370605469,
    99.86371612548828,
    101.51278686523438,
    103.01582336425781,
    104.40064239501953,
    105.69261169433594,
    106.89925384521484,
    108.02320098876953,
    109.10147094726562,
    110.13001251220703,
    111.1194839477539,
    112.07909393310547,
    112.99610137939453,
    113.87902069091797,
    1.629189828132738e+32,
    1.5570142487079086e+32,
    116.36195373535156,
    1.429277309040181e+32,
    4.122136070713834e+32,
    5.305140973330877e+32,
    5.128924464157488e+32,
    1.1167701587551174e+33,
    1.933490886668323e+33,
    9.436560046914302e+32,
    1.0356604047523918e+33,
    9.003130932934656e+32,
    7.716602520819849e+32,
    1.9494587657500553e+33,
    1.709236810611737e+33,
    2.0066308600693818e+33,
    1.4651283427200824e+33,
    1.7750884120315032e+33,
    1.6676981968210308e+33,
    1.8788595095371248e+33,
    2.9397588036967095e+33,
    2.654987719334648e+33,
    3.010177784891419e+33,
    3.063714358800374e+33,
    3.128416842378674e+33,
    3.552055398072622e+33,
    3.0698189506191003e+33,
    3.6442166296623105e+33,
    4.810288059966978e+33,
    4.214022789099811e+33
  ],
  "mean_barycenter_shift": [
    0.0002586685586720705,
    0.0003328946477267891,
    0.0004257668915670365,
    0.0005723764188587666,
    0.00074234907515347,
    0.0009980520699173212,
    0.001361450063996017,
    0.0017557030078023672,
    0.0021185867954045534,
    0.002450902247801423,
    0.0027301153168082237,
    0.002993497299030423,
    0.003239673562347889,
    0.0034665996208786964,
    0.0036993392277508974,
    0.003923868760466576,
    0.004156099166721106,
    0.004379851743578911,
    0.004613309167325497,
    0.0048469374887645245,
    0.005087193101644516,
    0.005332602187991142,
    0.005580991506576538,
    0.0058288718573749065,
    0.006078803446143866,
    0.0063276132568717,
    0.006574378348886967,
    0.0068265036679804325,
    0.007088579703122377,
    0.007354324217885733,
    0.007632697932422161,
    0.007923132739961147,
    0.008221541531383991,
    0.008533526211977005,
    0.008856752887368202,
    0.009190166369080544,
    0.009539971128106117,
    0.009910228662192822,
    0.010306419804692268,
    0.010723002254962921,
    0.011166865937411785,
    0.011642557568848133,
    0.012151289731264114,
    0.012689955532550812,
    0.013262109830975533,
    0.013867315836250782,
    0.014502505771815777,
    0.015166688710451126,
    0.01585765741765499,
    0.016576193273067474
  ],
  "mean_lid_diff": [
    0.07245445251464844,
    0.014543533325195312,
    -0.0022563934326171875,
    -0.04041862487792969,
    -0.0760955810546875,
    -0.11162853240966797,
    -0.16740131378173828,
    -0.23803329467773438,
    -0.3099508285522461,
    -0.38771724700927734,
    -0.4693107604980469,
    -0.5654315948486328,
    -0.6664514541625977,
    -0.778203010559082,
    -0.8815469741821289,
    -0.9877595901489258,
    -1.1036372184753418,
    -1.2198657989501953,
    -1.344965934753418,
    -1.467381477355957,
    -1.5904889106750488,
    -1.7144966125488281,
    -1.8441448211669922,
    -1.975210189819336,
    -2.11258602142334,
    -2.2568225860595703,
    -2.405792236328125,
    -2.55863618850708,
    -2.7174158096313477,
    -2.8765931129455566,
    -3.034773349761963,
    -3.197873115539551,
    -3.367389678955078,
    -3.5437912940979004,
    -3.7263050079345703,
    -3.912677764892578,
    -4.100405216217041,
    -4.299600601196289,
    -4.501903057098389,
    -4.7088093757629395,
    -4.919225215911865,
    -5.135927200317383,
    -5.351003646850586,
    -5.57103157043457,
    -5.786646604537964,
    -6.0054473876953125,
    -6.223550319671631,
    -6.438244104385376,
    -6.65386438369751,
    -6.8643834590911865
  ],
  "mean_lid_exact": [
    11.12174129486084,
    9.595296859741211,
    9.056166648864746,
    8.837066650390625,
    8.739181518554688,
    8.686026573181152,
    8.66765022277832,
    8.670998573303223,
    8.684711456298828,
    8.70559024810791,
    8.734942436218262,
    8.769085884094238,
    8.79924488067627,
    8.840621948242188,
    8.873286247253418,
    8.908406257629395,
    8.945664405822754,
    8.979973793029785,
    9.016620635986328,
    9.052742958068848,
    9.085184097290039,
    9.116326332092285,
    9.149813652038574,
    9.181717872619629,
    9.212260246276855,
    9.243837356567383,
    9.274223327636719,
    9.304156303405762,
    9.33092975616455,
    9.357851028442383,
    9.38123893737793,
    9.404986381530762,
    9.42873477935791,
    9.450957298278809,
    9.473140716552734,
    9.492895126342773,
    9.513031005859375,
    9.532125473022461,
    9.552115440368652,
    9.571782112121582,
    9.590489387512207,
    9.608085632324219,
    9.625401496887207,
    9.642910957336426,
    9.658679008483887,
    9.672687530517578,
    9.6869535446167,
    9.701991081237793,
    9.714591026306152,
    9.728715896606445
  ],