{
  "k": [
    10,
    20,
    30,
    40,
    50,
    60,
    70,
    80,
    90,
    100,
    110,
    120,
    130,
    140,
    150,
    160,
    170,
    180,
    190,
    200,
    210,
    220,
    230,
    240,
    250,
    260,
    270,
    280,
    290,
    300,
    310,
    320,
    330,
    340,
    350,
    360,
    370,
    380,
    390,
    400,
    410,
    420,
    430,
    440,
    450,
    460,
    470,
    480,
    490,
    500
  ],
  "mean_overlap": [
    0.9971399999999999,
    0.9969800000000001,
    0.9965666666666666,
    0.995915,
    0.995168,
    0.9943116666666667,
    0.9931714285714286,
    0.9917800000000001,
    0.99016,
    0.9882110000000001,
    0.9857699999999999,
    0.9827566666666667,
    0.9793815384615385,
    0.97555,
    0.9712286666666667,
    0.9664200000000001,
    0.9612758823529411,
    0.9558122222222221,
    0.9498926315789474,
    0.9437715,
    0.9373476190476191,
    0.9309004545454546,
    0.9241308695652173,
    0.9173283333333333,
    0.9102471999999999,
    0.9031799999999999,
    0.8960714814814815,
    0.888904642857143,
    0.8817486206896552,
    0.8745523333333333,
    0.8673916129032259,
    0.8602581249999999,
    0.8530772727272727,
    0.8459791176470589,
    0.8389888571428572,
    0.8321038888888889,
    0.8251910810810811,
    0.8183502631578947,
    0.8115941025641027,
    0.8048487499999999,
    0.7982104878048781,
    0.7915780952380952,
    0.7850623255813953,
    0.778631590909091,
    0.7722868888888889,
    0.7659913043478261,
    0.7597770212765957,
    0.7536691666666666,
    0.7475942857142857,
    0.741653
  ],
  "mean_exact_dist": [
    75.89010620117188,
    82.56514739990234,
    87.1490478515625,
    90.63002014160156,
    93.45024108886719,
    95.82070922851562,
    97.86407470703125,
    99.65943908691406,
    101.2561264038086,
    102.69176483154297,
    103.99600982666016,
    105.19202423095703,
    106.2964096069336,
    107.3230972290039,
    108.28295135498047,
    109.18447875976562,
    110.03492736816406,
    110.8401870727539,
    111.60477447509766,
    112.33287811279297,
    113.02811431884766,
    113.69345092773438,
    114.33147430419922,
    114.94432830810547,
    115.53396606445312,
    116.10211181640625,
    116.65026092529297,
    117.1797866821289,
    117.69190216064453,
    118.18769836425781,
    118.66828918457031,
    119.13461303710938,
    119.58744812011719,
    120.02754974365234,
    120.43826293945312,
    120.8538589477539,
    121.25712585449219,
    121.64440155029297,
    122.04280090332031,
    122.4590072631836,
    122.86428833007812,
    123.20916748046875,
    123.55194091796875,
    123.83842468261719,
    124.22459411621094,
    124.55645751953125,
    124.83489990234375,
    125.1146011352539,
    125.36842346191406,
    125.68817138671875
  ],
  "mean_ann_dist": [
    75.92794036865234,
    82.59632873535156,
    87.17920684814453,
    90.66128540039062,
    93.48368835449219,
    95.85712432861328,
    97.90432739257812,
    99.70435333251953,
    101.306640625,
    102.74900817871094,
    104.06147766113281,
    105.2672348022461,
    106.38341522216797,
    107.4241714477539,
    108.40057373046875,
    109.32150268554688,
    110.19446563720703,
    111.02562713623047,
    111.81974792480469,
    112.58125305175781,
    113.31382751464844,
    114.02055358886719,
    114.70406341552734,
    115.36617279052734,
    116.00892639160156,
    116.63406372070312,
    117.24303436279297,
    117.8371353149414,
    118.417724609375,
    118.9859848022461,
    119.5428466796875,
    120.08916473388672,
    120.62593841552734,
    121.1541748046875,
    121.65460968017578,
    122.1661605834961,
    1.8402841373442055e+32,
    123.15446472167969,
    8.743550187518871e+31,
    1.7077303536408054e+32,
    124.67496490478516,
    3.2636296826008326e+32,
    1.5985339839130157e+32,
    3.917776155316079e+32,
    1.5375822652256197e+32,
    3.771895753661641e+32,
    3.7052458356590405e+32,
    4.373359366867524e+32,
    3.587425279276317e+32,
    4.243362896485904e+32
  ],
  "mean_barycenter_shift": [
    0.00015279035142157227,
    0.00015091958630364388,
    0.0001696425024420023,
    0.00019699455879162997,
    0.00023444807447958738,
    0.00027363793924450874,
    0.00032705700141377747,
    0.0003913095570169389,
    0.00046754139475524426,
    0.0005453118355944753,
    0.000635800592135638,
    0.0007530634175054729,
    0.0008728923858143389,
    0.00099491560831666,
    0.0011246257927268744,
    0.0012598723405972123,
    0.001395766157656908,
    0.0015287656569853425,
    0.001659619389101863,
    0.001789825619198382,
    0.0019196179928258061,
    0.0020498621743172407,
    0.002181971911340952,
    0.002307807095348835,
    0.002445808844640851,
    0.002580141881480813,
    0.002712971530854702,
    0.0028470729012042284,
    0.0029768310487270355,
    0.0031107482500374317,
    0.003244134597480297,
    0.0033771090675145388,
    0.003506173612549901,
    0.003631789470091462,
    0.0037560034543275833,
    0.0038738204166293144,
    0.003990787547081709,
    0.004105322062969208,
    0.0042176456190645695,
    0.004330873489379883,
    0.004443429876118898,
    0.004556944128125906,
    0.0046720681712031364,
    0.0047849565744400024,
    0.0049015823751688,
    0.005017366725951433,
    0.00513820443302393,
    0.005261250305920839,
    0.005388104356825352,
    0.005514026619493961
  ],
  "mean_lid_diff": [
    0.06793880462646484,
    0.042908668518066406,
    0.03679656982421875,
    0.013891220092773438,
    0.005299568176269531,
    -0.004210472106933594,
    -0.018805503845214844,
    -0.030925750732421875,
    -0.047318458557128906,
    -0.06001091003417969,
    -0.07767391204833984,
    -0.09850120544433594,
    -0.11959457397460938,
    -0.14843273162841797,
    -0.17978763580322266,
    -0.2113189697265625,
    -0.2479095458984375,
    -0.28506946563720703,
    -0.3272848129272461,
    -0.37267589569091797,
    -0.42090320587158203,
    -0.4707193374633789,
    -0.5210485458374023,
    -0.5769386291503906,
    -0.63287353515625,
    -0.6915302276611328,
    -0.7531194686889648,
    -0.8134965896606445,
    -0.8814382553100586,
    -0.9479026794433594,
    -1.0143518447875977,
    -1.081380844116211,
    -1.1528377532958984,
    -1.2243461608886719,
    -1.298750877380371,
    -1.375889778137207,
    -1.4538745880126953,
    -1.535273551940918,
    -1.6189732551574707,
    -1.704338550567627,
    -1.7924776077270508,
    -1.8832130432128906,
    -1.9768834114074707,
    -2.072455883026123,
    -2.1704230308532715,
    -2.2698192596435547,
    -2.3738346099853516,
    -2.47939395904541,
    -2.5879979133605957,
    -2.6984925270080566
  ],
  "mean_lid_exact": [
    11.061834335327148,
    9.550772666931152,
    9.0415620803833,
    8.81636905670166,
    8.708287239074707,
    8.652386665344238,
    8.63994026184082,
    8.640348434448242,
    8.661006927490234,
    8.687592506408691,
    8.711564064025879,
    8.737932205200195,
    8.767627716064453,
    8.803351402282715,
    8.84007453918457,
    8.87357234954834,
    8.906007766723633,
    8.940397262573242,
    8.974642753601074,
    9.008699417114258,
    9.041085243225098,
    9.072198867797852,
    9.10181999206543,
    9.132325172424316,
    9.160469055175781,
    9.188543319702148,
    9.216824531555176,
    9.242679595947266,
    9.270220756530762,
    9.29708194732666,
    9.319391250610352,
    9.341930389404297,
    9.36507511138916,
    9.386877059936523,
    9.409955978393555,
    9.432276725769043,
    9.452231407165527,
    9.470431327819824,
    9.49049186706543,
    9.509919166564941,
    9.528460502624512,
    9.547853469848633,
    9.564826965332031,
    9.581415176391602,
    9.597633361816406,
    9.612220764160156,
    9.62761116027832,
    9.642087936401367,
    9.656451225280762,
    9.66994571685791
  ],