{
  "k": [
    10,
    20,
    30,
    40,
    50,
    60,
    70,
    80,
    90,
    100,
    110,
    120,
    130,
    140,
    150,
    160,
    170,
    180,
    190,
    200,
    210,
    220,
    230,
    240,
    250,
    260,
    270,
    280,
    290,
    300,
    310,
    320,
    330,
    340,
    350,
    360,
    370,
    380,
    390,
    400,
    410,
    420,
    430,
    440,
    450,
    460,
    470,
    480,
    490,
    500
  ],
  "mean_overlap": [
    0.9969399999999999,
    0.99649,
    0.9959,
    0.9952975000000001,
    0.9944580000000002,
    0.9933583333333333,
    0.9920857142857143,
    0.9905900000000002,
    0.9888622222222222,
    0.9867650000000001,
    0.98425,
    0.9812941666666666,
    0.9777623076923079,
    0.9739371428571428,
    0.9695953333333333,
    0.9648162499999998,
    0.9595623529411766,
    0.9539461111111112,
    0.9480626315789473,
    0.9419779999999999,
    0.9355214285714286,
    0.928815,
    0.9219943478260869,
    0.9150329166666666,
    0.9079719999999999,
    0.9008611538461537,
    0.8937059259259258,
    0.8865017857142857,
    0.8792144827586208,
    0.8719369999999999,
    0.864758064516129,
    0.8575193749999999,
    0.8503990909090909,
    0.8432700000000001,
    0.836216,
    0.8292713888888887,
    0.822408918918919,
    0.8156536842105263,
    0.8089769230769231,
    0.80231425,
    0.7957260975609756,
    0.7892383333333334,
    0.7827976744186047,
    0.7764147727272728,
    0.7700853333333334,
    0.7639115217391305,
    0.7577476595744681,
    0.7517208333333334,
    0.7457495918367347,
    0.7398604
  ],
  "mean_exact_dist": [
    75.86603546142578,
    82.51177978515625,
    87.10372924804688,
    90.62568664550781,
    93.46857452392578,
    95.8508529663086,
    97.89720916748047,
    99.68855285644531,
    101.28204345703125,
    102.7173843383789,
    104.02298736572266,
    105.22007751464844,
    106.32575225830078,
    107.35282135009766,
    108.31196594238281,
    109.21219635009766,
    110.06009674072266,
    110.86170196533203,
    111.62203979492188,
    112.34529876708984,
    113.03526306152344,
    113.69512176513672,
    114.3275146484375,
    114.93462371826172,
    115.5185775756836,
    116.08111572265625,
    116.62380981445312,
    117.14810180664062,
    117.65538787841797,
    118.1468734741211,
    118.62353515625,
    119.08634948730469,
    119.53612518310547,
    119.97364807128906,
    120.39949798583984,
    120.80288696289062,
    121.20672607421875,
    121.5912094116211,
    121.9741439819336,
    122.32520294189453,
    122.73506164550781,
    123.1517333984375,
    123.55122375488281,
    123.94245910644531,
    124.35726928710938,
    124.72331237792969,
    125.090087890625,
    125.46044921875,
    125.78050231933594,
    126.10670471191406
  ],
  "mean_ann_dist": [
    75.89534759521484,
    82.54071044921875,
    87.13471221923828,
    90.6590576171875,
    93.50489044189453,
    95.89111328125,
    97.94210052490234,
    99.73880004882812,
    101.33867645263672,
    102.78135681152344,
    104.09569549560547,
    105.30300903320312,
    106.42072296142578,
    107.46216583251953,
    108.4381103515625,
    109.357666015625,
    110.2276840209961,
    111.05435943603516,
    111.8431625366211,
    112.59844970703125,
    113.32430267333984,
    114.02398681640625,
    114.7000732421875,
    115.3553237915039,
    115.99205017089844,
    116.61215209960938,
    117.21688842773438,
    117.80756378173828,
    118.3854751586914,
    118.95155334472656,
    119.50658416748047,
    120.05136108398438,
    120.58670043945312,
    121.11346435546875,
    121.63263702392578,
    122.13050079345703,
    122.63358306884766,
    4.4863720736226735e+32,
    1.752221725224591e+32,
    1.710649377567814e+32,
    1.6714467179456132e+32,
    1.636098694120737e+32,
    1.6019317424645918e+32,
    1.5696549705059303e+32,
    1.5402444165944767e+32,
    3.778832473300524e+32,
    4.4545016941675336e+32,
    1.4603389654790315e+32,
    5.028109722208185e+32,
    4.2420406217814425e+32
  ],
  "mean_barycenter_shift": [
    0.00015810526383575052,
    0.00017024196858983487,
    0.00019487657118588686,
    0.0002256185980513692,
    0.00026343404897488654,
    0.0003138023312203586,
    0.00037142628571018577,
    0.0004346233035903424,
    0.0005084988661110401,
    0.0005897537339478731,
    0.0006759734824299812,
    0.0007811950636096299,
    0.0009075418347492814,
    0.001035581692121923,
    0.0011635960545390844,
    0.0012932529207319021,
    0.0014274312416091561,
    0.0015686795813962817,
    0.0017003788379952312,
    0.0018294251058250666,
    0.0019564854446798563,
    0.0020798949990421534,
    0.002204755088314414,
    0.002333560958504677,
    0.002464544726535678,
    0.0025953289587050676,
    0.0027324880938977003,
    0.0028737452812492847,
    0.003019221592694521,
    0.003161539789289236,
    0.0033029045443981886,
    0.0034420154988765717,
    0.003574131755158305,
    0.0037093819119036198,
    0.0038352974224835634,
    0.003959126304835081,
    0.00407700939103961,
    0.004194583278149366,
    0.004312498029321432,
    0.004425855353474617,
    0.0045394147746264935,
    0.004653334151953459,
    0.0047707040794193745,
    0.004889104049652815,
    0.0050100418739020824,
    0.00513522420078516,
    0.00526447594165802,
    0.005398951005190611,
    0.005537575110793114,
    0.005681079346686602
  ],
  "mean_lid_diff": [
    0.039078712463378906,
    0.01685810089111328,
    0.013607978820800781,
    0.002567291259765625,
    -0.00934600830078125,
    -0.015832901000976562,
    -0.030228614807128906,
    -0.042082786560058594,
    -0.05656242370605469,
    -0.07234764099121094,
    -0.09309864044189453,
    -0.11400222778320312,
    -0.1353302001953125,
    -0.1679229736328125,
    -0.19759464263916016,
    -0.22773170471191406,
    -0.2622251510620117,
    -0.2986488342285156,
    -0.3415079116821289,
    -0.38593578338623047,
    -0.4347267150878906,
    -0.48027992248535156,
    -0.5335264205932617,
    -0.5894403457641602,
    -0.6463813781738281,
    -0.7064838409423828,
    -0.7706699371337891,
    -0.8358860015869141,
    -0.9013147354125977,
    -0.9685068130493164,
    -1.0338468551635742,
    -1.1010255813598633,
    -1.1711912155151367,
    -1.244074821472168,
    -1.3181333541870117,
    -1.3948707580566406,
    -1.4724922180175781,
    -1.5519776344299316,
    -1.6354045867919922,
    -1.7209982872009277,
    -1.8081750869750977,
    -1.8970942497253418,
    -1.987809181213379,
    -2.0807642936706543,
    -2.176774501800537,
    -2.2717361450195312,
    -2.3737072944641113,
    -2.47647762298584,
    -2.5811190605163574,
    -2.6885008811950684
  ],
  "mean_lid_exact": [
    11.12174129486084,
    9.595296859741211,
    9.056166648864746,
    8.837066650390625,
    8.739181518554688,
    8.686026573181152,
    8.66765022277832,
    8.670998573303223,
    8.684711456298828,
    8.70559024810791,
    8.734942436218262,
    8.769085884094238,
    8.79924488067627,
    8.840621948242188,
    8.873286247253418,
    8.908406257629395,
    8.945664405822754,
    8.979973793029785,
    9.016620635986328,
    9.052742958068848,
    9.085184097290039,
    9.116326332092285,
    9.149813652038574,
    9.181717872619629,
    9.212260246276855,
    9.243837356567383,
    9.274223327636719,
    9.304156303405762,
    9.33092975616455,
    9.357851028442383,
    9.38123893737793,
    9.404986381530762,
    9.42873477935791,
    9.450957298278809,
    9.473140716552734,
    9.492895126342773,
    9.513031005859375,
    9.532125473022461,
    9.552115440368652,
    9.571782112121582,
    9.590489387512207,
    9.608085632324219,
    9.625401496887207,
    9.642910957336426,
    9.658679008483887,
    9.672687530517578,
    9.6869535446167,
    9.701991081237793,
    9.714591026306152,
    9.728715896606445
  ],