{
  "alpha": 0.5,
  "k": [
    10,
    20,
    30,
    40,
    50,
    60,
    70,
    80,
    90,
    100,
    110,
    120,
    130,
    140,
    150,
    160,
    170,
    180,
    190,
    200,
    210,
    220,
    230,
    240,
    250,
    260,
    270,
    280,
    290,
    300,
    310,
    320,
    330,
    340,
    350,
    360,
    370,
    380,
    390,
    400,
    410,
    420,
    430,
    440,
    450,
    460,
    470,
    480,
    490,
    500
  ],
  "mean_overlap": [
    0.9928400000000002,
    0.98966,
    0.9844300000000001,
    0.9760549999999999,
    0.96341,
    0.9471766666666667,
    0.9405757142857144,
    0.9422487500000001,
    0.9438211111111112,
    0.9455390000000001,
    0.9468309090909092,
    0.9481241666666667,
    0.9492730769230772,
    0.950457857142857,
    0.951642,
    0.9525856250000001,
    0.9534429411764705,
    0.9543188888888888,
    0.9551268421052631,
    0.955931,
    0.9565314285714287,
    0.9568604545454545,
    0.9574795652173912,
    0.9580412500000001,
    0.9585176,
    0.9589765384615384,
    0.959492962962963,
    0.9599689285714285,
    0.9603003448275862,
    0.9607643333333331,
    0.9610916129032259,
    0.961444375,
    0.9617715151515153,
    0.9621926470588235,
    0.9624105714285716,
    0.962741111111111,
    0.9629945945945945,
    0.9633700000000001,
    0.9636351282051282,
    0.963935,
    0.9642348780487804,
    0.964457619047619,
    0.9646276744186046,
    0.964838409090909,
    0.9650017777777777,
    0.9651267391304347,
    0.9653289361702128,
    0.9654764583333334,
    0.9656020408163265,
    0.9657796000000001
  ],
  "mean_exact_dist": [
    75.8409194946289,
    82.43536376953125,
    86.94657135009766,
    90.38887786865234,
    93.17985534667969,
    95.53202056884766,
    97.55919647216797,
    99.33556365966797,
    100.91705322265625,
    102.34223175048828,
    103.63912963867188,
    104.82966613769531,
    105.93107604980469,
    106.95616149902344,
    107.91584014892578,
    108.81817626953125,
    109.67041015625,
    110.47779083251953,
    111.24504852294922,
    111.9761962890625,
    112.67469024658203,
    113.34366607666016,
    113.98562622070312,
    114.60295104980469,
    115.19730377197266,
    115.77010345458984,
    116.32299041748047,
    116.8573226928711,
    117.37419891357422,
    117.87478637695312,
    118.36007690429688,
    118.83097839355469,
    119.28823852539062,
    119.73262786865234,
    120.16490173339844,
    120.58560180664062,
    120.99532318115234,
    121.39457702636719,
    121.78387451171875,
    122.16376495361328,
    122.5346908569336,
    122.89696502685547,
    123.25096130371094,
    123.59712219238281,
    123.93576049804688,
    124.2672119140625,
    124.59173583984375,
    124.90961456298828,
    125.22108459472656,
    125.52639770507812
  ],
  "mean_ann_dist": [
    75.893798828125,
    82.50135040283203,
    87.03462219238281,
    90.51012420654297,
    93.35359954833984,
    95.7850341796875,
    97.84498596191406,
    99.60772705078125,
    101.17806243896484,
    102.58967590332031,
    103.87466430664062,
    105.05398559570312,
    106.14786529541016,
    107.16547393798828,
    108.11881256103516,
    109.01566314697266,
    109.86280059814453,
    110.66512298583984,
    111.42847442626953,
    112.15596008300781,
    112.85205078125,
    113.52002716064453,
    114.16016387939453,
    114.77531433105469,
    115.36792755126953,
    115.93822479248047,
    116.4886245727539,
    117.02069091796875,
    117.53575134277344,
    118.03340911865234,
    118.51716613769531,
    118.98619842529297,
    119.4421157836914,
    119.88426208496094,
    120.31549072265625,
    120.7345962524414,
    121.14299774169922,
    121.54056549072266,
    121.92862701416016,
    122.30738830566406,
    122.67682647705078,
    123.03790283203125,
    123.3907241821289,
    123.73594665527344,
    124.07379913330078,
    124.4042739868164,
    124.72773742675781,
    125.04429626464844,
    125.35502624511719,
    125.65973663330078
  ],
  "mean_barycenter_shift": [
    0.0003848126216325909,
    0.0005391797749325633,
    0.0008135486859828234,
    0.0012507438659667969,
    0.0019227355951443315,
    0.0026281271129846573,
    0.0027816141955554485,
    0.002579735592007637,
    0.0023979386314749718,
    0.002229265170171857,
    0.002119221957400441,
    0.0020027721766382456,
    0.0019308557966724038,
    0.0018440502462908626,
    0.0017748192185536027,
    0.0017094513168558478,
    0.0016517662443220615,
    0.0015993647975847125,
    0.001549404812976718,
    0.0015062547754496336,
    0.001465800334699452,
    0.0014337439788505435,
    0.0014020652743056417,
    0.0013771223602816463,
    0.0013548822607845068,
    0.0013278531841933727,
    0.001302539138123393,
    0.0012743152910843492,
    0.0012578838504850864,
    0.001234332681633532,
    0.0012160205515101552,
    0.0011934734648093581,
    0.001172645133920014,
    0.0011528371833264828,
    0.0011358866468071938,
    0.001114976010285318,
    0.0010946850525215268,
    0.0010739589342847466,
    0.0010602979455143213,
    0.0010451424168422818,
    0.0010317853884771466,
    0.0010187402367591858,
    0.0010052488651126623,
    0.0009921655291691422,
    0.0009786621667444706,
    0.0009695629123598337,
    0.0009598723263479769,
    0.0009515415877103806,
    0.000944612140301615,
    0.0009373520151712
  ],
  "mean_lid_diff": [
    0.01644420623779297,
    -0.023694992065429688,
    -0.07618522644042969,
    -0.1562051773071289,
    -0.23844337463378906,
    -0.3596029281616211,
    -0.39118480682373047,
    -0.3819761276245117,
    -0.36425304412841797,
    -0.35095691680908203,
    -0.34252071380615234,
    -0.3366994857788086,
    -0.3348875045776367,
    -0.33501338958740234,
    -0.3221292495727539,
    -0.31707096099853516,
    -0.30761146545410156,
    -0.30530643463134766,
    -0.30365657806396484,
    -0.3006439208984375,
    -0.29830455780029297,
    -0.29652976989746094,
    -0.2910737991333008,
    -0.28904056549072266,
    -0.2869396209716797,
    -0.28484439849853516,
    -0.2785186767578125,
    -0.2779388427734375,
    -0.27831554412841797,
    -0.27457237243652344,
    -0.27235889434814453,
    -0.26943206787109375,
    -0.26761436462402344,
    -0.2652444839477539,
    -0.2622537612915039,
    -0.261016845703125,
    -0.2601613998413086,
    -0.2585916519165039,
    -0.25632762908935547,
    -0.2538118362426758,
    -0.2498798370361328,
    -0.24924278259277344,
    -0.2492656707763672,
    -0.24602508544921875,
    -0.24544811248779297,
    -0.2447681427001953,
    -0.24533939361572266,
    -0.24347496032714844,
    -0.24279403686523438,
    -0.2435445785522461
  ],
  "mean_lid_exact": [
    11.189666748046875,
    9.678772926330566,
    9.151755332946777,
    8.92019271850586,
    8.789591789245605,
    8.731404304504395,
    8.700028419494629,
    8.693490028381348,
    8.686240196228027,
    8.70059871673584,
    8.721681594848633,
    8.746597290039062,
    8.774813652038574,
    8.803258895874023,
    8.826647758483887,
    8.854053497314453,
    8.882424354553223,
    8.914691925048828,
    8.945989608764648,
    8.977972030639648,
    9.0093355178833,
    9.038050651550293,
    9.0651273727417,
    9.092148780822754,
    9.120648384094238,
    9.149796485900879,
    9.176254272460938,
    9.204669952392578,
    9.231734275817871,
    9.256725311279297,
    9.279006958007812,
    9.30236530303955,
    9.324355125427246,
    9.344680786132812,
    9.365589141845703,
    9.386211395263672,
    9.406376838684082,
    9.42652702331543,
    9.444517135620117,
    9.461812019348145,
    9.477593421936035,
    9.495132446289062,
    9.511894226074219,
    9.5261812210083,
    9.540984153747559,
    9.555222511291504,
    9.569696426391602,
    9.582456588745117,
    9.59473705291748,
    9.607583999633789
  ],