{
  "k": [
    10,
    20,
    30,
    40,
    50,
    60,
    70,
    80,
    90,
    100,
    110,
    120,
    130,
    140,
    150,
    160,
    170,
    180,
    190,
    200,
    210,
    220,
    230,
    240,
    250,
    260,
    270,
    280,
    290,
    300,
    310,
    320,
    330,
    340,
    350,
    360,
    370,
    380,
    390,
    400,
    410,
    420,
    430,
    440,
    450,
    460,
    470,
    480,
    490,
    500
  ],
  "mean_overlap": [
    0.99384,
    0.992195,
    0.9898533333333333,
    0.9865524999999999,
    0.982028,
    0.9756299999999999,
    0.9674157142857144,
    0.9572975,
    0.9459866666666666,
    0.9337070000000002,
    0.9206181818181818,
    0.9073733333333334,
    0.8938846153846154,
    0.8801671428571428,
    0.8663546666666665,
    0.8527993750000001,
    0.8392017647058825,
    0.82584,
    0.8128663157894738,
    0.8001984999999999,
    0.787632380952381,
    0.7753690909090909,
    0.76339,
    0.7516862500000001,
    0.7402299999999999,
    0.7290869230769231,
    0.7183288888888889,
    0.7079507142857143,
    0.6977475862068966,
    0.6878143333333333,
    0.6782054838709677,
    0.6689128124999999,
    0.65975,
    0.6509432352941177,
    0.6423711428571429,
    0.6339730555555556,
    0.6258124324324325,
    0.6178931578947369,
    0.6100984615384616,
    0.6024612500000001,
    0.5950831707317072,
    0.587852619047619,
    0.5807890697674418,
    0.5739204545454545,
    0.5672533333333333,
    0.5607204347826088,
    0.5543214893617021,
    0.5480695833333333,
    0.5419816326530613,
    0.5360236
  ],
  "mean_exact_dist": [
    76.34443664550781,
    83.01134490966797,
    87.59410095214844,
    91.07886505126953,
    93.90230560302734,
    96.2839584350586,
    98.33944702148438,
    100.14348602294922,
    101.7494888305664,
    103.19564819335938,
    104.51126098632812,
    105.73543548583984,
    106.84149932861328,
    107.87628936767578,
    108.84378051757812,
    109.75263977050781,
    110.61811065673828,
    111.42223358154297,
    112.1742935180664,
    112.91081237792969,
    113.60929870605469,
    114.26192474365234,
    114.87706756591797,
    115.53012084960938,
    116.18309783935547,
    116.75320434570312,
    117.29927825927734,
    117.87531280517578,
    118.40111541748047,
    118.96317291259766,
    119.54142761230469,
    120.0663070678711,
    120.60655975341797,
    121.11649322509766,
    121.80953216552734,
    122.41893768310547,
    123.10283660888672,
    123.91029357910156,
    124.64697265625,
    125.56698608398438,
    126.39764404296875,
    127.43386840820312,
    128.57797241210938,
    129.46998596191406,
    130.40199279785156,
    131.2312774658203,
    132.28070068359375,
    133.07009887695312,
    133.77845764160156,
    134.4237823486328
  ],
  "mean_ann_dist": [
    76.40062713623047,
    83.07249450683594,
    87.66384887695312,
    91.16124725341797,
    94.00151062011719,
    96.4069595336914,
    98.49591064453125,
    100.3445816040039,
    102.0068359375,
    103.5224609375,
    104.92252349853516,
    106.23200225830078,
    107.43838500976562,
    108.59078979492188,
    109.69039916992188,
    110.74700927734375,
    4.0137575151244974e+32,
    1.895765708483009e+32,
    1.7965289532275326e+32,
    114.57978057861328,
    3.258707323519624e+32,
    4.673395025626499e+32,
    1.4918710391328104e+32,
    7.18622954865124e+32,
    6.938166481304088e+32,
    8.044119674738435e+32,
    1.299283372567079e+33,
    8.844015404835208e+32,
    1.4776627951028567e+33,
    1.2064182946938042e+33,
    1.301696272446151e+33,
    1.2788023509583744e+33,
    1.2563961778460762e+33,
    1.919679189650016e+33,
    2.686969590764576e+33,
    2.118347056747137e+33,
    3.3503900139128764e+33,
    3.718489627684325e+33,
    2.969693741271679e+33,
    5.119827229665042e+33,
    3.91657086594533e+33,
    4.284161067390613e+33,
    4.943587277002159e+33,
    5.78711466801106e+33,
    4.537922682223605e+33,
    4.165550008921553e+33,
    5.532462974289822e+33,
    4.251639763588566e+33,
    5.973796025935295e+33,
    5.788308042208931e+33
  ],
  "mean_barycenter_shift": [
    0.0003201721119694412,
    0.0003760632826015353,
    0.0004834187566302717,
    0.0006495288107544184,
    0.0008444382692687213,
    0.001120636472478509,
    0.0014850051375105977,
    0.0018612411804497242,
    0.0022236104123294353,
    0.0025431904941797256,
    0.002845992334187031,
    0.0031015626154839993,
    0.003335997462272644,
    0.003578967647626996,
    0.003805831540375948,
    0.004021473228931427,
    0.00424310052767396,
    0.004465788137167692,
    0.004698589444160461,
    0.004927680362015963,
    0.005161099601536989,
    0.005409551784396172,
    0.005658658687025309,
    0.005899343639612198,
    0.0061482316814363,
    0.006397783290594816,
    0.00665468443185091,
    0.006905849557369947,
    0.007170358207076788,
    0.007434077560901642,
    0.007703686598688364,
    0.007975121960043907,
    0.00826451275497675,
    0.00855818297713995,
    0.008856627158820629,
    0.009167250245809555,
    0.009490091353654861,
    0.009822718799114227,
    0.01017039455473423,
    0.010534142144024372,
    0.01091588381677866,
    0.011315574869513512,
    0.011736126616597176,
    0.012180455960333347,
    0.012649823911488056,
    0.01314039621502161,
    0.013650128617882729,
    0.014178300276398659,
    0.014720985665917397,
    0.015274133533239365
  ],
  "mean_lid_diff": [
    0.052613258361816406,
    0.015505790710449219,
    -0.0062408447265625,
    -0.045136451721191406,
    -0.08532238006591797,
    -0.14229965209960938,
    -0.1956033706665039,
    -0.25964927673339844,
    -0.3356771469116211,
    -0.41751861572265625,
    -0.5076999664306641,
    -0.6048107147216797,
    -0.7107181549072266,
    -0.8232288360595703,
    -0.9425888061523438,
    -1.061856746673584,
    -1.1814088821411133,
    -1.3094496726989746,
    -1.43626070022583,
    -1.569319725036621,
    -1.7065200805664062,
    -1.8476223945617676,
    -1.9914674758911133,
    -2.145547866821289,
    -2.3042945861816406,
    -2.464139461517334,
    -2.626425266265869,
    -2.7957634925842285,
    -2.9716620445251465,
    -3.15435791015625,
    -3.335712432861328,
    -3.51961088180542,
    -3.708530902862549,
    -3.912196636199951,
    -4.117498874664307,
    -4.330016613006592,
    -4.5542893409729,
    -4.786519527435303,
    -5.025574684143066,
    -5.267402648925781,
    -5.49981164932251,
    -5.743031024932861,
    -5.984345436096191,
    -6.220355987548828,
    -6.452268838882446,
    -6.672244310379028,
    -6.883612632751465,
    -7.096338272094727,
    -7.30295467376709,
    -7.495676517486572
  ],
  "mean_lid_exact": [
    11.08183479309082,
    9.5997953414917,
    9.085956573486328,
    8.832717895507812,
    8.721407890319824,
    8.671453475952148,
    8.652294158935547,
    8.652742385864258,
    8.674560546875,
    8.694835662841797,
    8.722476959228516,
    8.753727912902832,
    8.79063892364502,
    8.826568603515625,
    8.86155891418457,
    8.893763542175293,
    8.923263549804688,
    8.95948314666748,
    8.99084758758545,
    9.022686958312988,
    9.052871704101562,
    9.081148147583008,
    9.11239242553711,
    9.141478538513184,
    9.170536994934082,
    9.201550483703613,
    9.229066848754883,
    9.254679679870605,
    9.280529975891113,
    9.305414199829102,
    9.327940940856934,
    9.348550796508789,
    9.371424674987793,
    9.39285659790039,
    9.41197395324707,
    9.432727813720703,
    9.452157974243164,
    9.4718656539917,
    9.490175247192383,
    9.507261276245117,
    9.522390365600586,
    9.539767265319824,
    9.554984092712402,
    9.570291519165039,
    9.584482192993164,
    9.597248077392578,
    9.610724449157715,
    9.62332820892334,
    9.635839462280273,
    9.646746635437012
  ],