{
  "alpha": 2.0,
  "k": [
    10,
    20,
    30,
    40,
    50,
    60,
    70,
    80,
    90,
    100,
    110,
    120,
    130,
    140,
    150,
    160,
    170,
    180,
    190,
    200,
    210,
    220,
    230,
    240,
    250,
    260,
    270,
    280,
    290,
    300,
    310,
    320,
    330,
    340,
    350,
    360,
    370,
    380,
    390,
    400,
    410,
    420,
    430,
    440,
    450,
    460,
    470,
    480,
    490,
    500
  ],
  "mean_overlap": [
    0.9873300000000002,
    0.99269,
    0.9948566666666667,
    0.9959099999999999,
    0.9966619999999999,
    0.9971616666666667,
    0.9975214285714287,
    0.9977825000000001,
    0.9980155555555555,
    0.9982189999999999,
    0.9983854545454546,
    0.9985275,
    0.9986476923076923,
    0.99875,
    0.9988520000000001,
    0.99893625,
    0.9989923529411764,
    0.9990566666666667,
    0.9991105263157894,
    0.9991764999999999,
    0.9992204761904763,
    0.9992677272727273,
    0.999315652173913,
    0.9993533333333333,
    0.9993876,
    0.9994246153846154,
    0.9994548148148148,
    0.9994835714285715,
    0.9995099999999999,
    0.9995316666666666,
    0.9995516129032258,
    0.999575,
    0.9995954545454544,
    0.9996129411764705,
    0.9996265714285715,
    0.9996408333333333,
    0.9996567567567568,
    0.9996736842105264,
    0.9996884615384615,
    0.99969075,
    0.9996970731707318,
    0.9997045238095238,
    0.9997146511627907,
    0.9997193181818183,
    0.9997226666666665,
    0.9997352173913044,
    0.9997374468085107,
    0.9997450000000001,
    0.9997520408163265,
    0.9997596
  ],
  "mean_exact_dist": [
    75.55923461914062,
    82.13717651367188,
    86.73735046386719,
    90.23989868164062,
    93.05348205566406,
    95.4113998413086,
    97.44730377197266,
    99.23202514648438,
    100.82064819335938,
    102.2510986328125,
    103.55319213867188,
    104.74845123291016,
    105.85348510742188,
    106.880859375,
    107.84087371826172,
    108.74237823486328,
    109.59239959716797,
    110.39675903320312,
    111.16063690185547,
    111.88788604736328,
    112.581787109375,
    113.24555206298828,
    113.88162231445312,
    114.49222564697266,
    115.07941436767578,
    115.64520263671875,
    116.19110870361328,
    116.71855926513672,
    117.228759765625,
    117.72274780273438,
    118.2015609741211,
    118.66607666015625,
    119.11717224121094,
    119.5556411743164,
    119.9822006225586,
    120.39747619628906,
    120.80197143554688,
    121.19621276855469,
    121.58070373535156,
    121.9559097290039,
    122.32225036621094,
    122.6801528930664,
    123.02996063232422,
    123.37197875976562,
    123.70659637451172,
    124.03410339355469,
    124.35478973388672,
    124.66893768310547,
    124.97682189941406,
    125.27862548828125
  ],
  "mean_ann_dist": [
    75.65689086914062,
    82.183349609375,
    86.76895904541016,
    90.26483917236328,
    93.07366180419922,
    95.4284896850586,
    97.46162414550781,
    99.24491882324219,
    100.83245849609375,
    102.2618408203125,
    103.56287384033203,
    104.75735473632812,
    105.86152648925781,
    106.8881607055664,
    107.84770202636719,
    108.7486343383789,
    109.598388671875,
    110.40242767333984,
    111.16592407226562,
    111.8927001953125,
    112.5863037109375,
    113.24991607666016,
    113.88572692871094,
    114.49604797363281,
    115.08301544189453,
    115.64861297607422,
    116.19437408447266,
    116.72167205810547,
    117.23172760009766,
    117.7255859375,
    118.20426177978516,
    118.66866302490234,
    119.11963653564453,
    119.55799865722656,
    119.9844741821289,
    120.39966583251953,
    120.80408477783203,
    121.1982650756836,
    121.58264923095703,
    121.95780944824219,
    122.3240966796875,
    122.68195343017578,
    123.03170013427734,
    123.3736343383789,
    123.70825958251953,
    124.03573608398438,
    124.35637664794922,
    124.67046356201172,
    124.97830200195312,
    125.2800521850586
  ],
  "mean_barycenter_shift": [
    0.0007302396697923541,
    0.00037734428769908845,
    0.000253688805969432,
    0.00020067422883585095,
    0.00015745004930067807,
    0.00013364946062210947,
    0.0001161351683549583,
    0.00010338011634303257,
    9.271249291487038e-05,
    8.433615585090593e-05,
    7.600947719765827e-05,
    6.988083623582497e-05,
    6.419894634746015e-05,
    5.8500623708823696e-05,
    5.3375184506876394e-05,
    4.978874494554475e-05,
    4.781826646649279e-05,
    4.4823860662290826e-05,
    4.1793678974499926e-05,
    3.848610504064709e-05,
    3.6861703847534955e-05,
    3.4411288652336225e-05,
    3.19384053000249e-05,
    3.0332364985952154e-05,
    2.8904605642310344e-05,
    2.7193938876735047e-05,
    2.5662118787295185e-05,
    2.4078815840766765e-05,
    2.2474432626040652e-05,
    2.145745929738041e-05,
    2.038367347267922e-05,
    1.936244370881468e-05,
    1.8639222616911866e-05,
    1.8032738807960413e-05,
    1.7301776097156107e-05,
    1.6554353351239115e-05,
    1.596735637576785e-05,
    1.5062281818245538e-05,
    1.429717849532608e-05,
    1.4274117347667925e-05,
    1.3830397620040458e-05,
    1.3618931006931234e-05,
    1.3104307981848251e-05,
    1.2904630239063408e-05,
    1.2644193702726625e-05,
    1.20780960060074e-05,
    1.1995789463981055e-05,
    1.1775974599004257e-05,
    1.150057687482331e-05,
    1.1082456694566645e-05
  ],
  "mean_lid_diff": [
    0.013944625854492188,
    -0.013226509094238281,
    -0.0058002471923828125,
    -0.0055141448974609375,
    -0.008119583129882812,
    -0.008397102355957031,
    -0.007175445556640625,
    -0.009229660034179688,
    -0.008265495300292969,
    -0.00453948974609375,
    -0.0043735504150390625,
    -0.005374908447265625,
    -0.0064105987548828125,
    -0.0058727264404296875,
    -0.0050029754638671875,
    -0.005360603332519531,
    -0.004549980163574219,
    -0.0036706924438476562,
    -0.004773139953613281,
    -0.004992485046386719,
    -0.004899024963378906,
    -0.0041065216064453125,
    -0.0033321380615234375,
    -0.0033960342407226562,
    -0.0037984848022460938,
    -0.0038738250732421875,
    -0.0029582977294921875,
    -0.0030879974365234375,
    -0.002918243408203125,
    -0.00299835205078125,
    -0.0028486251831054688,
    -0.0027933120727539062,
    -0.0027055740356445312,
    -0.0026645660400390625,
    -0.0026121139526367188,
    -0.0021982192993164062,
    -0.0026702880859375,
    -0.0020704269409179688,
    -0.0026454925537109375,
    -0.0021114349365234375,
    -0.0023050308227539062,
    -0.00211334228515625,
    -0.00238037109375,
    -0.002349853515625,
    -0.0024471282958984375,
    -0.0021772384643554688,
    -0.0020627975463867188,
    -0.00258636474609375,
    -0.0025758743286132812,
    -0.00214385986328125
  ],
  "mean_lid_exact": [
    11.095666885375977,
    9.605415344238281,
    9.058934211730957,
    8.837571144104004,
    8.726156234741211,
    8.661084175109863,
    8.639104843139648,
    8.631937026977539,
    8.646387100219727,
    8.667332649230957,
    8.692510604858398,
    8.725726127624512,
    8.760945320129395,
    8.798789024353027,
    8.834794044494629,
    8.871407508850098,
    8.909622192382812,
    8.94542121887207,
    8.982343673706055,
    9.016335487365723,
    9.0516939163208,
    9.083623886108398,
    9.116090774536133,
    9.146827697753906,
    9.176966667175293,
    9.204686164855957,
    9.23068618774414,
    9.258277893066406,
    9.285614013671875,
    9.312666893005371,
    9.34048843383789,
    9.365837097167969,
    9.389573097229004,
    9.411426544189453,
    9.432451248168945,
    9.453962326049805,
    9.475825309753418,
    9.496142387390137,
    9.515544891357422,
    9.535019874572754,
    9.552567481994629,
    9.568090438842773,
    9.585650444030762,
    9.600568771362305,
    9.615628242492676,
    9.630697250366211,
    9.6441068649292,
    9.657221794128418,
    9.669744491577148,
    9.682737350463867
  ],