{
  "k": [
    10,
    20,
    30,
    40,
    50,
    60,
    70,
    80,
    90,
    100,
    110,
    120,
    130,
    140,
    150,
    160,
    170,
    180,
    190,
    200,
    210,
    220,
    230,
    240,
    250,
    260,
    270,
    280,
    290,
    300,
    310,
    320,
    330,
    340,
    350,
    360,
    370,
    380,
    390,
    400,
    410,
    420,
    430,
    440,
    450,
    460,
    470,
    480,
    490,
    500
  ],
  "mean_overlap": [
    0.9970099999999998,
    0.9968099999999999,
    0.9961466666666667,
    0.9954125,
    0.9946020000000001,
    0.9936383333333333,
    0.9925042857142856,
    0.9911237500000001,
    0.989518888888889,
    0.9875280000000001,
    0.9850881818181819,
    0.9822941666666666,
    0.9790523076923079,
    0.975355,
    0.971224,
    0.966718125,
    0.9616835294117647,
    0.956286111111111,
    0.9505273684210526,
    0.9444715,
    0.9381914285714287,
    0.9316645454545455,
    0.9249143478260868,
    0.91807125,
    0.9110648000000001,
    0.9039365384615384,
    0.8967522222222222,
    0.8895025,
    0.8823344827586207,
    0.8751453333333333,
    0.8679251612903225,
    0.8607165625000002,
    0.8535512121212121,
    0.8464114705882352,
    0.839348857142857,
    0.8323672222222224,
    0.825362162162162,
    0.8184289473684211,
    0.8115666666666668,
    0.80478975,
    0.7981321951219513,
    0.7915228571428572,
    0.7849465116279071,
    0.7785161363636364,
    0.7721057777777779,
    0.7658880434782608,
    0.75966,
    0.7535110416666667,
    0.7474197959183674,
    0.7414482
  ],
  "mean_exact_dist": [
    76.3860092163086,
    83.12767028808594,
    87.7303466796875,
    91.22197723388672,
    94.04851531982422,
    96.42997741699219,
    98.47911071777344,
    100.27063751220703,
    101.86175537109375,
    103.29212188720703,
    104.59063720703125,
    105.77973937988281,
    106.87802124023438,
    107.89898681640625,
    108.85322570800781,
    109.74933624267578,
    110.59451293945312,
    111.39443969726562,
    112.15373992919922,
    112.87692260742188,
    113.56747436523438,
    114.22858428955078,
    114.86280059814453,
    115.47232818603516,
    116.05916595458984,
    116.6248779296875,
    117.17093658447266,
    117.69877624511719,
    118.20953369140625,
    118.70436096191406,
    119.1842269897461,
    119.65006256103516,
    120.10272216796875,
    120.54293823242188,
    120.96957397460938,
    121.3866958618164,
    121.81253051757812,
    122.24020385742188,
    122.67698669433594,
    123.09963989257812,
    123.47284698486328,
    123.79994201660156,
    124.16517639160156,
    124.48497009277344,
    124.77716064453125,
    125.11809539794922,
    125.44762420654297,
    125.7817153930664,
    126.09323120117188,
    126.43187713623047
  ],
  "mean_ann_dist": [
    76.42237854003906,
    83.15897369384766,
    87.76175689697266,
    91.25550079345703,
    94.08489990234375,
    96.47013854980469,
    98.52352142333984,
    100.3202896118164,
    101.91766357421875,
    103.3551254272461,
    104.66232299804688,
    105.86160278320312,
    106.97174835205078,
    108.00650024414062,
    108.97685241699219,
    109.8915023803711,
    110.75807189941406,
    111.5823974609375,
    112.3696517944336,
    113.12460327148438,
    113.85087585449219,
    114.55225372314453,
    115.23126220703125,
    115.89007568359375,
    116.5307388305664,
    117.1547622680664,
    117.76356506347656,
    118.3582763671875,
    118.94010925292969,
    119.51000213623047,
    120.06906127929688,
    120.61788940429688,
    121.15727233886719,
    121.68830108642578,
    122.20822143554688,
    9.456069788505309e+31,
    123.24647521972656,
    1.7949086057729867e+32,
    2.6280687518660136e+32,
    2.5670063922876065e+32,
    4.1811432563988964e+32,
    2.454643604053082e+32,
    126.19042205810547,
    7.853056395931391e+31,
    3.852965351984342e+32,
    2.271011834044374e+32,
    2.9739372062982182e+32,
    1.4616939295376556e+32,
    3.5978332601566085e+32,
    3.5446080281675336e+32
  ],
  "mean_barycenter_shift": [
    0.00015291247109416872,
    0.00015584129141643643,
    0.000183452051714994,
    0.00021818926325067878,
    0.00025593250757083297,
    0.00030103663448244333,
    0.0003505937347654253,
    0.00040808081394061446,
    0.0004745808255393058,
    0.0005529029294848442,
    0.0006487536593340337,
    0.0007517939084209502,
    0.0008568527409806848,
    0.0009748127195052803,
    0.001098710228689015,
    0.0012280781520530581,
    0.001362586859613657,
    0.0014952302444726229,
    0.001616944675333798,
    0.0017418517963960767,
    0.0018714925972744823,
    0.0019951858557760715,
    0.002119553042575717,
    0.002246858086436987,
    0.0023798190522938967,
    0.0025165104307234287,
    0.0026539601385593414,
    0.0027973942924290895,
    0.0029416915494948626,
    0.0030822372063994408,
    0.0032235675025731325,
    0.0033664435613900423,
    0.0035038634669035673,
    0.003639221889898181,
    0.0037708592135459185,
    0.0038941707462072372,
    0.004019949585199356,
    0.004140818957239389,
    0.004260472487658262,
    0.004380946978926659,
    0.0045023392885923386,
    0.004623411223292351,
    0.004745642654597759,
    0.004868917167186737,
    0.004996453877538443,
    0.005126709584146738,
    0.005260311532765627,
    0.005399131216108799,
    0.005540051031857729,
    0.005686492193490267
  ],
  "mean_lid_diff": [
    0.04575920104980469,
    0.02866363525390625,
    0.007884025573730469,
    -0.0021028518676757812,
    -0.008636474609375,
    -0.025282859802246094,
    -0.02745819091796875,
    -0.042992591857910156,
    -0.05582714080810547,
    -0.07298564910888672,
    -0.09266090393066406,
    -0.11222553253173828,
    -0.13381195068359375,
    -0.15992259979248047,
    -0.18985939025878906,
    -0.21918582916259766,
    -0.2534933090209961,
    -0.29236316680908203,
    -0.34096527099609375,
    -0.38422203063964844,
    -0.4323406219482422,
    -0.4811134338378906,
    -0.5313262939453125,
    -0.5851306915283203,
    -0.6441011428833008,
    -0.7038202285766602,
    -0.7643089294433594,
    -0.8258419036865234,
    -0.8929891586303711,
    -0.9600811004638672,
    -1.0312328338623047,
    -1.098862648010254,
    -1.1688852310180664,
    -1.241786003112793,
    -1.3202123641967773,
    -1.3972139358520508,
    -1.4793272018432617,
    -1.5635490417480469,
    -1.6467761993408203,
    -1.7351818084716797,
    -1.8264708518981934,
    -1.9206695556640625,
    -2.015073776245117,
    -2.114271640777588,
    -2.218747138977051,
    -2.3213467597961426,
    -2.425983428955078,
    -2.5331883430480957,
    -2.643691062927246,
    -2.756216049194336
  ],
  "mean_lid_exact": [
    10.996475219726562,
    9.567937850952148,
    9.092788696289062,
    8.86896800994873,
    8.756924629211426,
    8.703058242797852,
    8.683945655822754,
    8.690606117248535,
    8.695237159729004,
    8.72542667388916,
    8.754201889038086,
    8.788507461547852,
    8.818124771118164,
    8.854358673095703,
    8.888816833496094,
    8.924312591552734,
    8.95751953125,
    8.991827964782715,
    9.029470443725586,
    9.06154727935791,
    9.091219902038574,
    9.119490623474121,
    9.149149894714355,
    9.176682472229004,
    9.205205917358398,
    9.235150337219238,
    9.261761665344238,
    9.286431312561035,
    9.312701225280762,
    9.336847305297852,
    9.361105918884277,
    9.382407188415527,
    9.403413772583008,
    9.423199653625488,
    9.443562507629395,
    9.462357521057129,
    9.483094215393066,
    9.501259803771973,
    9.518342018127441,
    9.535828590393066,
    9.55195426940918,
    9.568601608276367,
    9.583741188049316,
    9.599356651306152,
    9.61565113067627,
    9.629172325134277,
    9.641616821289062,
    9.65477180480957,
    9.667396545410156,
    9.67839241027832
  ],