{
  "k": [
    10,
    20,
    30,
    40,
    50,
    60,
    70,
    80,
    90,
    100,
    110,
    120,
    130,
    140,
    150,
    160,
    170,
    180,
    190,
    200,
    210,
    220,
    230,
    240,
    250,
    260,
    270,
    280,
    290,
    300,
    310,
    320,
    330,
    340,
    350,
    360,
    370,
    380,
    390,
    400,
    410,
    420,
    430,
    440,
    450,
    460,
    470,
    480,
    490,
    500
  ],
  "mean_overlap": [
    0.99626,
    0.9948100000000001,
    0.9928800000000001,
    0.9899875,
    0.9862299999999999,
    0.9809366666666667,
    0.9737042857142858,
    0.96471625,
    0.9542700000000001,
    0.9427030000000001,
    0.9304227272727273,
    0.9177375,
    0.9047100000000002,
    0.8915521428571428,
    0.8783446666666667,
    0.8648856250000001,
    0.8519011764705883,
    0.8388666666666668,
    0.8261873684210527,
    0.8136705,
    0.8014909523809525,
    0.7894331818181819,
    0.7778352173913043,
    0.7664362499999999,
    0.7553103999999999,
    0.7445196153846154,
    0.7339562962962963,
    0.7238442857142858,
    0.7138537931034483,
    0.7042016666666666,
    0.6948177419354838,
    0.685755625,
    0.6768633333333334,
    0.6682408823529412,
    0.6598120000000001,
    0.6516980555555555,
    0.6436783783783785,
    0.6358573684210526,
    0.628271794871795,
    0.62092775,
    0.6137441463414635,
    0.6066364285714285,
    0.5997525581395349,
    0.5929838636363637,
    0.5864144444444445,
    0.5800045652173913,
    0.5736580851063829,
    0.5675897916666666,
    0.5615455102040816,
    0.5556622000000001
  ],
  "mean_exact_dist": [
    75.81864166259766,
    82.44774627685547,
    86.98003387451172,
    90.44184112548828,
    93.24794006347656,
    95.61129760742188,
    97.65985107421875,
    99.45526885986328,
    101.05122375488281,
    102.48777770996094,
    103.79525756835938,
    104.99588775634766,
    106.1061782836914,
    107.13945007324219,
    108.10616302490234,
    109.01627349853516,
    109.87881469726562,
    110.7112808227539,
    111.4781265258789,
    112.21391296386719,
    112.9100112915039,
    113.56566619873047,
    114.22235870361328,
    114.83292388916016,
    115.43778991699219,
    115.96966552734375,
    116.50678253173828,
    117.00273132324219,
    117.55377197265625,
    117.9842300415039,
    118.43902587890625,
    118.9473648071289,
    119.41642761230469,
    119.94940185546875,
    120.48658752441406,
    120.98548889160156,
    121.55973815917969,
    122.25741577148438,
    123.00690460205078,
    123.76374053955078,
    124.48994445800781,
    125.16927337646484,
    125.90385437011719,
    126.60845947265625,
    127.57493591308594,
    128.39913940429688,
    129.37083435058594,
    130.0170440673828,
    130.72848510742188,
    131.2617950439453
  ],
  "mean_ann_dist": [
    75.84516906738281,
    82.48141479492188,
    87.0222396850586,
    90.49566650390625,
    93.31700897216797,
    95.70028686523438,
    97.77660369873047,
    99.60932159423828,
    101.25334930419922,
    102.74960327148438,
    104.12882232666016,
    105.41265106201172,
    106.61824035644531,
    107.7591781616211,
    108.84686279296875,
    4.2539546340907775e+32,
    6.007986459766561e+32,
    1.8951954823524133e+32,
    112.8072280883789,
    113.7221908569336,
    1.6265731323746984e+32,
    3.108396257093331e+32,
    116.30254364013672,
    1.430719605900014e+32,
    1.3759900833350763e+32,
    6.62739633497946e+32,
    1.2809278940058274e+32,
    7.4535054454081e+32,
    6.0409148910990275e+32,
    4.7026305270792725e+32,
    6.884914943089178e+32,
    6.725301917836442e+32,
    1.316512867291348e+33,
    1.6161542421478104e+33,
    1.4841666225842522e+33,
    1.0497876217382116e+33,
    2.603266584493305e+33,
    2.2827993443559443e+33,
    3.4236766832085905e+33,
    2.2930077074049014e+33,
    3.469543909089163e+33,
    3.6231311064581724e+33,
    2.3777375849387598e+33,
    3.643279818537581e+33,
    3.8482594776675037e+33,
    4.8851035852112096e+33,
    3.8415123949683885e+33,
    3.581659186687083e+33,
    4.745113302263691e+33,
    4.404517621315065e+33
  ],
  "mean_barycenter_shift": [
    0.00020573186338879168,
    0.0002607127244118601,
    0.0003536010335665196,
    0.0004989355802536011,
    0.000665616593323648,
    0.0009076806018128991,
    0.001251876587048173,
    0.0016278447583317757,
    0.0019901972264051437,
    0.0023144313599914312,
    0.0026048878207802773,
    0.0028703431598842144,
    0.0031006138306111097,
    0.003319202456623316,
    0.0035321570467203856,
    0.0037524611689150333,
    0.0039603509940207005,
    0.0041806562803685665,
    0.004398444201797247,
    0.004622237291187048,
    0.004852955229580402,
    0.005094185471534729,
    0.00533528346568346,
    0.00558138033375144,
    0.005821154918521643,
    0.006061949767172337,
    0.006300163920968771,
    0.00653552683070302,
    0.006776393856853247,
    0.007009304128587246,
    0.007242501713335514,
    0.007481114007532597,
    0.007720716763287783,
    0.007963472045958042,
    0.008214780129492283,
    0.008472239598631859,
    0.008742814883589745,
    0.009023791179060936,
    0.009315785951912403,
    0.009627572260797024,
    0.009955326095223427,
    0.010306252166628838,
    0.010675081051886082,
    0.01106147188693285,
    0.011469628661870956,
    0.011902743950486183,
    0.012354133650660515,
    0.012826792895793915,
    0.01332045253366232,
    0.013833081349730492
  ],
  "mean_lid_diff": [
    0.007439613342285156,
    -0.01871967315673828,
    -0.039938926696777344,
    -0.06463813781738281,
    -0.09833621978759766,
    -0.1330728530883789,
    -0.18135643005371094,
    -0.232452392578125,
    -0.301422119140625,
    -0.3847217559814453,
    -0.4577178955078125,
    -0.5448455810546875,
    -0.6370124816894531,
    -0.7404880523681641,
    -0.8459386825561523,
    -0.9559354782104492,
    -1.0693888664245605,
    -1.186075210571289,
    -1.3003487586975098,
    -1.425041675567627,
    -1.5511512756347656,
    -1.6776790618896484,
    -1.7983980178833008,
    -1.9257612228393555,
    -2.0551137924194336,
    -2.188417434692383,
    -2.328035354614258,
    -2.4719839096069336,
    -2.6199145317077637,
    -2.7687458992004395,
    -2.9237875938415527,
    -3.0778231620788574,
    -3.2386159896850586,
    -3.4070801734924316,
    -3.5775437355041504,
    -3.760861396789551,
    -3.953099250793457,
    -4.14602518081665,
    -4.343750476837158,
    -4.546101093292236,
    -4.757141590118408,
    -4.973299026489258,
    -5.183194160461426,
    -5.404362678527832,
    -5.622930526733398,
    -5.8393871784210205,
    -6.050370454788208,
    -6.256036996841431,
    -6.465325117111206,
    -6.6669464111328125
  ],
  "mean_lid_exact": [
    11.100669860839844,
    9.601051330566406,
    9.09062385559082,
    8.830921173095703,
    8.719403266906738,
    8.661224365234375,
    8.636129379272461,
    8.632508277893066,
    8.643606185913086,
    8.665428161621094,
    8.681184768676758,
    8.70518684387207,
    8.731841087341309,
    8.763144493103027,
    8.791651725769043,
    8.822086334228516,
    8.855108261108398,
    8.884162902832031,
    8.911463737487793,
    8.945486068725586,
    8.974410057067871,
    9.006318092346191,
    9.029471397399902,
    9.056347846984863,
    9.082695960998535,
    9.107673645019531,
    9.133155822753906,
    9.156044960021973,
    9.181163787841797,
    9.20467472076416,
    9.226963996887207,
    9.248579978942871,
    9.270329475402832,
    9.29169750213623,
    9.310914039611816,
    9.329453468322754,
    9.34935188293457,
    9.367764472961426,
    9.385721206665039,
    9.403462409973145,
    9.419387817382812,
    9.436360359191895,
    9.451903343200684,
    9.46611213684082,
    9.482134819030762,
    9.496445655822754,
    9.512073516845703,
    9.52554702758789,
    9.538841247558594,
    9.552358627319336
  ],