{
  "alpha": 1.0,
  "k": [
    10,
    20,
    30,
    40,
    50,
    60,
    70,
    80,
    90,
    100,
    110,
    120,
    130,
    140,
    150,
    160,
    170,
    180,
    190,
    200,
    210,
    220,
    230,
    240,
    250,
    260,
    270,
    280,
    290,
    300,
    310,
    320,
    330,
    340,
    350,
    360,
    370,
    380,
    390,
    400,
    410,
    420,
    430,
    440,
    450,
    460,
    470,
    480,
    490,
    500
  ],
  "mean_overlap": [
    0.99382,
    0.9903049999999999,
    0.9854800000000001,
    0.9862724999999999,
    0.988194,
    0.9894,
    0.9902871428571428,
    0.99101375,
    0.9918222222222223,
    0.9925149999999999,
    0.9931381818181819,
    0.9936275000000001,
    0.9940853846153846,
    0.9944342857142857,
    0.9947219999999999,
    0.9949950000000001,
    0.9952317647058824,
    0.9954622222222222,
    0.9957463157894737,
    0.9959625,
    0.9961428571428572,
    0.9963468181818181,
    0.9964630434782608,
    0.9965920833333334,
    0.9967300000000001,
    0.9968442307692307,
    0.9969433333333334,
    0.9970496428571428,
    0.9971317241379309,
    0.9972283333333333,
    0.9973025806451613,
    0.9973703125,
    0.9974469696969696,
    0.9975350000000001,
    0.997604,
    0.9976616666666667,
    0.9977291891891893,
    0.9978010526315789,
    0.9978569230769232,
    0.9979,
    0.9979487804878049,
    0.9979950000000001,
    0.9980434883720931,
    0.9980911363636363,
    0.9981335555555555,
    0.9981782608695652,
    0.9982044680851067,
    0.9982535416666668,
    0.9982885714285714,
    0.9983207999999999
  ],
  "mean_exact_dist": [
    75.65046691894531,
    82.296875,
    86.85892486572266,
    90.3578109741211,
    93.18843841552734,
    95.57039642333984,
    97.63812255859375,
    99.46185302734375,
    101.0845718383789,
    102.54408264160156,
    103.87122344970703,
    105.08715057373047,
    106.20929718017578,
    107.25146484375,
    108.22442626953125,
    109.13662719726562,
    109.99552154541016,
    110.80736541748047,
    111.57746124267578,
    112.30985260009766,
    113.0084228515625,
    113.67632293701172,
    114.31607818603516,
    114.9300765991211,
    115.52043914794922,
    116.08903503417969,
    116.63752746582031,
    117.1671371459961,
    117.67926025390625,
    118.175048828125,
    118.65546417236328,
    119.12145233154297,
    119.5738525390625,
    120.01343536376953,
    120.44086456298828,
    120.85677337646484,
    121.26178741455078,
    121.65650177001953,
    122.04135131835938,
    122.41683959960938,
    122.78340911865234,
    123.14147186279297,
    123.49143981933594,
    123.83368682861328,
    124.16847229003906,
    124.49610900878906,
    124.81690979003906,
    125.13117218017578,
    125.43914794921875,
    125.7410659790039
  ],
  "mean_ann_dist": [
    75.71322631835938,
    82.36454772949219,
    86.9442138671875,
    90.42958068847656,
    93.24771118164062,
    95.62218475341797,
    97.68392181396484,
    99.50244140625,
    101.12116241455078,
    102.57752227783203,
    103.901611328125,
    105.11517333984375,
    106.23518371582031,
    107.27577209472656,
    108.24727630615234,
    109.15805053710938,
    110.01588439941406,
    110.82689666748047,
    111.595947265625,
    112.32748413085938,
    113.02523803710938,
    113.69219970703125,
    114.33137512207031,
    114.9448471069336,
    115.53469848632812,
    116.10277557373047,
    116.65074920654297,
    117.17987823486328,
    117.69170379638672,
    118.18707275390625,
    118.6671142578125,
    119.13277435302734,
    119.5848617553711,
    120.02410125732422,
    120.45120239257812,
    120.86688995361328,
    121.27156066894531,
    121.66607666015625,
    122.05069732666016,
    122.42593383789062,
    122.79228973388672,
    123.150146484375,
    123.49991607666016,
    123.84202575683594,
    124.17666625976562,
    124.50407409667969,
    124.82475280761719,
    125.13874816894531,
    125.44652557373047,
    125.7483139038086
  ],
  "mean_barycenter_shift": [
    0.0003682882525026798,
    0.0005246599903330207,
    0.0007653194479644299,
    0.0007019899203442037,
    0.0005839678924530745,
    0.0005179892759770155,
    0.0004669445042964071,
    0.00042953199590556324,
    0.0003870890650432557,
    0.00035191865754313767,
    0.00032071713940240443,
    0.00029415360768325627,
    0.0002729106054175645,
    0.0002554095408413559,
    0.00024334761837963015,
    0.00023294100537896156,
    0.00022114910825621337,
    0.0002069130860036239,
    0.00019416176655795425,
    0.0001844016369432211,
    0.00017468676378484815,
    0.00016436529404018074,
    0.00015837966930121183,
    0.00015298435755539685,
    0.00014645735791418701,
    0.00014116587408352643,
    0.00013689913612324744,
    0.00013107658014632761,
    0.0001267422194359824,
    0.00012336675717961043,
    0.00011960221308982,
    0.00011640492448350415,
    0.00011269763490417972,
    0.00010895235755015165,
    0.00010625551658449695,
    0.00010383660992374644,
    0.00010051645222119987,
    9.738442895468324e-05,
    9.50747707975097e-05,
    9.329929889645427e-05,
    9.085699275601655e-05,
    8.930505282478407e-05,
    8.71321462909691e-05,
    8.548692130716518e-05,
    8.351077121915296e-05,
    8.135287498589605e-05,
    8.04115625214763e-05,
    7.821727922419086e-05,
    7.645487494301051e-05,
    7.46737714507617e-05
  ],
  "mean_lid_diff": [
    0.07179546356201172,
    -0.019705772399902344,
    -0.07664203643798828,
    -0.083831787109375,
    -0.07194900512695312,
    -0.06986331939697266,
    -0.06104469299316406,
    -0.06137847900390625,
    -0.056952476501464844,
    -0.05157947540283203,
    -0.047118186950683594,
    -0.04645824432373047,
    -0.0423126220703125,
    -0.039684295654296875,
    -0.03729057312011719,
    -0.03593158721923828,
    -0.03516864776611328,
    -0.033516883850097656,
    -0.03030872344970703,
    -0.02989673614501953,
    -0.028553009033203125,
    -0.02702808380126953,
    -0.026114463806152344,
    -0.026592254638671875,
    -0.025159835815429688,
    -0.024766921997070312,
    -0.023494720458984375,
    -0.02327728271484375,
    -0.022788047790527344,
    -0.022159576416015625,
    -0.020633697509765625,
    -0.020931243896484375,
    -0.0208282470703125,
    -0.01986980438232422,
    -0.019333839416503906,
    -0.019265174865722656,
    -0.018454551696777344,
    -0.018157958984375,
    -0.017835617065429688,
    -0.01751995086669922,
    -0.017144203186035156,
    -0.01727771759033203,
    -0.016203880310058594,
    -0.01615142822265625,
    -0.015583992004394531,
    -0.015875816345214844,
    -0.01566314697265625,
    -0.015142440795898438,
    -0.014974594116210938,
    -0.014703750610351562
  ],
  "mean_lid_exact": [
    11.056753158569336,
    9.535602569580078,
    9.006322860717773,
    8.762222290039062,
    8.637125968933105,
    8.58202075958252,
    8.559231758117676,
    8.558961868286133,
    8.58226490020752,
    8.604817390441895,
    8.63201904296875,
    8.667945861816406,
    8.701839447021484,
    8.737468719482422,
    8.777471542358398,
    8.82058048248291,
    8.85612678527832,
    8.892607688903809,
    8.927512168884277,
    8.962918281555176,
    8.995849609375,
    9.029282569885254,
    9.062601089477539,
    9.093718528747559,
    9.124088287353516,
    9.151100158691406,
    9.179098129272461,
    9.20711898803711,
    9.231822967529297,
    9.256800651550293,
    9.278772354125977,
    9.301952362060547,
    9.325811386108398,
    9.34752082824707,
    9.369096755981445,
    9.390201568603516,
    9.41016674041748,
    9.42810344696045,
    9.446163177490234,
    9.462827682495117,
    9.479979515075684,
    9.496664047241211,
    9.510845184326172,
    9.524880409240723,
    9.53919792175293,
    9.554069519042969,
    9.566300392150879,
    9.579773902893066,
    9.59227466583252,
    9.604191780090332
  ],