{
  "k": [
    10,
    20,
    30,
    40,
    50,
    60,
    70,
    80,
    90,
    100,
    110,
    120,
    130,
    140,
    150,
    160,
    170,
    180,
    190,
    200,
    210,
    220,
    230,
    240,
    250,
    260,
    270,
    280,
    290,
    300,
    310,
    320,
    330,
    340,
    350,
    360,
    370,
    380,
    390,
    400,
    410,
    420,
    430,
    440,
    450,
    460,
    470,
    480,
    490,
    500
  ],
  "mean_overlap": [
    0.99779,
    0.9974050000000001,
    0.9969,
    0.9960775,
    0.9952720000000002,
    0.9943566666666666,
    0.9932314285714287,
    0.991785,
    0.9901333333333334,
    0.9882120000000001,
    0.9858563636363636,
    0.9831325000000001,
    0.9799253846153848,
    0.9761692857142856,
    0.9719993333333333,
    0.96720625,
    0.9619729411764707,
    0.9563055555555555,
    0.9504768421052632,
    0.9442805000000001,
    0.9379404761904764,
    0.9313186363636363,
    0.9244360869565218,
    0.9175929166666666,
    0.9105748000000001,
    0.9034219230769232,
    0.8962418518518518,
    0.8890807142857142,
    0.8818306896551723,
    0.8746116666666667,
    0.8673358064516129,
    0.8600296875,
    0.8528421212121211,
    0.8457279411764707,
    0.8386797142857144,
    0.8316011111111111,
    0.8246913513513515,
    0.8177234210526317,
    0.810911794871795,
    0.804188,
    0.7974829268292684,
    0.7908571428571429,
    0.7843304651162791,
    0.7779220454545455,
    0.7716448888888889,
    0.7653471739130435,
    0.7590912765957448,
    0.7529770833333334,
    0.7469644897959183,
    0.7409914000000001
  ],
  "mean_exact_dist": [
    75.69612884521484,
    82.34547424316406,
    86.8810806274414,
    90.33885955810547,
    93.14575958251953,
    95.51370239257812,
    97.55909729003906,
    99.3550796508789,
    100.95387268066406,
    102.3952407836914,
    103.70793914794922,
    104.91339874267578,
    106.02783966064453,
    107.06401062011719,
    108.03276062011719,
    108.9428482055664,
    109.80127716064453,
    110.61405181884766,
    111.38577270507812,
    112.12065124511719,
    112.82203674316406,
    113.49285125732422,
    114.13592529296875,
    114.75344848632812,
    115.34739685058594,
    115.91958618164062,
    116.47151184082031,
    117.00467681884766,
    117.520263671875,
    118.0193862915039,
    118.50308990478516,
    118.97222137451172,
    119.42777252197266,
    119.86605834960938,
    120.2881088256836,
    120.68557739257812,
    121.03887176513672,
    121.3891372680664,
    121.75928497314453,
    122.15997314453125,
    122.55297088623047,
    122.89883422851562,
    123.28443145751953,
    123.6536865234375,
    123.99581909179688,
    124.31602478027344,
    124.61434936523438,
    124.89715576171875,
    125.20109558105469,
    125.52848815917969
  ],
  "mean_ann_dist": [
    75.71640014648438,
    82.36544036865234,
    86.90306091308594,
    90.3639907836914,
    93.17436218261719,
    95.5462646484375,
    97.59601593017578,
    99.39700317382812,
    101.00178527832031,
    102.45008087158203,
    103.77093505859375,
    104.98601531982422,
    106.11195373535156,
    107.16192626953125,
    108.14704895019531,
    109.07667541503906,
    109.95797729492188,
    110.79698944091797,
    111.59870147705078,
    112.36744689941406,
    113.10673522949219,
    113.81986236572266,
    114.50955963134766,
    115.17794799804688,
    115.82697296142578,
    116.45835876464844,
    117.073486328125,
    117.67379760742188,
    118.2603988647461,
    118.83452606201172,
    119.39737701416016,
    119.9498519897461,
    120.49303436279297,
    121.02235412597656,
    121.53851318359375,
    122.02812957763672,
    122.46349334716797,
    122.90027618408203,
    8.784041465350716e+31,
    1.7166903315313956e+32,
    1.6788851901566692e+32,
    2.4648496459644655e+32,
    2.413155784489613e+32,
    1.5762131512921757e+32,
    1.5462283092593724e+32,
    7.5840089876355e+31,
    2.2348133067268825e+32,
    1.4636554842155295e+32,
    5.041668260488458e+32,
    4.260630225752624e+32
  ],
  "mean_barycenter_shift": [
    0.00011833434109576046,
    0.00013677813694812357,
    0.00015865941531956196,
    0.00019469081598799676,
    0.00023187084298115224,
    0.00026972376508638263,
    0.00031862276955507696,
    0.00038311438402161,
    0.0004532398597802967,
    0.000535650469828397,
    0.0006257830536924303,
    0.0007320664008148015,
    0.0008504954166710377,
    0.000978288589976728,
    0.0011136671528220177,
    0.0012592660496011376,
    0.001400141860358417,
    0.001533812377601862,
    0.001663818140514195,
    0.0017955363728106022,
    0.0019262857967987657,
    0.0020573153160512447,
    0.002185130724683404,
    0.0023209198843687773,
    0.0024522317107766867,
    0.0025902180932462215,
    0.0027280200738459826,
    0.0028647526632994413,
    0.003003191901370883,
    0.0031417517457157373,
    0.003283352591097355,
    0.0034209415316581726,
    0.0035559257958084345,
    0.003683872288092971,
    0.0038132285699248314,
    0.003943672403693199,
    0.0040639122016727924,
    0.004186996724456549,
    0.004303822293877602,
    0.004418585449457169,
    0.004537853412330151,
    0.004654631484299898,
    0.004770453087985516,
    0.004883352667093277,
    0.00500079058110714,
    0.00512299407273531,
    0.005244279280304909,
    0.005365284625440836,
    0.005490283016115427,
    0.0056193056516349316
  ],
  "mean_lid_diff": [
    0.054488182067871094,
    0.0301971435546875,
    0.016040802001953125,
    -0.007526397705078125,
    -0.015692710876464844,
    -0.02295207977294922,
    -0.034832000732421875,
    -0.04542064666748047,
    -0.05736541748046875,
    -0.07002067565917969,
    -0.08685016632080078,
    -0.1049356460571289,
    -0.1316242218017578,
    -0.15415477752685547,
    -0.18456077575683594,
    -0.2157421112060547,
    -0.25102901458740234,
    -0.28312015533447266,
    -0.3255949020385742,
    -0.36794567108154297,
    -0.41368865966796875,
    -0.4633455276489258,
    -0.516880989074707,
    -0.571681022644043,
    -0.6224365234375,
    -0.6822023391723633,
    -0.7416582107543945,
    -0.8039512634277344,
    -0.869053840637207,
    -0.937596321105957,
    -1.0068140029907227,
    -1.076507568359375,
    -1.1488265991210938,
    -1.2221240997314453,
    -1.297337532043457,
    -1.3755865097045898,
    -1.4574990272521973,
    -1.5393486022949219,
    -1.6233792304992676,
    -1.7082200050354004,
    -1.7955222129821777,
    -1.8861637115478516,
    -1.9784736633300781,
    -2.07466983795166,
    -2.1715431213378906,
    -2.2712440490722656,
    -2.375011444091797,
    -2.479275703430176,
    -2.5906338691711426,
    -2.704623222351074
  ],
  "mean_lid_exact": [
    11.124796867370605,
    9.626130104064941,
    9.115925788879395,
    8.861918449401855,
    8.733222961425781,
    8.665934562683105,
    8.648362159729004,
    8.643661499023438,
    8.655089378356934,
    8.674294471740723,
    8.7006196975708,
    8.731932640075684,
    8.768892288208008,
    8.798320770263672,
    8.83162784576416,
    8.864445686340332,
    8.895475387573242,
    8.926457405090332,
    8.960068702697754,
    8.990849494934082,
    9.022812843322754,
    9.05300521850586,
    9.08296012878418,
    9.112180709838867,
    9.138404846191406,
    9.168631553649902,
    9.195655822753906,
    9.221932411193848,
    9.24867057800293,
    9.274788856506348,
    9.300225257873535,
    9.323192596435547,
    9.345857620239258,
    9.366439819335938,
    9.388978958129883,
    9.409563064575195,
    9.431259155273438,
    9.449609756469727,
    9.46894645690918,
    9.48786449432373,
    9.504781723022461,
    9.521956443786621,
    9.538912773132324,
    9.554821968078613,
    9.569385528564453,
    9.585665702819824,
    9.600347518920898,
    9.614912986755371,
    9.628747940063477,
    9.642245292663574
  ],