{
  "k": [
    10,
    20,
    30,
    40,
    50,
    60,
    70,
    80,
    90,
    100,
    110,
    120,
    130,
    140,
    150,
    160,
    170,
    180,
    190,
    200,
    210,
    220,
    230,
    240,
    250,
    260,
    270,
    280,
    290,
    300,
    310,
    320,
    330,
    340,
    350,
    360,
    370,
    380,
    390,
    400,
    410,
    420,
    430,
    440,
    450,
    460,
    470,
    480,
    490,
    500
  ],
  "mean_overlap": [
    0.99139,
    0.9890549999999999,
    0.9858533333333332,
    0.9812924999999999,
    0.975858,
    0.9686099999999999,
    0.9594471428571429,
    0.9480275000000001,
    0.9354900000000002,
    0.9218860000000001,
    0.9077554545454545,
    0.8931033333333332,
    0.8781153846153847,
    0.8630757142857143,
    0.847934,
    0.833000625,
    0.8183576470588236,
    0.8040405555555555,
    0.7898857894736842,
    0.7760540000000001,
    0.7625057142857143,
    0.7493945454545454,
    0.7363817391304348,
    0.7239241666666667,
    0.711832,
    0.7000826923076924,
    0.6886737037037037,
    0.6776032142857144,
    0.6668458620689655,
    0.6564703333333333,
    0.646326129032258,
    0.6364949999999999,
    0.6269281818181819,
    0.6175991176470589,
    0.6086497142857142,
    0.599865,
    0.591330810810811,
    0.5831131578947368,
    0.5750653846153846,
    0.5672792499999999,
    0.5596995121951218,
    0.5522954761904763,
    0.5450876744186047,
    0.5380431818181819,
    0.5312251111111111,
    0.5245378260869564,
    0.5180895744680851,
    0.5117600000000001,
    0.5056220408163266,
    0.4996236
  ],
  "mean_exact_dist": [
    75.0479965209961,
    81.63771057128906,
    86.21043395996094,
    89.6812973022461,
    92.4952621459961,
    94.86554718017578,
    96.91755676269531,
    98.7227783203125,
    100.33082580566406,
    101.78022766113281,
    103.09896850585938,
    104.29407501220703,
    105.43209838867188,
    106.46977996826172,
    107.44010925292969,
    108.44514465332031,
    109.30561828613281,
    110.09247589111328,
    110.88467407226562,
    111.61714172363281,
    112.3764419555664,
    113.17475891113281,
    113.94071960449219,
    114.6055679321289,
    115.22581481933594,
    116.01034545898438,
    116.75392150878906,
    117.4739761352539,
    118.3214111328125,
    119.02873992919922,
    119.9205551147461,
    120.73844146728516,
    121.69783020019531,
    122.5262451171875,
    123.59110260009766,
    124.80110168457031,
    125.88469696044922,
    126.74756622314453,
    127.4759750366211,
    128.46482849121094,
    129.6449737548828,
    130.3115234375,
    131.393310546875,
    132.26675415039062,
    133.1702880859375,
    133.90293884277344,
    134.3790283203125,
    134.5180206298828,
    135.1669158935547,
    135.26377868652344
  ],
  "mean_ann_dist": [
    75.13410186767578,
    81.72977447509766,
    86.3143539428711,
    89.80284118652344,
    92.64021301269531,
    95.04138946533203,
    97.13469696044922,
    98.99420928955078,
    100.67230987548828,
    102.20732879638672,
    103.6279525756836,
    104.9429931640625,
    106.19119262695312,
    107.37583923339844,
    108.51551055908203,
    109.64593505859375,
    110.69635772705078,
    111.69049072265625,
    1.8077719633499486e+32,
    113.67984771728516,
    4.928199837056347e+32,
    9.463064343155402e+32,
    1.2160596038335161e+33,
    5.866734793290263e+32,
    1.564026289261057e+33,
    2.0882538175896437e+33,
    2.7294098891313966e+33,
    1.8750404645159294e+33,
    2.9040974649850155e+33,
    5.23611993592553e+33,
    3.144478495418382e+33,
    3.670451673944866e+33,
    3.8451330600982884e+33,
    4.7044138570771155e+33,
    4.670905296093739e+33,
    5.082633940154732e+33,
    5.682445599749442e+33,
    5.602427631490113e+33,
    5.067259962806847e+33,
    5.116780040258341e+33,
    5.744248518270725e+33,
    6.780650062250387e+33,
    4.459972383314893e+33,
    6.223463154088351e+33,
    7.050657164218921e+33,
    6.379142160638743e+33,
    7.902871180483487e+33,
    7.602376091227433e+33,
    4.6982068257201386e+33,
    3.846809230911481e+33
  ],
  "mean_barycenter_shift": [
    0.0004747715429402888,
    0.0005612300592474639,
    0.0006997394375503063,
    0.000921721919439733,
    0.0011480009416118264,
    0.0014356878818944097,
    0.0018001107964664698,
    0.002221861621364951,
    0.002579726744443178,
    0.0029076430946588516,
    0.0031964785885065794,
    0.0034757060930132866,
    0.0037399514112621546,
    0.004006178118288517,
    0.004267078824341297,
    0.004524056799709797,
    0.004792722873389721,
    0.005083080846816301,
    0.00538830878213048,
    0.005706458818167448,
    0.0060284254141151905,
    0.006367146968841553,
    0.006716098636388779,
    0.00708454754203558,
    0.0074572511948645115,
    0.00783862266689539,
    0.008235056884586811,
    0.008652391843497753,
    0.009093360975384712,
    0.00955197773873806,
    0.010033337399363518,
    0.010540503077208996,
    0.01106999535113573,
    0.011630476452410221,
    0.01222107745707035,
    0.012844644486904144,
    0.013502785935997963,
    0.014189782552421093,
    0.014907391741871834,
    0.015651410445570946,
    0.016417929902672768,
    0.01720462739467621,
    0.018008919432759285,
    0.018827443942427635,
    0.019654763862490654,
    0.02048877812922001,
    0.021326780319213867,
    0.022166043519973755,
    0.02300715446472168,
    0.023843709379434586
  ],
  "mean_lid_diff": [
    0.05267810821533203,
    0.012022018432617188,
    -0.015700340270996094,
    -0.06560897827148438,
    -0.10666084289550781,
    -0.17043781280517578,
    -0.2310161590576172,
    -0.3085041046142578,
    -0.39281177520751953,
    -0.48787403106689453,
    -0.5961265563964844,
    -0.7091379165649414,
    -0.8254580497741699,
    -0.946324348449707,
    -1.0703740119934082,
    -1.2107367515563965,
    -1.3519062995910645,
    -1.5047245025634766,
    -1.6555209159851074,
    -1.8110017776489258,
    -1.9774785041809082,
    -2.156940460205078,
    -2.340146541595459,
    -2.524019718170166,
    -2.722492218017578,
    -2.93717098236084,
    -3.151062488555908,
    -3.3621230125427246,
    -3.586038589477539,
    -3.8215484619140625,
    -4.06466007232666,
    -4.310929775238037,
    -4.572653770446777,
    -4.830653667449951,
    -5.093795299530029,
    -5.356859922409058,
    -5.623737573623657,
    -5.887763738632202,
    -6.145656108856201,
    -6.390213251113892,
    -6.631819248199463,
    -6.860983371734619,
    -7.077693939208984,
    -7.29319953918457,
    -7.489614129066467,
    -7.67985999584198,
    -7.8610756397247314,
    -8.020897507667542,
    -8.175197839736938,
    -8.326648235321045
  ],
  "mean_lid_exact": [
    11.007865905761719,
    9.531454086303711,
    9.001206398010254,
    8.760645866394043,
    8.63895034790039,
    8.584587097167969,
    8.554620742797852,
    8.553760528564453,
    8.56108570098877,
    8.583976745605469,
    8.610902786254883,
    8.637629508972168,
    8.66049575805664,
    8.694307327270508,
    8.72366714477539,
    8.757959365844727,
    8.789752960205078,
    8.823960304260254,
    8.85480785369873,
    8.887386322021484,
    8.916894912719727,
    8.950489044189453,
    8.97860336303711,
    9.00782299041748,
    9.03617000579834,
    9.063539505004883,
    9.09067153930664,
    9.115396499633789,
    9.139023780822754,
    9.162960052490234,
    9.184759140014648,
    9.20861530303955,
    9.23033618927002,
    9.250452995300293,
    9.271903991699219,
    9.29271411895752,
    9.311972618103027,
    9.329826354980469,
    9.348104476928711,
    9.36662769317627,
    9.384439468383789,
    9.399636268615723,
    9.414512634277344,
    9.428892135620117,
    9.444042205810547,
    9.458183288574219,
    9.472654342651367,
    9.487302780151367,
    9.4993314743042,
    9.511168479919434
  ],