{
  "k": [
    10,
    20,
    30,
    40,
    50,
    60,
    70,
    80,
    90,
    100,
    110,
    120,
    130,
    140,
    150,
    160,
    170,
    180,
    190,
    200,
    210,
    220,
    230,
    240,
    250,
    260,
    270,
    280,
    290,
    300,
    310,
    320,
    330,
    340,
    350,
    360,
    370,
    380,
    390,
    400,
    410,
    420,
    430,
    440,
    450,
    460,
    470,
    480,
    490,
    500
  ],
  "mean_overlap": [
    0.9969199999999999,
    0.996315,
    0.9949933333333334,
    0.9930674999999999,
    0.990452,
    0.986555,
    0.9806728571428571,
    0.97284375,
    0.9636966666666668,
    0.9533950000000001,
    0.9423563636363635,
    0.9305291666666667,
    0.9184892307692307,
    0.9060964285714285,
    0.8937766666666667,
    0.881034375,
    0.8683288235294118,
    0.8554933333333332,
    0.8429910526315789,
    0.8303845000000001,
    0.818174761904762,
    0.8060936363636363,
    0.7941978260869565,
    0.782485,
    0.7710364000000001,
    0.7599292307692307,
    0.7489740740740741,
    0.7383517857142857,
    0.7278731034482758,
    0.7177393333333334,
    0.7079029032258064,
    0.698263125,
    0.6887921212121212,
    0.6796064705882352,
    0.6706008571428571,
    0.6618538888888889,
    0.6532775675675675,
    0.6449421052631579,
    0.6368351282051282,
    0.62887825,
    0.621171219512195,
    0.6135547619047619,
    0.6060867441860465,
    0.5989002272727274,
    0.591820888888889,
    0.5849491304347826,
    0.5781995744680851,
    0.5716329166666666,
    0.5652585714285715,
    0.558947
  ],
  "mean_exact_dist": [
    75.81864166259766,
    82.44774627685547,
    86.98003387451172,
    90.44184112548828,
    93.24794006347656,
    95.61129760742188,
    97.65985107421875,
    99.45526885986328,
    101.05122375488281,
    102.48777770996094,
    103.79525756835938,
    104.99588775634766,
    106.1061782836914,
    107.13945007324219,
    108.10616302490234,
    109.01487731933594,
    109.87368774414062,
    110.68247985839844,
    111.4605941772461,
    112.19441986083984,
    112.89533996582031,
    113.56838989257812,
    114.22022247314453,
    114.85639953613281,
    115.4660873413086,
    116.04842376708984,
    116.6391830444336,
    117.25472259521484,
    117.84808349609375,
    118.40087890625,
    118.94139862060547,
    119.50186920166016,
    120.03572845458984,
    120.64529418945312,
    121.2168960571289,
    121.83319091796875,
    122.4645767211914,
    123.04962921142578,
    123.79763793945312,
    124.61943817138672,
    125.33303833007812,
    126.17560577392578,
    126.95683288574219,
    127.77770233154297,
    128.72848510742188,
    129.5373992919922,
    130.54408264160156,
    131.54763793945312,
    132.41162109375,
    133.41383361816406
  ],
  "mean_ann_dist": [
    75.84871673583984,
    82.47734069824219,
    87.01312255859375,
    90.48092651367188,
    93.29573822021484,
    95.67168426513672,
    97.73930358886719,
    99.5625228881836,
    101.19722747802734,
    102.6832046508789,
    104.0517349243164,
    105.32438659667969,
    106.5188980102539,
    107.64849853515625,
    108.72474670410156,
    109.75701141357422,
    110.7520980834961,
    111.70978546142578,
    112.64330291748047,
    113.56388854980469,
    114.47053527832031,
    115.36576843261719,
    116.25166320800781,
    117.1371841430664,
    1.3678318263624283e+33,
    5.275736028835226e+32,
    7.648255077538378e+32,
    7.405813805394631e+32,
    5.995234903649397e+32,
    8.173689442662763e+32,
    1.7062459474768236e+33,
    7.782201737214106e+32,
    1.3049888834656403e+33,
    6.3971263345594615e+32,
    1.3624077920802994e+33,
    1.548201701738872e+33,
    1.6264963027210103e+33,
    1.5065273787713591e+33,
    1.6965366290062034e+33,
    1.0955004919701357e+33,
    1.8799691680398392e+33,
    8.896735402545749e+32,
    2.3705069319117988e+33,
    1.4828754511232776e+33,
    1.1886554025551081e+33,
    1.6875539813386438e+33,
    1.8984398523959967e+33,
    2.0114102370760528e+33,
    2.5352430172746124e+33,
    1.4364398560221682e+33
  ],
  "mean_barycenter_shift": [
    0.00020367675460875034,
    0.0002421670942567289,
    0.00033021584386006,
    0.0004521702358033508,
    0.0006187039543874562,
    0.0008447670261375606,
    0.0011626860359683633,
    0.0015290622832253575,
    0.0018868251936510205,
    0.002237211912870407,
    0.0025679648388177156,
    0.002903945045545697,
    0.003199964528903365,
    0.0034859341103583574,
    0.003760772757232189,
    0.004038235638290644,
    0.004303114488720894,
    0.004580042324960232,
    0.004850757773965597,
    0.005117264110594988,
    0.005379580892622471,
    0.0056528737768530846,
    0.0059201475232839584,
    0.006191391497850418,
    0.00645675603300333,
    0.006720163859426975,
    0.006985244806855917,
    0.0072427550330758095,
    0.007507975213229656,
    0.007769288029521704,
    0.008029787801206112,
    0.008294519037008286,
    0.008561061695218086,
    0.008826606906950474,
    0.009092608466744423,
    0.009366393089294434,
    0.009649740532040596,
    0.009936614893376827,
    0.010225050151348114,
    0.010515249334275723,
    0.010810655541718006,
    0.011122169904410839,
    0.011440599337220192,
    0.011767001822590828,
    0.012102480977773666,
    0.012449560686945915,
    0.012803969904780388,
    0.013164276257157326,
    0.013535882346332073,
    0.01391606405377388
  ],
  "mean_lid_diff": [
    0.031638145446777344,
    0.013377189636230469,
    -0.008866310119628906,
    -0.02300548553466797,
    -0.04720115661621094,
    -0.0678567886352539,
    -0.10704612731933594,
    -0.14328765869140625,
    -0.19451522827148438,
    -0.2622098922729492,
    -0.3224296569824219,
    -0.39748477935791016,
    -0.47730064392089844,
    -0.568446159362793,
    -0.6619653701782227,
    -0.7612752914428711,
    -0.8756308555603027,
    -0.9895401000976562,
    -1.1041488647460938,
    -1.2268085479736328,
    -1.3526968955993652,
    -1.489241600036621,
    -1.6190285682678223,
    -1.7539019584655762,
    -1.8942179679870605,
    -2.0355448722839355,
    -2.184952735900879,
    -2.332594394683838,
    -2.486755847930908,
    -2.6405749320983887,
    -2.798524856567383,
    -2.9552340507507324,
    -3.114500045776367,
    -3.2751059532165527,
    -3.436371326446533,
    -3.599837303161621,
    -3.7622785568237305,
    -3.92551851272583,
    -4.0923380851745605,
    -4.257025718688965,
    -4.4158453941345215,
    -4.575361251831055,
    -4.73603630065918,
    -4.891742706298828,
    -5.047839641571045,
    -5.2026824951171875,
    -5.357622146606445,
    -5.508482456207275,
    -5.656660318374634,
    -5.801990747451782
  ],
  "mean_lid_exact": [
    11.100669860839844,
    9.601051330566406,
    9.09062385559082,
    8.830921173095703,
    8.719403266906738,
    8.661224365234375,
    8.636129379272461,
    8.632508277893066,
    8.643606185913086,
    8.665428161621094,
    8.681184768676758,
    8.70518684387207,
    8.731841087341309,
    8.763144493103027,
    8.791651725769043,
    8.822086334228516,
    8.855108261108398,
    8.884162902832031,
    8.911463737487793,
    8.945486068725586,
    8.974410057067871,
    9.006318092346191,
    9.029471397399902,
    9.056347846984863,
    9.082695960998535,
    9.107673645019531,
    9.133155822753906,
    9.156044960021973,
    9.181163787841797,
    9.20467472076416,
    9.226963996887207,
    9.248579978942871,
    9.270329475402832,
    9.29169750213623,
    9.310914039611816,
    9.329453468322754,
    9.34935188293457,
    9.367764472961426,
    9.385721206665039,
    9.403462409973145,
    9.419387817382812,
    9.436360359191895,
    9.451903343200684,
    9.46611213684082,
    9.482134819030762,
    9.496445655822754,
    9.512073516845703,
    9.52554702758789,
    9.538841247558594,
    9.552358627319336
  ],