{
  "k": [
    10,
    20,
    30,
    40,
    50,
    60,
    70,
    80,
    90,
    100,
    110,
    120,
    130,
    140,
    150,
    160,
    170,
    180,
    190,
    200,
    210,
    220,
    230,
    240,
    250,
    260,
    270,
    280,
    290,
    300,
    310,
    320,
    330,
    340,
    350,
    360,
    370,
    380,
    390,
    400,
    410,
    420,
    430,
    440,
    450,
    460,
    470,
    480,
    490,
    500
  ],
  "mean_overlap": [
    0.9970899999999999,
    0.9968899999999999,
    0.9961933333333334,
    0.9955125,
    0.9945900000000002,
    0.9935783333333332,
    0.9923571428571429,
    0.9909862500000001,
    0.9892955555555556,
    0.9872150000000002,
    0.9847254545454546,
    0.981965,
    0.9787107692307693,
    0.9750321428571428,
    0.9708779999999999,
    0.96634,
    0.9612217647058824,
    0.9557327777777779,
    0.9499221052631579,
    0.943815,
    0.9375042857142858,
    0.9309572727272727,
    0.924201304347826,
    0.9173475,
    0.9104104000000001,
    0.9032834615384614,
    0.8960937037037038,
    0.8888621428571428,
    0.8816193103448275,
    0.8743773333333332,
    0.867172258064516,
    0.8600290625,
    0.8529090909090908,
    0.8457776470588236,
    0.8386414285714285,
    0.8316897222222221,
    0.8247021621621621,
    0.8178044736842106,
    0.810970512820513,
    0.8042265000000002,
    0.797569512195122,
    0.7910123809523809,
    0.7844423255813953,
    0.7780395454545455,
    0.7716564444444445,
    0.765430652173913,
    0.7592289361702127,
    0.7530779166666667,
    0.7470091836734695,
    0.7410151999999999
  ],
  "mean_exact_dist": [
    76.3860092163086,
    83.12767028808594,
    87.7303466796875,
    91.22197723388672,
    94.04851531982422,
    96.42997741699219,
    98.47911071777344,
    100.27063751220703,
    101.86175537109375,
    103.29212188720703,
    104.59063720703125,
    105.77973937988281,
    106.87802124023438,
    107.89898681640625,
    108.85322570800781,
    109.74933624267578,
    110.59451293945312,
    111.39443969726562,
    112.15373992919922,
    112.87692260742188,
    113.56747436523438,
    114.22858428955078,
    114.86280059814453,
    115.47232818603516,
    116.05916595458984,
    116.6248779296875,
    117.17093658447266,
    117.69877624511719,
    118.20953369140625,
    118.70436096191406,
    119.1842269897461,
    119.65006256103516,
    120.10272216796875,
    120.54293823242188,
    120.97132873535156,
    121.39834594726562,
    121.84858703613281,
    122.29051971435547,
    122.74820709228516,
    123.14257049560547,
    123.52201843261719,
    123.86297607421875,
    124.16818237304688,
    124.50209045410156,
    124.84176635742188,
    125.11695861816406,
    125.44647216796875,
    125.77842712402344,
    126.09207153320312,
    126.36316680908203
  ],
  "mean_ann_dist": [
    76.4232406616211,
    83.15906524658203,
    87.76155090332031,
    91.2551040649414,
    94.08447265625,
    96.46973419189453,
    98.5232162475586,
    100.32001495361328,
    101.91738891601562,
    103.35499572753906,
    104.66233825683594,
    105.86166381835938,
    106.97180938720703,
    108.00652313232422,
    108.9767837524414,
    109.89146423339844,
    110.75807189941406,
    111.58251190185547,
    112.37004089355469,
    113.12528991699219,
    113.85191345214844,
    114.55359649658203,
    115.23298645019531,
    115.89201354980469,
    116.5328140258789,
    117.15681457519531,
    117.76541137695312,
    118.36001586914062,
    118.94171142578125,
    119.5115737915039,
    120.07060241699219,
    120.61946105957031,
    121.15895080566406,
    121.6899642944336,
    122.213623046875,
    122.7386703491211,
    123.28358459472656,
    1.795268382096904e+32,
    124.3687973022461,
    4.277483231962445e+32,
    1.672794331735254e+32,
    8.179667532483725e+31,
    8.008037301013692e+31,
    7.851462064560483e+31,
    1.5400875463801235e+32,
    6.043661957417454e+32,
    2.2277077243295156e+32,
    3.652352139486737e+32,
    4.318294633351324e+32,
    2.125878838688654e+32
  ],
  "mean_barycenter_shift": [
    0.00015207225806079805,
    0.0001534730545245111,
    0.00018560714670456946,
    0.00021512167586479336,
    0.00025930802803486586,
    0.00030632075504399836,
    0.00036322340019978583,
    0.0004192108171992004,
    0.0004904592642560601,
    0.0005755032761953771,
    0.0006677556084468961,
    0.0007667039171792567,
    0.0008724622894078493,
    0.0009905180195346475,
    0.001118386979214847,
    0.001249533030204475,
    0.001390622230246663,
    0.0015279768267646432,
    0.0016535174800083041,
    0.0017786325188353658,
    0.0019090431742370129,
    0.002033325843513012,
    0.00216183764860034,
    0.0022898968309164047,
    0.0024188042152673006,
    0.002553218975663185,
    0.0026897152420133352,
    0.0028333356603980064,
    0.002979160286486149,
    0.003124634735286236,
    0.003264001104980707,
    0.003407337237149477,
    0.0035472239833325148,
    0.0036830466706305742,
    0.0038168784230947495,
    0.003940071444958448,
    0.0040655420161783695,
    0.004189477767795324,
    0.004308998119086027,
    0.004432434216141701,
    0.004557156935334206,
    0.004679437726736069,
    0.00480274111032486,
    0.004926922731101513,
    0.005054940469563007,
    0.005183257162570953,
    0.005315632093697786,
    0.005452850367873907,
    0.005593045148998499,
    0.0057386187836527824
  ],
  "mean_lid_diff": [
    0.04996299743652344,
    0.03735923767089844,
    0.018118858337402344,
    0.0044765472412109375,
    -0.00128173828125,
    -0.01993560791015625,
    -0.026887893676757812,
    -0.040474891662597656,
    -0.052143096923828125,
    -0.07150650024414062,
    -0.09349250793457031,
    -0.11065864562988281,
    -0.13110637664794922,
    -0.15743064880371094,
    -0.18686962127685547,
    -0.21901226043701172,
    -0.2542428970336914,
    -0.29262447357177734,
    -0.3416481018066406,
    -0.38538360595703125,
    -0.43425941467285156,
    -0.4833526611328125,
    -0.5346307754516602,
    -0.5877389907836914,
    -0.6463727951049805,
    -0.7057428359985352,
    -0.7677450180053711,
    -0.8288192749023438,
    -0.8969001770019531,
    -0.9653739929199219,
    -1.0359392166137695,
    -1.1044816970825195,
    -1.175093650817871,
    -1.2472648620605469,
    -1.3230962753295898,
    -1.4010629653930664,
    -1.4821662902832031,
    -1.5656580924987793,
    -1.6510043144226074,
    -1.7368826866149902,
    -1.8273143768310547,
    -1.921412467956543,
    -2.018087863922119,
    -2.118450164794922,
    -2.221663475036621,
    -2.323915481567383,
    -2.428773880004883,
    -2.535407066345215,
    -2.6496853828430176,
    -2.761180877685547
  ],
  "mean_lid_exact": [
    10.996475219726562,
    9.567937850952148,
    9.092788696289062,
    8.86896800994873,
    8.756924629211426,
    8.703058242797852,
    8.683945655822754,
    8.690606117248535,
    8.695237159729004,
    8.72542667388916,
    8.754201889038086,
    8.788507461547852,
    8.818124771118164,
    8.854358673095703,
    8.888816833496094,
    8.924312591552734,
    8.95751953125,
    8.991827964782715,
    9.029470443725586,
    9.06154727935791,
    9.091219902038574,
    9.119490623474121,
    9.149149894714355,
    9.176682472229004,
    9.205205917358398,
    9.235150337219238,
    9.261761665344238,
    9.286431312561035,
    9.312701225280762,
    9.336847305297852,
    9.361105918884277,
    9.382407188415527,
    9.403413772583008,
    9.423199653625488,
    9.443562507629395,
    9.462357521057129,
    9.483094215393066,
    9.501259803771973,
    9.518342018127441,
    9.535828590393066,
    9.55195426940918,
    9.568601608276367,
    9.583741188049316,
    9.599356651306152,
    9.61565113067627,
    9.629172325134277,
    9.641616821289062,
    9.65477180480957,
    9.667396545410156,
    9.67839241027832
  ],