{
  "alpha": 2.0,
  "k": [
    10,
    20,
    30,
    40,
    50,
    60,
    70,
    80,
    90,
    100,
    110,
    120,
    130,
    140,
    150,
    160,
    170,
    180,
    190,
    200,
    210,
    220,
    230,
    240,
    250,
    260,
    270,
    280,
    290,
    300,
    310,
    320,
    330,
    340,
    350,
    360,
    370,
    380,
    390,
    400,
    410,
    420,
    430,
    440,
    450,
    460,
    470,
    480,
    490,
    500
  ],
  "mean_overlap": [
    0.98716,
    0.993125,
    0.9952833333333332,
    0.99635,
    0.9969379999999999,
    0.9973816666666667,
    0.9976914285714286,
    0.997985,
    0.9981888888888889,
    0.9983549999999999,
    0.9985490909090909,
    0.9986808333333335,
    0.9988299999999999,
    0.9989642857142856,
    0.9990253333333334,
    0.999088125,
    0.9991517647058823,
    0.9992144444444444,
    0.9992584210526314,
    0.9992924999999999,
    0.9993333333333332,
    0.9993627272727273,
    0.9993943478260869,
    0.9994375,
    0.9994647999999999,
    0.9994842307692307,
    0.9995211111111112,
    0.9995471428571429,
    0.999565172413793,
    0.9995873333333333,
    0.999605806451613,
    0.9996275,
    0.9996451515151515,
    0.9996555882352939,
    0.999668,
    0.999678611111111,
    0.9996948648648649,
    0.9997068421052631,
    0.9997166666666666,
    0.999726,
    0.9997309756097562,
    0.9997414285714286,
    0.9997504651162792,
    0.9997602272727272,
    0.9997659999999999,
    0.9997708695652174,
    0.9997802127659574,
    0.9997864583333333,
    0.9997936734693877,
    0.9997996000000001
  ],
  "mean_exact_dist": [
    75.52649688720703,
    82.15322875976562,
    86.68850708007812,
    90.14409637451172,
    92.94852447509766,
    95.31400299072266,
    97.36738586425781,
    99.17621612548828,
    100.787353515625,
    102.23828125,
    103.55816650390625,
    104.76885223388672,
    105.88812255859375,
    106.9296646118164,
    107.90399932861328,
    108.81951141357422,
    109.68341064453125,
    110.501708984375,
    111.27925109863281,
    112.02013397216797,
    112.72769927978516,
    113.4051284790039,
    114.05493927001953,
    114.67939758300781,
    115.28050994873047,
    115.86003875732422,
    116.41944885253906,
    116.96005249023438,
    117.48300170898438,
    117.98932647705078,
    118.4800033569336,
    118.95597839355469,
    119.41809844970703,
    119.86707305908203,
    120.30364990234375,
    120.72850036621094,
    121.14217376708984,
    121.54522705078125,
    121.93814086914062,
    122.3214340209961,
    122.69554901123047,
    123.0608901977539,
    123.4178237915039,
    123.7667465209961,
    124.10798645019531,
    124.44184875488281,
    124.7686996459961,
    125.08877563476562,
    125.40235900878906,
    125.70968627929688
  ],
  "mean_ann_dist": [
    75.61705780029297,
    82.19374084472656,
    86.71622467041016,
    90.1645278930664,
    92.96532440185547,
    95.32831573486328,
    97.37950897216797,
    99.18670654296875,
    100.79690551757812,
    102.24687194824219,
    103.56584930419922,
    104.775634765625,
    105.89412689208984,
    106.93516540527344,
    107.90918731689453,
    108.82440185546875,
    109.68797302246094,
    110.50602722167969,
    111.2833480834961,
    112.02408599853516,
    112.73145294189453,
    113.40876007080078,
    114.058349609375,
    114.68266296386719,
    115.28362274169922,
    115.86305236816406,
    116.4222640991211,
    116.96268463134766,
    117.4854965209961,
    117.99173736572266,
    118.48231506347656,
    118.95819091796875,
    119.42019653320312,
    119.86906433105469,
    120.30553436279297,
    120.73030090332031,
    121.14393615722656,
    121.54691314697266,
    121.93977355957031,
    122.32302856445312,
    122.69712829589844,
    123.06241607666016,
    123.4192886352539,
    123.76815032958984,
    124.10932159423828,
    124.44315338134766,
    124.76995086669922,
    125.09001159667969,
    125.40357208251953,
    125.71087646484375
  ],
  "mean_barycenter_shift": [
    0.000708096195012331,
    0.0003547274100128561,
    0.00023510611208621413,
    0.0001855855225585401,
    0.00015625052037648857,
    0.00013393547851592302,
    0.00011903273843927309,
    0.00010215179645456374,
    9.23895204323344e-05,
    8.395649638259783e-05,
    7.237051613628864e-05,
    6.387987377820536e-05,
    5.7146513427142054e-05,
    5.056571899331175e-05,
    4.7424658987438306e-05,
    4.4911812437931076e-05,
    4.1776231228141114e-05,
    3.9136117266025394e-05,
    3.662427843664773e-05,
    3.4616023185662925e-05,
    3.277822906966321e-05,
    3.15421748382505e-05,
    3.0069053536863066e-05,
    2.8019612727803178e-05,
    2.6690408049034886e-05,
    2.531602694944013e-05,
    2.318053157068789e-05,
    2.204218617407605e-05,
    2.1421603378257714e-05,
    2.023903653025627e-05,
    1.9390967281651683e-05,
    1.8302935131941922e-05,
    1.734823308652267e-05,
    1.6785423213150352e-05,
    1.599490860826336e-05,
    1.5650748537154868e-05,
    1.4781335266889073e-05,
    1.4183214261720423e-05,
    1.365555635857163e-05,
    1.3217583727964666e-05,
    1.2996250006835908e-05,
    1.2515036360127851e-05,
    1.2166849955974612e-05,
    1.1591877409955487e-05,
    1.1398557944630738e-05,
    1.1187110430910252e-05,
    1.0774897418741602e-05,
    1.0372584256401751e-05,
    1.0024151379184332e-05,
    9.781281733012293e-06
  ],
  "mean_lid_diff": [
    -0.02142810821533203,
    -0.0026540756225585938,
    -0.010319709777832031,
    -0.013776779174804688,
    -0.008009910583496094,
    -0.007871627807617188,
    -0.008741378784179688,
    -0.010256767272949219,
    -0.0075702667236328125,
    -0.008398056030273438,
    -0.006794929504394531,
    -0.006946563720703125,
    -0.007061004638671875,
    -0.0056247711181640625,
    -0.006397247314453125,
    -0.005318641662597656,
    -0.004874229431152344,
    -0.004535675048828125,
    -0.004166603088378906,
    -0.003916740417480469,
    -0.003711700439453125,
    -0.0032968521118164062,
    -0.0037975311279296875,
    -0.0033597946166992188,
    -0.0026540756225585938,
    -0.0035276412963867188,
    -0.0025262832641601562,
    -0.0030918121337890625,
    -0.0032739639282226562,
    -0.0027027130126953125,
    -0.0026388168334960938,
    -0.0023374557495117188,
    -0.002445220947265625,
    -0.0027170181274414062,
    -0.00318145751953125,
    -0.0026617050170898438,
    -0.002765655517578125,
    -0.0029802322387695312,
    -0.00214385986328125,
    -0.0023670196533203125,
    -0.0021619796752929688,
    -0.0021047592163085938,
    -0.002086639404296875,
    -0.0019655227661132812,
    -0.0024423599243164062,
    -0.0023336410522460938,
    -0.00238800048828125,
    -0.0020532608032226562,
    -0.0020570755004882812,
    -0.0018606185913085938
  ],
  "mean_lid_exact": [
    11.1322603225708,
    9.571598052978516,
    9.055542945861816,
    8.813246726989746,
    8.693671226501465,
    8.619119644165039,
    8.584683418273926,
    8.579543113708496,
    8.584785461425781,
    8.60038948059082,
    8.622541427612305,
    8.65090560913086,
    8.676087379455566,
    8.69764232635498,
    8.727734565734863,
    8.756537437438965,
    8.786578178405762,
    8.814403533935547,
    8.840578079223633,
    8.87097454071045,
    8.89892864227295,
    8.92751407623291,
    8.955955505371094,
    8.981940269470215,
    9.005810737609863,
    9.032186508178711,
    9.056473731994629,
    9.080923080444336,
    9.10561752319336,
    9.12928581237793,
    9.152432441711426,
    9.17615795135498,
    9.199926376342773,
    9.220527648925781,
    9.240633964538574,
    9.261253356933594,
    9.280330657958984,
    9.301103591918945,
    9.319037437438965,
    9.337491989135742,
    9.354876518249512,
    9.37236213684082,
    9.388570785522461,
    9.404877662658691,
    9.42121696472168,
    9.43504810333252,
    9.44980239868164,
    9.462868690490723,
    9.47581672668457,
    9.488152503967285
  ],