{
  "alpha": 0.25,
  "k": [
    10,
    20,
    30,
    40,
    50,
    60,
    70,
    80,
    90,
    100,
    110,
    120,
    130,
    140,
    150,
    160,
    170,
    180,
    190,
    200,
    210,
    220,
    230,
    240,
    250,
    260,
    270,
    280,
    290,
    300,
    310,
    320,
    330,
    340,
    350,
    360,
    370,
    380,
    390,
    400,
    410,
    420,
    430,
    440,
    450,
    460,
    470,
    480,
    490,
    500
  ],
  "mean_overlap": [
    0.9935299999999999,
    0.990025,
    0.9852166666666667,
    0.9772975,
    0.964802,
    0.9492716666666665,
    0.9314028571428573,
    0.91204875,
    0.8926855555555556,
    0.872705,
    0.8532309090909089,
    0.8340683333333334,
    0.8155207692307693,
    0.8195335714285713,
    0.8164546666666666,
    0.81998375,
    0.8176052941176472,
    0.8210627777777778,
    0.818767894736842,
    0.8217764999999999,
    0.8195680952380954,
    0.8222972727272727,
    0.8200821739130435,
    0.82260625,
    0.8207700000000001,
    0.82311,
    0.8215922222222222,
    0.8242435714285713,
    0.8231858620689656,
    0.8255546666666667,
    0.8241754838709677,
    0.8262784375000001,
    0.8250296969696971,
    0.8269855882352942,
    0.8259674285714286,
    0.8277975000000001,
    0.8266489189189189,
    0.8285242105263158,
    0.8275779487179489,
    0.82936075,
    0.8284058536585366,
    0.8299969047619048,
    0.8292218604651161,
    0.8307665909090909,
    0.8298311111111112,
    0.8313432608695651,
    0.8305072340425533,
    0.8319302083333334,
    0.8310997959183675,
    0.8325598
  ],
  "mean_exact_dist": [
    75.0479965209961,
    81.63771057128906,
    86.21043395996094,
    89.6812973022461,
    92.4952621459961,
    94.86554718017578,
    96.91755676269531,
    98.7227783203125,
    100.33082580566406,
    101.78022766113281,
    103.09896850585938,
    104.28709411621094,
    105.39335632324219,
    106.4426498413086,
    107.41788482666016,
    108.33772277832031,
    109.20030975341797,
    110.01227569580078,
    110.78263092041016,
    111.61488342285156,
    112.30807495117188,
    112.9813461303711,
    113.62838745117188,
    114.25789642333984,
    114.85110473632812,
    115.41559600830078,
    115.95292663574219,
    116.4555435180664,
    116.93885803222656,
    117.427490234375,
    117.90538024902344,
    118.3806381225586,
    118.8403549194336,
    119.30802154541016,
    119.75553894042969,
    120.17707824707031,
    120.57413482666016,
    120.97425079345703,
    121.37799072265625,
    121.75875091552734,
    122.13046264648438,
    122.4935531616211,
    122.84837341308594,
    123.19535064697266,
    123.53475189208984,
    123.863525390625,
    124.18663787841797,
    124.50845336914062,
    124.82244873046875,
    125.12615203857422
  ],
  "mean_ann_dist": [
    75.09785461425781,
    81.7005615234375,
    86.29502868652344,
    89.7965316772461,
    92.66130065917969,
    95.10807800292969,
    97.2649154663086,
    99.20051574707031,
    100.96320343017578,
    102.58932495117188,
    104.1082992553711,
    105.51522827148438,
    5.239828804283229e+32,
    7.30271893263547e+32,
    4.544369177606931e+32,
    4.265472505587541e+32,
    4.0165765367077076e+32,
    111.41320037841797,
    3.595221980386241e+32,
    112.98580169677734,
    113.71296691894531,
    114.35247802734375,
    1.4896178915472454e+32,
    1.4278380103163807e+32,
    116.25579071044922,
    1.3176062198026074e+32,
    117.36600494384766,
    117.8468246459961,
    1.1775086422707465e+32,
    118.82970428466797,
    1.0988937436462562e+32,
    1.0641272614976476e+32,
    120.25995635986328,
    120.70496368408203,
    121.17062377929688,
    121.56829071044922,
    121.98220825195312,
    122.35893249511719,
    122.7805404663086,
    123.13794708251953,
    123.5268783569336,
    123.86979675292969,
    124.23971557617188,
    124.5671157836914,
    124.9229507446289,
    125.2322769165039,
    125.57007598876953,
    125.87449645996094,
    126.20475006103516,
    126.48802185058594
  ],
  "mean_barycenter_shift": [
    0.00035191059578210115,
    0.0005122458678670228,
    0.0007563622202724218,
    0.0011893011396750808,
    0.0018959006993100047,
    0.0025735883973538876,
    0.0031557600013911724,
    0.0036267079412937164,
    0.004005103837698698,
    0.00433708680793643,
    0.0046285055577754974,
    0.004903833381831646,
    0.005193602293729782,
    0.004962938837707043,
    0.004901969339698553,
    0.004715557675808668,
    0.004686844069510698,
    0.004531038459390402,
    0.004522554576396942,
    0.0044145905412733555,
    0.004426032304763794,
    0.00435144267976284,
    0.004386569373309612,
    0.004319855943322182,
    0.004348420072346926,
    0.004273784812539816,
    0.004282449372112751,
    0.0041769505478441715,
    0.004159827250987291,
    0.0040883212350308895,
    0.004102562088519335,
    0.0040424661710858345,
    0.004048996604979038,
    0.003989661578088999,
    0.003989794757217169,
    0.003935861401259899,
    0.003938170615583658,
    0.003879732917994261,
    0.0038761806208640337,
    0.0038157959934324026,
    0.00381056172773242,
    0.003756023710593581,
    0.003745861817151308,
    0.00369070703163743,
    0.003682150971144438,
    0.0036250136326998472,
    0.0036181220784783363,
    0.0035642022266983986,
    0.0035547297447919846,
    0.003502453677356243
  ],
  "mean_lid_diff": [
    0.03370952606201172,
    -0.03440284729003906,
    -0.0679330825805664,
    -0.13348960876464844,
    -0.22092437744140625,
    -0.3360109329223633,
    -0.4429473876953125,
    -0.5731029510498047,
    -0.7029538154602051,
    -0.847175121307373,
    -0.9985675811767578,
    -1.1545476913452148,
    -1.2977972030639648,
    -1.2736258506774902,
    -1.2997102737426758,
    -1.2815914154052734,
    -1.3163976669311523,
    -1.2992291450500488,
    -1.3288345336914062,
    -1.3156986236572266,
    -1.3386216163635254,
    -1.3264989852905273,
    -1.3509454727172852,
    -1.3378310203552246,
    -1.362701416015625,
    -1.3507041931152344,
    -1.3724455833435059,
    -1.3531494140625,
    -1.3674864768981934,
    -1.3484368324279785,
    -1.3651723861694336,
    -1.3527841567993164,
    -1.3713345527648926,
    -1.3565082550048828,
    -1.3716444969177246,
    -1.3628954887390137,
    -1.380457878112793,
    -1.3673481941223145,
    -1.3831429481506348,
    -1.373002529144287,
    -1.3900880813598633,
    -1.3790245056152344,
    -1.3933391571044922,
    -1.382033348083496,
    -1.3979768753051758,
    -1.3880434036254883,
    -1.4037399291992188,
    -1.3975849151611328,
    -1.411508560180664,
    -1.4027910232543945
  ],
  "mean_lid_exact": [
    11.007865905761719,
    9.531454086303711,
    9.001206398010254,
    8.760645866394043,
    8.63895034790039,
    8.584587097167969,
    8.554620742797852,
    8.553760528564453,
    8.56108570098877,
    8.583976745605469,
    8.610902786254883,
    8.637629508972168,
    8.66049575805664,
    8.694307327270508,
    8.72366714477539,
    8.757959365844727,
    8.789752960205078,
    8.823960304260254,
    8.85480785369873,
    8.887386322021484,
    8.916894912719727,
    8.950489044189453,
    8.97860336303711,
    9.00782299041748,
    9.03617000579834,
    9.063539505004883,
    9.09067153930664,
    9.115396499633789,
    9.139023780822754,
    9.162960052490234,
    9.184759140014648,
    9.20861530303955,
    9.23033618927002,
    9.250452995300293,
    9.271903991699219,
    9.29271411895752,
    9.311972618103027,
    9.329826354980469,
    9.348104476928711,
    9.36662769317627,
    9.384439468383789,
    9.399636268615723,
    9.414512634277344,
    9.428892135620117,
    9.444042205810547,
    9.458183288574219,
    9.472654342651367,
    9.487302780151367,
    9.4993314743042,
    9.511168479919434
  ],