{
  "alpha": 1.0,
  "k": [
    10,
    20,
    30,
    40,
    50,
    60,
    70,
    80,
    90,
    100,
    110,
    120,
    130,
    140,
    150,
    160,
    170,
    180,
    190,
    200,
    210,
    220,
    230,
    240,
    250,
    260,
    270,
    280,
    290,
    300,
    310,
    320,
    330,
    340,
    350,
    360,
    370,
    380,
    390,
    400,
    410,
    420,
    430,
    440,
    450,
    460,
    470,
    480,
    490,
    500
  ],
  "mean_overlap": [
    0.99361,
    0.9901549999999999,
    0.9849166666666668,
    0.98569,
    0.9876460000000001,
    0.9888433333333333,
    0.9899514285714286,
    0.99075625,
    0.9913677777777778,
    0.992041,
    0.9925290909090909,
    0.9930325000000001,
    0.9934200000000001,
    0.9938257142857143,
    0.9941546666666667,
    0.9944575000000001,
    0.9947141176470589,
    0.9949950000000001,
    0.9952489473684211,
    0.99546,
    0.9956519047619047,
    0.9958322727272727,
    0.9959547826086956,
    0.9961458333333334,
    0.9962907999999999,
    0.9964200000000001,
    0.9965425925925925,
    0.9966592857142857,
    0.9967296551724137,
    0.9968496666666666,
    0.9969345161290323,
    0.9970196874999999,
    0.9970966666666667,
    0.9971829411764705,
    0.9972554285714287,
    0.997336111111111,
    0.9974121621621623,
    0.997481842105263,
    0.9975279487179487,
    0.9975757500000002,
    0.9976324390243902,
    0.9976966666666667,
    0.9977527906976745,
    0.9977809090909091,
    0.9978511111111111,
    0.9979076086956522,
    0.9979446808510638,
    0.9979931249999999,
    0.9980155102040815,
    0.9980696
  ],
  "mean_exact_dist": [
    75.69612884521484,
    82.34547424316406,
    86.8810806274414,
    90.33885955810547,
    93.14575958251953,
    95.51370239257812,
    97.55909729003906,
    99.3550796508789,
    100.95387268066406,
    102.3952407836914,
    103.70793914794922,
    104.91339874267578,
    106.02783966064453,
    107.06401062011719,
    108.03276062011719,
    108.9428482055664,
    109.80127716064453,
    110.61405181884766,
    111.38577270507812,
    112.12065124511719,
    112.82203674316406,
    113.49285125732422,
    114.13592529296875,
    114.75344848632812,
    115.34739685058594,
    115.91958618164062,
    116.47151184082031,
    117.00467681884766,
    117.520263671875,
    118.0193862915039,
    118.50308990478516,
    118.97222137451172,
    119.42777252197266,
    119.87052154541016,
    120.30108642578125,
    120.72006225585938,
    121.12805938720703,
    121.52566528320312,
    121.91332244873047,
    122.29156494140625,
    122.66081237792969,
    123.02144622802734,
    123.37382507324219,
    123.7182846069336,
    124.05521392822266,
    124.38490295410156,
    124.70763397216797,
    125.02369689941406,
    125.3333511352539,
    125.63682556152344
  ],
  "mean_ann_dist": [
    75.74031066894531,
    82.40283203125,
    86.96085357666016,
    90.40965270996094,
    93.20507049560547,
    95.56581115722656,
    97.60541534423828,
    99.3970947265625,
    100.99213409423828,
    102.43012237548828,
    103.74037170410156,
    104.94358825683594,
    106.0560531616211,
    107.09042358398438,
    108.05767822265625,
    108.96643829345703,
    109.8238525390625,
    110.6352767944336,
    111.4060287475586,
    112.13995361328125,
    112.84049987792969,
    113.51049041748047,
    114.1530990600586,
    114.76982879638672,
    115.36319732666016,
    115.9348373413086,
    116.48627471923828,
    117.01887512207031,
    117.53412628173828,
    118.03277587890625,
    118.5160903930664,
    118.98482513427734,
    119.44004821777344,
    119.88243865966797,
    120.31275177001953,
    120.73137664794922,
    121.13908386230469,
    121.53645324707031,
    121.92393493652344,
    122.30197143554688,
    122.6709976196289,
    123.03138732910156,
    123.38356018066406,
    123.72789001464844,
    124.06461334228516,
    124.39401245117188,
    124.71661376953125,
    125.03244018554688,
    125.34192657470703,
    125.64517211914062
  ],
  "mean_barycenter_shift": [
    0.00034274524659849703,
    0.0005215523997321725,
    0.0007918638875707984,
    0.0007308830390684307,
    0.00061268568970263,
    0.0005433615297079086,
    0.0004759687290061265,
    0.00043521024053916335,
    0.0004040182975586504,
    0.00037194095784798265,
    0.00034443751792423427,
    0.0003207728441338986,
    0.00029801175696775317,
    0.00027982157189399004,
    0.0002650535316206515,
    0.00025116692995652556,
    0.00023967826564330608,
    0.00022618408547714353,
    0.00021151044347789139,
    0.00020288415544200689,
    0.0001946634438354522,
    0.0001849907566793263,
    0.00017783688963390887,
    0.0001707943738438189,
    0.00016442094056401402,
    0.00015682278899475932,
    0.00015184213407337666,
    0.00014630977238994092,
    0.00014283756900113076,
    0.0001369810925098136,
    0.00013462624337989837,
    0.00013084094098303467,
    0.00012738551595248282,
    0.0001232204813277349,
    0.00012006702309008688,
    0.00011731927224900573,
    0.00011322344653308392,
    0.00011044062557630241,
    0.00010793667752295732,
    0.0001060769209288992,
    0.0001031363572110422,
    0.00010025844676420093,
    9.818399848882109e-05,
    9.686759585747495e-05,
    9.347472223453224e-05,
    9.175344894174486e-05,
    9.01597595657222e-05,
    8.777168113738298e-05,
    8.650562085676938e-05,
    8.432076720055193e-05
  ],