{
  "k": [
    10,
    20,
    30,
    40,
    50,
    60,
    70,
    80,
    90,
    100,
    110,
    120,
    130,
    140,
    150,
    160,
    170,
    180,
    190,
    200,
    210,
    220,
    230,
    240,
    250,
    260,
    270,
    280,
    290,
    300,
    310,
    320,
    330,
    340,
    350,
    360,
    370,
    380,
    390,
    400,
    410,
    420,
    430,
    440,
    450,
    460,
    470,
    480,
    490,
    500
  ],
  "mean_overlap": [
    0.9953599999999998,
    0.99413,
    0.9922,
    0.9893,
    0.9854960000000001,
    0.9802266666666667,
    0.972927142857143,
    0.9640775000000001,
    0.9538077777777778,
    0.9425469999999999,
    0.9305172727272728,
    0.9181349999999998,
    0.905343076923077,
    0.8921849999999999,
    0.8789959999999999,
    0.865910625,
    0.8529382352941176,
    0.8400966666666665,
    0.8274063157894735,
    0.8150005,
    0.8027457142857144,
    0.7908240909090909,
    0.7791808695652173,
    0.7678020833333334,
    0.7567764000000001,
    0.7459703846153846,
    0.7353377777777778,
    0.7250357142857143,
    0.7149606896551725,
    0.705149,
    0.695736129032258,
    0.6864965625,
    0.6775306060606061,
    0.6687167647058824,
    0.66027,
    0.6520425000000001,
    0.6438986486486487,
    0.6360931578947369,
    0.6284233333333333,
    0.620991,
    0.6137385365853659,
    0.6067040476190476,
    0.5998558139534884,
    0.5931234090909091,
    0.5865142222222222,
    0.5800447826086957,
    0.5737089361702128,
    0.567539375,
    0.5614908163265306,
    0.5555588
  ],
  "mean_exact_dist": [
    75.23616790771484,
    81.74767303466797,
    86.28350067138672,
    89.75487518310547,
    92.56043243408203,
    94.92469024658203,
    96.9655990600586,
    98.7541732788086,
    100.34425354003906,
    101.77494812011719,
    103.07511901855469,
    104.2673110961914,
    105.36892700195312,
    106.39315032958984,
    107.35072326660156,
    108.2505874633789,
    109.0995864868164,
    109.90331268310547,
    110.65260314941406,
    111.37865447998047,
    112.05699157714844,
    112.70256805419922,
    113.34561920166016,
    113.9352798461914,
    114.52413940429688,
    115.12055969238281,
    115.69185638427734,
    116.24140930175781,
    116.76821899414062,
    117.2755126953125,
    117.77706909179688,
    118.25052642822266,
    118.70877838134766,
    119.19933319091797,
    119.75193786621094,
    120.33231353759766,
    120.9728775024414,
    121.45396423339844,
    122.20431518554688,
    122.9505386352539,
    123.59623718261719,
    124.5877685546875,
    125.16883087158203,
    125.95286560058594,
    126.78157806396484,
    127.3966293334961,
    128.0615997314453,
    128.68658447265625,
    129.09848022460938,
    129.97703552246094
  ],
  "mean_ann_dist": [
    75.28047180175781,
    81.79338836669922,
    86.33601379394531,
    89.81784057617188,
    92.63778686523438,
    95.02151489257812,
    97.08926391601562,
    98.9144058227539,
    100.5512924194336,
    102.0391845703125,
    103.40708923339844,
    104.67820739746094,
    105.86990356445312,
    106.99563598632812,
    108.06637573242188,
    109.09201049804688,
    110.07982635498047,
    111.03679656982422,
    1.7918557295792303e+32,
    1.704992185016411e+32,
    3.248906706971107e+32,
    114.51769256591797,
    115.36470794677734,
    116.1658706665039,
    5.46967790508987e+32,
    3.9544110564974185e+32,
    2.548387387240492e+32,
    6.158376831726621e+32,
    1.5539971180327865e+33,
    1.5148519065655337e+33,
    1.593156565810491e+33,
    1.5610098936128333e+33,
    8.760906300297784e+32,
    9.671935776283828e+32,
    1.807919355585876e+33,
    1.7938031253179049e+33,
    2.2006977682679937e+33,
    3.239569931081059e+33,
    2.098409877671941e+33,
    3.0619920747207185e+33,
    3.299815830517931e+33,
    3.2403523091858873e+33,
    2.96757841122955e+33,
    2.8045005465493594e+33,
    3.6514041095304014e+33,
    3.6170457027100553e+33,
    3.2359102708399216e+33,
    4.1860595805224134e+33,
    4.0633605345586233e+33,
    5.411783008530106e+33
  ],
  "mean_barycenter_shift": [
    0.00023095276264939457,
    0.00028787876362912357,
    0.00038766826037317514,
    0.0005282979109324515,
    0.0007087689591571689,
    0.0009506625938229263,
    0.00128954800311476,
    0.0016466251108795404,
    0.0020019984804093838,
    0.0023103656712919474,
    0.002594442805275321,
    0.002834723796695471,
    0.003051589708775282,
    0.0032685566693544388,
    0.003484038170427084,
    0.0036993874236941338,
    0.003920561634004116,
    0.004128515254706144,
    0.004346481524407864,
    0.004553718026727438,
    0.004765357356518507,
    0.0049797468818724155,
    0.00519661046564579,
    0.005425865761935711,
    0.005656978115439415,
    0.005889435764402151,
    0.00612763362005353,
    0.006369753275066614,
    0.006615568418055773,
    0.006861142814159393,
    0.00710259098559618,
    0.007345327641814947,
    0.007592375855892897,
    0.007842298597097397,
    0.008091720752418041,
    0.00834533479064703,
    0.008610130287706852,
    0.008883648552000523,
    0.009164068847894669,
    0.009456632658839226,
    0.00976488646119833,
    0.010085745714604855,
    0.010427038185298443,
    0.01078450120985508,
    0.011162417009472847,
    0.011554859578609467,
    0.011963154189288616,
    0.012383262626826763,
    0.012815937399864197,
    0.013260409235954285
  ],
  "mean_lid_diff": [
    0.0370330810546875,
    0.022430419921875,
    -0.01771068572998047,
    -0.04569053649902344,
    -0.08109760284423828,
    -0.11942672729492188,
    -0.1655712127685547,
    -0.23031044006347656,
    -0.29384708404541016,
    -0.3631000518798828,
    -0.4468421936035156,
    -0.5346736907958984,
    -0.6258134841918945,
    -0.7263355255126953,
    -0.8321771621704102,
    -0.9361081123352051,
    -1.0498805046081543,
    -1.1691474914550781,
    -1.2895922660827637,
    -1.4111175537109375,
    -1.5359439849853516,
    -1.6618809700012207,
    -1.7817015647888184,
    -1.910508155822754,
    -2.0433454513549805,
    -2.1782565116882324,
    -2.3181910514831543,
    -2.462712287902832,
    -2.6164393424987793,
    -2.7728404998779297,
    -2.9366540908813477,
    -3.1043787002563477,
    -3.273073196411133,
    -3.4443321228027344,
    -3.631075859069824,
    -3.820868492126465,
    -4.011621475219727,
    -4.211158275604248,
    -4.413077354431152,
    -4.622725486755371,
    -4.833227634429932,
    -5.0462212562561035,
    -5.260410785675049,
    -5.469237565994263,
    -5.674188852310181,
    -5.880059003829956,
    -6.084280014038086,
    -6.287609338760376,
    -6.490429878234863,
    -6.693820953369141
  ],
  "mean_lid_exact": [
    11.103926658630371,
    9.602195739746094,
    9.100160598754883,
    8.859625816345215,
    8.735180854797363,
    8.66091251373291,
    8.632641792297363,
    8.629131317138672,
    8.633537292480469,
    8.64780044555664,
    8.675140380859375,
    8.699039459228516,
    8.723891258239746,
    8.752124786376953,
    8.779939651489258,
    8.806407928466797,
    8.835976600646973,
    8.869589805603027,
    8.898378372192383,
    8.928717613220215,
    8.957502365112305,
    8.985376358032227,
    9.011575698852539,
    9.036856651306152,
    9.061990737915039,
    9.087590217590332,
    9.113598823547363,
    9.138285636901855,
    9.163457870483398,
    9.183937072753906,
    9.205802917480469,
    9.22793960571289,
    9.247936248779297,
    9.267571449279785,
    9.286779403686523,
    9.3064546585083,
    9.323019027709961,
    9.33978271484375,
    9.3538818359375,
    9.370205879211426,
    9.386568069458008,
    9.401525497436523,
    9.417560577392578,
    9.43143081665039,
    9.445911407470703,
    9.458999633789062,
    9.4728422164917,
    9.484431266784668,
    9.496570587158203,
    9.508184432983398
  ],