{
  "k": [
    10,
    20,
    30,
    40,
    50,
    60,
    70,
    80,
    90,
    100,
    110,
    120,
    130,
    140,
    150,
    160,
    170,
    180,
    190,
    200,
    210,
    220,
    230,
    240,
    250,
    260,
    270,
    280,
    290,
    300,
    310,
    320,
    330,
    340,
    350,
    360,
    370,
    380,
    390,
    400,
    410,
    420,
    430,
    440,
    450,
    460,
    470,
    480,
    490,
    500
  ],
  "mean_overlap": [
    0.9941700000000001,
    0.99241,
    0.98972,
    0.9862125,
    0.981692,
    0.9754516666666666,
    0.9671071428571429,
    0.9569337499999999,
    0.9454922222222223,
    0.932896,
    0.9196518181818183,
    0.9059766666666667,
    0.8921923076923078,
    0.8785,
    0.8646053333333333,
    0.8510037500000001,
    0.8375317647058826,
    0.8243133333333333,
    0.8114784210526316,
    0.7986995,
    0.7863814285714287,
    0.7743186363636364,
    0.762394347826087,
    0.75086125,
    0.7395804,
    0.728578846153846,
    0.7178477777777779,
    0.707492857142857,
    0.6973344827586206,
    0.687533,
    0.6778838709677418,
    0.668560625,
    0.6594848484848485,
    0.6507032352941177,
    0.6421037142857143,
    0.6338044444444446,
    0.625727027027027,
    0.6178492105263158,
    0.6101248717948717,
    0.6026809999999999,
    0.5953041463414634,
    0.5881428571428573,
    0.5811655813953488,
    0.5743768181818182,
    0.5677546666666666,
    0.56125,
    0.5549391489361702,
    0.5487197916666666,
    0.5425918367346939,
    0.5366764
  ],
  "mean_exact_dist": [
    75.95116424560547,
    82.59332275390625,
    87.18022155761719,
    90.65479278564453,
    93.44728088378906,
    95.78517150878906,
    97.80452728271484,
    99.58450317382812,
    101.16380310058594,
    102.58338928222656,
    103.87206268310547,
    105.05241394042969,
    106.19851684570312,
    107.27336883544922,
    108.27733612060547,
    109.13191986083984,
    109.94760131835938,
    110.71824645996094,
    111.46236419677734,
    112.15713500976562,
    112.83206176757812,
    113.46145629882812,
    114.09335327148438,
    114.67777252197266,
    115.19591522216797,
    115.75833129882812,
    116.28985595703125,
    116.78140258789062,
    117.24562072753906,
    117.67223358154297,
    118.167724609375,
    118.62382507324219,
    119.03982543945312,
    119.5381088256836,
    120.0898666381836,
    120.70216369628906,
    121.39836883544922,
    122.02404022216797,
    122.80547332763672,
    123.6527328491211,
    124.497314453125,
    125.39778137207031,
    126.40167236328125,
    127.35901641845703,
    128.43508911132812,
    129.2640380859375,
    130.00791931152344,
    130.5701446533203,
    131.4148712158203,
    131.94943237304688
  ],
  "mean_ann_dist": [
    76.00238800048828,
    82.64825439453125,
    87.24542236328125,
    90.73423767089844,
    93.54485321044922,
    95.90730285644531,
    97.9613265991211,
    99.78667449951172,
    101.42430877685547,
    102.91551971435547,
    104.28917694091797,
    105.57061004638672,
    2.622276546479076e+32,
    108.01123046875,
    4.570001886689122e+32,
    2.1434838934723413e+32,
    2.0175998985868535e+32,
    112.01325225830078,
    112.94115447998047,
    3.431649481289103e+32,
    114.69722747802734,
    115.53516387939453,
    7.485774673669648e+32,
    7.19060334555254e+32,
    6.92686718359551e+32,
    8.0252116880634e+32,
    9.066010549805107e+32,
    7.544505643983444e+32,
    7.340552701373604e+32,
    9.550780132064017e+32,
    2.1030687102672866e+33,
    1.3756563811232364e+33,
    1.3527828082748555e+33,
    2.5548389891264803e+33,
    1.652711849447947e+33,
    2.5235358183230905e+33,
    2.9638831602122833e+33,
    3.6505047460918606e+33,
    2.803723739174708e+33,
    4.3333540191867255e+33,
    3.959940547796644e+33,
    4.191082212746804e+33,
    4.437500676751765e+33,
    4.465915733443502e+33,
    4.9128656285322236e+33,
    5.517391054311522e+33,
    3.6309180587902873e+33,
    6.982952985530364e+33,
    7.675288902631283e+33,
    4.945221048369006e+33
  ],
  "mean_barycenter_shift": [
    0.0003231287410017103,
    0.00039465902955271304,
    0.0005189492949284613,
    0.0006737984949722886,
    0.000869404524564743,
    0.0011343095684424043,
    0.001506483880802989,
    0.0018949348013848066,
    0.0022453204728662968,
    0.0025775539688766003,
    0.0028783120214939117,
    0.003151780227199197,
    0.003409075550734997,
    0.003661584109067917,
    0.003915733657777309,
    0.004150210414081812,
    0.004394009243696928,
    0.004639641381800175,
    0.004890329670161009,
    0.005149762611836195,
    0.0054135313257575035,
    0.0056762006133794785,
    0.005951747298240662,
    0.006226448807865381,
    0.0064985137432813644,
    0.00677125109359622,
    0.0070451064966619015,
    0.007322655525058508,
    0.007599838078022003,
    0.007878289557993412,
    0.0081576993688941,
    0.008443203754723072,
    0.008736224845051765,
    0.009034627117216587,
    0.009344176389276981,
    0.009659651666879654,
    0.009984785690903664,
    0.010332562029361725,
    0.010697363875806332,
    0.011079326272010803,
    0.01148687582463026,
    0.011917167343199253,
    0.012375399470329285,
    0.012858441099524498,
    0.013369034975767136,
    0.013904672116041183,
    0.014459622092545033,
    0.015036766417324543,
    0.01563391648232937,
    0.016247138381004333
  ],
  "mean_lid_diff": [
    0.05216503143310547,
    0.02068805694580078,
    -0.015793800354003906,
    -0.05389213562011719,
    -0.09481525421142578,
    -0.13280391693115234,
    -0.2014923095703125,
    -0.2754955291748047,
    -0.3427572250366211,
    -0.4354410171508789,
    -0.5304727554321289,
    -0.6313533782958984,
    -0.7434425354003906,
    -0.849583625793457,
    -0.972959041595459,
    -1.094916820526123,
    -1.2179064750671387,
    -1.3448247909545898,
    -1.4749188423156738,
    -1.6042823791503906,
    -1.7406401634216309,
    -1.8815727233886719,
    -2.024761199951172,
    -2.1723456382751465,
    -2.3238630294799805,
    -2.4814233779907227,
    -2.639646053314209,
    -2.8040871620178223,
    -2.9758381843566895,
    -3.1520285606384277,
    -3.3344645500183105,
    -3.5178613662719727,
    -3.7080893516540527,
    -3.9062275886535645,
    -4.112224102020264,
    -4.328880310058594,
    -4.552274703979492,
    -4.78484582901001,
    -5.020153522491455,
    -5.258388519287109,
    -5.494958400726318,
    -5.734238147735596,
    -5.969164848327637,
    -6.200170993804932,
    -6.429405927658081,
    -6.649001121520996,
    -6.869044303894043,
    -7.079411268234253,
    -7.28341817855835,
    -7.483214616775513
  ],
  "mean_lid_exact": [
    11.215530395507812,
    9.685288429260254,
    9.175368309020996,
    8.95274829864502,
    8.840815544128418,
    8.782301902770996,
    8.756525039672852,
    8.763001441955566,
    8.769522666931152,
    8.791918754577637,
    8.819289207458496,
    8.848411560058594,
    8.879229545593262,
    8.906359672546387,
    8.94189739227295,
    8.973405838012695,
    9.005372047424316,
    9.034052848815918,
    9.06356430053711,
    9.090584754943848,
    9.11793327331543,
    9.147500991821289,
    9.173173904418945,
    9.199345588684082,
    9.224433898925781,
    9.250016212463379,
    9.273743629455566,
    9.29492473602295,
    9.317167282104492,
    9.337475776672363,
    9.358124732971191,
    9.377521514892578,
    9.395228385925293,
    9.415226936340332,
    9.430817604064941,
    9.447370529174805,
    9.46279239654541,
    9.478126525878906,
    9.491830825805664,
    9.50578784942627,
    9.52057933807373,
    9.53508472442627,
    9.548869132995605,
    9.562216758728027,
    9.575439453125,
    9.587347984313965,
    9.598531723022461,
    9.610487937927246,
    9.620942115783691,
    9.630768775939941
  ],