{
  "k": [
    10,
    20,
    30,
    40,
    50,
    60,
    70,
    80,
    90,
    100,
    110,
    120,
    130,
    140,
    150,
    160,
    170,
    180,
    190,
    200,
    210,
    220,
    230,
    240,
    250,
    260,
    270,
    280,
    290,
    300,
    310,
    320,
    330,
    340,
    350,
    360,
    370,
    380,
    390,
    400,
    410,
    420,
    430,
    440,
    450,
    460,
    470,
    480,
    490,
    500
  ],
  "mean_overlap": [
    0.99455,
    0.9923799999999999,
    0.9898866666666667,
    0.9863349999999999,
    0.981834,
    0.9757099999999999,
    0.9676214285714286,
    0.95752625,
    0.9462133333333335,
    0.933945,
    0.9209818181818182,
    0.9077358333333334,
    0.8941884615384617,
    0.8805778571428571,
    0.8669146666666666,
    0.85333875,
    0.8397482352941177,
    0.8264722222222223,
    0.8133694736842105,
    0.8005735,
    0.7880014285714285,
    0.7757140909090909,
    0.7636130434782608,
    0.7518604166666666,
    0.740458,
    0.7293719230769232,
    0.7185222222222222,
    0.7080185714285714,
    0.6977144827586208,
    0.6878256666666667,
    0.678150322580645,
    0.668784375,
    0.6596960606060606,
    0.65079,
    0.6421494285714285,
    0.6337408333333333,
    0.6255894594594594,
    0.617571052631579,
    0.6098407692307692,
    0.6023635,
    0.5950048780487804,
    0.5877947619047619,
    0.5808318604651164,
    0.5740979545454545,
    0.5674304444444443,
    0.5609202173913044,
    0.5545451063829788,
    0.54829125,
    0.542244693877551,
    0.5362646000000001
  ],
  "mean_exact_dist": [
    76.0593032836914,
    82.65084838867188,
    87.19971466064453,
    90.6609878540039,
    93.47158813476562,
    95.84388732910156,
    97.892333984375,
    99.68904113769531,
    101.28659057617188,
    102.72534942626953,
    104.03489685058594,
    105.23772430419922,
    106.34996032714844,
    107.3849868774414,
    108.39070129394531,
    109.33282470703125,
    110.18649291992188,
    110.99484252929688,
    111.76528930664062,
    112.48445129394531,
    113.25009155273438,
    113.99323272705078,
    114.69615936279297,
    115.40084838867188,
    116.06906127929688,
    116.64649963378906,
    117.29331970214844,
    117.83844757080078,
    118.51151275634766,
    119.0424575805664,
    119.56979370117188,
    120.07279968261719,
    120.55130767822266,
    121.16474914550781,
    121.71675872802734,
    122.37540435791016,
    122.89436340332031,
    123.54166412353516,
    124.2564926147461,
    124.9758529663086,
    125.72667694091797,
    126.5165786743164,
    127.31034851074219,
    128.4318084716797,
    129.3520965576172,
    130.22024536132812,
    131.06753540039062,
    131.89801025390625,
    132.6984100341797,
    133.2447052001953
  ],
  "mean_ann_dist": [
    76.10677337646484,
    82.70641326904297,
    87.26582336425781,
    90.74203491210938,
    93.57096862792969,
    95.96770477294922,
    98.05014038085938,
    99.89197540283203,
    101.54765319824219,
    103.0583267211914,
    104.45394897460938,
    105.75575256347656,
    106.981201171875,
    108.14817810058594,
    1.137003282870955e+33,
    110.31636047363281,
    111.32416534423828,
    112.30445861816406,
    113.25791931152344,
    5.1365958238384344e+32,
    3.2669195082552335e+32,
    1.5614153189756992e+32,
    7.488047841066785e+32,
    1.0094488813305828e+33,
    8.343661704906744e+32,
    6.712371634126106e+32,
    9.09592227600434e+32,
    1.2621187104201778e+33,
    9.850051362848733e+32,
    8.425213326132242e+32,
    1.8917449179210365e+33,
    1.863335741444486e+33,
    1.1500764712845759e+33,
    1.4828807123684445e+33,
    3.8598781639062166e+33,
    3.055696221165923e+33,
    3.623469992543927e+33,
    3.4139529736850137e+33,
    2.868995365686069e+33,
    2.2048032416657788e+33,
    3.4256688382168105e+33,
    4.467549195325339e+33,
    4.2093313058359295e+33,
    4.2344741775188253e+33,
    4.417425622104694e+33,
    5.457817665800992e+33,
    5.453621049067814e+33,
    4.495675502502913e+33,
    4.1033664238381893e+33,
    5.70160767361754e+33
  ],
  "mean_barycenter_shift": [
    0.00029374955920502543,
    0.00039338163333013654,
    0.0005102605791762471,
    0.0006837887922301888,
    0.000874109857250005,
    0.0011430538725107908,
    0.00150006334297359,
    0.0018989224918186665,
    0.0022590821608901024,
    0.0025789979845285416,
    0.0028782349545508623,
    0.0031501331832259893,
    0.0033879345282912254,
    0.003613550215959549,
    0.00383930467069149,
    0.004054176155477762,
    0.004283677786588669,
    0.0045263818465173244,
    0.004777917172759771,
    0.0050391824916005135,
    0.00530171999707818,
    0.005571324378252029,
    0.005847903434187174,
    0.006129031535238028,
    0.006404490675777197,
    0.00669300090521574,
    0.006987344939261675,
    0.007287338841706514,
    0.0075896685011684895,
    0.0078969681635499,
    0.008217734284698963,
    0.008542527444660664,
    0.008878128603100777,
    0.009228577837347984,
    0.009597433730959892,
    0.009986050426959991,
    0.010392720811069012,
    0.010819596238434315,
    0.011269700713455677,
    0.011740696616470814,
    0.012237259186804295,
    0.012756823562085629,
    0.013302432373166084,
    0.013872656039893627,
    0.014470379799604416,
    0.015092634595930576,
    0.01573871448636055,
    0.0164044089615345,
    0.017089443281292915,
    0.01778997667133808
  ],
  "mean_lid_diff": [
    0.037117958068847656,
    -0.0019083023071289062,
    -0.028652191162109375,
    -0.06416797637939453,
    -0.09836387634277344,
    -0.1468963623046875,
    -0.20613670349121094,
    -0.2679939270019531,
    -0.3437967300415039,
    -0.42041015625,
    -0.5057268142700195,
    -0.6017370223999023,
    -0.7051820755004883,
    -0.8102278709411621,
    -0.9249987602233887,
    -1.0466108322143555,
    -1.160597801208496,
    -1.2869739532470703,
    -1.415888786315918,
    -1.5445857048034668,
    -1.6725702285766602,
    -1.808091640472412,
    -1.9483814239501953,
    -2.0943360328674316,
    -2.246452808380127,
    -2.397305965423584,
    -2.55668306350708,
    -2.7235803604125977,
    -2.8982529640197754,
    -3.082662582397461,
    -3.271766185760498,
    -3.471567153930664,
    -3.668299674987793,
    -3.874269485473633,
    -4.089288234710693,
    -4.300448894500732,
    -4.517743110656738,
    -4.736151218414307,
    -4.960173606872559,
    -5.1857194900512695,
    -5.4188408851623535,
    -5.654610633850098,
    -5.8847291469573975,
    -6.123557090759277,
    -6.360889196395874,
    -6.592863082885742,
    -6.818188428878784,
    -7.031112194061279,
    -7.237244606018066,
    -7.428974390029907
  ],
  "mean_lid_exact": [
    11.138680458068848,
    9.616925239562988,
    9.136309623718262,
    8.880948066711426,
    8.751172065734863,
    8.692316055297852,
    8.66269302368164,
    8.663002967834473,
    8.68029499053955,
    8.698923110961914,
    8.721396446228027,
    8.749628067016602,
    8.779783248901367,
    8.809542655944824,
    8.844755172729492,
    8.878832817077637,
    8.908622741699219,
    8.943391799926758,
    8.976570129394531,
    9.010567665100098,
    9.040233612060547,
    9.071579933166504,
    9.100927352905273,
    9.131366729736328,
    9.162111282348633,
    9.190703392028809,
    9.218228340148926,
    9.2459135055542,
    9.27160358428955,
    9.297426223754883,
    9.318795204162598,
    9.344778060913086,
    9.36745834350586,
    9.38884449005127,
    9.411663055419922,
    9.432507514953613,
    9.452001571655273,
    9.471060752868652,
    9.48986530303955,
    9.507950782775879,
    9.52585506439209,
    9.54308795928955,
    9.558080673217773,
    9.574382781982422,
    9.590166091918945,
    9.606420516967773,
    9.621465682983398,
    9.635591506958008,
    9.649650573730469,
    9.661629676818848
  ],