{
  "alpha": 2.0,
  "k": [
    10,
    20,
    30,
    40,
    50,
    60,
    70,
    80,
    90,
    100,
    110,
    120,
    130,
    140,
    150,
    160,
    170,
    180,
    190,
    200,
    210,
    220,
    230,
    240,
    250,
    260,
    270,
    280,
    290,
    300,
    310,
    320,
    330,
    340,
    350,
    360,
    370,
    380,
    390,
    400,
    410,
    420,
    430,
    440,
    450,
    460,
    470,
    480,
    490,
    500
  ],
  "mean_overlap": [
    0.98605,
    0.992505,
    0.9944533333333333,
    0.9955974999999998,
    0.9964200000000001,
    0.9970216666666666,
    0.9974185714285715,
    0.9977325,
    0.9980155555555555,
    0.9981760000000001,
    0.9983618181818181,
    0.9985075000000001,
    0.9986523076923076,
    0.9987535714285714,
    0.9988733333333334,
    0.998950625,
    0.9990094117647059,
    0.9990566666666667,
    0.9991242105263158,
    0.9991959999999999,
    0.9992385714285714,
    0.999275909090909,
    0.9993143478260871,
    0.9993345833333332,
    0.9993720000000001,
    0.9994053846153845,
    0.9994351851851854,
    0.9994582142857144,
    0.9994868965517241,
    0.9995059999999999,
    0.9995277419354839,
    0.9995509375,
    0.9995660606060607,
    0.9995864705882351,
    0.999604,
    0.9996155555555555,
    0.9996286486486486,
    0.9996371052631577,
    0.9996512820512821,
    0.99966325,
    0.9996707317073171,
    0.9996797619047618,
    0.9996893023255814,
    0.9996956818181818,
    0.9997035555555555,
    0.9997121739130435,
    0.999726170212766,
    0.9997362499999999,
    0.9997420408163266,
    0.9997526
  ],
  "mean_exact_dist": [
    76.3860092163086,
    83.12767028808594,
    87.7303466796875,
    91.22197723388672,
    94.04851531982422,
    96.42997741699219,
    98.47911071777344,
    100.27063751220703,
    101.86175537109375,
    103.29212188720703,
    104.59063720703125,
    105.77973937988281,
    106.87802124023438,
    107.89898681640625,
    108.85322570800781,
    109.74933624267578,
    110.59451293945312,
    111.39443969726562,
    112.15373992919922,
    112.87692260742188,
    113.56747436523438,
    114.22858428955078,
    114.86280059814453,
    115.47232818603516,
    116.05916595458984,
    116.6248779296875,
    117.17093658447266,
    117.69877624511719,
    118.20953369140625,
    118.70436096191406,
    119.1842269897461,
    119.65006256103516,
    120.10272216796875,
    120.54293823242188,
    120.97132873535156,
    121.38851165771484,
    121.79499053955078,
    122.1912841796875,
    122.57788848876953,
    122.95525360107422,
    123.32379913330078,
    123.68392181396484,
    124.03596496582031,
    124.38028717041016,
    124.71717834472656,
    125.04698944091797,
    125.3699722290039,
    125.6864242553711,
    125.99659729003906,
    126.30072784423828
  ],
  "mean_ann_dist": [
    76.49884796142578,
    83.17981719970703,
    87.76789855957031,
    91.25114440917969,
    94.07295989990234,
    96.45006561279297,
    98.49649810791016,
    100.2856216430664,
    101.87491607666016,
    103.30386352539062,
    104.60140991210938,
    105.78962707519531,
    106.88687133789062,
    107.90699768066406,
    108.86053466796875,
    109.75618743896484,
    110.60093688964844,
    111.40055084228516,
    112.15953826904297,
    112.8823471069336,
    113.57263946533203,
    114.23345184326172,
    114.86738586425781,
    115.47671508789062,
    116.06338500976562,
    116.62895202636719,
    117.17471313476562,
    117.70246124267578,
    118.21309661865234,
    118.70780181884766,
    119.1875,
    119.6531753540039,
    120.10572814941406,
    120.54581451416016,
    120.97412872314453,
    121.39118957519531,
    121.79757690429688,
    122.19384765625,
    122.58036041259766,
    122.95762634277344,
    123.32613372802734,
    123.68618774414062,
    124.0381851196289,
    124.3824462890625,
    124.71929931640625,
    125.0490493774414,
    125.37196350097656,
    125.68834686279297,
    125.99845123291016,
    126.30255126953125
  ],
  "mean_barycenter_shift": [
    0.0007794554112479091,
    0.0003828417102340609,
    0.0002735035086516291,
    0.00021378521341830492,
    0.00016860789037309587,
    0.0001409148535458371,
    0.00012076069106115028,
    0.00010431223199702799,
    9.07597568584606e-05,
    8.374203753191978e-05,
    7.536622433690354e-05,
    6.78797296131961e-05,
    5.974431041977368e-05,
    5.56675367988646e-05,
    4.928248017677106e-05,
    4.607570735970512e-05,
    4.3864351027878e-05,
    4.139658631174825e-05,
    3.8909289287403226e-05,
    3.575742448447272e-05,
    3.3962878660531715e-05,
    3.208396810805425e-05,
    3.0207575036911294e-05,
    2.955109448521398e-05,
    2.779641727101989e-05,
    2.6299969249521382e-05,
    2.4846422093105502e-05,
    2.3449480067938566e-05,
    2.1851265046279877e-05,
    2.1483769160113297e-05,
    2.01529201149242e-05,
    1.9271337805548683e-05,
    1.8341512259212323e-05,
    1.7500091416877694e-05,
    1.676417923590634e-05,
    1.6368911019526422e-05,
    1.583724224474281e-05,
    1.5396257367683575e-05,
    1.4821287550148554e-05,
    1.433271881978726e-05,
    1.4044688214198686e-05,
    1.3648305866809096e-05,
    1.312522181251552e-05,
    1.2821254131267779e-05,
    1.2557795344037004e-05,
    1.2175660231150687e-05,
    1.1337470823491458e-05,
    1.0975745681207627e-05,
    1.0707301953516435e-05,
    1.0371915777795948e-05
  ],
  "mean_lid_diff": [
    0.08020973205566406,
    -0.0032911300659179688,
    -0.0029087066650390625,
    -0.007641792297363281,
    0.00035381317138671875,
    -0.0042781829833984375,
    -0.0019283294677734375,
    -0.003498077392578125,
    -0.002925872802734375,
    -0.0036191940307617188,
    -0.004803657531738281,
    -0.0049419403076171875,
    -0.003421783447265625,
    -0.0044803619384765625,
    -0.0024890899658203125,
    -0.0035247802734375,
    -0.0040721893310546875,
    -0.0035114288330078125,
    -0.0031919479370117188,
    -0.0025815963745117188,
    -0.0031404495239257812,
    -0.0029668807983398438,
    -0.0030508041381835938,
    -0.0031871795654296875,
    -0.0023527145385742188,
    -0.0027141571044921875,
    -0.0034027099609375,
    -0.0033721923828125,
    -0.002521514892578125,
    -0.0016727447509765625,
    -0.0025653839111328125,
    -0.0021114349365234375,
    -0.0022716522216796875,
    -0.0020742416381835938,
    -0.0023794174194335938,
    -0.0019989013671875,
    -0.0020618438720703125,
    -0.0025691986083984375,
    -0.0022134780883789062,
    -0.002574920654296875,
    -0.0021276473999023438,
    -0.0014781951904296875,
    -0.0021076202392578125,
    -0.001190185546875,
    -0.0021991729736328125,
    -0.0020551681518554688,
    -0.0018863677978515625,
    -0.0016164779663085938,
    -0.0020799636840820312,
    -0.0017843246459960938
  ],